timestamp,site
2014-02-14 14:48:43,windows.microsoft.com
2014-02-14 14:48:43,go.microsoft.com
2014-02-14 14:48:44,js.microsoft.com
2014-02-14 14:48:44,res2.windows.microsoft.com
2014-02-14 14:48:44,res1.windows.microsoft.com
2014-02-14 14:48:44,windows.microsoft.com
2014-02-14 14:48:44,ajax.microsoft.com
2014-02-14 14:48:45,res2.windows.microsoft.com
2014-02-14 14:48:45,windows.microsoft.com
2014-02-14 14:48:45,js.microsoft.com
2014-02-14 14:48:45,res1.windows.microsoft.com
2014-02-14 14:48:46,res1.windows.microsoft.com
2014-02-14 14:48:49,www.bing.com
2014-02-14 14:48:50,www.bing.com
2014-02-14 14:48:51,www.bing.com
2014-02-14 14:52:15,www.bing.com
2014-02-14 14:52:16,www.bing.com
2014-02-14 14:52:16,cms.abmr.net
2014-02-14 14:52:17,www.bing.com
2014-02-14 14:52:25,www.bing.com
2014-02-14 14:52:26,static.siteduzero.com
2014-02-14 14:52:26,fr.openclassrooms.com
2014-02-14 14:52:27,www.google.com
2014-02-14 14:52:27,fr.openclassrooms.com
2014-02-14 14:52:28,dnn506yrbagrg.cloudfront.net
2014-02-14 14:52:28,doug1izaerwt3.cloudfront.net
2014-02-14 14:52:28,www.google.com
2014-02-14 14:52:28,static.siteduzero.com
2014-02-14 14:52:28,fr.openclassrooms.com
2014-02-14 14:52:30,www.googleapis.com
2014-02-14 14:52:30,www.bing.com
2014-02-14 14:52:30,login.live.com
2014-02-14 14:52:31,www.bing.com
2014-02-14 14:52:31,cms.abmr.net
2014-02-14 14:52:38,www.bing.com
2014-02-14 14:52:41,www.bing.com
2014-02-14 14:52:42,www.cmi.univ-mrs.fr
2014-02-14 14:52:44,login.live.com
2014-02-14 14:52:45,login.live.com
2014-02-14 14:54:33,www.cmi.univ-mrs.fr
2014-02-14 14:54:33,www.foxitsoftware.com
2014-02-14 14:54:33,ad.foxitsoftware.com
2014-02-14 14:54:56,www.cmi.univ-mrs.fr
2014-02-14 14:54:56,ad.foxitsoftware.com
2014-02-14 14:54:56,www.foxitsoftware.com
2014-02-14 14:57:35,www.bing.com
2014-02-14 14:57:40,www.bing.com
2014-02-14 14:57:41,fr.wikipedia.org
2014-02-14 14:57:41,meta.wikimedia.org
2014-02-14 14:57:41,login.wikimedia.org
2014-02-14 14:57:41,bits.wikimedia.org
2014-02-14 14:57:42,bits.wikimedia.org
2014-02-14 14:58:00,login.live.com
2014-03-17 13:34:43,safebrowsing.clients.google.com
2014-03-17 13:34:43,safebrowsing-cache.google.com
2014-03-17 13:35:23,gtssl-ocsp.geotrust.com
2014-03-17 13:36:04,ocsp.tcs.terena.org
2014-03-17 13:36:05,ocsp.usertrust.com
2014-03-17 13:36:07,clients1.google.com
2014-03-17 13:36:07,gtglobal-ocsp.geotrust.com
2014-03-17 13:36:13,static.asm-rugby.com
2014-03-17 13:36:13,www.asm-rugby.com
2014-03-17 13:36:13,www.google.fr
2014-03-17 13:36:14,w.sharethis.com
2014-03-17 13:36:14,www.asm-rugby.com
2014-03-17 13:36:14,static.asm-rugby.com
2014-03-17 13:36:15,static.asm-rugby.com
2014-03-17 13:36:16,www.google.com
2014-03-17 13:36:16,static.asm-rugby.com
2014-03-17 13:36:17,clients1.google.com
2014-03-17 13:36:17,static.asm-rugby.com
2014-03-17 13:36:18,w.sharethis.com
2014-03-17 13:36:18,edge.sharethis.com
2014-03-17 13:36:18,billetterie.asm-rugby.dspsport.com
2014-03-17 13:36:19,billetterie.asm-rugby.dspsport.com
2014-03-17 13:36:21,ocsp.verisign.com
2014-03-17 13:36:41,www.google.fr
2014-03-17 13:36:42,ocsp.tcs.terena.org
2014-03-17 13:36:42,clients1.google.com
2014-03-17 13:38:21,ocsp.digicert.com
2014-03-17 13:38:45,billetterie.asm-rugby.dspsport.com
2014-03-17 13:39:03,apis.google.com
2014-03-17 13:39:35,www.google.com
2014-03-17 13:39:36,www.google.fr
2014-03-17 13:40:34,billetterie.asm-rugby.dspsport.com
2014-03-17 13:40:35,billetterie.asm-rugby.dspsport.com
2014-03-17 13:40:36,billetterie.asm-rugby.dspsport.com
2014-03-17 13:40:37,billetterie.asm-rugby.dspsport.com
2014-03-17 13:40:38,billetterie.asm-rugby.dspsport.com
2014-03-17 13:40:39,billetterie.asm-rugby.dspsport.com
2014-03-17 13:40:40,billetterie.asm-rugby.dspsport.com
2014-03-17 13:40:41,billetterie.asm-rugby.dspsport.com
2014-03-17 13:40:43,billetterie.asm-rugby.dspsport.com
2014-03-17 13:40:44,billetterie.asm-rugby.dspsport.com
2014-03-17 13:40:45,billetterie.asm-rugby.dspsport.com
2014-03-17 13:40:46,billetterie.asm-rugby.dspsport.com
2014-03-17 13:40:47,billetterie.asm-rugby.dspsport.com
2014-03-17 13:41:10,billetterie.asm-rugby.dspsport.com
2014-03-17 13:41:39,billetterie.asm-rugby.dspsport.com
2014-03-17 13:41:41,billetterie.asm-rugby.dspsport.com
2014-03-17 13:41:43,billetterie.asm-rugby.dspsport.com
2014-03-17 13:41:44,billetterie.asm-rugby.dspsport.com
2014-03-17 13:44:00,billetterie.asm-rugby.dspsport.com
2014-03-17 13:44:21,ocsp.thawte.com
2014-03-17 13:45:37,billetterie.asm-rugby.dspsport.com
2014-03-17 13:45:38,billetterie.asm-rugby.dspsport.com
2014-03-17 13:47:06,billetterie.asm-rugby.dspsport.com
2014-03-17 13:47:07,billetterie.asm-rugby.dspsport.com
2014-03-17 13:47:20,www.google.fr
2014-03-17 13:47:21,fr.thetimenow.com
2014-03-17 13:47:21,ajax.googleapis.com
2014-03-17 13:47:22,static.thetimenow.com
2014-03-17 13:47:22,ocsp.digicert.com
2014-03-17 13:47:23,fr.thetimenow.com
2014-03-17 13:47:23,static.thetimenow.com
2014-03-17 13:47:23,ocsp.digicert.com
2014-03-17 13:47:24,static.thetimenow.com
2014-03-17 13:47:24,mm.eulerian.net
2014-03-17 13:47:24,its.tradelab.fr
2014-03-17 13:48:45,billetterie.asm-rugby.dspsport.com
2014-03-17 13:50:14,www.google.com
2014-03-17 13:50:15,www.google.fr
2014-03-17 13:50:19,billetterie.asm-rugby.dspsport.com
2014-03-17 13:51:12,billetterie.asm-rugby.dspsport.com
2014-03-17 13:51:14,billetterie.asm-rugby.dspsport.com
2014-03-17 13:51:15,billetterie.asm-rugby.dspsport.com
2014-03-17 13:51:16,billetterie.asm-rugby.dspsport.com
2014-03-17 13:52:13,billetterie.asm-rugby.dspsport.com
2014-03-17 13:52:15,billetterie.asm-rugby.dspsport.com
2014-03-17 13:52:16,billetterie.asm-rugby.dspsport.com
2014-03-17 13:54:03,www.google.com
2014-03-17 13:56:16,compose.mail.yahoo.com
2014-03-17 13:56:16,clients1.google.com
2014-03-17 13:56:17,ocsp.verisign.com
2014-03-17 13:56:17,login.yahoo.com
2014-03-17 13:57:00,www.google.com
2014-03-17 13:57:03,www.google.fr
2014-03-17 13:58:47,billetterie.asm-rugby.dspsport.com
2014-03-17 13:59:11,mail.google.com
2014-03-17 13:59:17,billetterie.asm-rugby.dspsport.com
2014-03-17 13:59:30,billetterie.asm-rugby.dspsport.com
2014-03-17 13:59:31,billetterie.asm-rugby.dspsport.com
2014-03-17 13:59:32,billetterie.asm-rugby.dspsport.com
2014-03-17 13:59:33,billetterie.asm-rugby.dspsport.com
2014-03-17 13:59:34,billetterie.asm-rugby.dspsport.com
2014-03-17 13:59:35,billetterie.asm-rugby.dspsport.com
2014-03-17 13:59:36,billetterie.asm-rugby.dspsport.com
2014-03-17 13:59:37,billetterie.asm-rugby.dspsport.com
2014-03-17 13:59:38,billetterie.asm-rugby.dspsport.com
2014-03-17 13:59:53,billetterie.asm-rugby.dspsport.com
2014-03-17 13:59:54,billetterie.asm-rugby.dspsport.com
2014-03-17 13:59:55,billetterie.asm-rugby.dspsport.com
2014-03-17 13:59:56,billetterie.asm-rugby.dspsport.com
2014-03-17 13:59:57,billetterie.asm-rugby.dspsport.com
2014-03-17 13:59:58,billetterie.asm-rugby.dspsport.com
2014-03-17 13:59:59,billetterie.asm-rugby.dspsport.com
2014-03-17 14:00:02,billetterie.asm-rugby.dspsport.com
2014-03-17 14:00:03,billetterie.asm-rugby.dspsport.com
2014-03-17 14:00:04,billetterie.asm-rugby.dspsport.com
2014-03-17 14:00:08,billetterie.asm-rugby.dspsport.com
2014-03-17 14:00:11,billetterie.asm-rugby.dspsport.com
2014-03-17 14:00:13,billetterie.asm-rugby.dspsport.com
2014-03-17 14:00:15,billetterie.asm-rugby.dspsport.com
2014-03-17 14:00:17,billetterie.asm-rugby.dspsport.com
2014-03-17 14:00:18,billetterie.asm-rugby.dspsport.com
2014-03-17 14:00:22,billetterie.asm-rugby.dspsport.com
2014-03-17 14:00:27,billetterie.asm-rugby.dspsport.com
2014-03-17 14:00:30,billetterie.asm-rugby.dspsport.com
2014-03-17 14:00:31,billetterie.asm-rugby.dspsport.com
2014-03-17 14:00:33,billetterie.asm-rugby.dspsport.com
2014-03-17 14:00:34,billetterie.asm-rugby.dspsport.com
2014-03-17 14:00:35,billetterie.asm-rugby.dspsport.com
2014-03-17 14:00:36,billetterie.asm-rugby.dspsport.com
2014-03-17 14:00:37,billetterie.asm-rugby.dspsport.com
2014-03-17 14:00:38,billetterie.asm-rugby.dspsport.com
2014-03-17 14:00:40,billetterie.asm-rugby.dspsport.com
2014-03-17 14:00:42,billetterie.asm-rugby.dspsport.com
2014-03-17 14:01:12,billetterie.asm-rugby.dspsport.com
2014-03-17 14:01:24,office14client.microsoft.com
2014-03-17 14:01:24,office.microsoft.com
2014-03-17 14:01:25,office.microsoft.com
2014-03-17 14:01:26,office.microsoft.com
2014-03-17 14:01:43,billetterie.asm-rugby.dspsport.com
2014-03-17 14:01:44,billetterie.asm-rugby.dspsport.com
2014-03-17 14:01:47,billetterie.asm-rugby.dspsport.com
2014-03-17 14:01:48,billetterie.asm-rugby.dspsport.com
2014-03-17 14:01:59,billetterie.asm-rugby.dspsport.com
2014-03-17 14:02:00,billetterie.asm-rugby.dspsport.com
2014-03-17 14:02:01,billetterie.asm-rugby.dspsport.com
2014-03-17 14:02:03,billetterie.asm-rugby.dspsport.com
2014-03-17 14:02:04,billetterie.asm-rugby.dspsport.com
2014-03-17 14:02:05,billetterie.asm-rugby.dspsport.com
2014-03-17 14:02:58,billetterie.asm-rugby.dspsport.com
2014-03-17 14:02:59,billetterie.asm-rugby.dspsport.com
2014-03-17 14:03:00,billetterie.asm-rugby.dspsport.com
2014-03-17 14:03:03,billetterie.asm-rugby.dspsport.com
2014-03-17 14:03:07,billetterie.asm-rugby.dspsport.com
2014-03-17 14:03:11,billetterie.asm-rugby.dspsport.com
2014-03-17 14:04:06,safebrowsing.clients.google.com
2014-03-17 14:04:06,safebrowsing-cache.google.com
2014-03-17 14:04:10,billetterie.asm-rugby.dspsport.com
2014-03-17 14:04:14,billetterie.asm-rugby.dspsport.com
2014-03-17 14:05:19,billetterie.asm-rugby.dspsport.com
2014-03-17 14:05:20,billetterie.asm-rugby.dspsport.com
2014-03-17 14:05:21,billetterie.asm-rugby.dspsport.com
2014-03-17 14:05:22,billetterie.asm-rugby.dspsport.com
2014-03-17 14:05:23,billetterie.asm-rugby.dspsport.com
2014-03-17 14:06:00,billetterie.asm-rugby.dspsport.com
2014-03-17 14:06:02,billetterie.asm-rugby.dspsport.com
2014-03-17 14:07:00,billetterie.asm-rugby.dspsport.com
2014-03-17 14:07:01,billetterie.asm-rugby.dspsport.com
2014-03-17 14:07:04,billetterie.asm-rugby.dspsport.com
2014-03-17 14:07:43,billetterie.asm-rugby.dspsport.com
2014-03-17 14:08:49,billetterie.asm-rugby.dspsport.com
2014-03-17 14:08:51,billetterie.asm-rugby.dspsport.com
2014-03-17 14:10:32,billetterie.asm-rugby.dspsport.com
2014-03-17 14:10:33,billetterie.asm-rugby.dspsport.com
2014-03-17 14:10:36,billetterie.asm-rugby.dspsport.com
2014-03-17 14:13:04,billetterie.asm-rugby.dspsport.com
2014-03-17 14:14:11,billetterie.asm-rugby.dspsport.com
2014-03-17 14:14:12,billetterie.asm-rugby.dspsport.com
2014-03-17 14:14:13,billetterie.asm-rugby.dspsport.com
2014-03-17 14:15:51,billetterie.asm-rugby.dspsport.com
2014-03-17 14:21:24,billetterie.asm-rugby.dspsport.com
2014-03-17 14:21:26,billetterie.asm-rugby.dspsport.com
2014-03-17 14:21:27,billetterie.asm-rugby.dspsport.com
2014-03-17 14:22:48,billetterie.asm-rugby.dspsport.com
2014-03-17 14:22:49,billetterie.asm-rugby.dspsport.com
2014-03-17 14:22:50,billetterie.asm-rugby.dspsport.com
2014-03-17 14:22:51,billetterie.asm-rugby.dspsport.com
2014-03-17 14:24:51,billetterie.asm-rugby.dspsport.com
2014-03-17 14:26:42,billetterie.asm-rugby.dspsport.com
2014-03-17 14:35:27,safebrowsing-cache.google.com
2014-03-17 14:35:27,safebrowsing.clients.google.com
2014-03-17 14:36:12,billetterie.asm-rugby.dspsport.com
2014-03-17 14:36:43,billetterie.asm-rugby.dspsport.com
2014-03-17 14:37:13,billetterie.asm-rugby.dspsport.com
2014-03-17 14:37:41,billetterie.asm-rugby.dspsport.com
2014-03-17 14:37:42,billetterie.asm-rugby.dspsport.com
2014-03-17 14:37:43,billetterie.asm-rugby.dspsport.com
2014-03-17 14:37:47,billetterie.asm-rugby.dspsport.com
2014-03-17 14:38:17,billetterie.asm-rugby.dspsport.com
2014-03-17 14:39:59,billetterie.asm-rugby.dspsport.com
2014-03-17 14:40:00,billetterie.asm-rugby.dspsport.com
2014-03-17 14:40:01,billetterie.asm-rugby.dspsport.com
2014-03-17 14:40:07,clients1.google.com
2014-03-17 14:40:07,gtglobal-ocsp.geotrust.com
2014-03-17 14:40:08,www.google.fr
2014-03-17 14:40:09,www.asm-rugby.com
2014-03-17 14:40:09,static.asm-rugby.com
2014-03-17 14:40:10,www.asm-rugby.com
2014-03-17 14:43:03,www.google.com
2014-03-17 14:43:04,www.google.fr
2014-03-17 14:46:59,billetterie.asm-rugby.dspsport.com
2014-03-17 14:47:24,billetterie.asm-rugby.dspsport.com
2014-03-17 14:47:25,billetterie.asm-rugby.dspsport.com
2014-03-17 14:47:25,platform.twitter.com
2014-03-17 14:47:25,connect.facebook.net
2014-03-17 14:47:26,static.ak.facebook.com
2014-03-17 14:47:26,billetterie.asm-rugby.dspsport.com
2014-03-17 14:47:26,platform.twitter.com
2014-03-17 14:47:27,evsecure-ocsp.verisign.com
2014-03-17 14:47:27,billetterie.asm-rugby.dspsport.com
2014-03-17 14:47:27,s-static.ak.facebook.com
2014-03-17 14:47:28,clients1.google.com
2014-03-17 14:47:28,evsecure-ocsp.verisign.com
2014-03-17 14:47:28,billetterie.asm-rugby.dspsport.com
2014-03-17 14:47:29,clients1.google.com
2014-03-17 14:47:29,billetterie.asm-rugby.dspsport.com
2014-03-17 14:47:30,billetterie.asm-rugby.dspsport.com
2014-03-17 14:47:31,s-static.ak.facebook.com
2014-03-17 14:47:31,www.facebook.com
2014-03-17 14:47:31,static.ak.facebook.com
2014-03-17 14:47:31,billetterie.asm-rugby.dspsport.com
2014-03-17 14:47:32,billetterie.asm-rugby.dspsport.com
2014-03-17 14:47:32,www.facebook.com
2014-03-17 14:47:33,billetterie.asm-rugby.dspsport.com
2014-03-17 14:47:34,billetterie.asm-rugby.dspsport.com
2014-03-17 14:47:35,clients1.google.com
2014-03-17 14:47:55,billetterie.asm-rugby.dspsport.com
2014-03-17 14:47:56,billetterie.asm-rugby.dspsport.com
2014-03-17 14:48:01,billetterie.asm-rugby.dspsport.com
2014-03-17 14:48:02,twitter.com
2014-03-17 14:48:02,billetterie.asm-rugby.dspsport.com
2014-03-17 14:48:03,billetterie.asm-rugby.dspsport.com
2014-03-17 14:48:06,billetterie.asm-rugby.dspsport.com
2014-03-17 14:48:07,billetterie.asm-rugby.dspsport.com
2014-03-17 14:48:11,billetterie.asm-rugby.dspsport.com
2014-03-17 14:48:12,billetterie.asm-rugby.dspsport.com
2014-03-17 14:48:18,billetterie.asm-rugby.dspsport.com
2014-03-17 14:48:19,billetterie.asm-rugby.dspsport.com
2014-03-17 14:48:25,billetterie.asm-rugby.dspsport.com
2014-03-17 14:48:26,billetterie.asm-rugby.dspsport.com
2014-03-17 14:48:27,billetterie.asm-rugby.dspsport.com
2014-03-17 14:48:33,billetterie.asm-rugby.dspsport.com
2014-03-17 14:48:34,billetterie.asm-rugby.dspsport.com
2014-03-17 14:48:37,billetterie.asm-rugby.dspsport.com
2014-03-17 14:48:38,billetterie.asm-rugby.dspsport.com
2014-03-17 14:48:41,billetterie.asm-rugby.dspsport.com
2014-03-17 14:48:42,billetterie.asm-rugby.dspsport.com
2014-03-17 14:48:43,billetterie.asm-rugby.dspsport.com
2014-03-17 14:48:49,billetterie.asm-rugby.dspsport.com
2014-03-17 14:48:50,billetterie.asm-rugby.dspsport.com
2014-03-17 14:48:58,billetterie.asm-rugby.dspsport.com
2014-03-17 14:48:59,billetterie.asm-rugby.dspsport.com
2014-03-17 14:49:07,billetterie.asm-rugby.dspsport.com
2014-03-17 14:49:08,billetterie.asm-rugby.dspsport.com
2014-03-17 14:49:10,billetterie.asm-rugby.dspsport.com
2014-03-17 14:49:18,billetterie.asm-rugby.dspsport.com
2014-03-17 14:49:19,billetterie.asm-rugby.dspsport.com
2014-03-17 14:49:22,billetterie.asm-rugby.dspsport.com
2014-03-17 14:49:25,billetterie.asm-rugby.dspsport.com
2014-03-17 14:49:26,billetterie.asm-rugby.dspsport.com
2014-03-17 14:49:36,billetterie.asm-rugby.dspsport.com
2014-03-17 14:49:49,billetterie.asm-rugby.dspsport.com
2014-03-17 14:49:50,billetterie.asm-rugby.dspsport.com
2014-03-17 14:49:56,billetterie.asm-rugby.dspsport.com
2014-03-17 14:49:57,billetterie.asm-rugby.dspsport.com
2014-03-17 14:50:06,billetterie.asm-rugby.dspsport.com
2014-03-17 14:50:10,billetterie.asm-rugby.dspsport.com
2014-03-17 14:50:15,billetterie.asm-rugby.dspsport.com
2014-03-17 14:50:20,maps.google.com
2014-03-17 14:50:23,billetterie.asm-rugby.dspsport.com
2014-03-17 14:50:25,accounts.google.com
2014-03-17 14:50:26,apis.google.com
2014-03-17 14:50:27,billetterie.asm-rugby.dspsport.com
2014-03-17 14:50:29,billetterie.asm-rugby.dspsport.com
2014-03-17 14:50:30,billetterie.asm-rugby.dspsport.com
2014-03-17 14:50:32,maps.googleapis.com
2014-03-17 14:50:36,billetterie.asm-rugby.dspsport.com
2014-03-17 14:50:40,billetterie.asm-rugby.dspsport.com
2014-03-17 14:50:45,billetterie.asm-rugby.dspsport.com
2014-03-17 14:50:48,billetterie.asm-rugby.dspsport.com
2014-03-17 14:50:50,billetterie.asm-rugby.dspsport.com
2014-03-17 14:51:06,billetterie.asm-rugby.dspsport.com
2014-03-17 14:51:07,billetterie.asm-rugby.dspsport.com
2014-03-17 14:51:13,billetterie.asm-rugby.dspsport.com
2014-03-17 14:51:14,billetterie.asm-rugby.dspsport.com
2014-03-17 14:51:15,billetterie.asm-rugby.dspsport.com
2014-03-17 14:51:20,billetterie.asm-rugby.dspsport.com
2014-03-17 14:51:25,ocsp.verisign.com
2014-03-17 14:52:02,ocsp.entrust.net
2014-03-17 14:52:37,billetterie.asm-rugby.dspsport.com
2014-03-17 14:52:38,billetterie.asm-rugby.dspsport.com
2014-03-17 14:52:38,s-static.ak.facebook.com
2014-03-17 14:52:38,static.ak.facebook.com
2014-03-17 14:52:38,www.facebook.com
2014-03-17 14:52:39,billetterie.asm-rugby.dspsport.com
2014-03-17 14:52:40,api.bitly.com
2014-03-17 14:52:40,billetterie.asm-rugby.dspsport.com
2014-03-17 14:52:48,billetterie.asm-rugby.dspsport.com
2014-03-17 14:53:09,twitter.com
2014-03-17 14:53:10,billetterie.asm-rugby.dspsport.com
2014-03-17 14:53:12,billetterie.asm-rugby.dspsport.com
2014-03-17 14:53:13,billetterie.asm-rugby.dspsport.com
2014-03-17 14:53:14,static.ak.facebook.com
2014-03-17 14:53:14,billetterie.asm-rugby.dspsport.com
2014-03-17 14:53:14,s-static.ak.facebook.com
2014-03-17 14:53:14,www.facebook.com
2014-03-17 14:53:15,www.facebook.com
2014-03-17 14:53:15,billetterie.asm-rugby.dspsport.com
2014-03-17 14:53:16,billetterie.asm-rugby.dspsport.com
2014-03-17 14:53:17,billetterie.asm-rugby.dspsport.com
2014-03-17 14:53:20,billetterie.asm-rugby.dspsport.com
2014-03-17 14:53:21,billetterie.asm-rugby.dspsport.com
2014-03-17 14:53:22,static.ak.facebook.com
2014-03-17 14:53:22,billetterie.asm-rugby.dspsport.com
2014-03-17 14:53:23,billetterie.asm-rugby.dspsport.com
2014-03-17 14:53:23,www.facebook.com
2014-03-17 14:53:23,s-static.ak.facebook.com
2014-03-17 14:53:24,billetterie.asm-rugby.dspsport.com
2014-03-17 14:53:25,billetterie.asm-rugby.dspsport.com
2014-03-17 14:53:26,billetterie.asm-rugby.dspsport.com
2014-03-17 14:53:27,billetterie.asm-rugby.dspsport.com
2014-03-17 14:53:30,billetterie.asm-rugby.dspsport.com
2014-03-17 14:53:31,billetterie.asm-rugby.dspsport.com
2014-03-17 14:53:32,billetterie.asm-rugby.dspsport.com
2014-03-17 14:53:38,billetterie.asm-rugby.dspsport.com
2014-03-17 14:53:39,billetterie.asm-rugby.dspsport.com
2014-03-17 14:53:40,billetterie.asm-rugby.dspsport.com
2014-03-17 14:53:43,billetterie.asm-rugby.dspsport.com
2014-03-17 14:53:44,billetterie.asm-rugby.dspsport.com
2014-03-17 14:53:45,billetterie.asm-rugby.dspsport.com
2014-03-17 14:53:48,billetterie.asm-rugby.dspsport.com
2014-03-17 14:53:49,billetterie.asm-rugby.dspsport.com
2014-03-17 14:53:52,billetterie.asm-rugby.dspsport.com
2014-03-17 14:53:53,billetterie.asm-rugby.dspsport.com
2014-03-17 14:53:53,twitter.com
2014-03-17 14:54:06,billetterie.asm-rugby.dspsport.com
2014-03-17 14:54:07,billetterie.asm-rugby.dspsport.com
2014-03-17 14:54:12,billetterie.asm-rugby.dspsport.com
2014-03-17 14:54:13,billetterie.asm-rugby.dspsport.com
2014-03-17 14:54:17,billetterie.asm-rugby.dspsport.com
2014-03-17 14:54:18,billetterie.asm-rugby.dspsport.com
2014-03-17 14:54:26,billetterie.asm-rugby.dspsport.com
2014-03-17 14:54:27,billetterie.asm-rugby.dspsport.com
2014-03-17 14:54:32,billetterie.asm-rugby.dspsport.com
2014-03-17 14:54:34,billetterie.asm-rugby.dspsport.com
2014-03-17 14:54:35,billetterie.asm-rugby.dspsport.com
2014-03-17 14:54:40,billetterie.asm-rugby.dspsport.com
2014-03-17 14:54:43,billetterie.asm-rugby.dspsport.com
2014-03-17 14:54:44,billetterie.asm-rugby.dspsport.com
2014-03-17 14:54:44,www.facebook.com
2014-03-17 14:54:44,s-static.ak.facebook.com
2014-03-17 14:54:44,static.ak.facebook.com
2014-03-17 14:54:45,billetterie.asm-rugby.dspsport.com
2014-03-17 14:54:46,www.facebook.com
2014-03-17 14:54:46,billetterie.asm-rugby.dspsport.com
2014-03-17 14:54:47,billetterie.asm-rugby.dspsport.com
2014-03-17 14:55:07,billetterie.asm-rugby.dspsport.com
2014-03-17 14:55:15,twitter.com
2014-03-17 14:55:20,billetterie.asm-rugby.dspsport.com
2014-03-17 14:55:21,billetterie.asm-rugby.dspsport.com
2014-03-17 14:55:23,billetterie.asm-rugby.dspsport.com
2014-03-17 14:55:30,billetterie.asm-rugby.dspsport.com
2014-03-17 14:55:32,billetterie.asm-rugby.dspsport.com
2014-03-17 14:55:33,billetterie.asm-rugby.dspsport.com
2014-03-17 14:55:34,www.facebook.com
2014-03-17 14:55:34,billetterie.asm-rugby.dspsport.com
2014-03-17 14:55:34,static.ak.facebook.com
2014-03-17 14:55:35,s-static.ak.facebook.com
2014-03-17 14:55:35,www.facebook.com
2014-03-17 14:55:35,billetterie.asm-rugby.dspsport.com
2014-03-17 14:55:36,billetterie.asm-rugby.dspsport.com
2014-03-17 14:55:37,billetterie.asm-rugby.dspsport.com
2014-03-17 14:55:38,billetterie.asm-rugby.dspsport.com
2014-03-17 14:55:42,billetterie.asm-rugby.dspsport.com
2014-03-17 14:55:43,billetterie.asm-rugby.dspsport.com
2014-03-17 14:55:47,billetterie.asm-rugby.dspsport.com
2014-03-17 14:55:48,billetterie.asm-rugby.dspsport.com
2014-03-17 14:55:51,billetterie.asm-rugby.dspsport.com
2014-03-17 14:55:52,billetterie.asm-rugby.dspsport.com
2014-03-17 14:55:56,billetterie.asm-rugby.dspsport.com
2014-03-17 14:55:57,billetterie.asm-rugby.dspsport.com
2014-03-17 14:55:58,billetterie.asm-rugby.dspsport.com
2014-03-17 14:56:00,billetterie.asm-rugby.dspsport.com
2014-03-17 14:56:01,billetterie.asm-rugby.dspsport.com
2014-03-17 14:56:02,billetterie.asm-rugby.dspsport.com
2014-03-17 14:56:05,billetterie.asm-rugby.dspsport.com
2014-03-17 14:56:06,billetterie.asm-rugby.dspsport.com
2014-03-17 14:56:06,twitter.com
2014-03-17 14:56:09,billetterie.asm-rugby.dspsport.com
2014-03-17 14:56:10,billetterie.asm-rugby.dspsport.com
2014-03-17 14:56:11,billetterie.asm-rugby.dspsport.com
2014-03-17 14:56:13,billetterie.asm-rugby.dspsport.com
2014-03-17 14:56:14,billetterie.asm-rugby.dspsport.com
2014-03-17 14:56:15,billetterie.asm-rugby.dspsport.com
2014-03-17 14:56:19,billetterie.asm-rugby.dspsport.com
2014-03-17 14:56:20,billetterie.asm-rugby.dspsport.com
2014-03-17 14:56:21,billetterie.asm-rugby.dspsport.com
2014-03-17 14:56:22,www.facebook.com
2014-03-17 14:56:22,static.ak.facebook.com
2014-03-17 14:56:22,billetterie.asm-rugby.dspsport.com
2014-03-17 14:56:23,billetterie.asm-rugby.dspsport.com
2014-03-17 14:56:23,www.facebook.com
2014-03-17 14:56:23,s-static.ak.facebook.com
2014-03-17 14:56:24,billetterie.asm-rugby.dspsport.com
2014-03-17 14:56:52,twitter.com
2014-03-17 14:57:28,www.google.fr
2014-03-17 14:57:29,mail.google.com
2014-03-17 14:57:29,clients1.google.com
2014-03-17 14:57:55,clients1.google.com
2014-03-17 14:58:21,www.google.fr
2014-03-17 14:58:35,maps.googleapis.com
2014-03-17 14:59:09,www.powerarchiver.com
2014-03-17 14:59:09,dl.patchbeam.com
2014-03-17 14:59:39,www.google.fr
2014-03-17 15:00:16,www.google.fr
2014-03-17 15:00:17,www.google.fr
2014-03-17 15:00:17,mail.google.com
2014-03-17 15:00:32,clients1.google.com
2014-03-17 15:01:04,www.google.fr
2014-03-17 15:03:10,id.google.fr
2014-03-17 15:03:13,www.google.fr
2014-03-17 15:03:25,clients2.google.com
2014-03-17 15:03:26,plus.google.com
2014-03-17 15:03:28,chatenabled.mail.google.com
2014-03-17 15:03:56,apis.google.com
2014-03-17 15:03:59,accounts.youtube.com
2014-03-17 15:03:59,mail.google.com
2014-03-17 15:03:59,www.google.com
2014-03-17 15:04:00,accounts.google.com
2014-03-17 15:04:00,accounts.google.fr
2014-03-17 15:06:24,safebrowsing-cache.google.com
2014-03-17 15:06:24,safebrowsing.clients.google.com
2014-03-17 15:16:43,ocsp.tcs.terena.org
2014-03-17 15:16:43,ocsp.usertrust.com
2014-03-17 15:19:38,www.google.com
2014-03-17 15:19:39,www.google.fr
2014-03-31 13:40:23,clients1.google.com
2014-03-31 13:40:23,gtglobal-ocsp.geotrust.com
2014-03-31 13:40:23,www.google.com
2014-03-31 13:40:24,clients1.google.com
2014-03-31 13:40:24,www.google.com
2014-03-31 13:40:31,www.google.fr
2014-03-31 13:40:31,clients1.google.com
2014-03-31 13:40:31,ocsp.tcs.terena.org
2014-03-31 13:40:32,clients1.google.com
2014-03-31 13:40:32,ocsp.usertrust.com
2014-03-31 13:40:43,gtssl-ocsp.geotrust.com
2014-03-31 13:43:20,apis.google.com
2014-03-31 13:43:22,www.google.com
2014-03-31 13:43:22,www.google.fr
2014-03-31 13:44:07,safebrowsing-cache.google.com
2014-03-31 13:44:07,safebrowsing.clients.google.com
2014-03-31 13:45:34,ocsp.thawte.com
2014-03-31 13:47:03,sb-ssl.google.com
2014-03-31 13:47:58,clients1.google.com
2014-03-31 13:47:58,gtglobal-ocsp.geotrust.com
2014-03-31 13:48:01,ocsp.tcs.terena.org
2014-03-31 13:48:01,ocsp.usertrust.com
2014-03-31 13:48:01,clients1.google.com
2014-03-31 13:48:01,www.google.fr
2014-03-31 13:48:02,clients1.google.com
2014-03-31 13:48:55,gtssl-ocsp.geotrust.com
2014-03-31 13:49:44,evintl-ocsp.verisign.com
2014-03-31 13:49:44,evsecure-ocsp.verisign.com
2014-03-31 13:49:45,ocsp.entrust.net
2014-03-31 13:49:50,evintl-ocsp.verisign.com
2014-03-31 13:50:04,ocsp.entrust.net
2014-03-31 13:50:05,icloud.com
2014-03-31 13:50:26,clients1.google.com
2014-03-31 13:50:27,clients1.google.com
2014-03-31 13:50:31,www.icloud.com
2014-03-31 13:51:46,safebrowsing.clients.google.com
2014-03-31 13:51:46,safebrowsing-cache.google.com
2014-03-31 13:51:47,safebrowsing-cache.google.com
2014-03-31 13:51:48,safebrowsing-cache.google.com
2014-03-31 13:51:58,p03-calendarws.icloud.com
2014-03-31 13:52:28,www.icloud.com
2014-03-31 13:52:40,www.google.fr
2014-03-31 13:53:20,drive.google.com
2014-03-31 13:53:23,accounts.google.com
2014-03-31 13:53:52,ocsp.thawte.com
2014-03-31 13:54:10,apis.google.com
2014-03-31 13:54:11,www.google.com
2014-03-31 13:54:42,sb-ssl.google.com
2014-03-31 13:54:44,docs.google.com
2014-03-31 13:55:52,ocsp.verisign.com
2014-03-31 13:57:52,ocsp.digicert.com
2014-03-31 14:12:25,docs.google.com
2014-03-31 14:20:00,safebrowsing-cache.google.com
2014-03-31 14:20:00,safebrowsing.clients.google.com
2014-03-31 14:20:37,leplus.nouvelobs.com
2014-03-31 14:20:37,referentiel.nouvelobs.com
2014-03-31 14:20:38,leplus.nouvelobs.com
2014-03-31 14:20:38,api-leplus.nouvelobs.com
2014-03-31 14:20:38,referentiel.nouvelobs.com
2014-03-31 14:20:38,www.ultimedia.com
2014-03-31 14:20:39,referentiel.nouvelobs.com
2014-03-31 14:20:40,platform.twitter.com
2014-03-31 14:20:40,www.youtube.com
2014-03-31 14:20:40,cimg.leguide.com
2014-03-31 14:20:40,leplus.nouvelobs.com
2014-03-31 14:20:40,connect.facebook.net
2014-03-31 14:20:40,www.google.com
2014-03-31 14:20:40,apis.google.com
2014-03-31 14:20:40,cshoppingbox.partner.leguide.com
2014-03-31 14:20:40,api-leplus.nouvelobs.com
2014-03-31 14:20:40,ssobs.nouvelobs.com
2014-03-31 14:20:40,s.ytimg.com
2014-03-31 14:20:40,api.adyoulike.com
2014-03-31 14:20:40,referentiel.nouvelobs.com
2014-03-31 14:20:41,www.ultimedia.com
2014-03-31 14:20:41,platform.twitter.com
2014-03-31 14:20:41,static.ak.facebook.com
2014-03-31 14:20:41,fpdownload2.macromedia.com
2014-03-31 14:20:41,cshoppingbox.partner.leguide.com
2014-03-31 14:20:41,leplus.nouvelobs.com
2014-03-31 14:20:41,cimg.leguide.com
2014-03-31 14:20:41,s.ytimg.com
2014-03-31 14:20:42,cimg.leguide.com
2014-03-31 14:20:42,code.jquery.com
2014-03-31 14:20:42,i1.ytimg.com
2014-03-31 14:20:42,s.ytimg.com
2014-03-31 14:20:42,cdnjs.cloudflare.com
2014-03-31 14:20:42,ajax.googleapis.com
2014-03-31 14:20:52,apis.google.com
2014-03-31 14:20:53,perpetuo-onl.basilic.io
2014-03-31 14:20:53,leplus.nouvelobs.com
2014-03-31 14:21:08,www.ultimedia.com
2014-03-31 14:21:09,www.ultimedia.com
2014-03-31 14:21:10,www.bing.com
2014-03-31 14:21:53,apis.google.com
2014-03-31 14:23:42,ieonline.microsoft.com
2014-03-31 14:23:42,go.microsoft.com
2014-03-31 14:27:34,apis.google.com
2014-03-31 14:28:23,www.google.com
2014-03-31 14:28:57,docs.google.com
2014-03-31 14:28:58,0.docs.google.com
2014-03-31 14:30:39,ssobs.nouvelobs.com
2014-03-31 14:30:39,s.ytimg.com
2014-03-31 14:30:39,www.youtube.com
2014-03-31 14:30:39,leplus.nouvelobs.com
2014-03-31 14:30:39,referentiel.nouvelobs.com
2014-03-31 14:30:39,api-leplus.nouvelobs.com
2014-03-31 14:30:39,www.ultimedia.com
2014-03-31 14:30:40,broadcast.piximedia.fr
2014-03-31 14:30:40,ce.lijit.com
2014-03-31 14:30:40,www.facebook.com
2014-03-31 14:30:40,leplus.nouvelobs.com
2014-03-31 14:30:40,www.google.com
2014-03-31 14:30:40,www.ultimedia.com
2014-03-31 14:30:40,loadr.exelator.com
2014-03-31 14:30:41,leplus.nouvelobs.com
2014-03-31 14:30:41,static.ak.facebook.com
2014-03-31 14:30:41,apis.google.com
2014-03-31 14:30:41,platform.twitter.com
2014-03-31 14:30:41,ftn.fortuneo.fr
2014-03-31 14:30:41,cimg.leguide.com
2014-03-31 14:30:41,connect.facebook.net
2014-03-31 14:30:41,cshoppingbox.partner.leguide.com
2014-03-31 14:30:41,broadcast.piximedia.fr
2014-03-31 14:30:41,api.adyoulike.com
2014-03-31 14:30:42,i1.ytimg.com
2014-03-31 14:30:42,code.jquery.com
2014-03-31 14:30:42,ajax.googleapis.com
2014-03-31 14:30:42,cdnjs.cloudflare.com
2014-03-31 14:30:42,cimg.leguide.com
2014-03-31 14:30:48,s-static.ak.facebook.com
2014-03-31 14:30:51,platform.twitter.com
2014-03-31 14:30:51,perpetuo-onl.basilic.io
2014-03-31 14:30:53,www.facebook.com
2014-03-31 14:31:55,www.facebook.com
2014-03-31 14:31:55,s-static.ak.facebook.com
2014-03-31 14:31:59,leplus.nouvelobs.com
2014-03-31 14:51:12,safebrowsing.clients.google.com
2014-03-31 14:51:12,safebrowsing-cache.google.com
2014-03-31 14:51:13,safebrowsing-cache.google.com
2014-03-31 15:07:38,gtglobal-ocsp.geotrust.com
2014-03-31 15:07:38,clients1.google.com
2014-03-31 15:07:40,www.google.fr
2014-03-31 15:07:40,www.admission-postbac.fr
2014-03-31 15:07:41,www.admission-postbac.fr
2014-03-31 15:07:41,eregie.premier-ministre.gouv.fr
2014-03-31 15:07:42,ocsp.usertrust.com
2014-03-31 15:07:42,ocsp.entrust.net
2014-03-31 15:07:43,clients1.google.com
2014-03-31 15:09:50,dossier.admission-postbac.fr
2014-03-31 15:10:00,dossier.admission-postbac.fr
2014-03-31 15:10:09,dossier.admission-postbac.fr
2014-03-31 15:10:10,dossier.admission-postbac.fr
2014-03-31 15:10:35,www.google.com
2014-03-31 15:10:36,www.google.fr
2014-03-31 15:11:27,dossier.admission-postbac.fr
2014-03-31 15:15:37,dossier.admission-postbac.fr
2014-03-31 15:15:42,dlive.comprendrechoisir.com
2014-03-31 15:15:42,media.comprendrechoisir.com
2014-03-31 15:15:42,www.google.com
2014-03-31 15:15:42,www.google.fr
2014-03-31 15:15:42,static.fine-media.fr
2014-03-31 15:15:42,permis-bateau.comprendrechoisir.com
2014-03-31 15:15:42,d1447tq2m68ekg.cloudfront.net
2014-03-31 15:15:43,dlive.pagesjaunes.fr
2014-03-31 15:15:43,static.fine-media.fr
2014-03-31 15:15:43,clients1.google.com
2014-03-31 15:15:43,permis-bateau.comprendrechoisir.com
2014-03-31 15:15:43,www.facebook.com
2014-03-31 15:15:44,www.google.com
2014-03-31 15:15:44,static.fine-media.fr
2014-03-31 15:15:45,permis-bateau.comprendrechoisir.com
2014-03-31 15:15:45,static.fine-media.fr
2014-03-31 15:15:45,logc259.at.pagesjaunes.fr
2014-03-31 15:15:45,static.ak.facebook.com
2014-03-31 15:15:45,clients1.google.com
2014-03-31 15:15:45,www.google.com
2014-03-31 15:15:45,connect.facebook.net
2014-03-31 15:15:45,www.google.fr
2014-03-31 15:15:46,permis-bateau.comprendrechoisir.com
2014-03-31 15:15:46,static.fine-media.fr
2014-03-31 15:15:46,www.pagesjaunes.fr
2014-03-31 15:15:46,clients1.google.com
2014-03-31 15:15:46,ocsp.verisign.com
2014-03-31 15:16:26,logc259.at.pagesjaunes.fr
2014-03-31 15:17:11,www.google.fr
2014-03-31 15:17:11,www.digischool.fr
2014-03-31 15:17:12,resultats2013.s3.amazonaws.com
2014-03-31 15:17:12,www.digischool.fr
2014-03-31 15:17:12,www.google.com
2014-03-31 15:17:12,s3-eu-west-1.amazonaws.com
2014-03-31 15:17:13,connect.facebook.net
2014-03-31 15:17:13,platform.twitter.com
2014-03-31 15:17:13,www.digischool.fr
2014-03-31 15:17:14,evsecure-ocsp.verisign.com
2014-03-31 15:17:14,gtssl-ocsp.geotrust.com
2014-03-31 15:17:15,evsecure-ocsp.verisign.com
2014-03-31 15:17:15,www.facebook.com
2014-03-31 15:17:15,s3-eu-west-1.amazonaws.com
2014-03-31 15:17:15,media.kpsule.me
2014-03-31 15:17:26,dossier.admission-postbac.fr
2014-03-31 15:17:41,platform.twitter.com
2014-03-31 15:17:41,s-static.ak.facebook.com
2014-03-31 15:17:45,twitter.com
2014-03-31 15:18:38,www.google.fr
2014-03-31 15:18:39,www.googleapis.com
2014-03-31 15:18:39,www.paris-champ.fr
2014-03-31 15:18:39,platform.linkedin.com
2014-03-31 15:18:39,ajax.googleapis.com
2014-03-31 15:18:39,www.google.fr
2014-03-31 15:18:40,www.linkedin.com
2014-03-31 15:18:40,www.facebook.com
2014-03-31 15:18:40,platform.linkedin.com
2014-03-31 15:18:40,www.paris-champ.fr
2014-03-31 15:18:41,www.google.fr
2014-03-31 15:18:41,www.paris-champ.fr
2014-03-31 15:18:47,www.facebook.com
2014-03-31 15:18:49,www.linkedin.com
2014-03-31 15:19:11,twitter.com
2014-03-31 15:20:36,www.google.fr
2014-03-31 15:20:37,www.vinatis.com
2014-03-31 15:20:38,module-videodesk.com
2014-03-31 15:20:38,www.vinatis.com
2014-03-31 15:20:39,module-videodesk.com
2014-03-31 15:20:39,cdn-videodesk.com
2014-03-31 15:20:44,www.vinatis.com
2014-03-31 15:20:45,www.vinatis.com
2014-03-31 15:21:18,www.vinatis.com
2014-03-31 15:21:19,cdn-videodesk.com
2014-03-31 15:21:19,www.vinatis.com
2014-03-31 15:21:25,www.vinatis.com
2014-03-31 15:21:26,safebrowsing.clients.google.com
2014-03-31 15:21:26,www.vinatis.com
2014-03-31 15:21:26,safebrowsing-cache.google.com
2014-03-31 15:21:27,safebrowsing-cache.google.com
2014-03-31 15:21:29,cdn-videodesk.com
2014-03-31 15:21:31,www.vinatis.com
2014-03-31 15:21:32,cdn-videodesk.com
2014-03-31 15:21:35,apis.google.com
2014-03-31 15:21:37,accounts.google.com
2014-03-31 15:21:48,www.vinatis.com
2014-03-31 15:21:49,www.vinatis.com
2014-03-31 15:21:50,cdn-videodesk.com
2014-03-31 15:22:09,www.vinatis.com
2014-03-31 15:22:10,www.vinatis.com
2014-03-31 15:22:49,www.vinatis.com
2014-03-31 15:22:50,www.vinatis.com
2014-03-31 15:23:30,www.google.fr
2014-03-31 15:23:36,www.google.com
2014-03-31 15:23:59,www.lmde.com
2014-03-31 15:23:59,www.google.fr
2014-03-31 15:24:00,www.lmde.com
2014-03-31 15:24:00,lmderm.net
2014-03-31 15:24:01,lmderm.net
2014-03-31 15:24:02,lmderm.net
2014-03-31 15:24:14,lmderm.net
2014-03-31 15:24:15,lmderm.net
2014-03-31 15:24:15,www.lmde.com
2014-03-31 15:24:19,www.lmde.com
2014-03-31 15:24:20,lmderm.net
2014-03-31 15:24:21,lmderm.net
2014-03-31 15:24:51,www.smerra.fr
2014-03-31 15:24:51,www.google.fr
2014-03-31 15:24:52,www.smerra.fr
2014-03-31 15:24:54,www.smerra.fr
2014-03-31 15:24:54,ocsp.digicert.com
2014-03-31 15:25:05,www.google.fr
2014-03-31 15:25:06,www.smerra.fr
2014-03-31 15:25:40,www.smerra.fr
2014-03-31 15:25:44,www.smerra.fr
2014-03-31 15:25:45,ocsp.usertrust.com
2014-03-31 15:25:45,ocsp.comodoca.com
2014-03-31 15:25:46,www.operarc.com
2014-03-31 15:25:47,www.operarc.com
2014-03-31 15:26:00,www.operarc.com
2014-03-31 15:26:04,www.operarc.com
2014-03-31 15:26:05,www.operarc.com
2014-03-31 15:26:07,www.operarc.com
2014-03-31 15:27:45,www.google.com
2014-03-31 15:27:48,ajax.googleapis.com
2014-03-31 15:28:00,www.google.fr
