timestamp,site
2013-11-16 10:32:07,fpdownload2.macromedia.com
2013-11-16 10:32:21,www.google.fr
2013-11-16 10:32:23,www.google.com
2013-11-16 10:32:37,www.google.fr
2013-11-16 10:32:37,www.google.com
2013-11-16 10:32:38,www.google.fr
2013-11-16 10:33:35,fpdownload2.macromedia.com
2013-11-16 10:33:43,www.google.fr
2013-11-16 10:33:44,www.google.fr
2013-11-16 10:33:45,www.google.fr
2013-11-16 10:33:46,www.google.com
2013-11-16 10:33:52,www.google.com
2013-11-16 10:33:54,www.google.fr
2013-11-16 10:34:49,www.google.fr
2013-11-16 10:47:49,addons.foxitsoftware.com
2013-11-16 10:47:50,addons.foxitsoftware.com
2013-11-16 10:51:25,armmf.adobe.com
2013-11-16 10:51:27,armmf.adobe.com
2013-11-16 10:51:28,armmf.adobe.com
2013-11-16 10:51:30,armmf.adobe.com
2013-11-16 11:06:47,www.google.fr
2013-11-16 11:07:08,www.google.fr
2013-11-16 11:07:08,www.pcastuces.com
2013-11-16 11:07:08,divers.pcastuces.com
2013-11-16 11:07:08,images.pcastuces.com
2013-11-16 11:07:09,divers.pcastuces.com
2013-11-16 11:07:09,images.pcastuces.com
2013-11-16 11:07:10,images.pcastuces.com
2013-11-16 11:07:10,www.google.com
2013-11-16 11:07:10,choices.truste.com
2013-11-16 11:07:11,adventori.com
2013-11-16 11:07:11,www.pcastuces.com
2013-11-16 11:07:11,www.google.com
2013-11-16 11:07:11,images.pcastuces.com
2013-11-16 11:07:12,choices.truste.com
2013-11-16 11:07:21,www.google.com
2013-11-16 11:07:27,www.google.com
2013-11-16 11:21:45,office14client.microsoft.com
2013-11-16 11:21:46,office.microsoft.com
2013-11-16 11:21:47,office.microsoft.com
2013-11-16 11:54:37,www.google.fr
2013-11-16 11:54:38,www.google.com
2013-11-16 11:54:46,www.google.com
2013-11-16 11:54:46,www.google.fr
2013-11-18 09:04:16,go.microsoft.com
2013-11-18 09:04:16,shell.windows.com
2013-11-18 09:04:17,shell.windows.com
2013-11-18 09:04:19,shell.windows.com
2013-11-18 09:04:52,www.hotmail.fr
2013-11-18 09:05:05,login.live.com
2013-11-18 09:05:25,login.live.com
2013-11-18 09:05:53,windowslive.tt.omtrdc.net
2013-11-18 09:06:08,login.live.com
2013-11-18 09:06:19,mail.live.com
2013-11-18 09:06:20,dub117.mail.live.com
2013-11-18 09:06:21,dub117.mail.live.com
2013-11-18 09:06:21,login.live.com
2013-11-18 09:06:23,cid-91ac638840081a72.users.storage.live.com
2013-11-18 09:06:24,dub117.mail.live.com
2013-11-18 09:06:25,people.directory.live.com
2013-11-18 09:06:27,people.directory.live.com
2013-11-18 09:06:27,dub117.mail.live.com
2013-11-18 09:06:27,h.live.com
2013-11-18 09:06:28,h.live.com
2013-11-18 09:06:28,dub117.mail.live.com
2013-11-18 09:06:29,g.msn.com
2013-11-18 09:06:29,dub117.mail.live.com
2013-11-18 09:06:30,dub117.mail.live.com
2013-11-18 09:06:30,blufiles.storage.msn.com
2013-11-18 09:06:30,js.live.net
2013-11-18 09:06:30,h.live.com
2013-11-18 09:06:31,h.live.com
2013-11-18 09:06:31,dub117.mail.live.com
2013-11-18 09:06:31,secure.shared.live.com
2013-11-18 09:06:32,bn1files.storage.live.com
2013-11-18 09:06:32,api.skype.com
2013-11-18 09:06:32,dub117.mail.live.com
2013-11-18 09:06:32,h.live.com
2013-11-18 09:06:33,h.live.com
2013-11-18 09:06:33,login.live.com
2013-11-18 09:06:33,go.trouter.io
2013-11-18 09:06:34,storage.live.com
2013-11-18 09:06:35,dub117.mail.live.com
2013-11-18 09:06:35,prod.registrar.skype.com
2013-11-18 09:06:37,secure.shared.live.com
2013-11-18 09:06:37,api.skype.com
2013-11-18 09:06:45,dub117.mail.live.com
2013-11-18 09:08:24,dub117.mail.live.com
2013-11-18 09:10:10,www.google.com
2013-11-18 09:12:14,www.hotmail.com
2013-11-18 09:12:16,login.live.com
2013-11-18 09:12:17,login.live.com
2013-11-18 09:12:18,windowslive.tt.omtrdc.net
2013-11-18 09:12:31,windowslive.tt.omtrdc.net
2013-11-18 09:12:38,login.live.com
2013-11-18 09:12:40,login.live.com
2013-11-18 09:12:41,mail.live.com
2013-11-18 09:12:42,cid-91ac638840081a72.users.storage.live.com
2013-11-18 09:12:42,h.live.com
2013-11-18 09:12:43,dub117.mail.live.com
2013-11-18 09:12:43,h.live.com
2013-11-18 09:12:43,ieonline.microsoft.com
2013-11-18 09:12:44,go.microsoft.com
2013-11-18 09:12:45,dub117.mail.live.com
2013-11-18 09:12:45,craym.eu
2013-11-18 09:12:45,people.directory.live.com
2013-11-18 09:12:47,h.live.com
2013-11-18 09:12:47,g.msn.com
2013-11-18 09:12:47,dub117.mail.live.com
2013-11-18 09:12:48,secure.shared.live.com
2013-11-18 09:12:48,js.live.net
2013-11-18 09:12:48,blufiles.storage.msn.com
2013-11-18 09:12:49,secure.shared.live.com
2013-11-18 09:12:49,login.live.com
2013-11-18 09:12:50,craym.eu
2013-11-18 09:12:50,secure.shared.live.com
2013-11-18 09:12:51,craym.eu
2013-11-18 09:12:51,go.trouter.io
2013-11-18 09:12:51,bn1files.storage.live.com
2013-11-18 09:12:52,prod.registrar.skype.com
2013-11-18 09:13:00,craym.eu
2013-11-18 09:13:11,storage.live.com
2013-11-18 09:13:23,g.live.com
2013-11-18 09:13:26,api.skype.com
2013-11-18 09:13:27,secure.shared.live.com
2013-11-18 09:13:38,h.live.com
2013-11-18 09:13:38,dub117.mail.live.com
2013-11-18 09:13:38,g.msn.com
2013-11-18 09:13:39,h2.msn.com
2013-11-18 09:13:39,ea.numericable.fr
2013-11-18 09:14:09,g.msn.com
2013-11-18 09:14:10,g.msn.com
2013-11-18 09:14:26,javadl-esd-secure.oracle.com
2013-11-18 09:14:31,www.squid-cache.org
2013-11-18 09:14:43,dub117.mail.live.com
2013-11-18 09:15:40,craym.eu
2013-11-18 09:15:41,craym.eu
2013-11-18 09:15:49,dub117.mail.live.com
2013-11-18 09:15:55,craym.eu
2013-11-18 09:16:01,craym.eu
2013-11-18 09:16:25,craym.eu
2013-11-18 09:16:48,craym.eu
2013-11-18 09:17:26,h2.msn.com
2013-11-18 09:17:40,craym.eu
2013-11-18 09:17:55,g.msn.com
2013-11-18 09:17:57,g.msn.com
2013-11-18 09:18:10,craym.eu
2013-11-18 09:18:14,g.live.com
2013-11-18 09:18:28,h.live.com
2013-11-18 09:18:29,dub117.mail.live.com
2013-11-18 09:18:43,craym.eu
2013-11-18 09:18:44,craym.eu
2013-11-18 09:18:45,people.directory.live.com
2013-11-18 09:19:42,craym.eu
2013-11-18 09:19:56,cid-91ac638840081a72.users.storage.live.com
2013-11-18 09:20:05,craym.eu
2013-11-18 09:20:20,craym.eu
2013-11-18 09:20:45,craym.eu
2013-11-18 09:20:46,craym.eu
2013-11-18 09:23:44,proxy-blu-people.directory.live.com
2013-11-18 09:24:28,h2.msn.com
2013-11-18 09:25:26,craym.eu
2013-11-18 09:25:27,craym.eu
2013-11-18 09:25:33,craym.eu
2013-11-18 09:25:44,craym.eu
2013-11-18 09:25:48,craym.eu
2013-11-18 09:25:49,craym.eu
2013-11-18 09:26:01,dub117.mail.live.com
2013-11-18 09:26:22,g.msn.com
2013-11-18 09:26:23,g.msn.com
2013-11-18 09:26:27,craym.eu
2013-11-18 09:26:31,g.msn.com
2013-11-18 09:26:36,craym.eu
2013-11-18 09:26:52,dub117.mail.live.com
2013-11-18 09:26:58,craym.eu
2013-11-18 09:27:00,dub117.mail.live.com
2013-11-18 09:27:03,craym.eu
2013-11-18 09:27:08,craym.eu
2013-11-18 09:29:21,craym.eu
2013-11-18 09:29:30,proxy-blu-people.directory.live.com
2013-11-18 09:29:30,dub117.mail.live.com
2013-11-18 09:29:30,h.live.com
2013-11-18 09:30:03,g.msn.com
2013-11-18 09:30:17,aragorn.craym.net
2013-11-18 09:30:28,aragorn.craym.net
2013-11-18 09:30:30,h.live.com
2013-11-18 09:30:31,dub117.mail.live.com
2013-11-18 09:30:44,aragorn.craym.net
2013-11-18 09:30:54,aragorn.craym.net
2013-11-18 09:31:01,www.google.fr
2013-11-18 09:31:02,apis.google.com
2013-11-18 09:31:02,www.google.com
2013-11-18 09:31:04,accounts.google.com
2013-11-18 09:31:04,mail.google.com
2013-11-18 09:31:05,apis.google.com
2013-11-18 09:31:05,www.google.fr
2013-11-18 09:31:05,accounts.google.com
2013-11-18 09:31:05,mail.google.com
2013-11-18 09:31:05,www.google.com
2013-11-18 09:31:06,www.google.com
2013-11-18 09:31:06,mail.google.com
2013-11-18 09:31:08,www.google.com
2013-11-18 09:31:08,mail.google.com
2013-11-18 09:31:08,accounts.youtube.com
2013-11-18 09:31:08,apis.google.com
2013-11-18 09:31:51,accounts.google.fr
2013-11-18 09:31:51,apis.google.com
2013-11-18 09:31:54,mail.google.com
2013-11-18 09:31:54,accounts.google.fr
2013-11-18 09:31:54,accounts.google.com
2013-11-18 09:31:54,accounts.youtube.com
2013-11-18 09:31:55,clients2.google.com
2013-11-18 09:31:55,apis.google.com
2013-11-18 09:31:55,www.google.com
2013-11-18 09:31:55,mail.google.com
2013-11-18 09:31:55,plus.google.com
2013-11-18 09:31:57,clients2.google.com
2013-11-18 09:31:57,chatenabled.mail.google.com
2013-11-18 09:31:58,mail.google.com
2013-11-18 09:31:59,plus.google.com
2013-11-18 09:32:06,mail.google.com
2013-11-18 09:32:06,plus.google.com
2013-11-18 09:32:06,apis.google.com
2013-11-18 09:32:06,chatenabled.mail.google.com
2013-11-18 09:32:09,mail.google.com
2013-11-18 09:35:16,proxy-blu-people.directory.live.com
2013-11-18 09:36:07,plus.google.com
2013-11-18 09:36:07,www.google.com
2013-11-18 09:36:07,mail.google.com
2013-11-18 09:36:56,plus.google.com
2013-11-18 09:39:16,plus.google.com
2013-11-18 09:39:16,mail.google.com
2013-11-18 09:39:16,apis.google.com
2013-11-18 09:39:35,g.msn.com
2013-11-18 09:39:38,g.msn.com
2013-11-18 09:39:53,dub117.mail.live.com
2013-11-18 09:40:06,dub117.mail.live.com
2013-11-18 09:40:07,h.live.com
2013-11-18 09:40:15,proxy-blu-people.directory.live.com
2013-11-18 09:41:07,aragorn.craym.net
2013-11-18 09:42:05,dub117.mail.live.com
2013-11-18 09:42:06,dub117.mail.live.com
2013-11-18 09:42:15,h.live.com
2013-11-18 09:42:18,craym.eu
2013-11-18 09:42:21,h.live.com
2013-11-18 09:42:37,g.msn.com
2013-11-18 09:43:10,people.directory.live.com
2013-11-18 09:44:50,javadl-esd-secure.oracle.com
2013-11-18 09:46:01,plus.google.com
2013-11-18 09:46:11,plus.google.com
2013-11-18 09:48:18,people.directory.live.com
2013-11-18 09:51:52,g.msn.com
2013-11-18 09:51:53,g.msn.com
2013-11-18 09:51:53,dub117.mail.live.com
2013-11-18 09:51:53,craym.eu
2013-11-18 09:51:55,dub117.mail.live.com
2013-11-18 09:52:06,h.live.com
2013-11-18 09:52:06,g.msn.com
2013-11-18 09:52:08,h.live.com
2013-11-18 09:52:09,h.live.com
2013-11-18 09:52:43,www.google.fr
2013-11-18 09:52:45,www.google.com
2013-11-18 09:53:01,mail.google.com
2013-11-18 09:53:03,www.google.com
2013-11-18 09:53:03,mail.google.com
2013-11-18 09:53:03,www.google.fr
2013-11-18 09:53:03,accounts.google.com
2013-11-18 09:53:06,mail.google.com
2013-11-18 09:53:06,www.google.com
2013-11-18 09:53:07,mail.google.com
2013-11-18 09:53:09,h.live.com
2013-11-18 09:53:10,h.live.com
2013-11-18 09:53:19,people.directory.live.com
2013-11-18 09:53:31,apis.google.com
2013-11-18 09:53:36,www.google.com
2013-11-18 09:53:36,mail.google.com
2013-11-18 09:53:37,apis.google.com
2013-11-18 09:53:37,www.google.com
2013-11-18 09:53:37,accounts.google.com
2013-11-18 09:53:37,mail.google.com
2013-11-18 09:53:37,www.google.fr
2013-11-18 09:53:39,accounts.google.com
2013-11-18 09:53:39,accounts.youtube.com
2013-11-18 09:53:52,mail.google.com
2013-11-18 09:53:53,accounts.google.com
2013-11-18 09:53:59,accounts.google.fr
2013-11-18 09:54:00,accounts.google.com
2013-11-18 09:54:00,accounts.youtube.com
2013-11-18 09:54:00,accounts.google.fr
2013-11-18 09:54:01,mail.google.com
2013-11-18 09:54:04,mail.google.com
2013-11-18 09:54:04,www.google.com
2013-11-18 09:54:05,plus.google.com
2013-11-18 09:54:05,mail.google.com
2013-11-18 09:54:05,clients2.google.com
2013-11-18 09:54:05,apis.google.com
2013-11-18 09:54:08,chatenabled.mail.google.com
2013-11-18 09:54:08,b.mail.google.com
2013-11-18 09:54:09,mail.google.com
2013-11-18 09:54:10,mail.google.com
2013-11-18 09:54:10,chatenabled.mail.google.com
2013-11-18 09:54:13,plus.google.com
2013-11-18 09:54:13,mail.google.com
2013-11-18 09:54:17,apis.google.com
2013-11-18 09:54:17,mail.google.com
2013-11-18 09:54:18,mail.google.com
2013-11-18 09:54:18,plus.google.com
2013-11-18 09:54:49,apis.google.com
2013-11-18 09:54:50,accounts.google.com
2013-11-18 09:54:50,s-static.ak.facebook.com
2013-11-18 09:54:51,apis.google.com
2013-11-18 09:54:53,accounts.google.com
2013-11-18 09:55:05,mail.google.com
2013-11-18 09:56:07,mail.google.com
2013-11-18 09:58:35,mail.google.com
2013-11-18 09:58:44,www.google.fr
2013-11-18 09:58:47,www.google.fr
2013-11-18 09:59:06,www.google.fr
2013-11-18 09:59:08,www.google.fr
2013-11-18 09:59:09,www.google.com
2013-11-18 09:59:13,www.google.com
2013-11-18 09:59:15,apis.google.com
2013-11-18 09:59:16,www.google.fr
2013-11-18 09:59:16,plus.google.com
2013-11-18 09:59:18,www.google.fr
2013-11-18 09:59:18,apis.google.com
2013-11-18 09:59:18,plus.google.com
2013-11-18 10:01:08,mail.google.com
2013-11-18 10:03:35,mail.google.com
2013-11-18 10:04:10,mail.google.com
2013-11-18 10:04:15,plus.google.com
2013-11-18 10:04:26,g.msn.com
2013-11-18 10:05:06,plus.google.com
2013-11-18 10:05:27,h.live.com
2013-11-18 10:05:28,proxy-blu-people.directory.live.com
2013-11-18 10:05:31,dub117.mail.live.com
2013-11-18 10:05:39,craym.eu
2013-11-18 10:05:40,craym.eu
2013-11-18 10:05:41,craym.eu
2013-11-18 10:05:42,craym.eu
2013-11-18 10:05:56,craym.eu
2013-11-18 10:06:09,mail.google.com
2013-11-18 10:06:11,plus.google.com
2013-11-18 10:07:16,b.mail.google.com
2013-11-18 10:08:18,mail.google.com
2013-11-18 10:08:20,s-static.ak.facebook.com
2013-11-18 10:08:29,apis.google.com
2013-11-18 10:08:35,s-static.ak.facebook.com
2013-11-18 10:08:35,mail.google.com
2013-11-18 10:09:11,apis.google.com
2013-11-18 10:10:29,proxy-blu-people.directory.live.com
2013-11-18 10:11:10,mail.google.com
2013-11-18 10:12:44,mail.google.com
2013-11-18 10:12:48,s-static.ak.facebook.com
2013-11-18 10:13:37,apis.google.com
2013-11-18 10:16:11,mail.google.com
2013-11-18 10:18:35,mail.google.com
2013-11-18 10:19:05,proxy-blu-people.directory.live.com
2013-11-18 10:20:01,craym.eu
2013-11-18 10:20:11,s-static.ak.facebook.com
2013-11-18 10:21:12,mail.google.com
2013-11-18 10:21:18,apis.google.com
2013-11-18 10:22:38,s-static.ak.facebook.com
2013-11-18 10:23:35,mail.google.com
2013-11-18 10:24:09,proxy-blu-people.directory.live.com
2013-11-18 10:24:22,apis.google.com
2013-11-18 10:25:09,apis.google.com
2013-11-18 10:25:09,s-static.ak.facebook.com
2013-11-18 10:25:22,apis.google.com
2013-11-18 10:26:11,plus.google.com
2013-11-18 10:26:13,mail.google.com
2013-11-18 10:26:52,s-static.ak.facebook.com
2013-11-18 10:27:05,apis.google.com
2013-11-18 10:28:35,mail.google.com
2013-11-18 10:31:13,mail.google.com
2013-11-18 10:33:29,mail.google.com
2014-01-17 10:54:21,fpdownload2.macromedia.com
2014-01-17 10:54:28,www.bing.com
2014-01-17 10:54:28,www.google.com
2014-01-17 10:56:02,www.gmail.com
2014-01-17 10:56:02,mail.google.com
2014-01-17 10:56:02,accounts.google.com
2014-01-17 10:56:03,accounts.youtube.com
2014-01-17 10:56:03,mail.google.com
2014-01-17 10:56:16,accounts.google.fr
2014-01-17 10:56:20,mail.google.com
2014-01-17 10:56:20,accounts.youtube.com
2014-01-17 10:56:20,accounts.google.fr
2014-01-17 10:56:20,accounts.google.com
2014-01-17 10:56:21,mail.google.com
2014-01-17 10:56:21,clients2.google.com
2014-01-17 10:56:21,www.google.com
2014-01-17 10:56:21,apis.google.com
2014-01-17 10:56:21,plus.google.com
2014-01-17 10:56:22,clients2.google.com
2014-01-17 10:56:22,www.google.com
2014-01-17 10:56:22,plus.google.com
2014-01-17 10:56:23,chatenabled.mail.google.com
2014-01-17 10:56:23,mail.google.com
2014-01-17 10:56:23,plus.google.com
2014-01-17 10:56:23,apis.google.com
2014-01-17 10:56:24,mail.google.com
2014-01-17 10:56:24,apis.google.com
2014-01-17 10:56:24,accounts.google.com
2014-01-17 10:56:25,mail.google.com
2014-01-17 10:56:25,apis.google.com
2014-01-17 10:56:25,chatenabled.mail.google.com
2014-01-17 10:56:28,go.microsoft.com
2014-01-17 10:56:28,ieonline.microsoft.com
2014-01-17 10:56:30,docs.google.com
2014-01-17 10:56:35,plus.google.com
2014-01-17 10:58:21,mail.google.com
2014-01-17 10:58:30,docs.google.com
2014-01-17 11:00:26,plus.google.com
2014-01-17 11:01:19,plus.google.com
2014-01-17 11:10:27,plus.google.com
2014-01-17 11:10:37,plus.google.com
2014-01-17 11:15:37,mail.google.com
2014-01-17 11:19:18,mail.google.com
2014-01-17 11:20:37,plus.google.com
2014-01-17 11:23:00,mail.google.com
2014-01-17 11:25:33,plus.google.com
2014-01-17 11:25:35,docs.google.com
2014-01-17 11:25:35,plus.google.com
2014-01-17 11:25:36,plus.google.com
2014-01-17 11:25:39,mail.google.com
2014-01-17 11:25:40,www.google.com
2014-01-17 11:25:40,www.google.fr
2014-01-17 11:25:41,mail.google.com
2014-01-17 11:25:41,accounts.youtube.com
2014-01-17 11:25:41,accounts.google.com
2014-01-17 11:25:41,accounts.google.fr
2014-01-17 11:25:41,www.google.com
2014-02-18 10:30:15,www.google.fr
2014-02-18 10:30:28,www.google.fr
2014-02-18 10:30:30,www.google.fr
2014-02-18 10:30:37,www.google.com
2014-02-18 10:30:44,www.google.com
2014-02-18 10:30:46,www.lequipe.fr
2014-02-18 10:30:46,www.google.fr
2014-02-18 10:30:47,static.lequipe.fr
2014-02-18 10:30:47,platform.twitter.com
2014-02-18 10:30:47,medias.lequipe.fr
2014-02-18 10:30:47,www.lequipe.fr
2014-02-18 10:30:47,www.facebook.com
2014-02-18 10:30:48,static.lequipe.fr
2014-02-18 10:30:48,www.google.fr
2014-02-18 10:30:48,medias.lequipe.fr
2014-02-18 10:30:48,s.kewego.com
2014-02-18 10:30:48,mediaspub.lequipe.fr
2014-02-18 10:30:49,medias.lequipe.fr
2014-02-18 10:30:51,medias.lequipe.fr
2014-02-18 10:30:55,netstorage.lequipe.fr
2014-02-18 10:30:57,static.lequipe.fr
2014-02-18 10:30:57,medias.lequipe.fr
2014-02-18 10:30:57,www.lequipe.fr
2014-02-18 10:30:58,static.lequipe.fr
2014-02-18 10:31:00,foglio.basilic.io
2014-02-18 10:31:00,www.lequipe.fr
2014-02-18 10:31:01,www.lequipe.fr
2014-02-18 10:31:01,medias.lequipe.fr
2014-02-18 10:31:01,static.lequipe.fr
2014-02-18 10:31:01,sa.kewego.com
2014-02-18 10:31:01,s.kewego.com
2014-02-18 10:31:01,ta.kewego.com
2014-02-18 10:31:08,widget.achetezfacile.com
2014-02-18 10:31:08,www.lequipe.fr
2014-02-18 10:31:08,twitter.com
2014-02-18 10:31:09,medias.lequipe.fr
2014-02-18 10:31:09,ajax.googleapis.com
2014-02-18 10:31:10,ajax.googleapis.com
2014-02-18 10:31:10,medias.lequipe.fr
2014-02-18 10:31:10,i.htfacile.fr
2014-02-18 10:31:11,static.lequipe.fr
2014-02-18 10:31:11,um.simpli.fi
2014-02-18 10:31:11,pr.ybp.yahoo.com
2014-02-18 10:31:12,static.lequipe.fr
2014-02-18 10:31:13,www.lequipe.fr
2014-02-18 10:31:13,www.facebook.com
2014-02-18 10:31:13,code.jquery.com
2014-02-18 10:31:13,medias.lequipe.fr
2014-02-18 10:31:14,www.lequipe.fr
2014-02-18 10:31:14,platform.twitter.com
2014-02-18 10:31:14,medias.lequipe.fr
2014-02-18 10:31:14,widget.achetezfacile.com
2014-02-18 10:31:14,static.lequipe.fr
2014-02-18 10:31:15,static.lequipe.fr
2014-02-18 10:31:15,banniere.reussissonsensemble.fr
2014-02-18 10:31:16,ad.publicidees.com
2014-02-18 10:31:16,connect.facebook.net
2014-02-18 10:31:16,static.lequipe.fr
2014-02-18 10:31:16,netstorage.lequipe.fr
2014-02-18 10:31:16,www.lequipe.fr
2014-02-18 10:31:16,i.htfacile.fr
2014-02-18 10:31:16,ajax.googleapis.com
2014-02-18 10:31:17,i.htfacile.fr
2014-02-18 10:31:17,www.lequipe.fr
2014-02-18 10:31:17,platform.twitter.com
2014-02-18 10:31:18,apis.google.com
2014-02-18 10:31:18,www.lequipe.fr
2014-02-18 10:31:19,static.ak.facebook.com
2014-02-18 10:31:19,www.facebook.com
2014-02-18 10:31:19,s-static.ak.facebook.com
2014-02-18 10:31:19,apis.google.com
2014-02-18 10:31:33,accounts.google.com
2014-02-18 10:31:36,datatc.eveiletjeux.com
2014-02-18 10:31:36,twitter.com
2014-02-18 10:31:36,platform.twitter.com
2014-02-18 10:31:37,apis.google.com
2014-02-18 10:31:37,twitter.com
2014-02-18 10:31:38,apis.google.com
2014-02-18 10:31:39,syndication.twitter.com
2014-02-18 10:31:40,www.facebook.com
2014-02-18 10:31:41,www.lequipe.fr
2014-02-18 10:31:41,syndication.twitter.com
2014-02-18 10:31:42,accounts.google.com
2014-02-18 10:31:46,pbs.twimg.com
2014-02-18 10:31:49,www.google.fr
2014-02-18 10:32:00,pbs.twimg.com
2014-02-18 10:32:01,www.lequipe.fr
2014-02-18 10:32:01,pbs.twimg.com
2014-02-18 10:32:14,www.lequipe.fr
2014-02-18 10:32:18,accounts.google.com
2014-02-18 10:32:18,www.lequipe.fr
2014-02-18 10:32:18,static.lequipe.fr
2014-02-18 10:32:19,www.lequipe.fr
2014-02-18 10:32:19,medias.lequipe.fr
2014-02-18 10:32:19,www.facebook.com
2014-02-18 10:32:20,twitter.com
2014-02-18 10:32:20,s.kewego.com
2014-02-18 10:32:20,static.lequipe.fr
2014-02-18 10:32:25,www.lequipe.fr
2014-02-18 10:32:25,widget.achetezfacile.com
2014-02-18 10:32:25,apis.google.com
2014-02-18 10:32:26,xml.betclick.com
2014-02-18 10:32:26,i.htfacile.fr
2014-02-18 10:32:26,netstorage.lequipe.fr
2014-02-18 10:32:26,static.lequipe.fr
2014-02-18 10:32:26,match.rtbidder.net
2014-02-18 10:32:27,static.lequipe.fr
2014-02-18 10:32:27,rubicon-match.dotomi.com
2014-02-18 10:32:27,rp.gwallet.com
2014-02-18 10:32:27,widget.achetezfacile.com
2014-02-18 10:32:28,static.ak.facebook.com
2014-02-18 10:32:28,dtm.venus.com
2014-02-18 10:32:28,www.lequipe.fr
2014-02-18 10:32:28,s-static.ak.facebook.com
2014-02-18 10:32:28,www.facebook.com
2014-02-18 10:32:29,i.htfacile.fr
2014-02-18 10:32:29,rbp.mxptint.net
2014-02-18 10:32:29,foglio.basilic.io
2014-02-18 10:32:30,sa.kewego.com
2014-02-18 10:32:30,ta.kewego.com
2014-02-18 10:32:30,i.kewego.com
2014-02-18 10:32:30,s.kewego.com
2014-02-18 10:32:30,platform.twitter.com
2014-02-18 10:32:30,medias.lequipe.fr
2014-02-18 10:32:31,c1.adform.net
2014-02-18 10:32:31,twitter.com
2014-02-18 10:32:43,static.lequipe.fr
2014-02-18 10:32:43,platform.twitter.com
2014-02-18 10:32:44,ce.lijit.com
2014-02-18 10:32:44,www.lequipe.fr
2014-02-18 10:32:44,ad.publicidees.com
2014-02-18 10:32:45,banniere.reussissonsensemble.fr
2014-02-18 10:33:03,platform.twitter.com
2014-02-18 10:33:03,accounts.google.com
2014-02-18 10:33:07,pixel2368.everesttech.net
2014-02-18 10:33:25,pixel2368.everesttech.net
2014-02-18 10:33:26,www.lequipe.fr
2014-02-18 10:33:27,www.lequipe.fr
2014-02-18 10:33:28,apis.google.com
2014-02-18 10:33:28,www.facebook.com
2014-02-18 10:33:28,medias.lequipe.fr
2014-02-18 10:33:28,static.lequipe.fr
2014-02-18 10:33:28,netstorage.lequipe.fr
2014-02-18 10:33:28,widget.achetezfacile.com
2014-02-18 10:33:28,i.htfacile.fr
2014-02-18 10:33:29,twitter.com
2014-02-18 10:33:29,www.facebook.com
2014-02-18 10:33:29,www.lequipe.fr
2014-02-18 10:33:29,static.ak.facebook.com
2014-02-18 10:33:29,connect.facebook.net
2014-02-18 10:33:29,i.htfacile.fr
2014-02-18 10:33:29,videosfr.s3.amazonaws.com
2014-02-18 10:33:29,s-static.ak.facebook.com
2014-02-18 10:33:34,www.lequipe.fr
2014-02-18 10:33:34,www.facebook.com
2014-02-18 10:33:39,twitter.com
2014-02-18 10:51:44,www.google.fr
2014-02-18 10:51:48,www.google.fr
2014-02-18 10:51:56,www.google.fr
2014-02-18 10:51:57,www.google.fr
2014-02-18 10:52:00,www.google.com
2014-02-18 10:52:09,www.google.com
2014-02-18 10:52:14,www.google.fr
2014-02-18 10:52:15,office.microsoft.com
2014-02-18 10:52:15,www.google.fr
2014-02-18 10:52:16,office.microsoft.com
2014-02-18 10:52:17,js.microsoft.com
2014-02-18 10:52:17,c.msn.com
2014-02-18 10:52:17,office.microsoft.com
2014-02-18 10:52:18,c.msn.com
2014-02-18 10:52:19,office.microsoft.com
2014-02-18 10:52:19,js.microsoft.com
2014-02-18 10:52:55,www.google.fr
2014-02-18 10:52:55,office.microsoft.com
2014-02-18 10:52:56,c.msn.com
2014-02-18 10:52:56,office.microsoft.com
2014-02-18 10:53:53,www.google.fr
2014-02-18 10:53:54,connect.facebook.net
2014-02-18 10:53:54,ajax.googleapis.com
2014-02-18 10:53:54,yui.yahooapis.com
2014-02-18 10:53:54,www.google.fr
2014-02-18 10:53:55,www.google.fr
2014-02-18 10:53:55,platform.twitter.com
2014-02-18 10:53:55,s-static.ak.facebook.com
2014-02-18 10:53:55,static.ak.facebook.com
2014-02-18 10:53:55,www.facebook.com
2014-02-18 10:53:56,platform.twitter.com
2014-02-18 10:53:56,www.hebdotop.com
2014-02-18 10:53:56,fpdownload2.macromedia.com
2014-02-18 10:53:56,a01.gestionpub.com
2014-02-18 10:53:57,www.google.com
2014-02-18 10:53:57,mediatag.gestionpub.com
2014-02-18 10:54:10,apis.google.com
2014-02-18 10:54:11,apis.google.com
2014-02-18 10:54:12,apis.google.com
2014-02-18 10:54:12,platform.twitter.com
2014-02-18 10:54:12,www.facebook.com
2014-02-18 10:54:13,accounts.google.com
2014-02-18 10:54:19,tracking.veoxa.com
2014-02-18 10:54:19,www.ooshop.com
2014-02-18 10:54:19,display.gestionpub.com
2014-02-18 10:54:20,www.ooshop.com
2014-02-18 10:54:20,retargeting.veoxa.com
2014-02-18 10:54:21,www.ooshop.com
2014-02-18 10:54:21,stats.ooshop.com
2014-02-18 10:54:22,as00.estara.com
2014-02-18 10:54:22,twitter.com
2014-02-18 10:54:25,as00.estara.com
2014-02-18 10:54:53,twitter.com
2014-02-18 10:56:20,www.google.com
2014-02-18 10:56:22,www.google.fr
2014-02-18 10:56:23,www.facebook.com
2014-02-18 10:56:23,apis.google.com
2014-02-18 10:56:23,platform.twitter.com
2014-02-18 10:56:24,s-static.ak.facebook.com
2014-02-18 10:56:24,www.hebdotop.com
2014-02-18 10:56:24,platform.twitter.com
2014-02-18 10:56:24,a01.gestionpub.com
2014-02-18 10:56:24,static.ak.facebook.com
2014-02-18 10:56:25,www.facebook.com
2014-02-18 10:56:25,apis.google.com
2014-02-18 10:56:26,apis.google.com
2014-02-18 10:56:27,twitter.com
2014-02-18 10:56:34,twitter.com
2014-02-18 10:56:39,twitter.com
2014-02-18 10:56:39,www.google.fr
2014-02-18 10:56:40,office.microsoft.com
2014-02-18 10:56:40,www.google.fr
2014-02-18 10:56:40,www.microsoft.com
2014-02-18 10:56:41,office.microsoft.com
2014-02-18 10:56:41,c.msn.com
2014-02-18 10:56:57,www.google.fr
2014-02-18 10:56:58,office.microsoft.com
2014-02-18 10:56:59,office.microsoft.com
2014-02-18 10:56:59,c.msn.com
2014-02-18 12:14:27,www.google.fr
2014-02-18 12:14:52,www.google.fr
2014-02-18 12:14:53,www.google.fr
2014-02-18 12:14:55,www.google.com
2014-02-18 12:14:59,www.google.fr
2014-02-18 12:14:59,www.google.com
2014-02-18 12:15:36,player.vimeo.com
2014-02-25 11:38:01,www.google.com
2014-02-25 11:38:03,www.google.fr
2014-02-25 11:38:05,www.google.fr
2014-02-25 11:38:07,apis.google.com
2014-02-25 11:38:07,www.google.com
2014-02-25 11:38:23,apis.google.com
2014-02-25 11:38:23,www.google.fr
2014-02-25 11:38:23,www.google.com
2014-02-25 11:38:23,www.excel-pratique.com
2014-02-25 11:38:24,www.excel-pratique.com
2014-02-25 11:38:24,platform.twitter.com
2014-02-25 11:38:25,static.ak.facebook.com
2014-02-25 11:38:25,connect.facebook.net
2014-02-25 11:38:25,www.google.fr
2014-02-25 11:38:25,www.excel-pratique.com
2014-02-25 11:38:25,apis.google.com
2014-02-25 11:38:25,platform.twitter.com
2014-02-25 11:38:26,s-static.ak.facebook.com
2014-02-25 11:38:26,apis.google.com
2014-02-25 11:38:27,apis.google.com
2014-02-25 11:38:28,apis.google.com
2014-02-25 11:38:29,twitter.com
2014-02-25 11:38:29,accounts.google.com
2014-02-25 11:38:30,www.google.com
2014-02-25 11:38:30,accounts.google.com
2014-02-25 11:38:30,twitter.com
2014-02-25 11:38:30,apis.google.com
2014-02-25 11:38:31,www.excel-pratique.com
2014-02-25 11:38:31,www.facebook.com
2014-02-25 11:38:52,www.google.com
2014-02-25 11:39:03,www.google.fr
2014-02-25 11:39:03,apis.google.com
2014-02-25 11:39:03,www.commentcamarche.net
2014-02-25 11:39:04,www.google.fr
2014-02-25 11:39:04,kh6qrx0f8h.s.ad6media.fr
2014-02-25 11:39:04,ba.commentcamarche.net
2014-02-25 11:39:04,r.ccm2.net
2014-02-25 11:39:04,static.ccm2.net
2014-02-25 11:39:05,www.facebook.com
2014-02-25 11:39:05,static.ccm2.net
2014-02-25 11:39:05,platform.twitter.com
2014-02-25 11:39:05,ajax.googleapis.com
2014-02-25 11:39:05,ba.commentcamarche.net
2014-02-25 11:39:07,platform.twitter.com
2014-02-25 11:39:07,www.commentcamarche.net
2014-02-25 11:39:07,www.facebook.com
2014-02-25 11:39:07,ajax.googleapis.com
2014-02-25 11:39:07,twitter.com
2014-02-25 11:39:08,static.ccmbg.com
2014-02-25 11:39:08,static.ak.facebook.com
2014-02-25 11:39:08,s-static.ak.facebook.com
2014-02-25 11:39:08,static.ccm2.net
2014-02-25 11:39:08,ba.commentcamarche.net
2014-02-25 11:39:08,fpdownload2.macromedia.com
2014-02-25 11:39:11,static.ccm2.net
2014-02-25 11:39:11,eulerian.canal-plus.com
2014-02-25 11:39:11,www.facebook.com
2014-02-25 11:39:11,twitter.com
2014-02-25 11:39:11,static.ccmbg.com
2014-02-25 11:39:12,www.commentcamarche.net
2014-02-25 11:39:12,eulerian.canal-plus.com
2014-02-25 11:39:24,static.ccm2.net
2014-02-25 11:39:48,go.microsoft.com
2014-02-25 11:39:48,ieonline.microsoft.com
2014-02-25 11:40:55,ieonline.microsoft.com
2014-02-25 12:15:16,www.google.fr
2014-02-25 12:15:29,www.google.fr
2014-02-25 12:15:30,www.google.fr
2014-02-25 12:15:51,player.vimeo.com
2014-02-25 12:15:52,livepassdl.conviva.com
2014-02-25 12:15:53,livepassdl.conviva.com
2014-02-25 12:15:54,livepassdl.conviva.com
2014-02-25 12:15:55,pings.conviva.com
2014-02-25 12:15:56,pings.conviva.com
2014-02-25 12:16:43,www.gmail.com
2014-02-25 12:16:43,mail.google.com
2014-02-25 12:16:44,mail.google.com
2014-02-25 12:16:44,accounts.google.com
2014-02-25 12:16:45,mail.google.com
2014-02-25 12:16:45,www.google.com
2014-02-25 12:16:48,mail.google.com
2014-02-25 12:16:48,apis.google.com
2014-02-25 12:16:48,www.google.com
2014-02-25 12:16:53,accounts.youtube.com
2014-02-25 12:17:06,accounts.google.fr
2014-02-25 12:17:06,www.google.com
2014-02-25 12:17:08,apis.google.com
2014-02-25 12:17:11,accounts.google.com
2014-02-25 12:17:11,accounts.google.fr
2014-02-25 12:17:11,accounts.youtube.com
2014-02-25 12:17:12,mail.google.com
2014-02-25 12:17:13,apis.google.com
2014-02-25 12:17:13,mail.google.com
2014-02-25 12:17:13,www.google.com
2014-02-25 12:17:13,clients2.google.com
2014-02-25 12:17:13,plus.google.com
2014-02-25 12:17:14,plus.google.com
2014-02-25 12:17:20,plus.google.com
2014-02-25 12:17:20,mail.google.com
2014-02-25 12:17:20,clients2.google.com
2014-02-25 12:17:21,chatenabled.mail.google.com
2014-02-25 12:17:22,mail.google.com
2014-02-25 12:17:23,apis.google.com
2014-02-25 12:18:22,mail.google.com
2014-02-25 12:18:26,mail.google.com
2014-02-25 12:18:27,plus.google.com
2014-02-25 12:18:27,chatenabled.mail.google.com
2014-02-25 12:18:27,mail.google.com
2014-04-03 10:21:46,www.google.com
2014-04-03 10:21:48,www.google.fr
2014-04-03 10:21:50,www.google.fr
2014-04-03 10:21:53,www.google.com
2014-04-03 10:21:53,apis.google.com
2014-04-03 10:22:09,www.google.fr
2014-04-03 10:22:09,www.google.com
2014-04-03 10:22:10,www.lequipe.fr
2014-04-03 10:22:10,static.lequipe.fr
2014-04-03 10:22:10,apis.google.com
2014-04-03 10:22:10,www.google.fr
2014-04-03 10:22:11,medias.lequipe.fr
2014-04-03 10:22:11,widget.achetezfacile.com
2014-04-03 10:22:11,static.lequipe.fr
2014-04-03 10:22:11,www.lequipe.fr
2014-04-03 10:22:12,medias.lequipe.fr
2014-04-03 10:22:12,www.lequipe.fr
2014-04-03 10:22:12,static.lequipe.fr
2014-04-03 10:22:13,www.lequipe.fr
2014-04-03 10:22:13,platform.twitter.com
2014-04-03 10:22:13,www.facebook.com
2014-04-03 10:22:14,static.lequipe.fr
2014-04-03 10:22:14,foglio.basilic.io
2014-04-03 10:22:14,www.lequipe.fr
2014-04-03 10:22:15,netstorage.lequipe.fr
2014-04-03 10:22:15,widget.achetezfacile.com
2014-04-03 10:22:15,apis.google.com
2014-04-03 10:22:16,ajax.googleapis.com
2014-04-03 10:22:16,i.htfacile.fr
2014-04-03 10:22:16,apis.google.com
2014-04-03 10:22:18,twitter.com
2014-04-03 10:22:18,apis.google.com
2014-04-03 10:22:19,twitter.com
2014-04-03 10:22:19,apis.google.com
2014-04-03 10:22:20,www.eficiens-serving2.com
2014-04-03 10:22:21,accounts.google.com
2014-04-03 10:22:21,www.eficiens-serving2.com
2014-04-03 10:22:21,static.lequipe.fr
2014-04-03 10:22:21,medias.lequipe.fr
2014-04-03 10:22:22,pr.ybp.yahoo.com
2014-04-03 10:22:23,www.eficiens-serving2.com
2014-04-03 10:22:28,perpetuo-onl.basilic.io
2014-04-03 10:22:29,www.google.com
2014-04-03 10:22:29,banniere.reussissonsensemble.fr
2014-04-03 10:22:29,c1.adform.net
2014-04-03 10:22:29,rubicon-match.dotomi.com
2014-04-03 10:22:29,rbp.mxptint.net
2014-04-03 10:22:30,ad.publicidees.com
2014-04-03 10:22:30,c1.adform.net
2014-04-03 10:22:30,rubicon-match.dotomi.com
2014-04-03 10:22:31,dtm.eastbay.com
2014-04-03 10:22:32,pixel2368.everesttech.net
2014-04-03 10:22:38,medias.lequipe.fr
2014-04-03 10:22:43,medias.lequipe.fr
2014-04-03 10:22:43,static.lequipe.fr
2014-04-03 10:22:44,medias.lequipe.fr
2014-04-03 10:22:45,medias.lequipe.fr
2014-04-03 10:22:46,medias.lequipe.fr
2014-04-03 10:23:19,www.lequipe.fr
2014-04-03 10:23:20,platform.twitter.com
2014-04-03 10:23:20,www.lequipe.fr
2014-04-03 10:23:20,static.lequipe.fr
2014-04-03 10:23:20,medias.lequipe.fr
2014-04-03 10:23:20,connect.facebook.net
2014-04-03 10:23:21,www.lequipe.fr
2014-04-03 10:23:21,www.facebook.com
2014-04-03 10:23:22,static.lequipe.fr
2014-04-03 10:23:23,medias.lequipe.fr
2014-04-03 10:23:23,static.ak.facebook.com
2014-04-03 10:23:23,foglio.basilic.io
2014-04-03 10:23:23,www.lequipe.fr
2014-04-03 10:23:24,medias.lequipe.fr
2014-04-03 10:23:25,s-static.ak.facebook.com
2014-04-03 10:23:26,platform.twitter.com
2014-04-03 10:23:26,www.facebook.com
2014-04-03 10:23:26,www.lequipe.fr
2014-04-03 10:23:26,medias.lequipe.fr
2014-04-03 10:23:28,medias.lequipe.fr
2014-04-03 10:23:28,platform.twitter.com
2014-04-03 10:23:30,apis.google.com
2014-04-03 10:23:30,twitter.com
2014-04-03 10:23:30,medias.lequipe.fr
2014-04-03 10:23:31,twitter.com
2014-04-03 10:23:33,platform.twitter.com
2014-04-03 10:23:33,twitter.com
2014-04-03 10:23:33,apis.google.com
2014-04-03 10:23:33,static.lequipe.fr
2014-04-03 10:23:33,perpetuo-onl.basilic.io
2014-04-03 10:23:34,pixel2368.everesttech.net
2014-04-03 10:23:36,i1-js-14-3-01-10044-356790733-i.init.cedexis-radar.net
2014-04-03 10:23:46,go.microsoft.com
2014-04-03 10:23:46,ieonline.microsoft.com
2014-04-03 10:23:52,chinacache.cedexis.com
2014-04-03 10:24:01,medias.lequipe.fr
2014-04-03 10:24:02,twitter.com
2014-04-03 10:24:03,medias.lequipe.fr
2014-04-03 10:24:15,medias.lequipe.fr
2014-04-03 10:24:16,medias.lequipe.fr
2014-04-03 10:24:19,medias.lequipe.fr
2014-04-03 10:24:23,www.lequipe.fr
2014-04-03 10:24:23,static.lequipe.fr
2014-04-03 10:24:23,medias.lequipe.fr
2014-04-03 10:24:24,medias.lequipe.fr
2014-04-03 10:24:24,static.lequipe.fr
2014-04-03 10:24:33,160.92.123.193
2014-04-03 10:24:34,cdn-ovh1.lequipe.fr
2014-04-03 10:24:40,medias.lequipe.fr
2014-04-03 10:24:42,medias.lequipe.fr
2014-04-03 10:24:43,www.lequipe.fr
2014-04-03 10:24:44,www.lequipe.fr
2014-04-03 10:24:44,medias.lequipe.fr
2014-04-03 10:24:45,medias.lequipe.fr
2014-04-03 10:24:48,static.lequipe.fr
2014-04-03 10:24:49,static.lequipe.fr
2014-04-03 10:24:59,apis.google.com
2014-04-03 10:25:00,static.lequipe.fr
2014-04-03 10:25:00,medias.lequipe.fr
2014-04-03 10:25:00,www.lequipe.fr
2014-04-03 10:25:02,twitter.com
2014-04-03 10:25:02,www.lequipe.fr
2014-04-03 10:25:02,www.facebook.com
2014-04-03 10:25:04,www.facebook.com
2014-04-03 10:25:04,rp.gwallet.com
2014-04-03 10:25:37,160.92.123.193
2014-04-03 10:25:45,sa.kewego.com
2014-04-03 10:26:31,www.lequipe.fr
2014-04-03 10:26:31,s.kewego.com
2014-04-03 10:26:32,static.lequipe.fr
2014-04-03 10:26:32,widget.achetezfacile.com
2014-04-03 10:26:33,static.ak.facebook.com
2014-04-03 10:26:33,apis.google.com
2014-04-03 10:26:33,i.htfacile.fr
2014-04-03 10:26:33,foglio.basilic.io
2014-04-03 10:26:33,www.facebook.com
2014-04-03 10:26:33,widget.achetezfacile.com
2014-04-03 10:26:33,s-static.ak.facebook.com
2014-04-03 10:26:33,www.lequipe.fr
2014-04-03 10:26:34,static.lequipe.fr
2014-04-03 10:26:34,medias.lequipe.fr
2014-04-03 10:26:35,match.rtbidder.net
2014-04-03 10:26:36,www.facebook.com
2014-04-03 10:26:36,um.simpli.fi
2014-04-03 10:26:37,ajax.googleapis.com
2014-04-03 10:26:37,static.lequipe.fr
2014-04-03 10:26:37,redir.adbutter.net
2014-04-03 10:26:38,www.facebook.com
2014-04-03 10:26:38,trk-fr.makazi.com
2014-04-03 10:26:38,perpetuo-onl.basilic.io
2014-04-03 10:27:03,s-static.ak.facebook.com
2014-04-03 10:27:11,s-static.ak.facebook.com
2014-04-03 10:27:35,www.lequipe.fr
2014-04-03 10:27:35,www.google.fr
2014-04-03 10:27:41,160.92.123.193
2014-04-03 10:27:59,login.wikimedia.org
2014-04-03 10:27:59,bits.wikimedia.org
2014-04-03 10:27:59,fr.wikipedia.org
2014-04-03 10:27:59,www.google.fr
2014-04-03 10:28:00,bits.wikimedia.org
2014-04-03 10:28:00,fr.wikipedia.org
2014-04-03 10:28:00,meta.wikimedia.org
2014-04-03 10:28:39,fr.wikipedia.org
2014-04-03 10:28:39,www.google.fr
2014-04-03 10:28:39,bits.wikimedia.org
2014-04-03 10:28:40,bits.wikimedia.org
2014-04-03 10:28:40,meta.wikimedia.org
2014-04-03 10:28:40,fr.wikipedia.org
2014-04-03 10:29:12,www.google.fr
2014-04-03 12:59:11,www.google.fr
2014-04-03 12:59:13,www.google.fr
2014-04-03 12:59:15,apis.google.com
2014-04-03 12:59:15,www.google.com
2014-04-03 12:59:23,apis.google.com
2014-04-03 12:59:23,www.google.com
2014-04-03 12:59:23,www.google.fr
2014-04-18 08:42:10,www.google.fr
2014-04-18 08:42:25,www.google.fr
2014-04-18 08:42:26,www.google.fr
2014-04-18 08:42:26,clients1.google.fr
2014-04-18 08:42:39,www.google.fr
2014-04-18 08:42:49,www.google.fr
2014-04-18 08:42:49,clients1.google.fr
2014-04-18 08:42:50,calculis.net
2014-04-18 08:42:50,www.google.fr
2014-04-18 08:42:54,www.google.com
2014-04-18 08:43:03,apis.google.com
2014-04-18 08:43:04,calculis.net
2014-04-18 08:43:04,apis.google.com
2014-04-18 08:43:05,calculis.net
2014-04-18 08:43:06,apis.google.com
2014-04-18 08:43:08,accounts.google.com
2014-04-18 08:43:33,calculis.net
2014-04-18 08:43:33,accounts.google.com
2014-04-18 08:43:34,calculis.net
2014-04-18 08:43:41,calculis.net
2014-04-18 08:43:44,www.google.fr
2014-04-18 08:43:50,apis.google.com
2014-04-18 09:07:22,www.google.fr
2014-04-18 09:07:25,www.google.fr
2014-04-18 09:07:36,www.google.fr
2014-04-18 09:07:37,www.google.fr
2014-04-18 09:07:37,clients1.google.fr
2014-04-18 09:07:48,www.google.fr
2014-04-18 09:08:02,www.google.com
2014-04-18 09:08:02,mail.google.com
2014-04-18 09:08:05,accounts.google.com
2014-04-18 09:08:05,clients1.google.fr
2014-04-18 09:08:05,mail.google.com
2014-04-18 09:08:05,www.google.com
2014-04-18 09:08:08,mail.google.com
2014-04-18 09:08:08,www.google.com
2014-04-18 09:08:09,mail.google.com
2014-04-18 09:08:11,apis.google.com
2014-04-18 09:08:11,mail.google.com
2014-04-18 09:08:12,www.google.com
2014-04-18 09:08:12,apis.google.com
2014-04-18 09:08:13,accounts.youtube.com
2014-04-18 09:08:22,accounts.google.fr
2014-04-18 09:08:23,accounts.google.com
2014-04-18 09:08:23,accounts.youtube.com
2014-04-18 09:08:24,accounts.google.fr
2014-04-18 09:08:24,mail.google.com
2014-04-18 09:08:24,accounts.google.com
2014-04-18 09:08:25,mail.google.com
2014-04-18 09:08:25,clients2.google.com
2014-04-18 09:08:25,www.google.com
2014-04-18 09:08:26,clients6.google.com
2014-04-18 09:08:26,plus.google.com
2014-04-18 09:08:26,mail.google.com
2014-04-18 09:08:26,clients2.google.com
2014-04-18 09:08:27,apis.google.com
2014-04-18 09:08:27,clients6.google.com
2014-04-18 09:08:27,mail.google.com
2014-04-18 09:08:27,plus.google.com
2014-04-18 09:08:28,clients6.google.com
2014-04-18 09:08:30,b.mail.google.com
2014-04-18 09:08:30,chatenabled.mail.google.com
2014-04-18 09:08:30,apis.google.com
2014-04-18 09:08:31,apis.google.com
2014-04-18 09:08:40,chatenabled.mail.google.com
2014-04-18 09:09:26,mail.google.com
2014-04-18 09:09:26,accounts.google.com
2014-04-18 09:10:27,mail.google.com
2014-04-18 09:12:31,plus.google.com
2014-04-18 09:15:07,mail.google.com
2014-04-18 09:15:17,b.mail.google.com
2014-04-18 09:15:59,chatenabled.mail.google.com
2014-04-18 09:16:00,mail.google.com
2014-04-18 09:16:02,www.google.com
2014-04-18 09:16:02,plus.google.com
2014-04-18 09:16:02,b.mail.google.com
2014-04-18 09:16:02,www.google.fr
2014-04-18 09:16:03,accounts.google.fr
2014-04-18 09:16:03,accounts.youtube.com
2014-04-18 09:16:03,accounts.google.com
2014-04-18 09:16:03,www.google.fr
2014-04-18 09:16:12,mail.google.com
2014-04-18 09:16:12,accounts.youtube.com
2014-04-18 09:18:44,www.google.fr
2014-04-18 09:18:58,www.google.fr
2014-04-18 09:18:58,clients1.google.fr
2014-04-18 09:19:12,www.google.fr
2014-04-18 09:19:12,clients1.google.fr
2014-04-18 09:19:12,www.lequipe.fr
2014-04-18 09:19:13,www.lequipe.fr
2014-04-18 09:19:13,www.facebook.com
2014-04-18 09:19:13,medias.lequipe.fr
2014-04-18 09:19:13,static.lequipe.fr
2014-04-18 09:19:13,platform.twitter.com
2014-04-18 09:19:13,netstorage.lequipe.fr
2014-04-18 09:19:13,mediaspub.lequipe.fr
2014-04-18 09:19:14,s.kewego.com
2014-04-18 09:19:14,i.kewego.com
2014-04-18 09:19:14,sa.kewego.com
2014-04-18 09:19:14,static.lequipe.fr
2014-04-18 09:19:14,netstorage.lequipe.fr
2014-04-18 09:19:14,fpdownload2.macromedia.com
2014-04-18 09:19:14,www.lequipe.fr
2014-04-18 09:19:14,medias.lequipe.fr
2014-04-18 09:19:15,i.kewego.com
2014-04-18 09:19:15,s.kewego.com
2014-04-18 09:19:15,sa.kewego.com
2014-04-18 09:19:15,ta.kewego.com
2014-04-18 09:19:16,medias.lequipe.fr
2014-04-18 09:19:16,www.lequipe.fr
2014-04-18 09:19:16,pr.ybp.yahoo.com
2014-04-18 09:19:26,twitter.com
2014-04-18 09:19:26,um.simpli.fi
2014-04-18 09:19:26,rubicon-match.dotomi.com
2014-04-18 09:19:27,widget.achetezfacile.com
2014-04-18 09:19:27,www.lequipe.fr
2014-04-18 09:19:27,medias.lequipe.fr
2014-04-18 09:19:28,medias.lequipe.fr
2014-04-18 09:19:28,static.lequipe.fr
2014-04-18 09:19:28,ajax.googleapis.com
2014-04-18 09:19:29,rubicon-match.dotomi.com
2014-04-18 09:19:30,i.htfacile.fr
2014-04-18 09:19:30,static.lequipe.fr
2014-04-18 09:19:30,ajax.googleapis.com
2014-04-18 09:19:30,medias.lequipe.fr
2014-04-18 09:19:30,dtm.eastbay.com
2014-04-18 09:19:30,c1.adform.net
2014-04-18 09:19:30,twitter.com
2014-04-18 09:19:30,www.lequipe.fr
2014-04-18 09:19:31,c1.adform.net
2014-04-18 09:19:33,medias.lequipe.fr
2014-04-18 09:19:34,static.lequipe.fr
2014-04-18 09:19:35,www.lequipe.fr
2014-04-18 09:19:35,static.lequipe.fr
2014-04-18 09:19:36,s.kewego.com
2014-04-18 09:19:36,static.lequipe.fr
2014-04-18 09:19:36,medias.lequipe.fr
2014-04-18 09:19:36,platform.twitter.com
2014-04-18 09:19:36,player.mediabong.com
2014-04-18 09:19:37,i.htfacile.fr
2014-04-18 09:19:37,widget.achetezfacile.com
2014-04-18 09:19:37,twitter.com
2014-04-18 09:19:37,static.mediabong.com
2014-04-18 09:19:37,www.lequipe.fr
2014-04-18 09:19:37,match.rtbidder.net
2014-04-18 09:19:38,static.mediabong.com
2014-04-18 09:19:38,netstorage.lequipe.fr
2014-04-18 09:19:38,apis.google.com
2014-04-18 09:19:38,i.htfacile.fr
2014-04-18 09:19:38,www.lequipe.fr
2014-04-18 09:19:38,xml.betclick.com
2014-04-18 09:19:39,static.lequipe.fr
2014-04-18 09:19:39,rp.gwallet.com
2014-04-18 09:19:39,connect.facebook.net
2014-04-18 09:19:39,rbp.mxptint.net
2014-04-18 09:19:39,platform.twitter.com
2014-04-18 09:19:39,http.tidaltv.com
2014-04-18 09:19:39,video.mediabong.com
2014-04-18 09:19:39,www.lequipe.fr
2014-04-18 09:19:40,i.htfacile.fr
2014-04-18 09:19:40,static.ak.facebook.com
2014-04-18 09:19:40,widget.achetezfacile.com
2014-04-18 09:19:40,static.lequipe.fr
2014-04-18 09:19:40,user-disp.tidaltv.com
2014-04-18 09:19:40,apis.google.com
2014-04-18 09:19:40,s-static.ak.facebook.com
2014-04-18 09:19:41,medias.lequipe.fr
2014-04-18 09:19:41,platform.twitter.com
2014-04-18 09:19:41,www.lequipe.fr
2014-04-18 09:19:41,apis.google.com
2014-04-18 09:19:41,www.facebook.com
2014-04-18 09:19:42,apis.google.com
2014-04-18 09:19:42,platform.twitter.com
2014-04-18 09:19:43,ta.kewego.com
2014-04-18 09:19:44,accounts.google.com
2014-04-18 09:19:45,static.lequipe.fr
2014-04-18 09:19:46,accounts.google.com
2014-04-18 09:19:48,platform.twitter.com
2014-04-18 09:21:20,www.lequipe.fr
2014-04-18 09:21:22,www.lequipe.fr
2014-04-18 09:21:22,twitter.com
2014-04-18 09:21:22,widget.achetezfacile.com
2014-04-18 09:21:23,apis.google.com
2014-04-18 09:21:23,i.htfacile.fr
2014-04-18 09:21:24,www.facebook.com
2014-04-18 09:21:25,www.facebook.com
2014-04-18 09:21:41,medias.lequipe.fr
2014-04-18 09:21:42,medias.lequipe.fr
2014-04-18 09:21:43,medias.lequipe.fr
2014-04-18 09:21:44,medias.lequipe.fr
2014-04-18 09:21:45,medias.lequipe.fr
2014-04-18 09:21:46,medias.lequipe.fr
2014-04-18 09:21:47,medias.lequipe.fr
2014-04-18 09:21:49,static.lequipe.fr
2014-04-18 09:21:50,medias.lequipe.fr
2014-04-18 09:21:50,static.lequipe.fr
2014-04-18 09:21:51,static.lequipe.fr
2014-04-18 09:21:52,www.lequipe.fr
2014-04-18 09:21:53,www.lequipe.fr
2014-04-18 09:21:53,html5shim.googlecode.com
2014-04-18 09:21:53,medias.lequipe.fr
2014-04-18 09:21:53,s-static.ak.facebook.com
2014-04-18 09:21:54,www.lequipe.fr
2014-04-18 09:21:54,medias.lequipe.fr
2014-04-18 09:21:55,www.lequipe.fr
2014-04-18 09:21:55,static.lequipe.fr
2014-04-18 09:21:55,www.facebook.com
2014-04-18 09:21:55,pixel2368.everesttech.net
2014-04-18 09:25:27,www.lequipe.fr
2014-04-18 09:25:27,html5shim.googlecode.com
2014-04-18 09:25:28,www.lequipe.fr
2014-04-18 09:25:28,www.facebook.com
2014-04-18 09:25:28,s-static.ak.facebook.com
2014-04-18 09:26:05,www.google.fr
2014-04-18 09:26:20,www.google.fr
2014-04-18 09:26:20,clients1.google.fr
2014-04-18 09:26:34,www.google.fr
2014-04-18 09:26:48,mail.google.com
2014-04-18 09:26:48,www.google.com
2014-04-18 09:26:51,www.google.com
2014-04-18 09:26:51,mail.google.com
2014-04-18 09:26:51,clients1.google.fr
2014-04-18 09:26:51,accounts.google.com
2014-04-18 09:26:53,accounts.youtube.com
2014-04-18 09:26:56,accounts.youtube.com
2014-04-18 09:26:57,mail.google.com
2014-04-18 09:26:57,accounts.google.fr
2014-04-18 09:26:59,accounts.google.com
2014-04-18 09:27:00,accounts.youtube.com
2014-04-18 09:27:00,accounts.google.fr
2014-04-18 09:27:00,clients2.google.com
2014-04-18 09:27:00,www.google.com
2014-04-18 09:27:01,apis.google.com
2014-04-18 09:27:01,clients2.google.com
2014-04-18 09:27:01,mail.google.com
2014-04-18 09:27:02,apis.google.com
2014-04-18 09:27:02,mail.google.com
2014-04-18 09:27:02,plus.google.com
2014-04-18 09:27:02,clients6.google.com
2014-04-18 09:27:04,chatenabled.mail.google.com
2014-04-18 09:27:04,b.mail.google.com
2014-04-18 09:27:16,clients6.google.com
2014-04-18 09:27:22,b.mail.google.com
2014-04-18 09:27:22,chatenabled.mail.google.com
2014-04-18 09:27:22,mail.google.com
2014-04-18 09:27:22,plus.google.com
