timestamp,site
2013-02-12 11:20:05,fr.start2.mozilla.com
2013-02-12 11:20:06,start.mozilla.org
2013-02-12 11:20:06,www.mozilla.org
2013-02-12 11:20:06,fr.www.mozilla.com
2013-02-12 11:20:07,start.mozilla.org
2013-02-12 11:20:07,www.mozilla.org
2013-02-12 11:20:08,start.mozilla.org
2013-02-12 11:20:08,www.mozilla.org
2013-02-12 11:20:09,www.mozilla.org
2013-02-12 11:20:13,fr.fxfeeds.mozilla.com
2013-02-12 11:20:13,rss.lemonde.fr
2013-02-12 11:20:13,www.lemonde.fr
2013-02-12 11:20:14,www.google.com
2013-02-12 11:20:15,clients1.google.fr
2013-02-12 11:20:15,www.google.fr
2013-02-12 11:20:18,www.google.fr
2013-02-12 11:27:17,clients1.google.fr
2013-02-12 11:27:18,clients1.google.fr
2013-02-12 11:27:45,clients1.google.fr
2013-02-12 11:27:46,clients1.google.fr
2013-02-12 11:27:48,www.google.fr
2013-02-12 11:27:49,clients1.google.fr
2013-02-12 11:27:54,www.google.fr
2013-02-12 11:28:04,www.google.fr
2013-02-12 11:29:14,player.vimeo.com
2013-10-12 11:25:56,www.google.fr
2013-10-12 11:26:08,apis.google.com
2013-10-12 11:26:08,www.google.fr
2013-10-12 11:26:11,www.google.com
2013-10-12 11:27:09,www.google.com
2013-10-12 11:27:09,apis.google.com
2013-10-12 11:27:09,www.google.fr
2013-10-12 11:27:10,www.google.fr
2013-10-12 11:27:25,www.google.fr
2013-10-12 11:27:26,res.mail.qq.com
2013-10-12 11:27:34,www.google.fr
2013-10-12 11:27:43,res.mail.qq.com
2013-10-12 11:27:43,ui.ptlogin2.qq.com
2013-10-12 11:27:45,ui.ptlogin2.qq.com
2013-10-12 11:28:10,ui.ptlogin2.qq.com
2013-10-12 11:28:17,ui.ptlogin2.qq.com
2013-10-12 11:28:17,r99.res.qqmail.com
2013-10-12 11:28:18,r99.res.qqmail.com
2013-10-12 11:28:19,r99.res.qqmail.com
2013-10-12 11:28:19,isdspeed.qq.com
2013-10-12 11:28:20,r99.res.qqmail.com
2013-10-12 11:28:20,wp.mail.qq.com
2013-10-12 11:28:23,r99.res.qqmail.com
2013-10-12 11:28:43,sz.mail.store.qq.com
2013-10-12 11:28:51,wp.mail.qq.com
2013-10-12 11:29:20,wp.mail.qq.com
2013-10-12 11:29:50,wp.mail.qq.com
2013-10-12 11:30:00,wp.mail.qq.com
2013-10-12 11:35:13,fpdownload2.macromedia.com
2013-10-12 11:35:30,www.google.fr
2013-10-12 11:35:41,www.google.fr
2013-10-12 11:35:42,apis.google.com
2013-10-12 11:35:44,www.google.com
2013-10-12 11:36:48,apis.google.com
2013-10-12 11:36:48,www.google.com
2013-10-12 11:37:01,www.onisep.fr
2013-10-12 11:37:01,www.google.fr
2013-10-12 11:37:02,oniseptv.onisep.fr
2013-10-12 11:37:02,www.onisep.fr
2013-10-12 11:37:03,www.onisep.fr
2013-10-12 11:37:03,oniseptv.onisep.fr
2013-10-12 11:37:03,static.addinto.com
2013-10-12 11:37:04,oniseptv.onisep.fr
2013-10-12 11:37:04,www.onisep.fr
2013-10-12 11:37:34,www.onisep.fr
2013-10-12 11:39:45,www.onisep.fr
2013-10-12 16:49:30,gtglobal-ocsp.geotrust.com
2013-10-12 16:49:30,clients1.google.com
2013-10-12 16:49:31,clients1.google.com
2013-10-12 16:50:05,www.google.fr
2013-10-12 16:50:05,www.commentcamarche.net
2013-10-12 16:50:05,static.ccm2.net
2013-10-12 16:50:05,ba.commentcamarche.net
2013-10-12 16:50:05,clients1.google.com
2013-10-12 16:50:05,r.ccm2.net
2013-10-12 16:50:06,ba.commentcamarche.net
2013-10-12 16:50:06,static.ccm2.net
2013-10-12 16:50:07,platform.twitter.com
2013-10-12 16:50:07,connect.facebook.net
2013-10-12 16:50:07,www.facebook.com
2013-10-12 16:50:07,static.ak.facebook.com
2013-10-12 16:50:08,platform.twitter.com
2013-10-12 16:50:08,www.facebook.com
2013-10-12 16:50:08,static.ccmbg.com
2013-10-12 16:50:08,clients1.google.com
2013-10-12 16:50:08,static.ccm2.net
2013-10-12 16:50:08,evsecure-ocsp.verisign.com
2013-10-12 16:50:08,ba.commentcamarche.net
2013-10-12 16:50:09,evsecure-ocsp.verisign.com
2013-10-12 16:50:09,www.facebook.com
2013-10-12 16:50:09,ocsp.verisign.com
2013-10-12 16:50:10,clients1.google.com
2013-10-12 16:50:10,www.commentcamarche.net
2013-10-12 16:50:39,twitter.com
2013-10-12 16:51:25,safebrowsing-cache.google.com
2013-10-12 16:51:25,safebrowsing.clients.google.com
2013-10-12 16:51:26,safebrowsing-cache.google.com
2013-10-12 16:52:03,s-static.ak.facebook.com
2013-10-12 16:52:28,www.google.com
2013-10-12 16:52:59,www.google.fr
2013-10-12 16:53:00,ajax.googleapis.com
2013-10-12 16:53:02,apis.google.com
2013-10-12 16:53:04,accounts.google.com
2013-10-12 16:53:10,www.facebook.com
2013-10-12 16:54:20,sb-ssl.google.com
2013-11-15 18:29:08,www.google.com
2013-11-15 18:29:22,www.google.fr
2013-11-15 18:29:23,www.google.fr
2013-11-15 18:29:25,www.google.com
2013-11-15 18:29:27,accounts.google.com
2013-11-15 18:30:38,accounts.google.com
2013-11-15 18:30:39,accounts.google.ca
2013-11-15 18:30:39,www.google.fr
2013-11-15 18:30:39,accounts.google.fr
2013-11-15 18:30:40,www.google.fr
2013-11-15 18:30:43,www.google.com
2013-11-15 18:30:47,apis.google.com
2013-11-15 18:30:47,plus.google.com
2013-11-15 18:30:50,accounts.google.com
2013-11-15 18:31:06,www.google.fr
2013-11-15 18:31:06,www.google.com
2013-11-15 18:31:06,mail.google.com
2013-11-15 18:31:06,accounts.google.fr
2013-11-15 18:31:06,accounts.google.ca
2013-11-15 18:31:06,plus.google.com
2013-11-15 18:31:07,mail.google.com
2013-11-15 18:31:09,www.google.com
2013-11-15 18:31:09,www.google.fr
2013-11-15 18:31:09,apis.google.com
2013-11-15 18:31:09,accounts.google.com
2013-11-15 18:31:10,mail.google.com
2013-11-15 18:31:10,www.google.com
2013-11-15 18:31:10,clients2.google.com
2013-11-15 18:31:11,mail.google.com
2013-11-15 18:31:16,clients2.google.com
2013-11-15 18:31:17,chatenabled.mail.google.com
2013-11-15 18:31:17,mail.google.com
2013-11-15 18:31:26,plus.google.com
2013-11-15 18:31:54,ieonline.microsoft.com
2013-11-15 18:31:54,go.microsoft.com
2013-11-15 18:32:31,apis.google.com
2013-11-15 18:32:32,accounts.google.com
2013-11-15 18:35:16,plus.google.com
2013-11-15 18:35:17,chatenabled.mail.google.com
2013-11-15 18:35:55,mail.google.com
2013-11-15 18:36:01,apis.google.com
2013-11-15 18:36:01,gg.google.com
2013-11-15 18:36:32,apis.google.com
2013-11-15 18:36:42,chatenabled.mail.google.com
2013-11-15 18:36:58,mail.google.com
2013-11-15 18:38:16,plus.google.com
2013-11-15 18:40:02,gg.google.com
2013-11-15 18:40:02,www.google.com
2013-11-15 18:40:43,mail.google.com
2013-11-15 18:41:20,mail.google.com
2013-11-15 18:41:20,plus.google.com
2013-11-15 18:41:37,dl.powerarchiver.com
2013-11-15 18:41:39,www.powerarchiver.com
2013-11-15 18:41:39,dl.powerarchiver.com
2013-11-15 18:42:32,mail.google.com
2013-11-15 18:44:32,plus.google.com
2013-11-15 18:46:11,plus.google.com
2013-11-15 18:46:32,chatenabled.mail.google.com
2013-11-15 18:46:58,www.google.com
2013-11-15 18:46:59,docs.google.com
2013-11-15 18:47:53,apis.google.com
2013-11-15 18:47:54,www.google.fr
2013-11-15 18:47:55,apis.google.com
2013-11-15 18:48:01,plus.google.com
2013-11-15 18:48:03,www.google.fr
2013-11-15 18:48:09,res.mail.qq.com
2013-11-15 18:48:12,apis.google.com
2013-11-15 18:48:13,ui.ptlogin2.qq.com
2013-11-15 18:48:17,www.google.fr
2013-11-15 18:48:20,plus.google.com
2013-11-15 18:48:26,res.mail.qq.com
2013-11-15 18:48:36,ui.ptlogin2.qq.com
2013-11-15 18:48:44,ui.ptlogin2.qq.com
2013-11-15 18:48:48,www.google.fr
2013-11-15 18:49:05,ui.ptlogin2.qq.com
2013-11-15 18:49:12,r99.res.qqmail.com
2013-11-15 18:49:13,r99.res.qqmail.com
2013-11-15 18:49:14,r99.res.qqmail.com
2013-11-15 18:49:15,r99.res.qqmail.com
2013-11-15 18:49:16,r99.res.qqmail.com
2013-11-15 18:49:16,isdspeed.qq.com
2013-11-15 18:49:17,r99.res.qqmail.com
2013-11-15 18:49:17,wp.mail.qq.com
2013-11-15 18:49:18,r99.res.qqmail.com
2013-11-15 18:49:47,wp.mail.qq.com
2013-11-15 18:49:56,r99.res.qqmail.com
2013-11-15 18:49:58,r99.res.qqmail.com
2013-11-15 18:49:59,r99.res.qqmail.com
2013-11-15 18:50:17,wp.mail.qq.com
2013-11-15 18:50:47,wp.mail.qq.com
2013-11-15 18:50:58,mail.google.com
2013-11-15 18:50:59,docs.google.com
2013-11-15 18:51:17,wp.mail.qq.com
2013-11-15 18:51:23,plus.google.com
2013-11-15 18:51:47,wp.mail.qq.com
2013-11-15 18:51:53,www.google.com
2013-11-15 18:52:17,wp.mail.qq.com
2013-11-15 18:52:47,wp.mail.qq.com
2013-11-15 18:53:17,wp.mail.qq.com
2013-11-15 18:53:47,wp.mail.qq.com
2013-11-15 18:54:17,wp.mail.qq.com
2013-11-15 18:54:27,r99.res.qqmail.com
2013-11-15 18:54:47,wp.mail.qq.com
2013-11-15 18:55:16,wp.mail.qq.com
2013-11-15 18:55:45,dl.powerarchiver.com
2013-11-15 18:55:47,www.powerarchiver.com
2013-11-15 18:56:53,wp.mail.qq.com
2013-11-15 18:57:23,wp.mail.qq.com
2013-11-15 18:57:53,wp.mail.qq.com
2013-11-15 18:58:23,wp.mail.qq.com
2013-11-15 18:58:32,plus.google.com
2013-11-15 18:58:53,wp.mail.qq.com
2013-11-15 18:59:23,wp.mail.qq.com
2013-11-15 18:59:53,wp.mail.qq.com
2013-11-15 19:00:23,wp.mail.qq.com
2013-11-15 19:00:53,wp.mail.qq.com
2013-11-15 19:01:23,wp.mail.qq.com
2013-11-15 19:01:52,wp.mail.qq.com
2013-11-15 19:02:22,wp.mail.qq.com
2013-11-15 19:02:52,wp.mail.qq.com
2013-11-15 19:03:22,wp.mail.qq.com
2013-11-15 19:03:52,wp.mail.qq.com
2013-11-15 19:04:22,wp.mail.qq.com
2013-11-15 19:04:52,wp.mail.qq.com
2013-11-15 19:05:22,wp.mail.qq.com
2013-11-15 19:05:52,wp.mail.qq.com
2013-11-15 19:06:22,wp.mail.qq.com
2013-11-15 19:06:52,wp.mail.qq.com
2013-11-15 19:07:22,wp.mail.qq.com
2013-11-15 19:07:52,wp.mail.qq.com
2013-11-15 19:08:22,wp.mail.qq.com
2013-11-15 19:08:52,wp.mail.qq.com
2013-11-15 19:09:22,wp.mail.qq.com
2013-11-15 19:09:52,wp.mail.qq.com
2013-11-15 19:10:22,wp.mail.qq.com
2013-11-15 19:10:52,wp.mail.qq.com
2013-11-15 19:11:22,wp.mail.qq.com
2013-11-15 19:11:52,wp.mail.qq.com
2013-11-15 19:12:22,wp.mail.qq.com
2013-11-15 19:12:51,wp.mail.qq.com
2013-11-15 19:13:21,wp.mail.qq.com
2013-11-15 19:13:37,mail.google.com
2013-11-15 19:13:51,wp.mail.qq.com
2013-11-15 19:14:21,wp.mail.qq.com
2013-11-15 19:14:51,wp.mail.qq.com
2013-11-15 19:15:21,wp.mail.qq.com
2013-11-15 19:15:51,wp.mail.qq.com
2013-11-15 19:16:21,wp.mail.qq.com
2013-11-15 19:16:51,wp.mail.qq.com
2013-11-15 19:17:21,wp.mail.qq.com
2013-11-15 19:17:51,wp.mail.qq.com
2013-11-15 19:18:21,wp.mail.qq.com
2013-11-15 19:18:51,wp.mail.qq.com
2013-11-15 19:19:02,mail.google.com
2013-11-15 19:19:21,wp.mail.qq.com
2013-11-15 19:19:51,wp.mail.qq.com
2013-11-15 19:20:23,wp.mail.qq.com
2013-11-15 19:20:54,wp.mail.qq.com
2013-11-15 19:21:24,wp.mail.qq.com
2013-11-15 19:21:54,wp.mail.qq.com
2013-11-15 19:22:24,wp.mail.qq.com
2013-11-15 19:22:54,wp.mail.qq.com
2013-11-15 19:23:24,wp.mail.qq.com
2013-11-15 19:23:37,mail.google.com
2013-11-15 19:23:54,wp.mail.qq.com
2013-11-15 19:24:24,wp.mail.qq.com
2013-11-15 19:24:54,wp.mail.qq.com
2013-11-15 19:25:24,wp.mail.qq.com
2013-11-15 19:25:54,wp.mail.qq.com
2013-11-15 19:26:24,wp.mail.qq.com
2013-11-15 19:26:54,wp.mail.qq.com
2013-11-15 19:27:24,wp.mail.qq.com
2013-11-15 19:27:53,wp.mail.qq.com
2013-11-15 19:28:23,wp.mail.qq.com
2013-11-15 19:28:37,mail.google.com
2013-11-15 19:28:53,wp.mail.qq.com
2013-11-15 19:29:17,wp.mail.qq.com
2013-11-15 19:29:17,r99.res.qqmail.com
2013-11-15 19:29:47,wp.mail.qq.com
2013-11-15 19:30:17,wp.mail.qq.com
2013-11-15 19:30:47,wp.mail.qq.com
2013-11-15 19:31:17,wp.mail.qq.com
2013-11-15 19:31:47,wp.mail.qq.com
2013-11-15 19:32:17,wp.mail.qq.com
2013-11-15 19:32:47,wp.mail.qq.com
2013-11-15 19:33:17,wp.mail.qq.com
2013-11-15 19:33:37,mail.google.com
2013-11-15 19:33:47,wp.mail.qq.com
2013-11-15 19:34:17,wp.mail.qq.com
2013-11-15 19:34:47,wp.mail.qq.com
2013-11-15 19:35:17,wp.mail.qq.com
2013-11-15 19:35:47,wp.mail.qq.com
2013-11-15 19:36:17,wp.mail.qq.com
2013-11-15 19:36:46,wp.mail.qq.com
2013-11-15 19:37:16,wp.mail.qq.com
2013-11-15 19:37:46,wp.mail.qq.com
2013-11-15 19:38:16,wp.mail.qq.com
2013-11-15 19:38:46,wp.mail.qq.com
2013-11-15 19:39:02,mail.google.com
2013-11-15 19:39:16,wp.mail.qq.com
2013-11-15 19:39:46,wp.mail.qq.com
2013-11-15 19:40:16,wp.mail.qq.com
2013-11-15 19:40:46,wp.mail.qq.com
2013-11-15 19:41:16,wp.mail.qq.com
2013-11-15 19:41:46,wp.mail.qq.com
2013-11-15 19:42:16,wp.mail.qq.com
2013-11-15 19:42:46,wp.mail.qq.com
2013-11-15 19:43:16,wp.mail.qq.com
2013-11-15 19:43:37,mail.google.com
2013-11-15 19:43:46,wp.mail.qq.com
2013-11-15 19:44:16,wp.mail.qq.com
2013-11-15 19:44:46,wp.mail.qq.com
2013-11-15 19:45:16,wp.mail.qq.com
2013-11-15 19:45:46,wp.mail.qq.com
2013-11-15 19:46:16,wp.mail.qq.com
2013-11-15 19:46:46,wp.mail.qq.com
2013-11-15 19:47:16,wp.mail.qq.com
2013-11-15 19:47:46,wp.mail.qq.com
2013-11-15 19:48:16,wp.mail.qq.com
2013-11-15 19:48:37,mail.google.com
2013-11-15 19:48:46,wp.mail.qq.com
2013-11-15 19:49:16,wp.mail.qq.com
2013-11-15 19:49:45,wp.mail.qq.com
2013-11-15 19:50:15,wp.mail.qq.com
2013-11-15 19:50:45,wp.mail.qq.com
2013-11-15 19:51:15,wp.mail.qq.com
2013-11-15 19:51:45,wp.mail.qq.com
2013-11-15 19:52:15,wp.mail.qq.com
2013-11-15 19:52:45,wp.mail.qq.com
2013-11-15 19:53:15,wp.mail.qq.com
2013-11-15 19:53:37,mail.google.com
2013-11-15 19:53:45,wp.mail.qq.com
2013-11-15 19:54:15,wp.mail.qq.com
2013-11-15 19:54:45,wp.mail.qq.com
2013-11-15 19:55:15,wp.mail.qq.com
2013-11-15 19:55:45,wp.mail.qq.com
2013-11-15 19:56:15,wp.mail.qq.com
2013-11-15 19:56:45,wp.mail.qq.com
2013-11-15 19:57:15,wp.mail.qq.com
2013-11-15 19:57:45,wp.mail.qq.com
2013-11-15 19:58:15,wp.mail.qq.com
2013-11-15 19:58:37,mail.google.com
2013-11-15 19:58:45,wp.mail.qq.com
2013-11-15 19:59:15,wp.mail.qq.com
2013-11-15 19:59:45,wp.mail.qq.com
2013-11-15 20:00:15,wp.mail.qq.com
2013-11-15 20:00:45,wp.mail.qq.com
2013-11-15 20:00:56,mail.google.com
2013-11-15 20:01:15,wp.mail.qq.com
2013-11-15 20:01:45,wp.mail.qq.com
2013-11-15 20:02:15,wp.mail.qq.com
2013-11-15 20:02:45,wp.mail.qq.com
2013-11-15 20:03:14,wp.mail.qq.com
2013-11-15 20:03:44,wp.mail.qq.com
2013-11-15 20:04:14,wp.mail.qq.com
2013-11-15 20:04:37,mail.google.com
2013-11-15 20:04:44,wp.mail.qq.com
2013-11-15 20:05:14,wp.mail.qq.com
2013-11-15 20:05:44,wp.mail.qq.com
2013-11-15 20:06:14,wp.mail.qq.com
2013-11-15 20:06:44,wp.mail.qq.com
2013-11-15 20:07:14,wp.mail.qq.com
2013-11-15 20:07:44,wp.mail.qq.com
2013-11-15 20:08:14,wp.mail.qq.com
2013-11-15 20:08:37,mail.google.com
2013-11-15 20:08:44,wp.mail.qq.com
2013-11-15 20:09:14,wp.mail.qq.com
2013-11-15 20:09:44,wp.mail.qq.com
2013-11-15 20:10:14,wp.mail.qq.com
2013-11-15 20:10:44,wp.mail.qq.com
2013-11-15 20:11:14,wp.mail.qq.com
2013-11-15 20:11:44,wp.mail.qq.com
2013-11-15 20:12:14,wp.mail.qq.com
2013-11-15 20:12:44,wp.mail.qq.com
2013-11-15 20:13:14,wp.mail.qq.com
2013-11-15 20:13:37,mail.google.com
2013-11-15 20:13:44,wp.mail.qq.com
2013-11-15 20:14:14,wp.mail.qq.com
2013-11-15 20:14:44,wp.mail.qq.com
2013-11-15 20:15:14,wp.mail.qq.com
2013-11-15 20:15:43,wp.mail.qq.com
2013-11-15 20:16:13,wp.mail.qq.com
2013-11-15 20:16:43,wp.mail.qq.com
2013-11-15 20:17:13,wp.mail.qq.com
2013-11-15 20:17:43,wp.mail.qq.com
2013-11-15 20:18:13,wp.mail.qq.com
2013-11-15 20:18:37,mail.google.com
2013-11-15 20:18:43,wp.mail.qq.com
2013-11-15 20:19:13,wp.mail.qq.com
2013-11-15 20:19:43,wp.mail.qq.com
2013-11-15 20:20:13,wp.mail.qq.com
2013-11-15 20:20:43,wp.mail.qq.com
2013-11-15 20:21:13,wp.mail.qq.com
2013-11-15 20:21:43,wp.mail.qq.com
2013-11-15 20:22:13,wp.mail.qq.com
2013-11-15 20:22:43,wp.mail.qq.com
2013-11-15 20:23:13,wp.mail.qq.com
2013-11-15 20:23:37,mail.google.com
2013-11-15 20:23:43,wp.mail.qq.com
2013-11-15 20:24:13,wp.mail.qq.com
2013-11-15 20:24:43,wp.mail.qq.com
2013-11-15 20:25:13,wp.mail.qq.com
2013-11-15 20:25:43,wp.mail.qq.com
2013-11-15 20:26:13,wp.mail.qq.com
2013-11-15 20:26:43,wp.mail.qq.com
2013-11-15 20:27:13,wp.mail.qq.com
2013-11-15 20:27:42,wp.mail.qq.com
2013-11-15 20:28:12,wp.mail.qq.com
2013-11-15 20:28:37,mail.google.com
2013-11-15 20:28:42,wp.mail.qq.com
2013-11-15 20:29:12,wp.mail.qq.com
2013-11-15 20:29:42,wp.mail.qq.com
2013-11-15 20:30:12,wp.mail.qq.com
2013-11-15 20:30:42,wp.mail.qq.com
2013-11-15 20:31:12,wp.mail.qq.com
2013-11-15 20:31:42,wp.mail.qq.com
2013-11-15 20:32:12,wp.mail.qq.com
2013-11-15 20:32:42,wp.mail.qq.com
2013-11-15 20:33:12,wp.mail.qq.com
2013-11-15 20:33:37,mail.google.com
2013-11-15 20:33:42,wp.mail.qq.com
2013-11-15 20:34:12,wp.mail.qq.com
2013-11-15 20:34:42,wp.mail.qq.com
2013-11-15 20:35:14,wp.mail.qq.com
2013-11-15 20:35:44,wp.mail.qq.com
2013-11-15 20:36:14,wp.mail.qq.com
2013-11-15 20:36:44,wp.mail.qq.com
2013-11-15 20:37:14,wp.mail.qq.com
2013-11-15 20:37:44,wp.mail.qq.com
2013-11-15 20:38:13,wp.mail.qq.com
2013-11-15 20:38:43,wp.mail.qq.com
2013-11-15 20:39:03,mail.google.com
2013-11-15 20:39:13,wp.mail.qq.com
2013-11-15 20:39:43,wp.mail.qq.com
2013-11-15 20:40:13,wp.mail.qq.com
2013-11-15 20:40:43,wp.mail.qq.com
2013-11-15 20:41:13,wp.mail.qq.com
2013-11-15 20:41:43,wp.mail.qq.com
2013-11-15 20:42:13,wp.mail.qq.com
2013-11-15 20:42:43,wp.mail.qq.com
2013-11-15 20:43:13,wp.mail.qq.com
2013-11-15 20:43:37,mail.google.com
2013-11-15 20:43:43,wp.mail.qq.com
2013-11-15 20:44:13,wp.mail.qq.com
2013-11-15 20:44:43,wp.mail.qq.com
2013-11-15 20:45:13,wp.mail.qq.com
2013-11-15 20:45:43,wp.mail.qq.com
2013-11-15 20:46:13,wp.mail.qq.com
2013-11-15 20:46:43,wp.mail.qq.com
2013-11-15 20:47:13,wp.mail.qq.com
2013-11-15 20:47:43,wp.mail.qq.com
2013-11-15 20:48:13,wp.mail.qq.com
2013-11-15 20:48:37,mail.google.com
2013-11-15 20:48:43,wp.mail.qq.com
2013-11-15 20:49:13,wp.mail.qq.com
2013-11-15 20:49:43,wp.mail.qq.com
2013-11-15 20:50:13,wp.mail.qq.com
2013-11-15 20:50:43,wp.mail.qq.com
2013-11-15 20:51:13,wp.mail.qq.com
2013-11-15 20:51:43,wp.mail.qq.com
2013-11-15 20:52:13,wp.mail.qq.com
2013-11-15 20:52:43,wp.mail.qq.com
2013-11-15 20:53:13,wp.mail.qq.com
2013-11-15 20:53:37,mail.google.com
2013-11-15 20:53:43,wp.mail.qq.com
2013-11-15 20:54:13,wp.mail.qq.com
2013-11-15 20:54:43,wp.mail.qq.com
2013-11-15 20:55:13,wp.mail.qq.com
2013-11-15 20:55:43,wp.mail.qq.com
2013-11-15 20:56:13,wp.mail.qq.com
2013-11-15 20:56:43,wp.mail.qq.com
2013-11-15 20:57:13,wp.mail.qq.com
2013-11-15 20:57:42,wp.mail.qq.com
2013-11-15 20:58:12,wp.mail.qq.com
2013-11-15 20:58:37,mail.google.com
2013-11-15 20:58:43,wp.mail.qq.com
2013-11-15 20:59:12,wp.mail.qq.com
2013-11-15 20:59:42,wp.mail.qq.com
2013-11-15 21:00:12,wp.mail.qq.com
2013-11-15 21:00:42,wp.mail.qq.com
2013-11-15 21:01:12,wp.mail.qq.com
2013-11-15 21:01:42,wp.mail.qq.com
2013-11-15 21:02:12,wp.mail.qq.com
2013-11-15 21:02:42,wp.mail.qq.com
2013-11-15 21:03:12,wp.mail.qq.com
2013-11-15 21:03:37,mail.google.com
2013-11-15 21:03:42,wp.mail.qq.com
2013-11-15 21:04:12,wp.mail.qq.com
2013-11-15 21:04:45,wp.mail.qq.com
2013-11-15 21:05:15,wp.mail.qq.com
2013-11-15 21:05:45,wp.mail.qq.com
2013-11-15 21:06:15,wp.mail.qq.com
2013-11-15 21:06:45,wp.mail.qq.com
2013-11-15 21:07:15,wp.mail.qq.com
2013-11-15 21:07:45,wp.mail.qq.com
2013-11-15 21:08:15,wp.mail.qq.com
2013-11-15 21:08:37,mail.google.com
2013-11-15 21:08:45,wp.mail.qq.com
2013-11-15 21:09:15,wp.mail.qq.com
2013-11-15 21:09:45,wp.mail.qq.com
2013-11-15 21:10:15,wp.mail.qq.com
2013-11-15 21:10:45,wp.mail.qq.com
2013-11-15 21:11:15,wp.mail.qq.com
2013-11-15 21:11:45,wp.mail.qq.com
2013-11-15 21:11:48,wp.mail.qq.com
2013-11-15 21:11:48,mail.google.com
2013-12-17 15:18:43,s-static.ak.facebook.com
2013-12-17 15:19:14,twitter.com
2013-12-17 15:22:40,ajax.googleapis.com
2013-12-17 15:22:43,apis.google.com
2013-12-17 15:22:45,accounts.google.com
2013-12-17 21:45:51,www.google.fr
2013-12-17 21:45:52,www.google.com
2013-12-17 21:45:52,apis.google.com
2013-12-17 21:46:00,www.google.com
2013-12-17 21:46:00,apis.google.com
2013-12-17 21:46:00,www.google.fr
2013-12-17 21:46:09,www.google.fr
2013-12-17 21:46:11,www.google.fr
2013-12-17 21:48:28,ieonline.microsoft.com
2013-12-17 21:48:28,go.microsoft.com
2013-12-18 10:35:20,javadl-esd.sun.com
2014-04-04 13:38:35,www.google.fr
2014-04-04 13:38:38,www.google.fr
2014-04-04 13:38:40,www.google.fr
2014-04-04 13:38:40,www.google.com
2014-04-04 13:38:41,apis.google.com
2014-04-04 13:38:44,accounts.google.com
2014-04-04 13:38:48,www.google.fr
2014-04-04 13:38:48,accounts.youtube.com
2014-04-04 13:38:49,accounts.google.com
2014-04-04 13:39:15,accounts.google.com
2014-04-04 13:39:27,www.google.com
2014-04-04 13:39:27,apis.google.com
2014-04-04 13:39:27,accounts.google.fr
2014-04-04 13:39:28,www.google.fr
2014-04-04 13:39:28,accounts.google.com
2014-04-04 13:39:28,clients1.google.fr
2014-04-04 13:39:29,accounts.youtube.com
2014-04-04 13:39:30,mail.google.com
2014-04-04 13:39:30,accounts.google.fr
2014-04-04 13:39:31,drive.google.com
2014-04-04 13:39:31,www.google.fr
2014-04-04 13:39:31,clients1.google.fr
2014-04-04 13:39:31,www.google.com
2014-04-04 13:39:31,accounts.google.com
2014-04-04 13:39:32,apis.google.com
2014-04-04 13:39:32,drive.google.com
2014-04-04 13:39:33,0.drive.google.com
2014-04-04 13:39:33,drive.google.com
2014-04-04 13:39:37,docs.google.com
2014-04-04 13:39:37,plus.google.com
2014-04-04 13:39:37,drive.google.com
2014-04-04 13:39:38,docs.google.com
2014-04-04 13:39:38,drive.google.com
2014-04-04 13:39:41,drive.google.com
2014-04-04 13:39:44,docs.google.com
2014-04-04 13:39:45,www.google.com
2014-04-04 13:39:45,accounts.google.com
2014-04-04 13:39:58,lh5.google.com
2014-04-04 13:39:58,lh3.google.com
2014-04-04 13:39:58,lh4.google.com
2014-04-04 13:39:58,drive.google.com
2014-04-04 13:39:58,apis.google.com
2014-04-04 13:39:58,plus.google.com
2014-04-04 13:39:58,docs.google.com
2014-04-04 13:40:00,lh5.google.com
2014-04-04 13:40:00,lh4.google.com
2014-04-04 13:40:00,lh3.google.com
2014-04-04 13:40:02,lh6.google.com
2014-04-04 13:40:02,lh4.google.com
2014-04-04 13:40:02,lh3.google.com
2014-04-04 13:40:08,drive.google.com
2014-04-04 13:40:27,lh5.google.com
2014-04-04 13:40:27,drive.google.com
2014-04-04 13:40:31,lh3.google.com
2014-04-04 13:40:31,drive.google.com
2014-04-04 13:40:32,gg.google.com
2014-04-04 13:40:33,drive.google.com
2014-04-04 13:40:46,www.google.com
2014-04-04 13:40:46,docs.google.com
2014-04-04 13:40:46,accounts.google.com
2014-04-04 13:40:46,drive.google.com
2014-04-04 13:41:18,drive.google.com
2014-04-04 13:42:41,lh5.google.com
2014-04-04 13:42:41,lh6.google.com
2014-04-04 13:42:41,lh4.google.com
2014-04-04 13:42:41,lh3.google.com
2014-04-04 13:42:41,drive.google.com
2014-04-04 13:42:42,gg.google.com
2014-04-04 13:42:44,lh3.google.com
2014-04-04 13:43:12,0.drive.google.com
2014-04-04 13:43:12,lh6.google.com
2014-04-04 13:43:12,lh4.google.com
2014-04-04 13:43:12,lh5.google.com
2014-04-04 13:43:12,drive.google.com
2014-04-04 18:19:03,www.google.com
2014-04-04 18:19:03,www.bing.com
2014-04-04 18:19:58,www.google.fr
2014-04-04 18:20:02,www.google.fr
2014-04-04 18:20:04,apis.google.com
2014-04-04 18:20:05,www.google.com
2014-04-04 18:20:19,accounts.google.com
2014-04-04 18:20:20,accounts.youtube.com
2014-04-04 18:20:20,apis.google.com
2014-04-04 18:20:20,www.google.fr
2014-04-04 18:20:21,www.google.fr
2014-04-04 18:20:24,www.google.fr
2014-04-04 18:20:25,accounts.google.ca
2014-04-04 18:20:25,www.google.fr
2014-04-04 18:20:25,accounts.google.fr
2014-04-04 18:20:29,www.google.fr
2014-04-04 18:20:29,www.google.com
2014-04-04 18:20:32,plus.google.com
2014-04-04 18:20:38,plus.google.com
2014-04-04 18:20:42,accounts.google.ca
2014-04-04 18:20:42,accounts.google.fr
2014-04-04 18:20:42,accounts.youtube.com
2014-04-04 18:20:42,www.google.fr
2014-04-04 18:20:42,drive.google.com
2014-04-04 18:20:42,accounts.google.com
2014-04-04 18:20:44,drive.google.com
2014-04-04 18:20:46,drive.google.com
2014-04-04 18:20:46,plus.google.com
2014-04-04 18:20:46,www.google.fr
2014-04-04 18:20:47,0.drive.google.com
2014-04-04 18:20:47,drive.google.com
2014-04-04 18:20:47,apis.google.com
2014-04-04 18:20:48,go.microsoft.com
2014-04-04 18:20:48,ieonline.microsoft.com
2014-04-04 18:20:48,0.drive.google.com
2014-04-04 18:20:48,drive.google.com
2014-04-04 18:20:52,docs.google.com
2014-04-04 18:20:52,plus.google.com
2014-04-04 18:20:53,docs.google.com
2014-04-04 18:20:55,docs.google.com
2014-04-04 18:20:56,docs.google.com
2014-04-04 18:21:07,docs.google.com
2014-04-04 18:21:49,docs.google.com
2014-04-04 18:21:50,clients2.google.com
2014-04-04 18:21:54,ieonline.microsoft.com
2014-04-04 18:21:54,clients2.google.com
2014-04-04 18:22:46,docs.google.com
2014-04-04 18:22:46,gg.google.com
2014-04-04 18:23:21,docs.google.com
2014-04-04 18:24:57,docs.google.com
2014-04-04 18:26:46,gg.google.com
2014-04-04 18:26:47,drive.google.com
2014-04-04 18:28:39,drive.google.com
2014-04-04 18:32:47,drive.google.com
2014-04-04 18:34:49,plus.google.com
2014-04-04 18:35:00,plus.google.com
2014-04-04 18:36:36,drive.google.com
2014-04-04 18:40:47,drive.google.com
2014-04-04 18:42:48,drive.google.com
2014-04-04 18:48:47,drive.google.com
2014-04-04 18:54:27,plus.google.com
2014-04-04 18:54:27,drive.google.com
2014-04-04 18:58:47,drive.google.com
2014-04-04 19:10:16,drive.google.com
2014-04-04 19:14:47,drive.google.com
2014-04-04 19:15:00,plus.google.com
2014-04-04 19:16:39,0.drive.google.com
2014-04-18 17:30:30,www.google.fr
2014-04-18 17:30:33,www.google.fr
2014-04-18 17:30:37,www.google.com
2014-04-18 17:30:41,apis.google.com
2014-04-18 17:30:48,accounts.google.com
2014-04-18 17:30:53,accounts.youtube.com
2014-04-18 17:31:11,accounts.google.fr
2014-04-18 17:31:12,apis.google.com
2014-04-18 17:31:12,clients1.google.fr
2014-04-18 17:31:13,accounts.google.com
2014-04-18 17:31:13,drive.google.com
2014-04-18 17:31:13,accounts.youtube.com
2014-04-18 17:31:13,accounts.google.fr
2014-04-18 17:31:14,www.google.com
2014-04-18 17:31:14,www.google.fr
2014-04-18 17:31:14,clients1.google.fr
2014-04-18 17:31:14,drive.google.com
2014-04-18 17:31:14,apis.google.com
2014-04-18 17:31:15,0.drive.google.com
2014-04-18 17:31:15,drive.google.com
2014-04-18 17:31:34,drive.google.com
2014-04-18 17:31:34,docs.google.com
2014-04-18 17:31:34,plus.google.com
2014-04-18 17:31:35,drive.google.com
2014-04-18 17:31:35,plus.google.com
2014-04-18 17:31:35,docs.google.com
2014-04-18 17:32:14,apis.google.com
2014-04-18 17:32:14,gg.google.com
2014-04-18 17:32:16,docs.google.com
2014-04-18 17:32:16,0.drive.google.com
2014-04-18 17:32:16,drive.google.com
2014-04-18 17:32:16,gg.google.com
2014-04-18 17:32:18,drive.google.com
