timestamp,site
2014-01-30 08:15:29,fpdownload2.macromedia.com
2014-01-30 08:15:36,go.microsoft.com
2014-01-30 08:15:36,windows.microsoft.com
2014-01-30 08:15:36,ajax.microsoft.com
2014-01-30 08:15:36,res1.windows.microsoft.com
2014-01-30 08:15:36,res2.windows.microsoft.com
2014-01-30 08:15:36,js.microsoft.com
2014-01-30 08:15:37,res1.windows.microsoft.com
2014-01-30 08:15:37,res2.windows.microsoft.com
2014-01-30 08:15:37,js.microsoft.com
2014-01-30 08:15:37,windows.microsoft.com
2014-01-30 08:15:41,www.bing.com
2014-01-30 08:16:19,www.google.fr
2014-01-30 08:16:31,www.google.fr
2014-01-30 08:16:34,www.google.com
2014-01-30 08:16:35,apis.google.com
2014-01-30 08:18:14,www.google.fr
2014-01-30 08:18:26,ieonline.microsoft.com
2014-01-30 08:18:30,go.microsoft.com
2014-01-30 08:20:35,www.google.com
2014-01-30 08:20:35,apis.google.com
2014-01-30 08:20:50,www.google.fr
2014-01-30 08:23:29,www.google.fr
2014-01-30 08:23:30,www.google.fr
2014-01-30 08:23:35,www.google.fr
2014-01-30 08:23:43,www.google.fr
2014-01-30 08:23:44,www.google.fr
2014-01-30 08:28:46,office14client.microsoft.com
2014-01-30 08:28:46,office.microsoft.com
2014-01-30 08:28:47,office.microsoft.com
2014-01-30 08:28:48,office.microsoft.com
2014-01-30 08:37:17,www.google.fr
2014-01-30 08:38:22,www.google.fr
2014-01-30 08:38:23,login.wikimedia.org
2014-01-30 08:38:23,meta.wikimedia.org
2014-01-30 08:38:23,www.google.fr
2014-01-30 08:38:23,fr.wikipedia.org
2014-01-30 08:38:23,bits.wikimedia.org
2014-01-30 08:38:24,bits.wikimedia.org
2014-01-30 08:40:50,www.google.fr
2014-01-30 08:42:51,www.google.fr
2014-01-30 08:44:17,www.google.fr
2014-01-30 08:44:18,connect.facebook.net
2014-01-30 08:44:18,s-static.ak.facebook.com
2014-01-30 08:44:18,clients1.google.com
2014-01-30 08:44:18,www.google.com
2014-01-30 08:44:18,platform.twitter.com
2014-01-30 08:44:18,static.ak.facebook.com
2014-01-30 08:44:19,pub4.media-clic.com
2014-01-30 08:44:19,platform.twitter.com
2014-01-30 08:44:19,www.google.com
2014-01-30 08:44:19,www.facebook.com
2014-01-30 08:44:20,www.google.com
2014-01-30 08:44:28,twitter.com
2014-01-30 08:44:30,twitter.com
2014-01-30 08:44:30,www.googleapis.com
2014-01-30 08:44:30,apis.google.com
2014-01-30 08:44:31,apis.google.com
2014-01-30 08:44:31,www.googleapis.com
2014-01-30 08:44:33,accounts.google.com
2014-01-30 08:44:34,apis.google.com
2014-01-30 08:44:35,www.facebook.com
2014-01-30 08:44:35,accounts.google.com
2014-01-30 08:44:40,www.google.com
2014-01-30 08:44:44,www.google.com
2014-01-30 08:45:11,www.anonymousdmp.com
2014-01-30 08:45:11,yui.yahooapis.com
2014-01-30 08:45:11,lavapeur.over-blog.fr
2014-01-30 08:45:11,fdata.over-blog.net
2014-01-30 08:45:11,www.google.fr
2014-01-30 08:45:11,www.audienceinsights.net
2014-01-30 08:45:12,www.facebook.com
2014-01-30 08:45:12,a142.idata.over-blog.com
2014-01-30 08:45:12,fdata.over-blog.net
2014-01-30 08:45:12,lavapeur.over-blog.fr
2014-01-30 08:45:12,idata.over-blog.com
2014-01-30 08:45:13,fdata.over-blog.net
2014-01-30 08:45:15,platform.linkedin.com
2014-01-30 08:45:15,lavapeur.over-blog.fr
2014-01-30 08:45:15,www.linkedin.com
2014-01-30 08:45:15,apis.google.com
2014-01-30 08:45:15,fdata.over-blog.net
2014-01-30 08:45:16,www.futura-sciences.com
2014-01-30 08:45:16,twitter.com
2014-01-30 08:45:16,accounts.google.com
2014-01-30 08:45:16,apis.google.com
2014-01-30 08:45:16,s-static.ak.facebook.com
2014-01-30 08:45:16,static.ak.facebook.com
2014-01-30 08:45:16,www.facebook.com
2014-01-30 08:45:16,fdata.over-blog.net
2014-01-30 08:45:18,apis.google.com
2014-01-30 08:45:18,apnx-match.dotomi.com
2014-01-30 08:45:19,apnx-match.dotomi.com
2014-01-30 08:45:19,dtm.urbanoutfitters.com
2014-01-30 08:45:34,www.linkedin.com
2014-01-30 08:45:35,a142.idata.over-blog.com
2014-01-30 08:45:35,www.audienceinsights.net
2014-01-30 08:45:36,www.audienceinsights.net
2014-01-30 08:45:36,lavapeur.over-blog.fr
2014-01-30 08:45:36,www.facebook.com
2014-01-30 08:45:37,s-static.ak.facebook.com
2014-01-30 08:45:37,ea.galerieslafayette.com
2014-01-30 08:45:37,www.facebook.com
2014-01-30 08:45:37,www.linkedin.com
2014-01-30 08:45:37,tracking.veoxa.com
2014-01-30 08:45:37,static.ak.facebook.com
2014-01-30 08:45:37,apis.google.com
2014-01-30 08:45:37,platform.linkedin.com
2014-01-30 08:45:38,www.galerieslafayette.com
2014-01-30 08:45:38,twitter.com
2014-01-30 08:45:38,www.linkedin.com
2014-01-30 08:45:39,a142.idata.over-blog.com
2014-01-30 08:45:39,apis.google.com
2014-01-30 08:45:39,www.audienceinsights.net
2014-01-30 08:45:41,www.audienceinsights.net
2014-01-30 08:45:41,lavapeur.over-blog.fr
2014-01-30 08:45:41,www.facebook.com
2014-01-30 08:45:42,s-static.ak.facebook.com
2014-01-30 08:45:42,tracker.affility.com
2014-01-30 08:45:42,platform.linkedin.com
2014-01-30 08:45:42,s3-eu-west-1.amazonaws.com
2014-01-30 08:45:42,static.ak.facebook.com
2014-01-30 08:45:42,www.linkedin.com
2014-01-30 08:45:42,apis.google.com
2014-01-30 08:45:43,apis.google.com
2014-01-30 08:45:43,www.facebook.com
2014-01-30 08:45:44,adventori.com
2014-01-30 08:46:06,pixel2368.everesttech.net
2014-01-30 08:46:12,fdata.over-blog.net
2014-01-30 08:46:13,twitter.com
2014-01-30 08:46:25,www.linkedin.com
2014-01-30 08:46:27,a142.idata.over-blog.com
2014-01-30 08:46:27,www.audienceinsights.net
2014-01-30 08:46:27,apis.google.com
2014-01-30 08:46:28,lavapeur.over-blog.fr
2014-01-30 08:46:28,www.audienceinsights.net
2014-01-30 08:46:28,www.facebook.com
2014-01-30 08:46:29,static.ak.facebook.com
2014-01-30 08:46:29,www.linkedin.com
2014-01-30 08:46:29,platform.linkedin.com
2014-01-30 08:46:29,www.facebook.com
2014-01-30 08:46:29,s-static.ak.facebook.com
2014-01-30 08:46:29,apis.google.com
2014-01-30 08:46:29,twitter.com
2014-01-30 08:46:29,pixel2368.everesttech.net
2014-01-30 08:46:37,www.linkedin.com
2014-01-30 08:46:38,www.audienceinsights.net
2014-01-30 08:46:38,a142.idata.over-blog.com
2014-01-30 08:46:39,www.audienceinsights.net
2014-01-30 08:46:39,www.facebook.com
2014-01-30 08:46:39,lavapeur.over-blog.fr
2014-01-30 08:46:40,s-static.ak.facebook.com
2014-01-30 08:46:40,twitter.com
2014-01-30 08:46:40,apis.google.com
2014-01-30 08:46:40,platform.linkedin.com
2014-01-30 08:46:40,static.ak.facebook.com
2014-01-30 08:46:40,www.linkedin.com
2014-01-30 08:46:40,www.facebook.com
2014-01-30 08:46:46,www.linkedin.com
2014-01-30 08:46:47,a142.idata.over-blog.com
2014-01-30 08:46:47,www.facebook.com
2014-01-30 08:46:47,www.audienceinsights.net
2014-01-30 08:46:48,lavapeur.over-blog.fr
2014-01-30 08:46:48,www.audienceinsights.net
2014-01-30 08:46:49,s-static.ak.facebook.com
2014-01-30 08:46:49,twitter.com
2014-01-30 08:46:49,platform.linkedin.com
2014-01-30 08:46:49,static.ak.facebook.com
2014-01-30 08:46:49,www.linkedin.com
2014-01-30 08:46:49,www.facebook.com
2014-01-30 08:46:49,apis.google.com
2014-01-30 08:46:50,www.linkedin.com
2014-01-30 08:46:50,twitter.com
2014-01-30 08:47:20,twitter.com
2014-01-30 08:47:21,www.google.fr
2014-01-30 08:47:21,bits.wikimedia.org
2014-01-30 08:47:21,fr.wikipedia.org
2014-01-30 08:47:22,bits.wikimedia.org
2014-01-30 08:47:22,meta.wikimedia.org
2014-01-30 08:47:23,bits.wikimedia.org
2014-01-30 08:47:23,meta.wikimedia.org
2014-01-30 08:47:23,fr.wikipedia.org
2014-01-30 08:47:25,www.google.fr
2014-01-30 08:47:25,fr.wikipedia.org
2014-01-30 08:47:26,fr.wikipedia.org
2014-01-30 08:47:26,meta.wikimedia.org
2014-01-30 08:48:31,www.google.fr
2014-01-30 08:48:55,www.google.fr
2014-01-30 08:48:56,www.ladocumentationfrancaise.fr
2014-01-30 08:48:56,www.google.fr
2014-01-30 08:48:57,business.pinterest.com
2014-01-30 08:48:57,www.ladocumentationfrancaise.fr
2014-01-30 08:48:58,www.ladocumentationfrancaise.fr
2014-01-30 08:49:15,www.ladocumentationfrancaise.fr
2014-01-30 08:49:24,www.google.fr
2014-01-30 08:49:24,www.lenntech.fr
2014-01-30 08:49:24,www.lenntech.com
2014-01-30 08:49:25,www.lenntech.fr
2014-01-30 08:49:25,www.lenntech.com
2014-01-30 08:49:25,sc.tynt.com
2014-01-30 08:49:25,images.google.nl
2014-01-30 08:49:26,de.tynt.com
2014-01-30 08:50:55,www.google.fr
2014-01-30 08:50:56,www.cea.fr
2014-01-30 08:52:56,www.google.fr
2014-01-30 08:53:16,www.google.fr
2014-01-30 08:53:16,www.cea.fr
2014-01-30 08:53:41,www.google.fr
2014-01-30 08:53:42,www.cnrs.fr
2014-01-30 08:53:42,www.google.fr
2014-01-30 08:53:42,www2.cnrs.fr
2014-01-30 08:54:18,www.google.fr
2014-01-30 08:54:20,www.google.fr
2014-01-30 08:54:20,www.savoirs.essonne.fr
2014-01-30 08:54:21,ajax.googleapis.com
2014-01-30 08:54:21,www.savoirs.essonne.fr
2014-01-30 08:54:21,www.dailymotion.com
2014-01-30 08:54:22,ajax.googleapis.com
2014-01-30 08:54:23,ajax.googleapis.com
2014-01-30 08:54:24,www.savoirs.essonne.fr
2014-01-30 08:54:31,www.google.fr
2014-01-30 08:54:32,www.grenoble-univ.fr
2014-01-30 08:54:32,www.google.fr
2014-01-30 08:54:32,ajax.googleapis.com
2014-01-30 08:55:02,www.google.fr
2014-01-30 08:55:02,www.letemps.ch
2014-01-30 08:55:03,letemps.wemfbox.ch
2014-01-30 08:55:03,www.letemps.ch
2014-01-30 08:55:04,www.google.fr
2014-01-30 08:55:04,www.google.com
2014-01-30 08:56:55,www.letemps.ch
2014-01-30 08:56:56,www.letemps.ch
2014-01-30 08:56:56,letemps.wemfbox.ch
2014-01-30 08:57:01,letemps.wemfbox.ch
2014-01-30 08:57:01,www.letemps.ch
2014-01-30 08:57:05,letemps.wemfbox.ch
2014-01-30 08:57:07,letemps.wemfbox.ch
2014-01-30 08:57:25,www.google.fr
2014-01-30 08:57:32,www.google.fr
2014-01-30 08:57:32,ajax.googleapis.com
2014-01-30 08:57:32,assets4.lefigaro.fr
2014-01-30 08:57:32,assets6.lefigaro.fr
2014-01-30 08:57:32,assets2.lefigaro.fr
2014-01-30 08:57:32,connect.facebook.net
2014-01-30 08:57:32,assets5.lefigaro.fr
2014-01-30 08:57:32,plus.lefigaro.fr
2014-01-30 08:57:32,assets3.lefigaro.fr
2014-01-30 08:57:32,www.lefigaro.fr
2014-01-30 08:57:32,api.fidji.lefigaro.fr
2014-01-30 08:57:33,assets3.lefigaro.fr
2014-01-30 08:57:33,assets4.lefigaro.fr
2014-01-30 08:57:33,assets-data.lefigaro.fr
2014-01-30 08:57:33,assets1.lefigaro.fr
2014-01-30 08:57:33,plus.lefigaro.fr
2014-01-30 08:57:33,api.fidji.lefigaro.fr
2014-01-30 08:57:33,www.lefigaro.fr
2014-01-30 08:57:33,assets5.lefigaro.fr
2014-01-30 08:57:34,static.ak.facebook.com
2014-01-30 08:57:34,assets-pub.lefigaro.fr
2014-01-30 08:57:34,assets4.lefigaro.fr
2014-01-30 08:57:34,www.facebook.com
2014-01-30 08:57:35,www.lefigaro.fr
2014-01-30 08:57:35,s-static.ak.facebook.com
2014-01-30 08:57:35,assets1.lefigaro.fr
2014-01-30 08:57:35,dnn506yrbagrg.cloudfront.net
2014-01-30 08:57:35,rbx-cdn-tpn.c4tw.net
2014-01-30 08:57:35,wtpn.twenga.fr
2014-01-30 08:57:35,mm.eulerian.net
2014-01-30 08:57:35,assets5.lefigaro.fr
2014-01-30 08:57:35,plus.lefigaro.fr
2014-01-30 08:57:35,lefigaro.fr
2014-01-30 08:57:36,assets5.lefigaro.fr
2014-01-30 08:57:36,i11.twenga.com
2014-01-30 08:57:36,i10.twenga.com
2014-01-30 08:57:36,www.facebook.com
2014-01-30 08:57:36,www.linkedin.com
2014-01-30 08:57:36,platform.linkedin.com
2014-01-30 08:57:40,apis.google.com
2014-01-30 08:57:40,accounts.google.com
2014-01-30 08:57:40,platform.twitter.com
2014-01-30 08:57:41,plus.lefigaro.fr
2014-01-30 08:57:41,www.lefigaro.fr
2014-01-30 08:57:41,api.fidji.lefigaro.fr
2014-01-30 08:58:11,twitter.com
2014-01-30 09:02:28,www.linkedin.com
2014-01-30 09:02:41,www.lefigaro.fr
2014-01-30 09:02:41,assets6.lefigaro.fr
2014-01-30 09:02:42,videosfr.s3.amazonaws.com
2014-01-30 09:02:42,assets-pub.lefigaro.fr
2014-01-30 09:02:42,www.facebook.com
2014-01-30 09:02:42,static.ak.facebook.com
2014-01-30 09:02:42,s-static.ak.facebook.com
2014-01-30 09:02:43,plus.lefigaro.fr
2014-01-30 09:02:43,c1.adform.net
2014-01-30 09:02:43,wtpn.twenga.fr
2014-01-30 09:02:43,dnn506yrbagrg.cloudfront.net
2014-01-30 09:02:43,platform.linkedin.com
2014-01-30 09:02:43,rubicon-match.dotomi.com
2014-01-30 09:02:43,mm.eulerian.net
2014-01-30 09:02:43,ajax.googleapis.com
2014-01-30 09:02:44,rubicon-match.dotomi.com
2014-01-30 09:02:44,i10.twenga.com
2014-01-30 09:02:44,rbx-cdn-tpn.c4tw.net
2014-01-30 09:02:44,www.facebook.com
2014-01-30 09:02:44,www.linkedin.com
2014-01-30 09:02:44,dtm.wayfair.com
2014-01-30 09:02:44,api.fidji.lefigaro.fr
2014-01-30 09:02:45,www.lefigaro.fr
2014-01-30 09:02:46,twitter.com
2014-01-30 09:02:46,s-static.ak.facebook.com
2014-01-30 09:02:46,apis.google.com
2014-01-30 09:02:46,assets-pub.lefigaro.fr
2014-01-30 09:02:46,static.ak.facebook.com
2014-01-30 09:02:46,www.facebook.com
2014-01-30 09:02:47,mm.eulerian.net
2014-01-30 09:02:47,twitter.com
2014-01-30 09:02:47,i10.twenga.com
2014-01-30 09:02:47,dnn506yrbagrg.cloudfront.net
2014-01-30 09:02:47,rbx-cdn-tpn.c4tw.net
2014-01-30 09:02:47,wtpn.twenga.fr
2014-01-30 09:02:47,plus.lefigaro.fr
2014-01-30 09:02:47,www.facebook.com
2014-01-30 09:02:48,i10.twenga.com
2014-01-30 09:02:48,i11.twenga.com
2014-01-30 09:02:48,platform.linkedin.com
2014-01-30 09:02:48,rbx-cdn-tpn.c4tw.net
2014-01-30 09:02:48,apis.google.com
2014-01-30 09:02:48,s0r.c4tw.net
2014-01-30 09:02:50,apis.google.com
2014-01-30 09:02:50,twitter.com
2014-01-30 09:02:50,www.facebook.com
2014-01-30 09:02:50,www.linkedin.com
2014-01-30 09:02:51,assets6.lefigaro.fr
2014-01-30 09:02:51,api.fidji.lefigaro.fr
2014-01-30 09:02:51,www.lefigaro.fr
2014-01-30 09:02:51,twitter.com
2014-01-30 09:02:52,static.ak.facebook.com
2014-01-30 09:02:52,www.facebook.com
2014-01-30 09:02:52,s-static.ak.facebook.com
2014-01-30 09:02:53,plus.lefigaro.fr
2014-01-30 09:02:53,um.simpli.fi
2014-01-30 09:02:53,platform.linkedin.com
2014-01-30 09:02:53,assets-pub.lefigaro.fr
2014-01-30 09:02:54,www.linkedin.com
2014-01-30 09:02:54,www.facebook.com
2014-01-30 09:02:54,api.fidji.lefigaro.fr
2014-01-30 09:02:54,apis.google.com
2014-01-30 09:02:54,twitter.com
2014-01-30 09:02:55,www.linkedin.com
2014-01-30 09:03:07,www.google.fr
2014-01-30 09:03:07,www.terraeco.net
2014-01-30 09:03:07,connect.facebook.net
2014-01-30 09:03:07,twitter.com
2014-01-30 09:03:07,apis.google.com
2014-01-30 09:03:08,www.terraeco.net
2014-01-30 09:03:09,www.facebook.com
2014-01-30 09:03:09,www.terraeco.net
2014-01-30 09:03:09,www.youtube.com
2014-01-30 09:03:09,s.ytimg.com
2014-01-30 09:03:10,i1.ytimg.com
2014-01-30 09:03:10,www.facebook.com
2014-01-30 09:03:10,s.ytimg.com
2014-01-30 09:03:10,s-static.ak.facebook.com
2014-01-30 09:03:10,www.terraeco.net
2014-01-30 09:03:10,static.ak.facebook.com
2014-01-30 09:03:14,i1.ytimg.com
2014-01-30 09:03:14,platform.twitter.com
2014-01-30 09:03:18,www.terraeco.net
2014-01-30 09:03:18,twitter.com
2014-01-30 09:03:27,pbs.twimg.com
2014-01-30 09:03:27,www.youtube.com
2014-01-30 09:03:28,r1---sn-gxo5uxg-jqbe.googlevideo.com
2014-01-30 09:03:28,pbs.twimg.com
2014-01-30 09:03:28,s.youtube.com
2014-01-30 09:03:28,i1.ytimg.com
2014-01-30 09:03:28,www.youtube.com
2014-01-30 09:03:29,r1---sn-gxo5uxg-jqbe.googlevideo.com
2014-01-30 09:03:29,r1---sn-cg07lued.googlevideo.com
2014-01-30 09:03:29,s.youtube.com
2014-01-30 09:03:30,r1---sn-cg07lued.googlevideo.com
2014-01-30 09:03:38,s.youtube.com
2014-01-30 09:03:48,s.youtube.com
2014-01-30 09:04:02,syndication.twitter.com
2014-01-30 09:04:08,s.youtube.com
2014-01-30 09:04:09,i1.ytimg.com
2014-01-30 09:04:10,r1---sn-gxo5uxg-jqbe.googlevideo.com
2014-01-30 09:04:11,r1---sn-cg07lued.googlevideo.com
2014-01-30 09:04:30,pbs.twimg.com
2014-01-30 09:04:30,platform.twitter.com
2014-01-30 09:04:30,s.youtube.com
2014-01-30 09:04:32,r1---sn-cg07lued.googlevideo.com
2014-01-30 09:04:32,r1---sn-gxo5uxg-jqbe.googlevideo.com
2014-01-30 09:04:33,syndication.twitter.com
2014-01-30 09:04:39,s.youtube.com
2014-01-30 09:04:49,s.youtube.com
2014-01-30 09:05:09,s.youtube.com
2014-01-30 09:05:10,s.youtube.com
2014-01-30 09:05:12,r1---sn-gxo5uxg-jqbe.googlevideo.com
2014-01-30 09:05:13,r1---sn-cg07lued.googlevideo.com
2014-01-30 09:05:19,s.youtube.com
2014-01-30 09:05:29,s.youtube.com
2014-01-30 09:05:39,s.youtube.com
2014-01-30 09:05:49,syndication.twitter.com
2014-01-30 09:05:49,s.youtube.com
2014-01-30 09:05:50,s.youtube.com
2014-01-30 09:06:09,s.youtube.com
2014-01-30 09:06:19,s.youtube.com
2014-01-30 09:06:29,s.youtube.com
2014-01-30 09:06:30,r1---sn-cg07lued.googlevideo.com
2014-01-30 09:06:30,r1---sn-gxo5uxg-jqbe.googlevideo.com
2014-01-30 09:06:31,s.youtube.com
2014-01-30 09:06:39,s.youtube.com
2014-01-30 09:06:49,s.youtube.com
2014-01-30 09:06:59,s.youtube.com
2014-01-30 09:07:09,s.youtube.com
2014-01-30 09:07:11,s.youtube.com
2014-01-30 09:07:17,r1---sn-gxo5uxg-jqbe.googlevideo.com
2014-01-30 09:07:18,r1---sn-cg07lued.googlevideo.com
2014-01-30 09:07:19,syndication.twitter.com
2014-01-30 09:07:19,s.youtube.com
2014-01-30 09:07:29,s.youtube.com
2014-01-30 09:07:39,s.youtube.com
2014-01-30 09:07:50,s.youtube.com
2014-01-30 09:07:51,s.youtube.com
2014-01-30 09:08:00,s.youtube.com
2014-01-30 09:08:03,i1.ytimg.com
2014-01-30 09:08:10,s.youtube.com
2014-01-30 09:08:20,s.youtube.com
2014-01-30 09:08:30,s.youtube.com
2014-01-30 09:08:31,s.youtube.com
2014-01-30 09:08:40,s.youtube.com
2014-01-30 09:08:49,syndication.twitter.com
2014-01-30 09:09:03,www.youtube.com
2014-01-30 09:09:08,i1.ytimg.com
2014-01-30 09:09:10,s.youtube.com
2014-01-30 09:09:11,s.youtube.com
2014-01-30 09:09:20,s.youtube.com
2014-01-30 09:09:30,s.youtube.com
2014-01-30 09:09:40,s.youtube.com
2014-01-30 09:09:50,s.youtube.com
2014-01-30 09:09:51,s.youtube.com
2014-01-30 09:09:56,i1.ytimg.com
2014-01-30 09:09:56,s.ytimg.com
2014-01-30 09:09:56,syndication.twitter.com
2014-01-30 09:10:00,s.youtube.com
2014-01-30 09:10:10,s.youtube.com
2014-01-30 09:10:20,s.youtube.com
2014-01-30 09:10:30,s.youtube.com
2014-01-30 09:10:31,s.youtube.com
2014-01-30 09:10:40,s.youtube.com
2014-01-30 09:10:50,s.youtube.com
2014-01-30 09:11:00,s.youtube.com
2014-01-30 09:11:01,s.youtube.com
2014-01-30 09:11:09,www.google.fr
2014-01-30 09:11:11,s.youtube.com
2014-01-30 09:11:30,translate.google.fr
2014-01-30 09:11:30,www.google.fr
2014-01-30 09:11:31,translate.google.fr
2014-01-30 09:11:32,translate.google.fr
2014-01-30 09:11:33,translate.google.fr
2014-01-30 09:11:34,translate.google.fr
2014-01-30 09:11:35,translate.google.fr
2014-01-30 09:11:40,translate.google.fr
2014-01-30 09:11:49,syndication.twitter.com
2014-01-30 09:11:53,translate.google.fr
2014-01-30 09:12:11,www.google.com
2014-01-30 09:12:11,translate.google.fr
2014-01-30 09:12:12,translate.google.fr
2014-01-30 09:12:23,s.ytimg.com
2014-01-30 09:12:23,www.youtube.com
2014-01-30 09:12:24,www.youtube.com
2014-01-30 09:12:24,s.ytimg.com
2014-01-30 09:12:24,r4---sn-gxo5uxg-jqbe.googlevideo.com
2014-01-30 09:12:24,s.youtube.com
2014-01-30 09:12:24,www.youtube-nocookie.com
2014-01-30 09:12:25,r8---sn-cg07lues.googlevideo.com
2014-01-30 09:12:25,r4---sn-gxo5uxg-jqbe.googlevideo.com
2014-01-30 09:12:26,yt4.ggpht.com
2014-01-30 09:12:26,s.youtube.com
2014-01-30 09:12:26,r8---sn-cg07lues.googlevideo.com
2014-01-30 09:12:26,r4---sn-gxo5uxg-jqbe.googlevideo.com
2014-01-30 09:12:26,s.ytimg.com
2014-01-30 09:12:26,i1.ytimg.com
2014-01-30 09:12:27,i1.ytimg.com
2014-01-30 09:12:27,s.ytimg.com
2014-01-30 09:12:28,i1.ytimg.com
2014-01-30 09:12:29,s.youtube.com
2014-01-30 09:12:29,i1.ytimg.com
2014-01-30 09:12:30,apis.google.com
2014-01-30 09:12:30,plus.googleapis.com
2014-01-30 09:12:30,i1.ytimg.com
2014-01-30 09:12:30,yt3.ggpht.com
2014-01-30 09:12:30,www.youtube.com
2014-01-30 09:12:31,yt3.ggpht.com
2014-01-30 09:12:31,i1.ytimg.com
2014-01-30 09:12:31,yt4.ggpht.com
2014-01-30 09:12:34,s.youtube.com
2014-01-30 09:12:36,r4---sn-gxo5uxg-jqbe.googlevideo.com
2014-01-30 09:12:36,r8---sn-cg07lues.googlevideo.com
2014-01-30 09:12:39,s.youtube.com
2014-01-30 09:12:49,s.youtube.com
2014-01-30 09:12:59,r4---sn-gxo5uxg-jqbe.googlevideo.com
2014-01-30 09:12:59,r8---sn-cg07lues.googlevideo.com
2014-01-30 09:13:00,r4---sn-gxo5uxg-jqbe.googlevideo.com
2014-01-30 09:13:01,r4---sn-gxo5uxg-jqbe.googlevideo.com
2014-01-30 09:13:01,r8---sn-cg07lues.googlevideo.com
2014-01-30 09:13:01,yt3.ggpht.com
2014-01-30 09:13:02,r8---sn-cg07lues.googlevideo.com
2014-01-30 09:13:02,r4---sn-gxo5uxg-jqbe.googlevideo.com
2014-01-30 09:13:03,r4---sn-gxo5uxg-jqbe.googlevideo.com
2014-01-30 09:13:03,r8---sn-cg07lues.googlevideo.com
2014-01-30 09:13:04,s.youtube.com
2014-01-30 09:13:06,i1.ytimg.com
2014-01-30 09:13:07,r4---sn-gxo5uxg-jqbe.googlevideo.com
2014-01-30 09:13:08,r4---sn-gxo5uxg-jqbe.googlevideo.com
2014-01-30 09:13:08,r8---sn-cg07lues.googlevideo.com
2014-01-30 09:13:09,r8---sn-cg07lues.googlevideo.com
2014-01-30 09:13:09,r4---sn-gxo5uxg-jqbe.googlevideo.com
2014-01-30 09:13:10,r8---sn-cg07lues.googlevideo.com
2014-01-30 09:13:10,www.terraeco.net
2014-01-30 09:13:10,www.facebook.com
2014-01-30 09:13:10,yt3.ggpht.com
2014-01-30 09:13:11,www.terraeco.net
2014-01-30 09:13:11,static.ak.facebook.com
2014-01-30 09:13:11,www.facebook.com
2014-01-30 09:13:11,s-static.ak.facebook.com
2014-01-30 09:13:11,www.youtube.com
2014-01-30 09:13:13,i1.ytimg.com
2014-01-30 09:13:16,www.6milliardsdautres.org
2014-01-30 09:13:17,7billionothers.org
2014-01-30 09:13:18,plus.googleapis.com
2014-01-30 09:13:18,twitter.com
2014-01-30 09:13:18,platform.twitter.com
2014-01-30 09:13:18,www.7billionothers.org
2014-01-30 09:13:18,www.facebook.com
2014-01-30 09:13:20,www.7billionothers.org
2014-01-30 09:13:21,www.7billionothers.org
2014-01-30 09:13:22,www.7billionothers.org
2014-01-30 09:13:28,www.facebook.com
2014-01-30 09:13:28,www.terraeco.net
2014-01-30 09:13:28,www.youtube.com
2014-01-30 09:13:29,s-static.ak.facebook.com
2014-01-30 09:13:29,www.terraeco.net
2014-01-30 09:13:29,static.ak.facebook.com
2014-01-30 09:13:29,www.facebook.com
2014-01-30 09:13:30,i1.ytimg.com
2014-01-30 09:13:41,s-static.ak.facebook.com
2014-01-30 09:13:42,s-static.ak.facebook.com
2014-01-30 09:13:55,www.youtube.com
2014-01-30 09:13:55,www.facebook.com
2014-01-30 09:13:55,platform.twitter.com
2014-01-30 09:13:55,www.terraeco.net
2014-01-30 09:13:56,www.terraeco.net
2014-01-30 09:13:56,www.facebook.com
2014-01-30 09:13:56,s-static.ak.facebook.com
2014-01-30 09:13:56,static.ak.facebook.com
2014-01-30 09:13:57,www.facebook.com
2014-01-30 09:13:57,platform.twitter.com
2014-01-30 09:13:57,www.terraeco.net
2014-01-30 09:13:58,www.youtube.com
2014-01-30 09:13:58,www.terraeco.net
2014-01-30 09:13:58,static.ak.facebook.com
2014-01-30 09:13:58,www.facebook.com
2014-01-30 09:13:58,s-static.ak.facebook.com
2014-01-30 09:13:58,platform.twitter.com
2014-01-30 09:13:59,i1.ytimg.com
2014-01-30 09:14:00,s-static.ak.facebook.com
2014-01-30 09:14:01,www.terraeco.net
2014-01-30 09:14:02,s-static.ak.facebook.com
2014-01-30 09:14:02,www.terraeco.net
2014-01-30 09:14:02,www.youtube.com
2014-01-30 09:14:02,www.facebook.com
2014-01-30 09:14:02,platform.twitter.com
2014-01-30 09:14:02,static.ak.facebook.com
2014-01-30 09:14:03,www.terraeco.net
2014-01-30 09:14:03,s-static.ak.facebook.com
2014-01-30 09:14:04,s-static.ak.facebook.com
2014-01-30 09:14:04,www.terraeco.net
2014-01-30 09:14:04,static.ak.facebook.com
2014-01-30 09:14:04,www.facebook.com
2014-01-30 09:14:04,www.youtube.com
2014-01-30 09:14:04,platform.twitter.com
2014-01-30 09:14:12,www.google.fr
2014-01-30 09:14:14,twitter.com
2014-01-30 09:14:19,platform.twitter.com
2014-01-30 09:14:19,www.google.fr
2014-01-30 09:14:20,www.google.fr
2014-01-30 09:14:20,ajax.googleapis.com
2014-01-30 09:14:44,www.google.fr
2014-01-30 09:14:44,www.cea.fr
2014-01-30 09:14:49,www.letemps.ch
2014-01-30 09:14:49,letemps.wemfbox.ch
2014-01-30 09:14:50,letemps.wemfbox.ch
2014-01-30 09:14:53,www.letemps.ch
2014-01-30 09:14:53,letemps.wemfbox.ch
2014-01-30 09:16:01,www.google.fr
2014-01-30 09:16:01,letemps.wemfbox.ch
2014-01-30 09:16:25,office.microsoft.com
2014-01-30 09:17:09,letemps.wemfbox.ch
2014-01-30 09:17:24,letemps.wemfbox.ch
2014-01-30 09:19:36,www.maxisciences.com
2014-01-30 09:19:36,static.mxstatic.com
2014-01-30 09:19:36,img.maxisciences.com
2014-01-30 09:19:37,www.facebook.com
2014-01-30 09:19:37,www.maxisciences.com
2014-01-30 09:19:37,s-static.ak.facebook.com
2014-01-30 09:19:37,connect.facebook.net
2014-01-30 09:19:37,static.ak.facebook.com
2014-01-30 09:19:37,static.mxstatic.com
2014-01-30 09:19:37,img1.mxstatic.com
2014-01-30 09:19:37,img0.mxstatic.com
2014-01-30 09:19:38,www.maxisciences.com
2014-01-30 09:19:38,adventori.com
2014-01-30 09:19:39,pr.ybp.yahoo.com
2014-01-30 09:19:39,rp.gwallet.com
2014-01-30 09:19:40,img1.mxstatic.com
2014-01-30 09:19:41,um.simpli.fi
2014-01-30 09:19:42,www.maxisciences.com
2014-01-30 09:19:42,tv.mxstatic.com
2014-01-30 09:19:45,vast.bp3854592.btrll.com
2014-01-30 09:19:46,img0.mxstatic.com
2014-01-30 09:19:46,vast.bp3854592.btrll.com
2014-01-30 09:19:47,liverail.api.peer39.net
2014-01-30 09:19:50,www.google.fr
2014-01-30 09:19:51,www.maxisciences.com
2014-01-30 09:19:51,static.mxstatic.com
2014-01-30 09:19:51,img1.mxstatic.com
2014-01-30 09:19:51,www.facebook.com
2014-01-30 09:19:51,img0.mxstatic.com
2014-01-30 09:20:01,www.google.fr
2014-01-30 09:20:02,tv.maxisciences.com
2014-01-30 09:30:07,translate.google.fr
2014-01-30 09:30:07,www.google.com
2014-01-30 09:30:08,translate.google.fr
2014-01-30 09:30:09,www.google.com
2014-01-30 09:30:09,translate.google.fr
2014-01-30 09:30:10,translate.google.fr
2014-01-30 09:32:56,www.google.fr
2014-01-30 09:46:39,www.google.fr
2014-01-30 09:48:05,www.google.fr
2014-01-30 09:49:03,www.google.com
2014-01-30 09:51:31,connect.facebook.net
2014-01-30 09:51:31,img0.gtsstatic.com
2014-01-30 09:51:31,www.gentside.com
2014-01-30 09:51:31,static.gtsstatic.com
2014-01-30 09:51:31,img.gentside.com
2014-01-30 09:51:31,img1.gtsstatic.com
2014-01-30 09:51:32,www.gentside.com
2014-01-30 09:51:32,tv.gtsstatic.com
2014-01-30 09:51:32,static.ak.facebook.com
2014-01-30 09:51:32,www.facebook.com
2014-01-30 09:51:32,s-static.ak.facebook.com
2014-01-30 09:51:33,www.gentside.com
2014-01-30 09:51:34,rbp.mxptint.net
2014-01-30 09:51:34,img1.gtsstatic.com
2014-01-30 09:51:34,vast.bp3854592.btrll.com
2014-01-30 09:51:35,match.rtbidder.net
2014-01-30 09:51:35,liverail.api.peer39.net
2014-01-30 09:51:45,www.facebook.com
2014-01-30 09:51:46,www.gentside.com
2014-01-30 09:51:58,tv.gentside.com
2014-01-30 09:52:11,vast.bp3854592.btrll.com
2014-01-30 09:52:14,www.google.com
2014-01-30 09:52:15,s.ytimg.com
2014-01-30 09:52:15,my.schneider-electric.com
2014-01-30 09:52:15,www.youtube.com
2014-01-30 09:52:16,my.schneider-electric.com
2014-01-30 09:52:17,my.schneider-electric.com
2014-01-30 09:52:52,www.google.fr
2014-01-30 09:53:36,www.google.fr
2014-02-13 08:02:12,www.pagesjaunes.fr
2014-02-13 08:02:12,logc258.at.pagesjaunes.fr
2014-02-13 08:02:12,www.bing.com
2014-02-13 08:02:13,logc258.at.pagesjaunes.fr
2014-02-13 08:02:13,ecn.api.tiles.virtualearth.net
2014-02-13 08:02:13,www.bing.com
2014-02-13 08:02:14,www.bing.com
2014-02-13 08:02:14,cms.abmr.net
2014-02-13 08:02:18,www.pagesjaunes.fr
2014-02-13 08:02:18,www.bing.com
2014-02-13 08:02:18,logc258.at.pagesjaunes.fr
2014-02-13 08:02:21,www.bing.com
2014-02-13 08:02:24,login.live.com
2014-02-13 08:02:25,login.live.com
2014-02-13 08:04:36,ieonline.microsoft.com
2014-02-13 08:15:20,www.bing.com
2014-02-13 08:15:24,www.bing.com
2014-02-13 08:15:29,www.bing.com
2014-02-13 08:15:31,login.live.com
2014-02-13 08:15:32,bits.wikimedia.org
2014-02-13 08:15:32,fr.wikipedia.org
2014-02-13 08:15:32,www.bing.com
2014-02-13 08:15:33,bits.wikimedia.org
2014-02-13 08:15:33,login.wikimedia.org
2014-02-13 08:15:33,meta.wikimedia.org
2014-02-13 08:15:33,fr.wikipedia.org
2014-02-13 08:15:33,login.live.com
2014-02-13 08:15:34,bits.wikimedia.org
2014-02-13 08:18:40,www.bing.com
2014-02-13 08:18:42,www.bing.com
2014-02-13 08:18:42,login.live.com
2014-02-13 08:18:43,www.bing.com
2014-02-13 08:18:53,www.bing.com
2014-02-13 08:18:54,login.live.com
2014-02-13 08:18:57,www.bing.com
2014-02-13 08:18:58,fr.wikipedia.org
2014-02-13 08:18:58,bits.wikimedia.org
2014-02-13 08:18:58,meta.wikimedia.org
2014-02-13 08:19:08,www.bing.com
2014-02-13 08:19:08,ssl.bing.com
2014-02-13 08:19:19,www.bing.com
2014-02-13 08:19:25,www.bing.com
2014-02-13 08:19:25,login.live.com
2014-02-13 08:19:29,www.bing.com
2014-02-13 08:19:31,www.bing.com
2014-02-13 08:19:33,www.bing.com
2014-02-13 08:19:35,www.bing.com
2014-02-13 08:19:35,login.live.com
2014-02-13 08:19:43,www.bing.com
2014-02-13 08:19:48,www.bing.com
2014-02-13 08:20:30,www.cea.fr
2014-02-13 08:20:30,www.google.fr
2014-02-13 08:20:44,www.cea.fr
2014-02-13 08:20:44,www.google.fr
2014-02-13 08:21:18,ssl.bing.com
2014-02-13 08:22:45,www.bing.com
2014-02-13 08:22:47,bits.wikimedia.org
2014-02-13 08:22:47,login.live.com
2014-02-13 08:22:47,fr.wikipedia.org
2014-02-13 08:22:47,www.bing.com
2014-02-13 08:22:47,meta.wikimedia.org
2014-02-13 08:26:31,bits.wikimedia.org
2014-02-13 08:26:31,meta.wikimedia.org
2014-02-13 08:26:31,fr.wikipedia.org
2014-02-13 08:27:12,static.mxstatic.com
2014-02-13 08:27:12,img.maxisciences.com
2014-02-13 08:27:12,www.maxisciences.com
2014-02-13 08:27:13,www.facebook.com
2014-02-13 08:27:13,static.ak.facebook.com
2014-02-13 08:27:13,connect.facebook.net
2014-02-13 08:27:13,www.maxisciences.com
2014-02-13 08:27:13,img0.mxstatic.com
2014-02-13 08:27:13,img1.mxstatic.com
2014-02-13 08:27:13,static.mxstatic.com
2014-02-13 08:27:13,s-static.ak.facebook.com
2014-02-13 08:27:14,videosfr.s3.amazonaws.com
2014-02-13 08:27:14,static.gtsstatic.com
2014-02-13 08:27:15,fpdownload2.macromedia.com
2014-02-13 08:27:15,hal9000.redintelligence.net
2014-02-13 08:27:15,www.maxisciences.com
2014-02-13 08:27:25,www.les-crises.fr
2014-02-13 08:27:26,1.gravatar.com
2014-02-13 08:27:26,www.les-crises.fr
2014-02-13 08:27:26,0.gravatar.com
2014-02-13 08:27:26,s.gravatar.com
2014-02-13 08:27:26,connect.facebook.net
2014-02-13 08:27:26,s0.wp.com
2014-02-13 08:27:26,static.ak.facebook.com
2014-02-13 08:27:26,www.facebook.com
2014-02-13 08:27:26,s-static.ak.facebook.com
2014-02-13 08:27:27,www.les-crises.fr
2014-02-13 08:27:27,apis.google.com
2014-02-13 08:27:27,www.facebook.com
2014-02-13 08:27:27,platform.twitter.com
2014-02-13 08:27:30,platform.twitter.com
2014-02-13 08:27:41,apis.google.com
2014-02-13 08:27:41,twitter.com
2014-02-13 08:27:43,accounts.google.com
2014-02-13 08:27:47,apis.google.com
2014-02-13 08:27:47,platform.twitter.com
2014-02-13 08:27:47,www.les-crises.fr
2014-02-13 08:28:11,twitter.com
2014-02-13 08:29:47,accounts.google.com
2014-02-13 08:42:30,www.google.fr
2014-02-13 08:42:31,www.cea.fr
2014-02-13 08:42:49,ws.amazon.ca
2014-02-13 08:42:49,g-ecx.images-amazon.com
2014-02-13 08:42:50,wms.assoc-amazon.ca
2014-02-13 08:42:50,g-ecx.images-amazon.com
2014-02-13 08:42:50,ws.amazon.ca
2014-02-13 08:42:51,wms.assoc-amazon.ca
2014-02-13 08:42:51,ecx.images-amazon.com
2014-02-13 08:42:51,g-ecx.images-amazon.com
2014-02-13 08:42:51,www.assoc-amazon.ca
2014-02-13 08:42:51,ws.amazon.ca
2014-02-13 08:42:52,www.assoc-amazon.ca
2014-02-13 08:42:52,ws.amazon.ca
2014-02-13 08:42:53,ecx.images-amazon.com
2014-02-13 08:43:01,connect.facebook.net
2014-02-13 08:43:01,img1.gtsstatic.com
2014-02-13 08:43:01,img0.gtsstatic.com
2014-02-13 08:43:01,img.gentside.com
2014-02-13 08:43:01,static.gtsstatic.com
2014-02-13 08:43:01,www.gentside.com
2014-02-13 08:43:04,static.gtsstatic.com
2014-02-13 08:43:04,tv.gtsstatic.com
2014-02-13 08:43:04,www.facebook.com
2014-02-13 08:43:04,static.ak.facebook.com
2014-02-13 08:43:04,www.gentside.com
2014-02-13 08:43:04,s-static.ak.facebook.com
2014-02-13 08:43:13,s-static.ak.facebook.com
2014-02-13 08:43:13,static.gtsstatic.com
2014-02-13 08:43:13,www.maxisciences.com
2014-02-13 08:43:13,static.mxstatic.com
2014-02-13 08:43:13,img.maxisciences.com
2014-02-13 08:43:13,img1.mxstatic.com
2014-02-13 08:43:13,img0.mxstatic.com
2014-02-13 08:43:13,connect.facebook.net
2014-02-13 08:43:13,static.ak.facebook.com
2014-02-13 08:43:13,www.facebook.com
2014-02-13 08:43:15,pr.ybp.yahoo.com
2014-02-13 08:43:16,match.rtbidder.net
2014-02-13 08:43:27,www.maxisciences.com
2014-02-13 08:44:35,img1.gtsstatic.com
2014-02-13 08:44:35,www.gentside.com
2014-02-13 08:44:35,static.gtsstatic.com
2014-02-13 08:44:35,img.gentside.com
2014-02-13 08:44:35,img0.gtsstatic.com
2014-02-13 08:44:35,connect.facebook.net
2014-02-13 08:44:36,tv.gtsstatic.com
2014-02-13 08:44:36,static.ak.facebook.com
2014-02-13 08:44:36,www.gentside.com
2014-02-13 08:44:36,www.facebook.com
2014-02-13 08:44:36,s-static.ak.facebook.com
2014-02-13 08:44:36,static.gtsstatic.com
2014-02-13 08:44:38,meta.wikimedia.org
2014-02-13 08:44:38,fr.wikipedia.org
2014-02-13 08:44:47,www.google.fr
2014-02-13 08:44:47,www.cea.fr
2014-02-13 08:45:49,www.google.fr
2014-02-13 08:46:00,www.bing.com
2014-02-13 08:46:01,www.google.fr
2014-02-13 08:46:01,www.bing.com
2014-02-13 08:46:02,login.live.com
2014-02-13 08:46:02,www.bing.com
2014-02-13 08:46:02,ts3.explicit.bing.net
2014-02-13 08:46:02,ts2.explicit.bing.net
2014-02-13 08:46:03,www.bing.com
2014-02-13 08:46:03,ts4.mm.bing.net
2014-02-13 08:46:03,ts2.mm.bing.net
2014-02-13 08:46:03,ts1.mm.bing.net
2014-02-13 08:46:03,ts3.mm.bing.net
2014-02-13 08:46:03,ts3.explicit.bing.net
2014-02-13 08:46:04,www.bing.com
2014-02-13 08:46:04,ts4.mm.bing.net
2014-02-13 08:46:04,ts3.mm.bing.net
2014-02-13 08:46:04,ts2.mm.bing.net
2014-02-13 08:46:04,ts1.mm.bing.net
2014-02-13 08:46:04,ts4.explicit.bing.net
2014-02-13 08:46:05,ts1.mm.bing.net
2014-02-13 08:46:05,www.bing.com
2014-02-13 08:46:05,ts2.explicit.bing.net
2014-02-13 08:46:05,ts3.mm.bing.net
2014-02-13 08:46:05,ts1.explicit.bing.net
2014-02-13 08:46:05,ts4.mm.bing.net
2014-02-13 08:46:05,ts2.mm.bing.net
2014-02-13 08:46:06,ts4.mm.bing.net
2014-02-13 08:46:06,www.bing.com
2014-02-13 08:46:06,ts1.mm.bing.net
2014-02-13 08:46:06,ts3.mm.bing.net
2014-02-13 08:46:06,ts2.mm.bing.net
2014-02-13 08:46:06,ts3.explicit.bing.net
2014-02-13 08:46:06,ts2.explicit.bing.net
2014-02-13 08:46:07,ts3.explicit.bing.net
2014-02-13 08:46:07,ts1.mm.bing.net
2014-02-13 08:46:07,ts2.mm.bing.net
2014-02-13 08:46:07,ts3.mm.bing.net
2014-02-13 08:46:07,ts4.mm.bing.net
2014-02-13 08:46:07,www.bing.com
2014-02-13 08:46:08,ts1.explicit.bing.net
2014-02-13 08:46:08,ts2.mm.bing.net
2014-02-13 08:46:08,ts4.mm.bing.net
2014-02-13 08:46:08,ts4.explicit.bing.net
2014-02-13 08:46:08,ts1.mm.bing.net
2014-02-13 08:46:08,www.bing.com
2014-02-13 08:46:08,ts3.mm.bing.net
2014-02-13 08:46:09,ts1.explicit.bing.net
2014-02-13 08:46:09,ts3.mm.bing.net
2014-02-13 08:46:09,ts4.mm.bing.net
2014-02-13 08:46:09,ts1.mm.bing.net
2014-02-13 08:46:09,ts2.mm.bing.net
2014-02-13 08:46:09,ts2.explicit.bing.net
2014-02-13 08:46:09,www.bing.com
2014-02-13 08:46:10,ts1.mm.bing.net
2014-02-13 08:46:10,www.bing.com
2014-02-13 08:46:10,ts4.mm.bing.net
2014-02-13 08:46:10,img.src.ca
2014-02-13 08:46:10,www.institut-polaire.fr
2014-02-13 08:46:11,www.bing.com
2014-02-13 08:46:11,www.cnrs.fr
2014-02-13 08:46:11,www.savoirs.essonne.fr
2014-02-13 08:46:11,www.blog-de-glace.org
2014-02-13 08:46:12,www.bing.com
2014-02-13 08:46:12,www.vagabond.fr
2014-02-13 08:46:12,sciences.blogs.liberation.fr
2014-02-13 08:46:12,ts1.mm.bing.net
2014-02-13 08:46:12,nature.ca
2014-02-13 08:46:14,www.bing.com
2014-02-13 08:46:14,ts1.mm.bing.net
2014-02-13 08:46:15,www.bing.com
2014-02-13 08:46:16,www.bing.com
2014-02-13 08:46:16,ts1.mm.bing.net
2014-02-13 08:46:17,ts1.mm.bing.net
2014-02-13 08:46:17,www.bing.com
2014-02-13 08:46:19,www.bing.com
2014-02-13 08:46:20,www.bing.com
2014-02-13 08:46:20,login.live.com
2014-02-13 08:46:21,www.bing.com
2014-02-13 08:46:21,ts1.mm.bing.net
2014-02-13 08:46:22,ts1.mm.bing.net
2014-02-13 08:46:24,www.bing.com
2014-02-13 08:46:24,ts1.mm.bing.net
2014-02-13 08:46:25,www.bing.com
2014-02-13 08:46:26,www.bing.com
2014-02-13 08:46:27,www.bing.com
2014-02-13 08:46:29,www.bing.com
2014-02-13 08:46:30,www.bing.com
2014-02-13 08:46:30,ts1.mm.bing.net
2014-02-13 08:46:31,www.bing.com
2014-02-13 08:46:31,ts1.mm.bing.net
2014-02-13 08:46:32,www.bing.com
2014-02-13 08:46:32,ts1.mm.bing.net
2014-02-13 08:46:33,www.bing.com
2014-02-13 08:46:34,www.bing.com
2014-02-13 08:46:34,ssl.bing.com
2014-02-13 08:46:35,www.bing.com
2014-02-13 08:46:38,www.bing.com
2014-02-13 08:46:39,www.bing.com
2014-02-13 08:46:39,ssl.bing.com
2014-02-13 08:46:40,ts3.mm.bing.net
2014-02-13 08:46:40,ts2.mm.bing.net
2014-02-13 08:46:40,ts4.mm.bing.net
2014-02-13 08:46:40,ts1.mm.bing.net
2014-02-13 08:46:40,www.bing.com
2014-02-13 08:46:41,www.bing.com
2014-02-13 08:46:41,ts1.mm.bing.net
2014-02-13 08:46:41,ts3.mm.bing.net
2014-02-13 08:46:41,ts2.mm.bing.net
2014-02-13 08:46:41,ts4.mm.bing.net
2014-02-13 08:46:41,ts1.explicit.bing.net
2014-02-13 08:46:42,ts2.mm.bing.net
2014-02-13 08:46:42,ts3.mm.bing.net
2014-02-13 08:46:42,ts1.mm.bing.net
2014-02-13 08:46:42,ts4.mm.bing.net
2014-02-13 08:46:43,www.bing.com
2014-02-13 08:46:43,ts1.mm.bing.net
2014-02-13 08:46:43,ts4.mm.bing.net
2014-02-13 08:46:43,ts3.mm.bing.net
2014-02-13 08:46:43,ts2.mm.bing.net
2014-02-13 08:46:44,ts3.mm.bing.net
2014-02-13 08:46:44,ts1.mm.bing.net
2014-02-13 08:46:44,www.bing.com
2014-02-13 08:46:44,ts2.mm.bing.net
2014-02-13 08:46:45,ts3.mm.bing.net
2014-02-13 08:46:45,ts4.mm.bing.net
2014-02-13 08:46:45,ts2.mm.bing.net
2014-02-13 08:46:45,ts1.mm.bing.net
2014-02-13 08:46:45,www.bing.com
2014-02-13 08:46:46,ts2.mm.bing.net
2014-02-13 08:46:46,ts4.mm.bing.net
2014-02-13 08:46:46,www.bing.com
2014-02-13 08:46:46,ts1.mm.bing.net
2014-02-13 08:46:46,ts3.mm.bing.net
2014-02-13 08:46:47,ts3.mm.bing.net
2014-02-13 08:46:47,ts2.mm.bing.net
2014-02-13 08:46:47,ts1.mm.bing.net
2014-02-13 08:46:47,ts4.mm.bing.net
2014-02-13 08:46:48,ts2.mm.bing.net
2014-02-13 08:46:48,www.bing.com
2014-02-13 08:46:48,ts1.mm.bing.net
2014-02-13 08:46:48,ts3.mm.bing.net
2014-02-13 08:46:49,ts1.mm.bing.net
2014-02-13 08:46:49,www.bing.com
2014-02-13 08:46:50,ts1.mm.bing.net
2014-02-13 08:46:50,www.bing.com
2014-02-13 08:46:55,www.bing.com
2014-02-13 08:46:55,ts2.explicit.bing.net
2014-02-13 08:46:55,ts3.explicit.bing.net
2014-02-13 08:46:55,ts4.explicit.bing.net
2014-02-13 08:46:55,ts1.explicit.bing.net
2014-02-13 08:46:56,www.bing.com
2014-02-13 08:46:56,ts2.explicit.bing.net
2014-02-13 08:46:56,ts1.explicit.bing.net
2014-02-13 08:46:57,www.bing.com
2014-02-13 08:46:58,www.bing.com
2014-02-13 08:46:59,www.institut-polaire.fr
2014-02-13 08:46:59,ts4.mm.bing.net
2014-02-13 08:46:59,www.bing.com
2014-02-13 08:47:02,ts1.mm.bing.net
2014-02-13 08:47:03,ts1.mm.bing.net
2014-02-13 08:47:03,www.ddmagazine.com
2014-02-13 08:47:03,www.astrosurf.com
2014-02-13 08:47:03,www.institut-polaire.fr
2014-02-13 08:47:03,www.greenfacts.org
2014-02-13 08:47:04,www.bing.com
2014-02-13 08:47:04,www.museevirtuel-virtualmuseum.ca
2014-02-13 08:47:04,www.quebecgeographique.gouv.qc.ca
2014-02-13 08:47:07,login.live.com
2014-02-13 08:47:07,www.bing.com
2014-02-13 08:47:07,ts1.mm.bing.net
2014-02-13 08:47:08,ts1.mm.bing.net
2014-02-13 08:49:31,www.bing.com
2014-02-13 08:50:41,ssl.bing.com
2014-02-13 08:50:41,www.maxisciences.com
2014-02-13 08:50:42,s-static.ak.facebook.com
2014-02-13 08:50:42,static.mxstatic.com
2014-02-13 08:50:42,img.maxisciences.com
2014-02-13 08:50:42,img1.mxstatic.com
2014-02-13 08:50:42,connect.facebook.net
2014-02-13 08:50:42,static.ak.facebook.com
2014-02-13 08:50:42,www.maxisciences.com
2014-02-13 08:50:42,www.facebook.com
2014-02-13 08:50:42,static.gtsstatic.com
2014-02-13 08:50:42,img0.mxstatic.com
2014-02-13 08:50:43,um.simpli.fi
2014-02-13 08:50:43,rp.gwallet.com
2014-02-13 08:50:44,www.google.com
2014-02-13 08:50:48,rubicon-match.dotomi.com
2014-02-13 08:50:48,dtm.eastbay.com
2014-02-13 08:50:56,www.maxisciences.com
2014-02-13 08:51:21,www.bing.com
2014-02-13 08:51:24,www.maxisciences.com
2014-02-13 08:51:25,www.facebook.com
2014-02-13 08:51:25,www.maxisciences.com
2014-02-13 08:51:25,s-static.ak.facebook.com
2014-02-13 08:51:25,static.gtsstatic.com
2014-02-13 08:51:25,static.mxstatic.com
2014-02-13 08:51:25,static.ak.facebook.com
2014-02-13 08:51:47,www.bing.com
2014-02-13 08:51:54,www.bing.com
2014-02-13 08:51:56,www.bing.com
2014-02-13 08:51:58,www.bing.com
2014-02-13 08:52:08,www.google.fr
2014-02-13 08:52:19,www.google.fr
2014-02-13 08:52:22,www.google.com
2014-02-13 08:52:30,www.google.com
2014-02-13 08:52:30,apis.google.com
2014-02-13 08:52:30,www.google.fr
2014-02-13 08:52:30,clients1.google.fr
2014-02-13 08:52:35,www.google.fr
2014-02-13 08:52:37,www.google.fr
2014-02-13 08:52:38,www.google.fr
2014-02-13 08:52:38,www.noosfere.org
2014-02-13 08:52:46,www.google.fr
2014-02-13 08:52:46,www.gmodules.com
2014-02-13 08:52:46,clients1.google.fr
2014-02-13 08:53:02,www.google.fr
2014-02-13 08:54:39,s-static.ak.facebook.com
2014-02-13 08:54:39,static.ak.facebook.com
2014-02-13 08:54:39,www.facebook.com
2014-02-13 08:54:39,www.maxisciences.com
2014-02-13 08:54:40,www.maxisciences.com
2014-02-13 08:54:40,www.facebook.com
2014-02-13 08:54:41,rbp.mxptint.net
2014-02-13 08:58:27,svtmarcq.e-monsite.com
2014-02-13 09:00:22,ws.amazon.ca
2014-02-13 09:00:23,ws.amazon.ca
2014-02-13 09:00:23,wms.assoc-amazon.ca
2014-02-13 09:00:23,www.assoc-amazon.ca
2014-02-13 09:01:02,www.google.fr
2014-02-13 09:01:03,www.google.fr
2014-02-13 09:01:04,www.noosfere.org
2014-02-13 09:03:04,www.google.fr
2014-02-13 09:03:04,clients1.google.fr
2014-02-13 09:03:47,office14client.microsoft.com
2014-02-13 09:03:48,office.microsoft.com
2014-02-13 09:03:49,office.microsoft.com
2014-02-13 09:35:30,bibliotheque.clermont-universite.fr
2014-02-13 09:35:31,bibliotheque.clermont-universite.fr
2014-02-27 08:02:20,clients1.google.com
2014-02-27 08:02:20,gtglobal-ocsp.geotrust.com
2014-02-27 08:02:26,clients1.google.com
2014-02-27 08:02:34,www.google.fr
2014-02-27 08:02:34,ocsp.tcs.terena.org
2014-02-27 08:02:34,clients1.google.com
2014-02-27 08:02:34,ocsp.usertrust.com
2014-02-27 08:02:37,safebrowsing.clients.google.com
2014-02-27 08:02:37,safebrowsing-cache.google.com
2014-02-27 08:03:14,gtssl-ocsp.geotrust.com
2014-02-27 08:04:57,office14client.microsoft.com
2014-02-27 08:04:58,office.microsoft.com
2014-02-27 08:05:23,www.google.fr
2014-02-27 08:05:23,apis.google.com
2014-02-27 08:05:23,www.google.com
2014-02-27 08:05:34,sb-ssl.google.com
2014-02-27 08:08:11,ocsp.thawte.com
2014-02-27 08:34:00,safebrowsing.clients.google.com
2014-02-27 08:34:00,safebrowsing-cache.google.com
2014-02-27 09:04:23,safebrowsing.clients.google.com
2014-02-27 09:04:23,safebrowsing-cache.google.com
2014-02-27 09:35:01,safebrowsing.clients.google.com
2014-02-27 09:35:01,safebrowsing-cache.google.com
2014-02-27 09:36:32,ocsp.tcs.terena.org
2014-02-27 09:36:32,ocsp.usertrust.com
2014-03-04 08:00:50,gtssl-ocsp.geotrust.com
2014-03-04 08:01:32,clients1.google.com
2014-03-04 08:01:32,gtglobal-ocsp.geotrust.com
2014-03-04 08:01:37,clients1.google.com
2014-03-04 08:01:41,www.google.fr
2014-03-04 08:01:42,www.google.fr
2014-03-04 08:01:42,ocsp.tcs.terena.org
2014-03-04 08:01:42,clients1.google.com
2014-03-04 08:01:42,ocsp.usertrust.com
2014-03-04 08:03:37,office14client.microsoft.com
2014-03-04 08:03:37,office.microsoft.com
2014-03-04 08:03:38,office.microsoft.com
2014-03-04 08:03:56,safebrowsing-cache.google.com
2014-03-04 08:03:56,safebrowsing.clients.google.com
2014-03-04 08:04:32,www.google.com
2014-03-04 08:04:32,apis.google.com
2014-03-04 08:04:34,www.google.fr
2014-03-04 08:05:47,ocsp.thawte.com
2014-03-04 08:06:52,sb-ssl.google.com
2014-03-04 08:07:47,ocsp.verisign.com
2014-03-04 08:09:47,ocsp.digicert.com
2014-03-04 08:28:59,www.google.com
2014-03-04 08:29:07,www.google.fr
2014-03-04 08:29:07,clients1.google.fr
2014-03-04 08:33:15,www.google.fr
2014-03-04 08:33:16,us.cdn4.123rf.com
2014-03-04 08:33:17,us.cdn1.123rf.com
2014-03-04 08:33:17,us.cdn3.123rf.com
2014-03-04 08:33:17,fr.123rf.com
2014-03-04 08:33:17,us.cdn4.123rf.com
2014-03-04 08:33:17,d3fqh47ho4rujh.cloudfront.net
2014-03-04 08:33:17,us.cdn2.123rf.com
2014-03-04 08:33:18,us.cdn4.123rf.com
2014-03-04 08:33:18,us.cdn2.123rf.com
2014-03-04 08:33:18,us.cdn1.123rf.com
2014-03-04 08:33:18,us.cdn3.123rf.com
2014-03-04 08:33:18,d3fqh47ho4rujh.cloudfront.net
2014-03-04 08:33:18,fr.123rf.com
2014-03-04 08:33:18,seal-chicago.bbb.org
2014-03-04 08:33:19,www.123rf.com
2014-03-04 08:33:19,seal-chicago.bbb.org
2014-03-04 08:33:23,safebrowsing-cache.google.com
2014-03-04 08:33:23,safebrowsing.clients.google.com
2014-03-04 08:36:10,www.google.fr
2014-03-04 08:47:06,www.google.fr
2014-03-04 08:47:07,thumbs.dreamstime.com
2014-03-04 08:47:07,fr.dreamstime.com
2014-03-04 08:47:08,www.facebook.com
2014-03-04 08:47:08,thumbs.dreamstime.com
2014-03-04 08:47:08,fr.dreamstime.com
2014-03-04 08:47:09,thumbs.dreamstime.com
2014-03-04 08:47:09,evsecure-ocsp.verisign.com
2014-03-04 08:47:09,www.google.fr
2014-03-04 08:47:09,clients1.google.com
2014-03-04 08:47:09,www.google.com
2014-03-04 08:47:09,www.facebook.com
2014-03-04 08:47:09,dnn506yrbagrg.cloudfront.net
2014-03-04 08:47:09,platform.twitter.com
2014-03-04 08:47:09,fr.dreamstime.com
2014-03-04 08:47:40,twitter.com
2014-03-04 08:48:32,www.google.fr
2014-03-04 08:48:32,us.cdn2.123rf.com
2014-03-04 08:48:33,us.cdn2.123rf.com
2014-03-04 08:48:33,us.cdn4.123rf.com
2014-03-04 08:48:33,us.cdn3.123rf.com
2014-03-04 08:48:33,fr.123rf.com
2014-03-04 08:48:33,us.cdn1.123rf.com
2014-03-04 08:48:33,d3fqh47ho4rujh.cloudfront.net
2014-03-04 08:48:34,us.cdn2.123rf.com
2014-03-04 08:48:34,us.cdn3.123rf.com
2014-03-04 08:48:34,us.cdn4.123rf.com
2014-03-04 08:48:34,www.123rf.com
2014-03-04 08:48:34,us.cdn1.123rf.com
2014-03-04 08:48:55,www.google.fr
2014-03-04 08:48:55,fr.dreamstime.com
2014-03-04 08:48:55,www.facebook.com
2014-03-04 08:48:55,thumbs.dreamstime.com
2014-03-04 08:48:56,dnn506yrbagrg.cloudfront.net
2014-03-04 08:48:56,www.google.com
2014-03-04 08:48:56,fr.dreamstime.com
2014-03-04 08:48:56,www.google.fr
2014-03-04 08:49:26,twitter.com
2014-03-04 08:49:46,clients1.google.fr
2014-03-04 08:50:03,ajax.googleapis.com
2014-03-04 08:50:05,accounts.google.com
2014-03-04 08:51:50,apis.google.com
2014-03-04 08:52:45,www.google.fr
2014-03-04 08:52:45,thumbs.dreamstime.com
2014-03-04 08:52:46,fr.dreamstime.com
2014-03-04 08:52:46,www.facebook.com
2014-03-04 08:52:46,www.google.com
2014-03-04 08:52:46,thumbs.dreamstime.com
2014-03-04 08:52:47,www.google.com
2014-03-04 08:52:47,thumbs.dreamstime.com
2014-03-04 08:52:47,www.google.fr
2014-03-04 08:52:47,fr.dreamstime.com
2014-03-04 08:53:12,www.google.fr
2014-03-04 08:53:13,us.cdn4.123rf.com
2014-03-04 08:53:14,us.cdn4.123rf.com
2014-03-04 08:53:14,d3fqh47ho4rujh.cloudfront.net
2014-03-04 08:53:14,us.cdn2.123rf.com
2014-03-04 08:53:14,us.cdn3.123rf.com
2014-03-04 08:53:14,us.cdn1.123rf.com
2014-03-04 08:53:14,fr.123rf.com
2014-03-04 08:53:15,us.cdn2.123rf.com
2014-03-04 08:53:15,us.cdn1.123rf.com
2014-03-04 08:53:15,us.cdn4.123rf.com
2014-03-04 08:53:15,d3fqh47ho4rujh.cloudfront.net
2014-03-04 08:53:15,www.123rf.com
2014-03-04 08:53:15,us.cdn3.123rf.com
2014-03-04 08:53:17,twitter.com
2014-03-04 08:54:04,www.google.fr
2014-03-04 08:54:05,cineclap.free.fr
2014-03-04 08:54:05,ajax.googleapis.com
2014-03-04 08:54:05,cineclap.disqus.com
2014-03-04 08:54:06,cineclap.free.fr
2014-03-04 08:54:06,platform.twitter.com
2014-03-04 08:54:06,connect.facebook.net
2014-03-04 08:54:06,static.ak.facebook.com
2014-03-04 08:54:07,widgets.pinterest.com
2014-03-04 08:54:07,disqus.com
2014-03-04 08:54:07,go.disqus.com
2014-03-04 08:54:08,www.facebook.com
2014-03-04 08:54:08,disqus.com
2014-03-04 08:54:09,ocsp.verisign.com
2014-03-04 08:54:09,platform.twitter.com
2014-03-04 08:54:09,disqus.com
2014-03-04 08:54:37,twitter.com
2014-03-04 08:56:02,s-static.ak.facebook.com
2014-03-04 08:56:27,www.google.fr
2014-03-04 08:56:28,us.cdn3.123rf.com
2014-03-04 08:56:28,d3fqh47ho4rujh.cloudfront.net
2014-03-04 08:56:28,us.cdn1.123rf.com
2014-03-04 08:56:28,us.cdn2.123rf.com
2014-03-04 08:56:28,us.cdn4.123rf.com
2014-03-04 08:56:28,fr.123rf.com
2014-03-04 08:56:29,us.cdn2.123rf.com
2014-03-04 08:56:29,d3fqh47ho4rujh.cloudfront.net
2014-03-04 08:56:29,us.cdn1.123rf.com
2014-03-04 08:56:29,us.cdn4.123rf.com
2014-03-04 08:56:29,us.cdn3.123rf.com
2014-03-04 08:56:30,us.cdn4.123rf.com
2014-03-04 08:56:30,www.123rf.com
2014-03-04 08:56:36,d3fqh47ho4rujh.cloudfront.net
2014-03-04 08:56:37,d3fqh47ho4rujh.cloudfront.net
2014-03-04 08:56:37,fr.123rf.com
2014-03-04 08:56:37,us.123rf.com
2014-03-04 08:56:37,www.123rf.com
2014-03-04 08:56:41,us.123rf.com
2014-03-04 08:57:00,apis.google.com
2014-03-04 08:57:02,accounts.google.com
2014-03-04 08:57:10,www.facebook.com
2014-03-04 08:58:09,us.123rf.com
2014-03-04 08:58:14,d3fqh47ho4rujh.cloudfront.net
2014-03-04 08:58:15,d3fqh47ho4rujh.cloudfront.net
2014-03-04 08:58:15,us.123rf.com
2014-03-04 08:58:15,fr.123rf.com
2014-03-04 08:58:16,www.123rf.com
2014-03-04 08:58:16,d3klshmqqidl5x.cloudfront.net
2014-03-04 08:58:16,us.123rf.com
2014-03-04 08:58:17,us.123rf.com
2014-03-04 08:58:34,fr.123rf.com
2014-03-04 08:58:35,d3fqh47ho4rujh.cloudfront.net
2014-03-04 08:58:35,fr.123rf.com
2014-03-04 08:58:35,d3klshmqqidl5x.cloudfront.net
2014-03-04 08:58:36,d3klshmqqidl5x.cloudfront.net
2014-03-04 08:58:36,www.google.com
2014-03-04 08:58:36,www.google.fr
2014-03-04 08:58:36,fr.123rf.com
2014-03-04 08:58:41,fr.123rf.com
2014-03-04 08:58:41,www.123rf.com
2014-03-04 08:58:41,www.google.fr
2014-03-04 08:59:03,www.google.fr
2014-03-04 08:59:03,static.freepik.com
2014-03-04 08:59:03,fr.freepik.com
2014-03-04 08:59:04,www.freepik.com
2014-03-04 08:59:04,204.10.32.68
2014-03-04 08:59:04,cdnss.freepik.com
2014-03-04 08:59:04,cdns2.freepik.com
2014-03-04 08:59:04,connect.facebook.net
2014-03-04 08:59:04,cdn3.freepik.com
2014-03-04 08:59:04,cdn4.freepik.com
2014-03-04 08:59:04,cdn2.freepik.com
2014-03-04 08:59:04,cdn1.freepik.com
2014-03-04 08:59:04,fr.freepik.com
2014-03-04 08:59:04,ajax.googleapis.com
2014-03-04 08:59:05,fr.freepik.com
2014-03-04 08:59:05,cdnss.freepik.com
2014-03-04 08:59:06,api.pinterest.com
2014-03-04 08:59:06,static.freepik.com
2014-03-04 08:59:06,cdnss.freepik.com
2014-03-04 08:59:06,clients1.google.com
2014-03-04 08:59:06,www.google.com
2014-03-04 09:01:31,ajax.googleapis.com
2014-03-04 09:01:32,www.google.fr
2014-03-04 09:01:50,clients1.google.fr
2014-03-04 09:02:07,graph.facebook.com
2014-03-04 09:03:02,safebrowsing.clients.google.com
2014-03-04 09:03:02,safebrowsing-cache.google.com
2014-03-04 09:03:03,safebrowsing-cache.google.com
2014-03-04 09:34:42,safebrowsing.clients.google.com
2014-03-04 09:34:42,safebrowsing-cache.google.com
2014-03-20 08:04:23,office.microsoft.com
2014-03-20 08:04:23,office14client.microsoft.com
2014-03-20 08:04:25,office.microsoft.com
2014-03-20 08:09:09,rr.office.microsoft.com
2014-03-20 08:09:09,api.bing.com
2014-03-20 08:09:10,integrate.factiva.com
2014-03-20 08:09:10,services.highbeam.com
2014-03-20 08:09:10,www.microsofttranslator.com
2014-03-20 08:09:10,office.microsoft.com
2014-03-20 08:09:12,www.worldlingo.com
2014-03-20 08:25:06,clients1.google.com
2014-03-20 08:25:06,gtglobal-ocsp.geotrust.com
2014-03-20 08:25:12,clients1.google.com
2014-03-20 08:25:52,gtssl-ocsp.geotrust.com
2014-03-20 08:26:23,www.google.fr
2014-03-20 08:26:24,tristan.ferroir.fr
2014-03-20 08:26:24,1.gravatar.com
2014-03-20 08:26:24,tristan.ferroir.free.fr
2014-03-20 08:26:24,0.gravatar.com
2014-03-20 08:26:25,0.gravatar.com
2014-03-20 08:26:25,1.gravatar.com
2014-03-20 08:26:25,tristan.ferroir.fr
2014-03-20 08:26:26,tristan.ferroir.fr
2014-03-20 08:26:26,www.google.fr
2014-03-20 08:26:44,ocsp.verisign.com
2014-03-20 08:27:16,safebrowsing-cache.google.com
2014-03-20 08:27:16,safebrowsing.clients.google.com
2014-03-20 08:28:08,www.google.com
2014-03-20 08:28:09,apis.google.com
2014-03-20 08:28:20,id.google.fr
2014-03-20 08:28:44,ocsp.digicert.com
2014-03-20 08:28:47,clients1.google.fr
2014-03-20 08:29:17,www.google.fr
2014-03-20 08:34:44,ocsp.thawte.com
2014-03-20 08:43:27,office.microsoft.com
2014-03-20 08:56:02,safebrowsing.clients.google.com
2014-03-20 08:56:02,safebrowsing-cache.google.com
2014-03-20 08:56:02,ocsp.tcs.terena.org
2014-03-20 08:56:03,ocsp.usertrust.com
2014-03-20 08:56:03,safebrowsing-cache.google.com
2014-03-20 08:56:04,www.google.com
2014-03-20 08:56:05,www.google.com
2014-03-20 08:56:28,www.google.fr
2014-03-20 08:56:29,clients1.google.com
2014-03-20 08:56:29,thumbs.dreamstime.com
2014-03-20 08:56:29,fr.dreamstime.com
2014-03-20 08:56:30,fr.dreamstime.com
2014-03-20 08:56:30,thumbs.dreamstime.com
2014-03-20 08:56:30,www.facebook.com
2014-03-20 08:56:30,platform.twitter.com
2014-03-20 08:56:30,dnn506yrbagrg.cloudfront.net
2014-03-20 08:56:30,www.google.com
2014-03-20 08:56:30,www.google.fr
2014-03-20 08:56:31,fr.dreamstime.com
2014-03-20 08:56:31,evsecure-ocsp.verisign.com
2014-03-20 08:56:31,thumbs.dreamstime.com
2014-03-20 08:56:31,clients1.google.com
2014-03-20 08:56:31,www.google.fr
2014-03-20 08:56:57,rr.office.microsoft.com
2014-03-20 08:57:01,twitter.com
2014-03-20 08:59:04,www.google.com
2014-03-20 08:59:13,clients1.google.fr
2014-03-20 08:59:18,www.google.fr
2014-03-20 08:59:25,ajax.googleapis.com
2014-03-20 08:59:25,apis.google.com
2014-03-20 08:59:26,accounts.google.com
2014-03-20 09:00:48,www.google.com
2014-03-20 09:03:54,www.google.com
2014-03-20 09:04:03,clients1.google.fr
2014-03-20 09:04:25,www.google.fr
2014-03-20 09:06:04,paleolithique.free.fr
2014-03-20 09:06:04,www.google.fr
2014-03-20 09:06:11,www.google.fr
2014-03-20 09:06:12,www.google.fr
2014-03-20 09:06:12,pedagogie.ac-toulouse.fr
2014-03-20 09:06:14,pedagogie.ac-toulouse.fr
2014-03-20 09:06:14,www.google.fr
2014-03-20 09:08:52,www.google.fr
2014-03-20 09:08:53,www.google.fr
2014-03-20 09:08:53,www.gravatar.com
2014-03-20 09:08:53,www.geoforum.fr
2014-03-20 09:08:53,i2.wp.com
2014-03-20 09:08:53,connect.facebook.net
2014-03-20 09:08:53,ajax.googleapis.com
2014-03-20 09:08:54,s-static.ak.facebook.com
2014-03-20 09:08:54,www.facebook.com
2014-03-20 09:08:54,www.geoforum.fr
2014-03-20 09:08:54,static.ak.facebook.com
2014-03-20 09:08:55,www.google.com
2014-03-20 09:08:55,clients1.google.com
2014-03-20 09:08:56,www.geoforum.fr
2014-03-20 09:08:56,id.google.fr
2014-03-20 09:11:11,www.google.com
2014-03-20 09:11:31,clients1.google.fr
2014-03-20 09:11:36,www.google.fr
2014-03-20 09:11:49,apis.google.com
2014-03-20 09:11:51,accounts.google.com
2014-03-20 09:26:14,safebrowsing-cache.google.com
2014-03-20 09:26:14,safebrowsing.clients.google.com
2014-03-20 09:44:51,www.google.fr
2014-03-20 09:44:52,tristan.ferroir.fr
2014-03-20 09:44:53,www.google.fr
2014-03-20 09:44:53,1.gravatar.com
2014-03-20 09:44:53,0.gravatar.com
2014-03-20 09:44:53,tristan.ferroir.free.fr
2014-03-20 09:44:54,tristan.ferroir.fr
2014-03-20 09:44:55,tristan.ferroir.fr
2014-03-20 09:44:56,tristan.ferroir.fr
2014-03-20 09:44:56,0.gravatar.com
2014-03-20 09:44:56,tristan.ferroir.free.fr
2014-04-17 07:59:56,www.squid-cache.org
2014-04-17 08:00:34,ieonline.microsoft.com
2014-04-17 08:01:17,www.bing.com
2014-04-17 08:01:18,www.bing.com
2014-04-17 08:01:19,www.bing.com
2014-04-17 08:01:19,cms.abmr.net
2014-04-17 08:01:21,www.bing.com
2014-04-17 08:01:29,login.live.com
2014-04-17 08:03:42,ieonline.microsoft.com
2014-04-17 08:05:48,office14client.microsoft.com
2014-04-17 08:05:49,office.microsoft.com
2014-04-17 08:05:50,office.microsoft.com
2014-04-17 08:06:34,office14client.microsoft.com
2014-04-17 08:06:34,office.microsoft.com
2014-04-17 08:06:35,office.microsoft.com
2014-04-17 08:16:53,ieonline.microsoft.com
2014-04-17 08:39:31,ieonline.microsoft.com
2014-04-17 09:09:34,ieonline.microsoft.com
2014-04-17 09:39:34,ieonline.microsoft.com
