timestamp,site
2014-01-04 10:24:05,ocsp.usertrust.com
2014-01-04 10:24:05,gtglobal-ocsp.geotrust.com
2014-01-04 10:24:05,clients1.google.com
2014-01-04 10:24:05,ocsp.tcs.terena.org
2014-01-04 10:24:50,gtssl-ocsp.geotrust.com
2014-01-04 10:25:57,safebrowsing-cache.google.com
2014-01-04 10:25:57,safebrowsing.clients.google.com
2014-01-04 10:25:57,clients1.google.com
2014-01-04 10:28:53,sb-ssl.google.com
2014-01-04 10:29:48,ocsp.thawte.com
2014-01-04 10:31:48,ocsp.verisign.com
2014-01-04 10:33:48,ocsp.digicert.com
2014-01-04 10:56:48,safebrowsing.clients.google.com
2014-01-04 10:56:48,safebrowsing-cache.google.com
2014-01-04 11:03:51,clients1.google.com
2014-01-04 11:04:03,ocsp.startssl.com
2014-01-04 11:04:03,help.libreoffice.org
2014-01-04 11:04:04,help.libreoffice.org
2014-01-04 11:06:56,www.google.com
2014-01-04 11:06:57,apis.google.com
2014-01-04 11:06:59,www.google.fr
2014-01-04 11:11:57,help.libreoffice.org
2014-01-04 11:11:58,help.libreoffice.org
2014-01-04 11:12:07,help.libreoffice.org
2014-01-04 11:12:08,help.libreoffice.org
2014-01-04 11:20:00,office14client.microsoft.com
2014-01-04 11:20:01,office.microsoft.com
2014-01-04 11:20:02,office.microsoft.com
2014-01-04 11:26:28,safebrowsing.clients.google.com
2014-01-04 11:26:28,safebrowsing-cache.google.com
2014-01-04 11:35:19,www.google.com
2014-01-04 11:35:43,clients1.google.com
2014-01-04 11:35:43,gtglobal-ocsp.geotrust.com
2014-01-04 11:35:48,res1.windows.microsoft.com
2014-01-04 11:35:48,res2.windows.microsoft.com
2014-01-04 11:35:48,windows.microsoft.com
2014-01-04 11:35:48,www.google.fr
2014-01-04 11:35:48,ajax.microsoft.com
2014-01-04 11:35:48,js.microsoft.com
2014-01-04 11:35:49,windows.microsoft.com
2014-01-04 11:35:49,res1.windows.microsoft.com
2014-01-04 11:35:49,js.microsoft.com
2014-01-04 11:35:49,evsecure-ocsp.verisign.com
2014-01-04 11:35:49,www.facebook.com
2014-01-04 11:35:49,login.live.com
2014-01-04 11:35:49,res2.windows.microsoft.com
2014-01-04 11:36:23,answers.microsoft.com
2014-01-04 11:36:23,www.google.fr
2014-01-04 11:36:23,i2.answers.microsoft.com
2014-01-04 11:36:23,i.answers.microsoft.com
2014-01-04 11:36:23,i3.answers.microsoft.com
2014-01-04 11:36:24,support.microsoft.com
2014-01-04 11:36:24,i3.answers.microsoft.com
2014-01-04 11:36:24,i2.answers.microsoft.com
2014-01-04 11:36:24,nexus.ensighten.com
2014-01-04 11:36:24,i.answers.microsoft.com
2014-01-04 11:36:24,fud.community.services.support.microsoft.com
2014-01-04 11:36:24,answers.microsoft.com
2014-01-04 11:36:25,c1.microsoft.com
2014-01-04 11:36:25,support.microsoft.com
2014-01-04 11:36:25,answers.microsoft.com
2014-01-04 11:36:25,nexus.ensighten.com
2014-01-04 11:36:25,cs.microsoft.com
2014-01-04 11:36:26,support.microsoft.com
2014-01-04 11:36:26,www.microsoft.com
2014-01-04 11:36:51,ajax.googleapis.com
2014-01-04 11:36:51,m.bestofmedia.com
2014-01-04 11:36:51,media.bestofmicro.com
2014-01-04 11:36:52,ops.bestofmedia.com
2014-01-04 11:36:52,wtpn.twenga.co.uk
2014-01-04 11:36:52,m.bestofmedia.com
2014-01-04 11:36:53,www.google.com
2014-01-04 11:36:53,clients1.google.com
2014-01-04 11:36:54,ajax.googleapis.com
2014-01-04 11:37:09,media.bestofmicro.com
2014-01-04 11:37:32,support.microsoft.com
2014-01-04 11:38:39,www.google.com
2014-01-04 11:38:40,www.google.fr
2014-01-04 11:38:41,www.google.com
2014-01-04 11:40:12,support.microsoft.com
2014-01-04 11:40:21,pad1.whstatic.com
2014-01-04 11:40:21,pad2.whstatic.com
2014-01-04 11:40:21,pad3.whstatic.com
2014-01-04 11:40:21,www.wikihow.com
2014-01-04 11:40:21,www.google.fr
2014-01-04 11:40:22,www.wikihow.com
2014-01-04 11:40:22,pad3.whstatic.com
2014-01-04 11:40:23,pad3.whstatic.com
2014-01-04 11:40:23,www.wikihow.com
2014-01-04 11:40:24,apis.google.com
2014-01-04 11:40:24,assets.pinterest.com
2014-01-04 11:40:24,connect.facebook.net
2014-01-04 11:40:24,static.ak.facebook.com
2014-01-04 11:40:25,www.facebook.com
2014-01-04 11:40:25,platform.twitter.com
2014-01-04 11:40:25,passets.pinterest.com
2014-01-04 11:40:25,widgets.pinterest.com
2014-01-04 11:40:25,ocsp.verisign.com
2014-01-04 11:40:25,clients1.google.com
2014-01-04 11:40:25,evsecure-ocsp.verisign.com
2014-01-04 11:40:56,twitter.com
2014-01-04 11:41:39,www.google.com
2014-01-04 11:42:05,www.wikihow.com
2014-01-04 11:42:19,www.google.fr
2014-01-04 11:42:20,s-static.ak.facebook.com
2014-01-04 11:42:20,www.facebook.com
2014-01-04 11:42:20,clients1.google.com
2014-01-04 11:42:20,r.ccmbg.com
2014-01-04 11:42:20,static.ccm2.net
2014-01-04 11:42:20,www.commentcamarche.net
2014-01-04 11:42:20,platform.twitter.com
2014-01-04 11:42:20,ba.commentcamarche.net
2014-01-04 11:42:21,static.ccm2.net
2014-01-04 11:42:21,loadr.exelator.com
2014-01-04 11:42:21,connect.facebook.net
2014-01-04 11:42:21,ba.commentcamarche.net
2014-01-04 11:42:21,www.commentcamarche.net
2014-01-04 11:42:21,platform.twitter.com
2014-01-04 11:42:21,static.ccmbg.com
2014-01-04 11:42:21,www.facebook.com
2014-01-04 11:42:22,gtssl-ocsp.geotrust.com
2014-01-04 11:42:22,www.facebook.com
2014-01-04 11:42:22,hal9000.redintelligence.net
2014-01-04 11:42:22,www.commentcamarche.net
2014-01-04 11:42:23,ocsp.usertrust.com
2014-01-04 11:42:23,ocsp.comodoca.com
2014-01-04 11:42:23,banniere.reussissonsensemble.fr
2014-01-04 11:42:23,ea.numericable.fr
2014-01-04 11:42:24,dps.bing.com
2014-01-04 11:42:39,static.ccm2.net
2014-01-04 11:42:52,twitter.com
2014-01-04 11:43:19,apis.google.com
2014-01-04 11:43:22,accounts.google.com
2014-01-04 11:43:36,static.ccm2.net
2014-01-04 11:45:02,www.google.fr
2014-01-04 11:45:16,ajax.googleapis.com
2014-01-04 11:45:23,www.facebook.com
2014-01-04 11:53:07,gtssl-ocsp.geotrust.com
2014-01-04 11:53:49,clients1.google.com
2014-01-04 11:53:49,ocsp.usertrust.com
2014-01-04 11:53:49,ocsp.tcs.terena.org
2014-01-04 11:53:49,gtglobal-ocsp.geotrust.com
2014-01-04 11:55:29,safebrowsing-cache.google.com
2014-01-04 11:55:29,safebrowsing.clients.google.com
2014-01-04 11:55:29,clients1.google.com
2014-01-04 11:55:30,safebrowsing-cache.google.com
2014-01-04 11:58:03,ocsp.thawte.com
2014-01-04 11:58:24,sb-ssl.google.com
2014-01-04 12:00:03,ocsp.verisign.com
2014-01-04 12:02:03,ocsp.digicert.com
2014-01-28 11:18:59,ieonline.microsoft.com
2014-01-29 10:30:23,www.bing.com
2014-01-29 10:30:36,www.iegallery.com
2014-01-29 10:30:36,go.microsoft.com
2014-01-29 10:30:37,www.iegallery.com
2014-01-29 10:30:38,www.iegallery.com
2014-02-04 10:12:48,go.microsoft.com
2014-02-04 10:12:48,www.iegallery.com
2014-02-04 10:12:49,www.iegallery.com
2014-02-04 10:12:51,www.iegallery.com
2014-02-04 10:12:52,www.bing.com
2014-02-04 10:13:01,office14client.microsoft.com
2014-02-04 10:13:02,office.microsoft.com
2014-02-04 10:13:06,office.microsoft.com
2014-02-04 10:14:05,ieonline.microsoft.com
2014-02-04 11:09:47,office.microsoft.com
2014-02-04 11:18:35,office14client.microsoft.com
2014-02-04 11:18:35,office.microsoft.com
2014-02-04 11:18:36,office.microsoft.com
2014-02-04 11:33:08,www.google.fr
2014-02-04 11:33:08,clients1.google.fr
2014-02-04 11:33:12,clients1.google.fr
2014-02-04 11:33:13,clients1.google.fr
2014-02-04 11:33:14,clients1.google.fr
2014-02-04 11:33:15,clients1.google.fr
2014-02-04 11:33:16,www.google.fr
2014-02-04 11:33:16,clients1.google.fr
2014-02-04 11:33:23,clients1.google.fr
2014-02-04 11:33:24,clients1.google.fr
2014-02-04 11:33:25,clients1.google.fr
2014-02-04 11:33:26,www.google.fr
2014-02-04 11:33:26,clients1.google.fr
2014-02-04 11:33:26,img.youtube.com
2014-02-04 11:33:34,www.google.fr
2014-02-04 11:33:34,travaux.eleves.ensc-rennes.fr
2014-02-04 11:33:35,i.creativecommons.org
2014-02-04 11:33:35,travaux.eleves.ensc-rennes.fr
2014-02-04 11:34:10,travaux.eleves.ensc-rennes.fr
2014-02-04 11:34:23,travaux.eleves.ensc-rennes.fr
2014-02-04 11:35:12,clients1.google.fr
2014-02-04 11:35:15,clients1.google.fr
2014-02-04 11:35:19,www.google.fr
2014-02-04 11:35:19,clients1.google.fr
2014-02-04 11:35:24,www.google.fr
2014-02-04 11:35:26,www.organic-chemistry.org
2014-02-04 11:35:27,ws.amazon.fr
2014-02-04 11:35:27,g-ecx.images-amazon.com
2014-02-04 11:35:28,g-ecx.images-amazon.com
2014-02-04 11:35:28,www.organic-chemistry.org
2014-02-04 11:35:28,ws.amazon.fr
2014-02-04 11:35:29,www.google.com
2014-02-04 11:35:31,ws.amazon.fr
2014-02-04 11:35:31,platform.linkedin.com
2014-02-04 11:35:31,www.organic-chemistry.org
2014-02-04 11:35:31,g-ecx.images-amazon.com
2014-02-04 11:35:31,www.linkedin.com
2014-02-04 11:35:31,www.facebook.com
2014-02-04 11:35:32,ws.amazon.fr
2014-02-04 11:35:32,www.assoc-amazon.fr
2014-02-04 11:35:33,ecx.images-amazon.com
2014-02-04 11:35:43,apis.google.com
2014-02-04 11:35:45,accounts.google.com
2014-02-04 11:35:46,apis.google.com
2014-02-04 11:36:48,accounts.google.com
2014-02-04 11:42:06,www.google.com
2014-02-04 11:42:09,clients1.google.fr
2014-02-04 11:42:09,www.linkedin.com
2014-02-04 11:42:13,clients1.google.fr
2014-02-04 11:42:14,clients1.google.fr
2014-02-04 11:42:15,clients1.google.fr
2014-02-04 11:42:16,clients1.google.fr
2014-02-04 11:42:17,clients1.google.fr
2014-02-04 11:42:18,clients1.google.fr
2014-02-04 11:42:21,www.google.fr
2014-02-04 11:42:21,clients1.google.fr
2014-02-04 11:42:23,www.google.fr
2014-02-04 11:42:24,fr.wikipedia.org
2014-02-04 11:42:24,bits.wikimedia.org
2014-02-04 11:42:24,login.wikimedia.org
2014-02-04 11:42:25,bits.wikimedia.org
2014-02-04 11:42:25,meta.wikimedia.org
2014-02-04 11:42:25,fr.wikipedia.org
2014-02-04 11:43:16,clients1.google.fr
2014-02-04 11:43:26,www.google.fr
2014-02-04 11:43:26,eduscol.education.fr
2014-02-04 11:43:47,clients1.google.fr
2014-02-04 11:44:07,www.google.fr
2014-02-04 11:44:08,melusine.eu.org
2014-02-04 11:45:25,clients1.google.fr
2014-02-04 11:45:29,clients1.google.fr
2014-02-04 11:45:30,clients1.google.fr
2014-02-04 11:45:33,www.google.fr
2014-02-04 11:45:33,clients1.google.fr
2014-02-04 11:45:40,www.google.fr
2014-02-04 11:45:41,www.ac-grenoble.fr
2014-02-04 11:51:15,clients1.google.fr
2014-02-04 11:51:20,www.google.fr
2014-02-04 11:51:20,physique.lycee-desfontaines.eu
2014-02-04 11:53:00,clients1.google.fr
2014-02-04 11:53:23,clients1.google.fr
2014-02-04 11:53:23,www.google.fr
2014-02-04 11:53:44,nte-serveur.univ-lyon1.fr
2014-02-04 11:53:44,www.google.fr
2014-02-04 11:54:08,clients1.google.fr
2014-02-04 11:54:15,books.google.fr
2014-02-04 11:54:15,www.google.com
2014-02-04 11:54:16,bks3.books.google.fr
2014-02-04 11:54:16,bks5.books.google.fr
2014-02-04 11:54:16,books.google.fr
2014-02-04 11:54:16,bks2.books.google.fr
2014-02-04 11:54:16,apis.google.com
2014-02-04 11:54:23,clients1.google.fr
2014-02-04 11:54:23,apis.google.com
2014-02-04 11:54:28,chart.googleapis.com
2014-02-04 11:54:42,www.google.fr
2014-02-04 11:54:43,apis.google.com
2014-02-04 11:54:43,www.google.com
2014-02-04 11:54:43,html5shiv.googlecode.com
2014-02-04 11:54:43,fr.openclassrooms.com
2014-02-04 11:54:44,www.google.com
2014-02-04 11:54:44,dnn506yrbagrg.cloudfront.net
2014-02-04 11:54:44,doug1izaerwt3.cloudfront.net
2014-02-04 11:54:44,fr.openclassrooms.com
2014-02-04 11:54:45,fr.openclassrooms.com
2014-02-04 11:54:46,fr.openclassrooms.com
2014-02-04 11:54:47,fr.openclassrooms.com
2014-02-04 11:54:47,www.googleapis.com
2014-02-04 11:55:01,fr.openclassrooms.com
2014-02-04 11:55:01,www.googleapis.com
2014-02-04 11:55:31,clients1.google.fr
2014-02-25 10:31:10,office14client.microsoft.com
2014-02-25 10:31:10,office.microsoft.com
2014-02-25 10:31:11,office.microsoft.com
2014-02-25 10:41:16,fpdownload2.macromedia.com
2014-02-25 10:44:15,ieonline.microsoft.com
2014-02-25 11:22:09,office.microsoft.com
2014-02-26 10:37:02,office14client.microsoft.com
2014-02-26 10:37:03,office.microsoft.com
2014-02-26 10:58:13,rr.office.microsoft.com
2014-02-26 10:58:13,api.bing.com
2014-02-26 10:58:13,office.microsoft.com
2014-02-26 10:58:13,services.highbeam.com
2014-02-26 10:58:14,integrate.factiva.com
2014-02-26 10:58:14,www.worldlingo.com
2014-02-26 10:58:15,www.microsofttranslator.com
2014-02-26 11:54:04,google.fr
2014-02-26 11:54:04,www.google.fr
2014-02-26 11:54:17,www.google.fr
2014-02-26 11:54:20,www.google.com
2014-02-26 11:54:49,go.microsoft.com
2014-02-26 11:54:49,www.google.com
2014-02-26 11:54:49,www.google.fr
2014-02-26 11:55:02,www.google.fr
2014-02-26 11:55:02,www.dreamspark.com
2014-02-26 11:55:10,connect.facebook.net
2014-02-26 11:55:17,nexus.ensighten.com
2014-02-26 11:55:18,connect.facebook.net
2014-02-26 11:55:18,www.dreamspark.com
2014-02-26 11:55:18,nexus.ensighten.com
2014-02-26 11:55:24,www.facebook.com
2014-02-26 11:55:24,s-static.ak.facebook.com
2014-02-26 11:55:24,www.dreamspark.com
2014-02-26 11:55:29,nexus.ensighten.com
2014-02-26 11:55:32,microsoftdpeacademic.d1.sc.omtrdc.net
2014-02-26 11:55:46,www.dreamspark.com
2014-02-26 11:56:02,microsoftdpeacademic.d1.sc.omtrdc.net
2014-02-26 11:56:02,www.google.fr
2014-02-26 11:56:03,meta.wikimedia.org
2014-02-26 11:56:03,login.wikimedia.org
2014-02-26 11:56:03,bits.wikimedia.org
2014-02-26 11:56:03,fr.wikipedia.org
2014-02-26 11:56:03,www.google.fr
2014-02-26 11:56:04,fr.wikipedia.org
2014-02-26 11:56:35,s-static.ak.facebook.com
2014-02-26 11:56:35,www.facebook.com
2014-02-26 11:56:35,microsoftdpeacademic.d1.sc.omtrdc.net
2014-02-26 11:56:35,www.dreamspark.com
2014-02-26 11:56:41,nexus.ensighten.com
2014-02-26 11:56:41,microsoftdpeacademic.d1.sc.omtrdc.net
2014-02-26 11:56:41,www.dreamspark.com
2014-02-26 11:56:42,nexus.ensighten.com
2014-02-26 11:56:42,www.dreamspark.com
2014-02-26 11:56:43,microsoftdpeacademic.d1.sc.omtrdc.net
2014-02-26 11:56:49,www.dreamspark.com
2014-02-26 11:56:49,s-static.ak.facebook.com
2014-02-26 11:56:49,www.facebook.com
2014-02-26 11:57:37,www.dreamspark.com
2014-02-26 11:57:37,microsoftdpeacademic.d1.sc.omtrdc.net
2014-02-26 11:57:40,www.dreamspark.com
2014-02-26 11:57:40,nexus.ensighten.com
2014-02-26 11:57:41,www.dreamspark.com
2014-02-26 11:57:41,microsoftdpeacademic.d1.sc.omtrdc.net
2014-02-26 11:57:41,s-static.ak.facebook.com
2014-02-26 11:57:41,www.facebook.com
2014-02-26 11:58:41,www.dreamspark.com
2014-03-18 10:19:10,gtssl-ocsp.geotrust.com
2014-03-18 10:19:11,safebrowsing-cache.google.com
2014-03-18 10:19:11,safebrowsing.clients.google.com
2014-03-18 10:19:14,clients1.google.com
2014-03-18 10:19:14,gtglobal-ocsp.geotrust.com
2014-03-18 10:19:15,ocsp.tcs.terena.org
2014-03-18 10:19:15,ocsp.usertrust.com
2014-03-18 10:19:15,clients1.google.com
2014-03-18 10:20:08,ocsp.verisign.com
2014-03-18 10:21:03,ocsp.tcs.terena.org
2014-03-18 10:22:08,ocsp.digicert.com
2014-03-18 10:28:08,ocsp.thawte.com
2014-03-18 10:48:51,safebrowsing.clients.google.com
2014-03-18 10:48:51,safebrowsing-cache.google.com
2014-03-18 11:04:43,office.microsoft.com
2014-03-18 11:04:43,office14client.microsoft.com
2014-03-18 11:15:15,office14client.microsoft.com
2014-03-18 11:15:16,office.microsoft.com
2014-03-18 11:15:17,office.microsoft.com
2014-03-18 11:19:48,safebrowsing.clients.google.com
2014-03-18 11:19:48,safebrowsing-cache.google.com
2014-03-18 11:23:25,dl.patchbeam.com
2014-03-18 11:23:25,www.powerarchiver.com
2014-03-18 11:50:34,safebrowsing.clients.google.com
2014-03-18 12:02:12,ocsp.tcs.terena.org
2014-03-18 12:02:12,ocsp.usertrust.com
2014-03-19 11:00:04,www.foxitsoftware.com
2014-03-19 11:00:04,ad.foxitsoftware.com
2014-03-19 11:18:17,office14client.microsoft.com
2014-03-19 11:18:17,office.microsoft.com
2014-04-15 10:22:37,gtssl-ocsp.geotrust.com
2014-04-15 10:23:22,gtglobal-ocsp.geotrust.com
2014-04-15 10:23:22,safebrowsing.clients.google.com
2014-04-15 10:23:22,safebrowsing-cache.google.com
2014-04-15 10:23:22,clients1.google.com
2014-04-15 10:23:23,safebrowsing-cache.google.com
2014-04-15 10:26:18,sb-ssl.google.com
2014-04-15 10:27:34,ocsp.thawte.com
2014-04-15 10:29:34,ocsp.verisign.com
2014-04-15 10:31:05,office14client.microsoft.com
2014-04-15 10:31:06,office.microsoft.com
2014-04-15 10:31:07,office.microsoft.com
2014-04-15 10:31:34,ocsp.digicert.com
2014-04-15 10:50:25,clients1.google.com
2014-04-15 10:50:25,ocsp.usertrust.com
2014-04-15 10:50:25,ocsp.tcs.terena.org
2014-04-15 10:50:26,clients1.google.com
2014-04-15 10:51:58,safebrowsing.clients.google.com
2014-04-15 10:51:58,safebrowsing-cache.google.com
2014-04-15 11:23:25,safebrowsing.clients.google.com
2014-04-15 11:23:25,safebrowsing-cache.google.com
2014-04-15 11:23:26,safebrowsing-cache.google.com
2014-04-15 11:53:31,safebrowsing.clients.google.com
2014-04-15 11:53:31,safebrowsing-cache.google.com
2014-04-15 11:54:22,ocsp.usertrust.com
2014-04-15 11:54:22,ocsp.tcs.terena.org
2014-04-15 12:15:56,image.email-emdmillipore.com
2014-04-15 12:15:56,www.millipore.com
2014-04-15 12:15:57,click.email-emdmillipore.com
2014-04-15 12:15:57,www.exacttarget.com
2014-04-15 12:16:05,click.email-emdmillipore.com
2014-04-15 12:16:06,www.millipore.com
2014-04-15 12:16:07,merckgroup.d3.sc.omtrdc.net
2014-04-15 12:16:07,delivery.d3.sv.omtrdc.net
2014-04-15 12:16:07,www.millipore.com
2014-04-15 12:16:16,www.millipore.com
2014-04-15 12:16:17,www.millipore.com
2014-04-15 12:16:17,merckgroup.d3.sc.omtrdc.net
2014-04-15 12:16:33,www.millipore.com
2014-04-15 12:16:44,www.millipore.com
2014-04-16 10:22:57,www.iegallery.com
2014-04-16 10:22:57,go.microsoft.com
2014-04-16 10:22:58,www.iegallery.com
2014-04-16 10:22:59,www.iegallery.com
2014-04-16 10:23:02,www.bing.com
2014-04-16 10:24:09,ieonline.microsoft.com
2014-04-16 10:37:16,office14client.microsoft.com
2014-04-16 10:37:17,office.microsoft.com
2014-04-16 10:37:20,office.microsoft.com
2014-04-16 10:38:55,tracking.researchgate.net
2014-04-16 10:39:56,tracking.researchgate.net
2014-04-16 10:51:15,api.bing.com
2014-04-16 10:51:16,api.bing.com
2014-04-16 10:51:17,api.bing.com
2014-04-16 10:51:18,api.bing.com
2014-04-16 10:51:21,www.bing.com
2014-04-16 10:51:22,cms.abmr.net
2014-04-16 10:51:22,www.bing.com
2014-04-16 10:51:29,www.bing.com
2014-04-16 10:51:31,www.aerobiology.net
2014-04-16 10:51:31,aerobiology.net
2014-04-16 10:51:32,www.aerobiology.net
2014-04-16 10:51:33,www.aerobiology.net
2014-04-16 10:51:33,aerobiology.net
2014-04-16 10:51:34,aerobiology.net
2014-04-16 10:51:34,www.aerobiology.net
2014-04-16 10:51:35,aerobiology.net
2014-04-16 10:51:35,www.aerobiology.net
2014-04-16 10:51:44,www.bing.com
2014-04-16 10:51:48,login.wikimedia.org
2014-04-16 10:51:48,en.wikipedia.org
2014-04-16 10:51:48,bits.wikimedia.org
2014-04-16 10:51:48,www.bing.com
2014-04-16 10:51:49,meta.wikimedia.org
2014-04-16 10:51:49,bits.wikimedia.org
2014-04-16 10:51:49,en.wikipedia.org
2014-04-16 11:04:23,images.reply.perkinelmer.com
2014-04-16 11:04:23,s643.t.eloqua.com
2014-04-16 11:04:23,app.reply.perkinelmer.com
2014-04-16 11:04:24,go.perkinelmer.com
2014-04-16 11:04:24,s643.t.eloqua.com
2014-04-16 11:04:25,storage.pardot.com
2014-04-16 11:04:47,s643.t.eloqua.com
2014-04-16 11:04:47,app.reply.perkinelmer.com
2014-04-16 11:04:48,w.sharethis.com
2014-04-16 11:04:48,go.perkinelmer.com
2014-04-16 11:04:48,code.jquery.com
2014-04-16 11:04:49,html5shim.googlecode.com
2014-04-16 11:04:49,www.youtube.com
2014-04-16 11:04:49,go.perkinelmer.com
2014-04-16 11:04:49,s.ytimg.com
2014-04-16 11:04:49,www.perkinelmer.com
2014-04-16 11:04:49,code.jquery.com
2014-04-16 11:04:50,storage.pardot.com
2014-04-16 11:04:50,go.perkinelmer.com
2014-04-16 11:04:51,www.perkinelmer.com
2014-04-16 11:04:51,storage.pardot.com
2014-04-16 11:04:52,edge.sharethis.com
2014-04-16 11:04:52,w.sharethis.com
2014-04-16 11:04:52,go.perkinelmer.com
2014-04-16 11:04:53,w.sharethis.com
2014-04-16 11:05:41,go.perkinelmer.com
2014-04-16 11:09:09,api.bing.com
2014-04-16 11:09:10,api.bing.com
2014-04-16 11:09:11,www.bing.com
2014-04-16 11:09:14,www.bing.com
2014-04-16 11:10:36,go.perkinelmer.com
2014-04-16 11:10:36,html5shim.googlecode.com
2014-04-16 11:10:36,www.youtube.com
2014-04-16 11:10:36,code.jquery.com
2014-04-16 11:10:36,www.perkinelmer.com
2014-04-16 11:10:37,go.perkinelmer.com
2014-04-16 11:10:38,s643.t.eloqua.com
2014-04-16 11:10:38,go.perkinelmer.com
2014-04-16 11:11:08,player.vimeo.com
2014-04-16 11:11:13,player.vimeo.com
2014-04-16 11:11:20,jserror.newrelic.com
2014-04-16 11:11:56,jserror.newrelic.com
2014-04-16 11:12:12,go.perkinelmer.com
2014-04-16 11:12:13,go.perkinelmer.com
2014-04-16 11:12:13,storage.pardot.com
2014-04-16 11:12:14,storage.pardot.com
2014-04-16 11:13:15,www.a-rpe.fr
2014-04-16 11:13:15,i.creativecommons.org
2014-04-16 11:13:20,www.a-rpe.fr
2014-04-16 11:13:37,www.a-rpe.fr
2014-04-16 11:14:15,193.50.234.35
2014-04-16 11:14:20,193.50.234.35
2014-04-16 11:16:59,www.bing.com
2014-04-16 11:17:00,www.bing.com
2014-04-16 11:17:02,www.bing.com
2014-04-16 11:17:10,www.bing.com
2014-04-16 11:17:16,fr.linkedin.com
2014-04-16 11:17:17,fr.linkedin.com
2014-04-16 11:17:25,fr.linkedin.com
2014-04-16 11:17:26,fr.linkedin.com
2014-04-16 11:17:58,www.linkedin.com
2014-04-16 11:17:59,www.linkedin.com
2014-04-16 11:18:00,www.linkedin.com
2014-04-16 11:18:01,www.linkedin.com
2014-04-16 11:18:02,www.linkedin.com
2014-04-16 11:18:03,www.linkedin.com
2014-04-16 11:18:04,www.linkedin.com
2014-04-16 11:18:05,www.linkedin.com
2014-04-16 11:18:20,www.linkedin.com
2014-04-16 11:18:26,www.linkedin.com
2014-04-16 11:18:34,www.linkedin.com
2014-04-16 11:18:35,www.linkedin.com
2014-04-16 11:18:36,www.linkedin.com
2014-04-16 11:18:42,www.linkedin.com
2014-04-16 11:18:54,www.linkedin.com
2014-04-16 11:18:55,www.linkedin.com
2014-04-16 11:18:56,www.linkedin.com
2014-04-23 13:28:46,www.univ-bpclermont.fr
2014-04-23 13:28:51,www.univ-bpclermont.fr
2014-04-23 13:28:59,www.univ-bpclermont.fr
2014-04-23 13:31:55,sb-ssl.google.com
2014-04-23 13:42:40,www.univ-bpclermont.fr
2014-04-23 13:42:41,www.univ-bpclermont.fr
2014-04-23 13:42:53,www.univ-bpclermont.fr
2014-04-23 13:42:56,www.univ-bpclermont.fr
2014-04-23 14:35:44,www.univ-bpclermont.fr
2014-04-23 14:35:58,www.univ-bpclermont.fr
2014-04-23 14:36:01,www.univ-bpclermont.fr
2014-04-23 14:36:03,ent.univ-bpclermont.fr
2014-04-23 14:36:05,ent.univ-bpclermont.fr
2014-04-23 14:36:08,www.univ-bpclermont.fr
2014-04-23 14:36:11,www.univ-bpclermont.fr
2014-04-23 14:36:13,www.univ-bpclermont.fr
2014-04-23 14:36:21,www.univ-bpclermont.fr
2014-04-23 14:36:23,www.univ-bpclermont.fr
2014-04-23 14:36:27,www.univ-bpclermont.fr
2014-04-23 14:36:29,www.univ-bpclermont.fr
2014-04-23 14:36:32,www.univ-bpclermont.fr
2014-04-23 14:36:44,www.univ-bpclermont.fr
2014-04-23 14:36:48,www.univ-bpclermont.fr
2014-04-23 14:36:50,www.univ-bpclermont.fr
2014-04-23 14:36:53,www.univ-bpclermont.fr
2014-04-23 14:36:56,www.univ-bpclermont.fr
2014-04-23 14:37:00,www.univ-bpclermont.fr
2014-04-23 14:37:05,www.univ-bpclermont.fr
2014-04-23 14:37:54,www.univ-bpclermont.fr
2014-04-23 14:38:36,www.univ-bpclermont.fr
2014-04-23 14:38:40,www.univ-bpclermont.fr
2014-04-23 14:38:43,www.univ-bpclermont.fr
2014-04-23 14:38:48,www.univ-bpclermont.fr
2014-04-23 14:38:53,www.univ-bpclermont.fr
2014-04-23 14:38:59,www.univ-bpclermont.fr
2014-04-23 14:39:04,www.univ-bpclermont.fr
2014-04-23 14:57:02,www.univ-bpclermont.fr
2014-04-23 14:57:05,ent.univ-bpclermont.fr
2014-04-23 14:57:06,www.univ-bpclermont.fr
2014-04-23 14:57:06,ent.univ-bpclermont.fr
2014-04-23 14:57:10,ent.univ-bpclermont.fr
2014-04-23 14:57:10,www.univ-bpclermont.fr
2014-04-23 14:57:12,www.univ-bpclermont.fr
2014-04-23 14:57:35,www.univ-bpclermont.fr
2014-04-23 14:57:37,www.univ-bpclermont.fr
2014-04-23 14:57:41,www.univ-bpclermont.fr
2014-04-23 14:58:15,www.univ-bpclermont.fr
2014-04-23 14:59:03,www.univ-bpclermont.fr
2014-04-23 14:59:10,www.univ-bpclermont.fr
2014-04-23 14:59:33,www.univ-bpclermont.fr
2014-04-23 15:00:24,www.univ-bpclermont.fr
2014-04-23 15:00:30,www.univ-bpclermont.fr
2014-04-23 15:00:43,www.univ-bpclermont.fr
2014-04-23 15:01:00,www.univ-bpclermont.fr
2014-04-23 15:01:04,www.univ-bpclermont.fr
2014-04-23 15:01:29,www.univ-bpclermont.fr
2014-04-23 15:01:34,www.univ-bpclermont.fr
2014-04-23 15:01:40,www.univ-bpclermont.fr
2014-04-23 15:01:42,www.univ-bpclermont.fr
2014-04-23 15:01:49,www.univ-bpclermont.fr
2014-04-23 15:01:51,www.univ-bpclermont.fr
2014-04-23 15:01:58,www.univ-bpclermont.fr
2014-04-23 15:02:02,www.univ-bpclermont.fr
2014-04-23 15:02:09,www.univ-bpclermont.fr
2014-04-23 15:02:51,www.univ-bpclermont.fr
2014-04-23 15:02:56,www.univ-bpclermont.fr
2014-04-23 15:03:03,www.univ-bpclermont.fr
2014-04-23 15:03:08,www.univ-bpclermont.fr
2014-04-23 15:03:12,www.univ-bpclermont.fr
2014-04-23 15:03:22,www.univ-bpclermont.fr
