timestamp,site
2013-04-12 10:27:15,fpdownload2.macromedia.com
2013-04-12 10:27:24,www.bing.com
2013-04-12 10:27:25,www.bing.com
2013-04-12 10:27:26,cms.abmr.net
2013-04-12 10:27:26,www.bing.com
2013-04-12 10:27:29,www.bing.com
2013-04-12 10:27:36,login.live.com
2013-04-12 10:56:38,www.bing.com
2013-04-12 10:56:39,www.bing.com
2013-04-12 10:56:40,i1.ytimg.com
2013-04-12 10:56:40,s.ytimg.com
2013-04-12 10:56:40,www.youtube.com
2013-04-12 10:56:40,fr.youtube.com
2013-04-12 10:56:40,login.live.com
2013-04-12 10:56:45,s.ytimg.com
2013-04-12 10:56:46,i1.ytimg.com
2013-04-12 10:56:46,www.youtube.com
2013-04-12 10:56:51,i1.ytimg.com
2013-04-12 10:56:51,www.youtube.com
2013-04-12 10:56:52,i1.ytimg.com
2013-04-12 10:56:53,s.ytimg.com
2013-04-12 10:56:53,i1.ytimg.com
2013-04-12 10:56:54,s.ytimg.com
2013-04-12 10:56:55,i1.ytimg.com
2013-04-12 10:56:56,apis.google.com
2013-04-12 10:56:59,s.ytimg.com
2013-04-12 10:56:59,clients1.google.com
2013-04-12 10:57:00,clients1.google.com
2013-04-12 10:57:00,www.google.com
2013-04-12 10:57:01,apis.google.com
2013-04-12 10:57:01,s.ytimg.com
2013-04-12 10:57:01,i1.ytimg.com
2013-04-12 10:57:01,www.youtube.com
2013-04-12 10:57:03,www.groupon.fr
2013-04-12 10:57:03,i1.ytimg.com
2013-04-12 10:57:03,www.youtube.com
2013-04-12 10:57:06,i1.ytimg.com
2013-04-12 10:57:07,i1.ytimg.com
2013-04-12 10:57:14,clients1.google.com
2013-04-12 10:57:16,clients1.google.com
2013-04-12 10:57:17,clients1.google.com
2013-04-12 10:57:18,clients1.google.com
2013-04-12 10:57:19,www.youtube.com
2013-04-12 10:57:19,i1.ytimg.com
2013-04-12 10:57:19,www.google.com
2013-04-12 10:57:20,i1.ytimg.com
2013-04-12 10:57:21,www.youtube.com
2013-04-12 10:57:21,i1.ytimg.com
2013-04-12 10:57:21,r3---sn-gxo5uxg-jqbe.googlevideo.com
2013-04-12 10:57:22,s.ytimg.com
2013-04-12 10:57:22,s.youtube.com
2013-04-12 10:57:22,www.google.com
2013-04-12 10:57:22,i1.ytimg.com
2013-04-12 10:57:22,www.youtube.com
2013-04-12 10:57:23,i4.ytimg.com
2013-04-12 10:57:23,gdata.youtube.com
2013-04-12 10:57:23,s.ytimg.com
2013-04-12 10:57:23,www.youtube.com
2013-04-12 10:57:24,apis.google.com
2013-04-12 10:57:24,i4.ytimg.com
2013-04-12 10:57:25,s.youtube.com
2013-04-12 10:57:25,i1.ytimg.com
2013-04-12 10:57:25,r2---sn-gxo5uxg-jqbe.googlevideo.com
2013-04-12 10:57:25,www.youtube.com
2013-04-12 10:57:26,lh3.ggpht.com
2013-04-12 10:57:28,plus.googleapis.com
2013-04-12 10:57:29,plus.googleapis.com
2013-04-12 10:57:29,lh3.ggpht.com
2013-04-12 10:57:30,plus.googleapis.com
2013-04-12 10:57:31,i1.ytimg.com
2013-04-12 10:57:32,i1.ytimg.com
2013-04-12 10:57:32,s.youtube.com
2013-04-12 10:57:32,r3---sn-gxo5uxg-jqbe.googlevideo.com
2013-04-12 10:57:32,www.youtube.com
2013-04-12 10:57:35,s.youtube.com
2013-04-12 10:57:42,s.youtube.com
2013-04-12 10:57:45,s.youtube.com
2013-04-12 10:57:52,s.youtube.com
2013-04-12 10:58:02,s.youtube.com
2013-04-12 10:58:09,i1.ytimg.com
2013-04-12 10:58:13,s.youtube.com
2013-04-12 10:58:14,s.youtube.com
2013-04-12 10:58:54,s.youtube.com
2013-11-12 15:27:58,fpdownload2.macromedia.com
2013-11-12 15:28:15,www.bing.com
2013-11-12 15:28:16,www.bing.com
2013-11-12 15:28:17,www.bing.com
2013-11-12 15:28:17,cms.abmr.net
2013-11-12 15:28:17,login.live.com
2013-11-22 11:28:45,fpdownload2.macromedia.com
2013-11-22 11:29:25,www.bing.com
2013-11-22 11:29:26,www.bing.com
2013-11-22 11:29:27,www.bing.com
2013-11-22 11:29:27,login.live.com
2013-11-22 11:29:27,cms.abmr.net
2013-11-22 11:29:27,s.ytimg.com
2013-11-22 11:29:27,www.youtube.com
2013-11-22 11:29:27,fr.youtube.com
2013-11-22 11:29:27,i1.ytimg.com
2013-11-22 11:29:28,www.google.com
2013-11-22 11:29:28,www.youtube.com
2013-11-22 11:29:28,s.ytimg.com
2013-11-22 11:29:29,www.youtube.com
2013-11-22 11:29:29,i1.ytimg.com
2013-11-22 11:29:29,s.ytimg.com
2013-11-22 11:29:29,s.youtube.com
2013-11-22 11:29:30,r4---sn-gxo5uxg-jqbe.googlevideo.com
2013-11-22 11:29:39,s.ytimg.com
2013-11-22 11:29:39,s.youtube.com
2013-11-22 11:29:39,i1.ytimg.com
2013-11-22 11:29:40,s.ytimg.com
2013-11-22 11:29:40,s.youtube.com
2013-11-22 11:29:41,clients1.google.com
2013-11-22 11:29:42,www.google.com
2013-11-22 11:29:42,s.ytimg.com
2013-11-22 11:29:42,www.youtube.com
2013-11-22 11:29:42,i1.ytimg.com
2013-11-22 11:29:42,www.google.fr
2013-11-22 11:29:42,apis.google.com
2013-11-22 11:29:43,i1.ytimg.com
2013-11-22 11:29:43,adventori.com
2013-11-22 11:29:43,s.ytimg.com
2013-11-22 11:29:44,www.youtube.com
2013-11-22 11:29:44,a248.e.akamai.net
2013-11-22 11:29:45,www.youtube.com
2013-11-22 11:29:45,www.youtube-nocookie.com
2013-11-22 11:29:45,r1---sn-gxo5uxg-jqbe.googlevideo.com
2013-11-22 11:29:46,s.ytimg.com
2013-11-22 11:29:46,s.youtube.com
2013-11-22 11:29:46,i1.ytimg.com
2013-11-22 11:29:46,www.youtube.com
2013-11-22 11:29:47,i1.ytimg.com
2013-11-22 11:29:47,s.ytimg.com
2013-11-22 11:29:47,i4.ytimg.com
2013-11-22 11:29:47,www.google.com
2013-11-22 11:29:47,www.youtube.com
2013-11-22 11:29:48,apis.google.com
2013-11-22 11:29:48,gdata.youtube.com
2013-11-22 11:29:48,s.ytimg.com
2013-11-22 11:29:48,i4.ytimg.com
2013-11-22 11:29:48,i1.ytimg.com
2013-11-22 11:29:48,s.youtube.com
2013-11-22 11:29:48,r1---sn-gxo5uxg-jqbe.googlevideo.com
2013-11-22 11:29:48,www.youtube.com
2013-11-22 11:29:50,plus.googleapis.com
2013-11-22 11:29:50,s.ytimg.com
2013-11-22 11:29:50,www.youtube.com
2013-11-22 11:29:50,i1.ytimg.com
2013-11-22 11:29:51,r1---sn-gxo5uxg-jqbe.googlevideo.com
2013-11-22 11:29:51,plus.googleapis.com
2013-11-22 11:29:52,r1---sn-gxo5uxg-jqbe.googlevideo.com
2013-11-22 11:29:52,plus.googleapis.com
2013-11-22 11:29:53,s.youtube.com
2013-11-22 11:29:55,www.youtube.com
2013-11-22 11:29:55,r1---sn-gxo5uxg-jqbe.googlevideo.com
2013-11-22 11:29:55,s.youtube.com
2013-11-22 11:29:55,plus.googleapis.com
2013-11-22 11:29:56,r1---sn-gxo5uxg-jqbe.googlevideo.com
2013-11-22 11:29:57,r1---sn-gxo5uxg-jqbe.googlevideo.com
2013-11-22 11:29:58,r1---sn-gxo5uxg-jqbe.googlevideo.com
2013-11-22 11:29:58,s.youtube.com
2013-11-22 11:29:59,s.youtube.com
2013-11-22 11:29:59,r1---sn-gxo5uxg-jqbe.googlevideo.com
2013-11-22 11:30:01,www.youtube.com
2013-11-22 11:30:04,s.youtube.com
2013-11-22 11:30:05,s.youtube.com
2013-11-22 11:30:06,www.youtube.com
2013-11-22 11:30:09,s.youtube.com
2013-11-22 11:30:10,r1---sn-gxo5uxg-jqbe.googlevideo.com
2013-11-22 11:30:14,r1---sn-gxo5uxg-jqbe.googlevideo.com
2013-11-22 11:30:14,s.youtube.com
2013-11-22 11:30:19,s.youtube.com
2013-11-22 11:30:29,r1---sn-gxo5uxg-jqbe.googlevideo.com
2013-11-22 11:30:32,s.youtube.com
2013-11-22 11:30:35,s.youtube.com
2013-11-22 11:30:36,r1---sn-gxo5uxg-jqbe.googlevideo.com
2013-11-22 11:30:44,r1---sn-gxo5uxg-jqbe.googlevideo.com
2013-11-22 11:30:45,r1---sn-gxo5uxg-jqbe.googlevideo.com
2013-11-22 11:30:46,r1---sn-gxo5uxg-jqbe.googlevideo.com
2013-11-22 11:31:01,r1---sn-gxo5uxg-jqbe.googlevideo.com
2013-11-22 11:31:05,r1---sn-gxo5uxg-jqbe.googlevideo.com
2013-11-22 11:31:05,s.youtube.com
2013-11-22 11:31:12,s.youtube.com
2013-11-22 11:31:16,r1---sn-gxo5uxg-jqbe.googlevideo.com
2013-11-22 11:31:25,r1---sn-gxo5uxg-jqbe.googlevideo.com
2013-11-22 11:31:31,r1---sn-gxo5uxg-jqbe.googlevideo.com
2013-11-22 11:31:35,s.youtube.com
2013-11-22 11:31:44,r1---sn-gxo5uxg-jqbe.googlevideo.com
2013-11-22 11:31:46,r1---sn-gxo5uxg-jqbe.googlevideo.com
2013-11-22 11:31:52,s.youtube.com
2013-11-22 11:31:56,s.youtube.com
2013-11-22 11:32:06,s.youtube.com
2013-11-22 11:32:11,r1---sn-gxo5uxg-jqbe.googlevideo.com
2013-11-22 11:32:16,r1---sn-gxo5uxg-jqbe.googlevideo.com
2013-11-22 11:32:16,s.youtube.com
2013-11-22 11:32:26,r1---sn-gxo5uxg-jqbe.googlevideo.com
2013-11-22 11:32:30,r1---sn-gxo5uxg-jqbe.googlevideo.com
2013-11-22 11:32:32,s.youtube.com
2013-11-22 11:32:41,r1---sn-gxo5uxg-jqbe.googlevideo.com
2013-11-22 11:32:45,r1---sn-gxo5uxg-jqbe.googlevideo.com
2013-11-22 11:32:46,s.youtube.com
2013-11-22 11:32:56,r1---sn-gxo5uxg-jqbe.googlevideo.com
2013-11-22 11:33:05,www.youtube.com
2013-11-22 11:33:09,r1---sn-gxo5uxg-jqbe.googlevideo.com
2013-11-22 11:33:11,r1---sn-gxo5uxg-jqbe.googlevideo.com
2013-11-22 11:33:12,s.youtube.com
2013-11-22 11:33:16,s.youtube.com
2013-11-22 11:33:26,r1---sn-gxo5uxg-jqbe.googlevideo.com
2013-11-22 11:33:42,r1---sn-gxo5uxg-jqbe.googlevideo.com
2013-11-22 11:33:44,r1---sn-gxo5uxg-jqbe.googlevideo.com
2013-11-22 11:33:46,s.youtube.com
2013-11-22 11:33:52,s.youtube.com
2013-11-22 11:33:57,r1---sn-gxo5uxg-jqbe.googlevideo.com
2013-11-22 11:34:10,r1---sn-gxo5uxg-jqbe.googlevideo.com
2013-11-22 11:34:12,r1---sn-gxo5uxg-jqbe.googlevideo.com
2013-11-22 11:34:16,s.youtube.com
2013-11-22 11:34:27,r1---sn-gxo5uxg-jqbe.googlevideo.com
2013-11-22 11:34:30,r1---sn-gxo5uxg-jqbe.googlevideo.com
2013-11-22 11:34:32,s.youtube.com
2013-11-22 11:34:43,r1---sn-gxo5uxg-jqbe.googlevideo.com
2013-11-22 11:34:46,s.youtube.com
2013-11-22 11:34:52,r1---sn-gxo5uxg-jqbe.googlevideo.com
2013-11-22 11:34:58,r1---sn-gxo5uxg-jqbe.googlevideo.com
2013-11-22 11:35:12,s.youtube.com
2013-11-22 11:35:13,r1---sn-gxo5uxg-jqbe.googlevideo.com
2013-11-22 11:35:16,s.youtube.com
2013-11-22 11:35:22,r1---sn-gxo5uxg-jqbe.googlevideo.com
2013-11-22 11:35:28,r1---sn-gxo5uxg-jqbe.googlevideo.com
2013-11-22 11:35:39,r1---sn-gxo5uxg-jqbe.googlevideo.com
2013-11-22 11:35:44,r1---sn-gxo5uxg-jqbe.googlevideo.com
2013-11-22 11:35:46,s.youtube.com
2013-11-22 11:35:47,plus.googleapis.com
2013-11-22 11:35:52,s.youtube.com
2013-11-22 11:35:58,r1---sn-gxo5uxg-jqbe.googlevideo.com
2013-11-22 11:35:59,r1---sn-gxo5uxg-jqbe.googlevideo.com
2013-11-22 11:36:14,r1---sn-gxo5uxg-jqbe.googlevideo.com
2013-11-22 11:36:16,s.youtube.com
2013-11-22 11:36:25,r1---sn-gxo5uxg-jqbe.googlevideo.com
2013-11-22 11:36:29,r1---sn-gxo5uxg-jqbe.googlevideo.com
2013-11-22 11:36:32,s.youtube.com
2013-11-22 11:36:44,r1---sn-gxo5uxg-jqbe.googlevideo.com
2013-11-22 11:36:46,s.youtube.com
2013-11-22 11:36:46,r1---sn-gxo5uxg-jqbe.googlevideo.com
2013-11-22 11:37:00,r1---sn-gxo5uxg-jqbe.googlevideo.com
2013-11-22 11:37:04,r1---sn-gxo5uxg-jqbe.googlevideo.com
2013-11-22 11:37:12,s.youtube.com
2013-11-22 11:37:15,r1---sn-gxo5uxg-jqbe.googlevideo.com
2013-11-22 11:37:16,s.youtube.com
2013-11-22 11:37:23,r1---sn-gxo5uxg-jqbe.googlevideo.com
2013-11-22 11:37:30,r1---sn-gxo5uxg-jqbe.googlevideo.com
2013-11-22 11:37:44,r1---sn-gxo5uxg-jqbe.googlevideo.com
2013-11-22 11:37:45,r1---sn-gxo5uxg-jqbe.googlevideo.com
2013-11-22 11:37:46,s.youtube.com
2013-11-22 11:37:52,s.youtube.com
2013-11-22 11:37:58,r1---sn-gxo5uxg-jqbe.googlevideo.com
2013-11-22 11:38:00,r1---sn-gxo5uxg-jqbe.googlevideo.com
2013-11-22 11:38:16,s.youtube.com
2013-11-22 11:38:16,r1---sn-gxo5uxg-jqbe.googlevideo.com
2013-11-22 11:38:19,r1---sn-gxo5uxg-jqbe.googlevideo.com
2013-11-22 11:38:31,r1---sn-gxo5uxg-jqbe.googlevideo.com
2013-11-22 11:38:32,s.youtube.com
2013-11-22 11:38:38,r1---sn-gxo5uxg-jqbe.googlevideo.com
2013-11-22 11:38:46,r1---sn-gxo5uxg-jqbe.googlevideo.com
2013-11-22 11:38:46,s.youtube.com
2013-11-22 11:39:01,r1---sn-gxo5uxg-jqbe.googlevideo.com
2013-11-22 11:39:06,r1---sn-gxo5uxg-jqbe.googlevideo.com
2013-11-22 11:39:12,s.youtube.com
2013-11-22 11:39:16,r1---sn-gxo5uxg-jqbe.googlevideo.com
2013-11-22 11:39:16,s.youtube.com
2013-11-22 11:39:21,r1---sn-gxo5uxg-jqbe.googlevideo.com
2013-11-22 11:39:32,r1---sn-gxo5uxg-jqbe.googlevideo.com
2013-11-22 11:39:42,r1---sn-gxo5uxg-jqbe.googlevideo.com
2013-11-22 11:39:46,s.youtube.com
2013-11-22 11:39:47,r1---sn-gxo5uxg-jqbe.googlevideo.com
2013-11-22 11:39:52,s.youtube.com
2013-11-22 11:40:02,r1---sn-gxo5uxg-jqbe.googlevideo.com
2013-11-22 11:40:09,r1---sn-gxo5uxg-jqbe.googlevideo.com
2013-11-22 11:40:16,s.youtube.com
2013-11-22 11:40:17,r1---sn-gxo5uxg-jqbe.googlevideo.com
2013-11-22 11:40:24,r1---sn-gxo5uxg-jqbe.googlevideo.com
2013-11-22 11:40:32,s.youtube.com
2013-11-22 11:40:33,r1---sn-gxo5uxg-jqbe.googlevideo.com
2013-11-22 11:40:40,r1---sn-gxo5uxg-jqbe.googlevideo.com
2013-11-22 11:40:46,s.youtube.com
2013-11-22 11:40:48,r1---sn-gxo5uxg-jqbe.googlevideo.com
2013-11-22 11:40:56,r1---sn-gxo5uxg-jqbe.googlevideo.com
2013-11-22 11:41:03,r1---sn-gxo5uxg-jqbe.googlevideo.com
2013-11-22 11:41:12,s.youtube.com
2013-11-22 11:41:16,s.youtube.com
2013-11-22 11:41:18,r1---sn-gxo5uxg-jqbe.googlevideo.com
2013-11-22 11:41:21,r1---sn-gxo5uxg-jqbe.googlevideo.com
2013-11-22 11:41:34,r1---sn-gxo5uxg-jqbe.googlevideo.com
2013-11-22 11:41:46,s.youtube.com
2013-11-22 11:41:47,r1---sn-gxo5uxg-jqbe.googlevideo.com
2013-11-22 11:41:49,r1---sn-gxo5uxg-jqbe.googlevideo.com
2013-11-22 11:41:52,s.youtube.com
2013-11-22 11:42:01,r1---sn-gxo5uxg-jqbe.googlevideo.com
2013-11-22 11:42:04,r1---sn-gxo5uxg-jqbe.googlevideo.com
2013-11-22 11:42:16,s.youtube.com
2013-11-22 11:42:17,r1---sn-gxo5uxg-jqbe.googlevideo.com
2013-11-22 11:42:19,r1---sn-gxo5uxg-jqbe.googlevideo.com
2013-11-22 11:42:33,s.youtube.com
2013-11-22 11:42:33,r1---sn-gxo5uxg-jqbe.googlevideo.com
2013-11-22 11:42:34,r1---sn-gxo5uxg-jqbe.googlevideo.com
2013-11-22 11:42:46,s.youtube.com
2013-11-22 11:42:50,r1---sn-gxo5uxg-jqbe.googlevideo.com
2013-11-22 11:43:00,r1---sn-gxo5uxg-jqbe.googlevideo.com
2013-11-22 11:43:05,r1---sn-gxo5uxg-jqbe.googlevideo.com
2013-11-22 11:43:13,s.youtube.com
2013-11-22 11:43:16,s.youtube.com
2013-11-22 11:43:20,r1---sn-gxo5uxg-jqbe.googlevideo.com
2013-11-22 11:43:35,r1---sn-gxo5uxg-jqbe.googlevideo.com
2013-11-22 11:43:44,r1---sn-gxo5uxg-jqbe.googlevideo.com
2013-11-22 11:43:46,s.youtube.com
2013-11-22 11:43:51,r1---sn-gxo5uxg-jqbe.googlevideo.com
2013-11-22 11:43:53,s.youtube.com
2013-11-22 11:44:05,r1---sn-gxo5uxg-jqbe.googlevideo.com
2013-11-22 11:44:06,r1---sn-gxo5uxg-jqbe.googlevideo.com
2013-11-22 11:44:16,s.youtube.com
2013-11-22 11:44:21,r1---sn-gxo5uxg-jqbe.googlevideo.com
2013-11-22 11:44:25,r1---sn-gxo5uxg-jqbe.googlevideo.com
2013-11-22 11:44:33,s.youtube.com
2013-11-22 11:44:36,r1---sn-gxo5uxg-jqbe.googlevideo.com
2013-11-22 11:44:47,s.youtube.com
2013-11-22 11:44:49,r1---sn-gxo5uxg-jqbe.googlevideo.com
2013-11-22 11:44:50,i1.ytimg.com
2013-11-22 11:45:00,s.youtube.com
2013-11-22 11:45:13,s.youtube.com
2013-11-22 11:45:30,s.youtube.com
2013-11-22 11:45:53,s.youtube.com
2013-11-22 11:46:00,s.youtube.com
2013-11-22 11:46:30,s.youtube.com
2013-11-22 11:46:33,s.youtube.com
2013-11-22 11:47:00,s.youtube.com
2013-11-22 11:47:13,s.youtube.com
2013-11-22 11:47:30,s.youtube.com
2013-11-22 11:47:53,s.youtube.com
2013-11-22 11:48:00,s.youtube.com
2013-11-22 11:48:11,s.youtube.com
2013-11-22 11:48:13,i1.ytimg.com
2013-11-22 11:48:18,r1---sn-gxo5uxg-jqbe.googlevideo.com
2013-11-22 11:48:19,r1---sn-gxo5uxg-jqbe.googlevideo.com
2013-11-22 11:48:23,r1---sn-gxo5uxg-jqbe.googlevideo.com
2013-11-22 11:48:26,s.youtube.com
2013-11-22 11:48:33,s.youtube.com
2013-11-22 11:48:56,s.youtube.com
2013-11-22 11:49:13,s.youtube.com
2013-11-22 11:49:16,s.youtube.com
2013-11-22 11:49:46,s.youtube.com
2013-11-22 11:49:53,s.youtube.com
2013-11-22 11:50:16,s.youtube.com
2013-11-22 11:50:33,s.youtube.com
2013-11-22 11:50:46,s.youtube.com
2013-11-22 11:51:13,s.youtube.com
2013-11-22 11:51:16,s.youtube.com
2013-11-22 11:51:46,s.youtube.com
2013-11-22 11:51:53,s.youtube.com
2013-11-22 11:52:16,s.youtube.com
2013-11-22 11:52:33,s.youtube.com
2013-11-22 11:52:43,s.youtube.com
2013-11-22 11:52:43,i1.ytimg.com
2013-11-22 11:53:13,s.youtube.com
2013-11-22 11:53:43,s.youtube.com
2013-11-22 11:53:53,s.youtube.com
2013-11-22 11:54:13,s.youtube.com
2013-11-22 11:54:23,s.youtube.com
2013-11-22 11:54:34,s.youtube.com
2013-11-22 11:54:53,s.youtube.com
2013-11-22 11:55:14,s.youtube.com
2013-11-22 11:55:23,i1.ytimg.com
2013-11-22 11:55:23,s.youtube.com
2013-11-22 11:55:53,s.youtube.com
2013-11-22 11:55:54,s.youtube.com
2013-11-22 11:56:23,s.youtube.com
2013-11-22 11:56:34,s.youtube.com
2013-11-22 11:56:53,s.youtube.com
2013-11-22 11:57:05,r1---sn-gxo5uxg-jqbe.googlevideo.com
2013-11-22 11:57:14,s.youtube.com
2013-11-22 11:57:20,r1---sn-gxo5uxg-jqbe.googlevideo.com
2013-11-22 11:57:24,s.youtube.com
2013-11-22 11:57:25,r1---sn-gxo5uxg-jqbe.googlevideo.com
2013-11-22 11:57:35,r1---sn-gxo5uxg-jqbe.googlevideo.com
2013-11-22 11:57:45,r1---sn-gxo5uxg-jqbe.googlevideo.com
2013-11-22 11:57:50,r1---sn-gxo5uxg-jqbe.googlevideo.com
2013-11-22 11:57:54,s.youtube.com
2013-11-22 11:58:06,r1---sn-gxo5uxg-jqbe.googlevideo.com
2013-11-22 11:58:10,r1---sn-gxo5uxg-jqbe.googlevideo.com
2013-11-22 11:58:24,s.youtube.com
2013-11-22 11:58:34,s.youtube.com
2013-11-22 11:58:47,i1.ytimg.com
2013-11-22 11:58:54,s.youtube.com
2013-11-22 11:59:14,s.youtube.com
2013-11-22 11:59:17,s.youtube.com
2013-11-22 11:59:17,www.youtube.com
2013-11-22 11:59:17,s.ytimg.com
2013-11-22 11:59:47,www.youtube.com
2013-11-22 11:59:47,r4---sn-gxo5uxg-jqbe.googlevideo.com
2013-11-22 11:59:47,www.youtube-nocookie.com
2013-11-22 11:59:47,s.youtube.com
2013-11-22 11:59:48,n.dyntrk.com
2013-11-22 11:59:48,i1.ytimg.com
2013-11-22 11:59:48,www.youtube.com
2013-11-22 11:59:49,www.youtube.com
2013-11-22 11:59:49,n.dyntrk.com
2013-11-22 11:59:54,n.dyntrk.com
2013-11-22 11:59:59,i1.ytimg.com
2013-11-22 11:59:59,n.dyntrk.com
2013-11-22 12:00:00,plus.googleapis.com
2013-11-22 12:00:00,www.youtube.com
2013-11-22 12:00:02,i1.ytimg.com
2013-11-22 12:00:02,plus.googleapis.com
2013-11-22 12:00:02,www.youtube.com
2013-11-22 12:00:04,n.dyntrk.com
2013-11-22 12:00:09,n.dyntrk.com
2013-11-22 12:00:10,s.youtube.com
2013-11-22 12:00:10,www.youtube.com
2013-11-22 12:00:10,r4---sn-gxo5uxg-jqbe.googlevideo.com
2013-11-22 12:00:11,r4---sn-gxo5uxg-jqbe.googlevideo.com
2013-11-22 12:00:16,s.youtube.com
2013-11-22 12:00:17,r4---sn-gxo5uxg-jqbe.googlevideo.com
2013-11-22 12:00:20,s.youtube.com
2013-11-22 12:00:23,r4---sn-gxo5uxg-jqbe.googlevideo.com
2013-11-22 12:00:26,s.youtube.com
2013-11-22 12:00:29,r4---sn-gxo5uxg-jqbe.googlevideo.com
2013-11-22 12:00:37,s.youtube.com
2013-11-22 12:00:44,r4---sn-gxo5uxg-jqbe.googlevideo.com
2013-11-22 12:00:48,r4---sn-gxo5uxg-jqbe.googlevideo.com
2013-11-22 12:00:50,s.youtube.com
2013-11-22 12:00:59,r4---sn-gxo5uxg-jqbe.googlevideo.com
2013-11-22 12:01:08,r4---sn-gxo5uxg-jqbe.googlevideo.com
2013-11-22 12:01:14,r4---sn-gxo5uxg-jqbe.googlevideo.com
2013-11-22 12:01:14,s.youtube.com
2013-11-22 12:01:20,s.youtube.com
2013-11-22 12:01:29,r4---sn-gxo5uxg-jqbe.googlevideo.com
2013-11-22 12:01:31,r4---sn-gxo5uxg-jqbe.googlevideo.com
2013-11-22 12:01:40,www.youtube.com
2013-11-22 12:01:44,r4---sn-gxo5uxg-jqbe.googlevideo.com
2013-11-22 12:01:50,s.youtube.com
2013-11-22 12:01:54,s.youtube.com
2013-11-22 12:01:54,r4---sn-gxo5uxg-jqbe.googlevideo.com
2013-11-22 12:01:59,r4---sn-gxo5uxg-jqbe.googlevideo.com
2013-11-22 12:02:14,r4---sn-gxo5uxg-jqbe.googlevideo.com
2013-11-22 12:02:20,s.youtube.com
2013-11-22 12:02:21,r4---sn-gxo5uxg-jqbe.googlevideo.com
2013-11-22 12:02:29,r4---sn-gxo5uxg-jqbe.googlevideo.com
2013-11-22 12:02:34,s.youtube.com
2013-11-22 12:02:42,r4---sn-gxo5uxg-jqbe.googlevideo.com
2013-11-22 12:02:43,r4---sn-gxo5uxg-jqbe.googlevideo.com
2013-11-22 12:02:50,s.youtube.com
2013-11-22 12:02:58,r4---sn-gxo5uxg-jqbe.googlevideo.com
2013-11-22 12:03:12,s.youtube.com
2013-11-22 12:03:14,s.youtube.com
2013-11-22 12:03:54,s.youtube.com
2013-11-22 12:08:31,i1.ytimg.com
2013-11-22 12:08:32,i1.ytimg.com
2013-11-22 12:08:36,www.youtube.com
2013-11-22 12:08:37,s.youtube.com
2013-11-22 12:08:39,r4---sn-gxo5uxg-jqbe.googlevideo.com
2013-11-22 12:08:57,s.youtube.com
2013-11-22 12:08:59,r4---sn-gxo5uxg-jqbe.googlevideo.com
2013-11-22 12:09:07,s.youtube.com
2013-11-22 12:09:14,r4---sn-gxo5uxg-jqbe.googlevideo.com
2013-11-22 12:09:16,r4---sn-gxo5uxg-jqbe.googlevideo.com
2013-11-22 12:09:17,s.youtube.com
2013-11-22 12:09:29,r4---sn-gxo5uxg-jqbe.googlevideo.com
2013-11-22 12:09:33,r4---sn-gxo5uxg-jqbe.googlevideo.com
2013-11-22 12:09:37,s.youtube.com
2013-11-22 12:09:44,r4---sn-gxo5uxg-jqbe.googlevideo.com
2013-11-22 12:09:55,r4---sn-gxo5uxg-jqbe.googlevideo.com
2013-11-22 12:09:58,s.youtube.com
2013-11-22 12:09:59,r4---sn-gxo5uxg-jqbe.googlevideo.com
2013-11-22 12:10:07,s.youtube.com
2013-11-22 12:10:14,r4---sn-gxo5uxg-jqbe.googlevideo.com
2013-11-22 12:10:22,r4---sn-gxo5uxg-jqbe.googlevideo.com
2013-11-22 12:10:29,r4---sn-gxo5uxg-jqbe.googlevideo.com
2013-11-22 12:10:37,s.youtube.com
2013-11-22 12:10:38,s.youtube.com
2013-11-22 12:10:44,r4---sn-gxo5uxg-jqbe.googlevideo.com
2013-11-22 12:10:52,r4---sn-gxo5uxg-jqbe.googlevideo.com
2013-11-22 12:10:59,r4---sn-gxo5uxg-jqbe.googlevideo.com
2013-11-22 12:11:07,s.youtube.com
2013-11-22 12:11:13,r4---sn-gxo5uxg-jqbe.googlevideo.com
2013-11-22 12:11:14,r4---sn-gxo5uxg-jqbe.googlevideo.com
2013-11-22 12:11:18,s.youtube.com
2013-11-22 12:11:29,r4---sn-gxo5uxg-jqbe.googlevideo.com
2013-11-22 12:11:36,r4---sn-gxo5uxg-jqbe.googlevideo.com
2013-11-22 12:11:37,s.youtube.com
2013-11-22 12:11:44,r4---sn-gxo5uxg-jqbe.googlevideo.com
2013-11-22 12:11:58,s.youtube.com
2013-11-22 12:11:59,r4---sn-gxo5uxg-jqbe.googlevideo.com
2013-11-22 12:12:02,r4---sn-gxo5uxg-jqbe.googlevideo.com
2013-11-22 12:12:07,s.youtube.com
2013-11-22 12:12:14,r4---sn-gxo5uxg-jqbe.googlevideo.com
2013-11-22 12:12:28,r4---sn-gxo5uxg-jqbe.googlevideo.com
2013-11-22 12:12:29,r4---sn-gxo5uxg-jqbe.googlevideo.com
2013-12-17 15:04:11,sb-ssl.google.com
2013-12-18 08:48:27,www.google.com
2013-12-18 08:48:27,www.bing.com
2013-12-18 08:48:28,www.google.fr
2013-12-18 08:48:29,www.google.fr
2013-12-18 08:48:30,apis.google.com
2013-12-18 08:48:30,www.google.com
2013-12-18 08:48:37,www.google.fr
2013-12-18 08:48:37,apis.google.com
2013-12-18 08:48:37,www.google.com
2013-12-18 08:48:38,www.google.fr
2013-12-18 08:50:12,ieonline.microsoft.com
2013-12-18 08:50:12,go.microsoft.com
2013-12-18 10:36:09,javadl-esd.sun.com
2014-03-28 13:56:58,armmf.adobe.com
2014-03-28 13:57:00,armmf.adobe.com
2014-03-28 13:57:26,armmf.adobe.com
2014-03-28 13:57:28,armmf.adobe.com
2014-03-28 14:07:34,www.google.fr
2014-03-28 14:07:59,www.google.fr
2014-03-28 14:08:31,www.google.fr
2014-03-28 14:08:45,www.google.fr
2014-03-28 14:08:46,apis.google.com
2014-03-28 14:08:48,www.google.com
2014-03-28 14:09:03,mail.google.com
2014-03-28 14:09:07,www.google.fr
2014-03-28 14:09:10,drive.google.com
2014-03-28 14:09:13,accounts.google.com
2014-03-28 14:09:13,www.google.fr
2014-03-28 14:09:16,accounts.youtube.com
2014-03-28 14:09:16,www.google.fr
2014-03-28 14:09:32,accounts.google.com
2014-03-28 14:09:46,accounts.google.fr
2014-03-28 14:09:47,www.google.com
2014-03-28 14:09:47,accounts.google.com
2014-03-28 14:09:47,apis.google.com
2014-03-28 14:09:48,accounts.youtube.com
2014-03-28 14:09:48,accounts.google.fr
2014-03-28 14:09:48,drive.google.com
2014-03-28 14:09:48,apis.google.com
2014-03-28 14:09:49,drive.google.com
2014-03-28 14:09:50,0.drive.google.com
2014-03-28 14:09:53,plus.google.com
2014-03-28 14:09:53,drive.google.com
2014-03-28 14:09:53,docs.google.com
2014-03-28 14:09:54,docs.google.com
2014-03-28 14:09:54,plus.google.com
2014-03-28 14:10:02,drive.google.com
2014-03-28 14:10:17,www.google.fr
2014-03-28 14:10:32,accounts.google.com
2014-03-28 14:10:50,gg.google.com
2014-03-28 14:11:07,drive.google.com
2014-03-28 14:12:08,docs.google.com
2014-03-28 14:12:08,drive.google.com
2014-03-28 14:12:09,apis.google.com
2014-03-28 14:12:09,plus.google.com
2014-03-28 14:12:18,gg.google.com
2014-03-28 14:12:25,docs.google.com
2014-03-28 14:12:25,gg.google.com
2014-03-28 14:12:25,drive.google.com
2014-03-28 14:12:26,0.drive.google.com
2014-04-04 13:33:09,armmf.adobe.com
2014-04-18 13:42:14,armmf.adobe.com
2014-04-18 13:42:49,service-updates.adobe.com
