timestamp,site
2014-01-02 10:03:59,www.iegallery.com
2014-01-02 10:03:59,go.microsoft.com
2014-01-02 10:04:00,www.iegallery.com
2014-01-02 10:04:01,www.iegallery.com
2014-01-02 10:04:02,www.iegallery.com
2014-01-02 10:04:17,www.google.fr
2014-01-02 10:04:19,www.google.fr
2014-01-02 10:04:19,www.google.com
2014-01-02 10:04:27,www.google.com
2014-01-02 10:04:27,mw2.google.com
2014-01-02 10:04:28,www.google.fr
2014-01-02 10:04:28,mw2.google.com
2014-01-02 10:04:31,www.google.fr
2014-01-02 10:05:27,www.google.fr
2014-01-02 10:08:43,armmf.adobe.com
2014-01-02 10:08:45,armmf.adobe.com
2014-01-02 10:08:46,armmf.adobe.com
2014-01-02 10:08:48,armmf.adobe.com
2014-01-02 10:30:28,office.microsoft.com
2014-01-02 10:30:28,office14client.microsoft.com
2014-01-02 10:30:29,office.microsoft.com
2014-01-02 10:50:34,www.google.fr
2014-01-02 10:50:35,www.google.com
2014-01-02 10:51:28,www.google.com
2014-01-02 10:51:49,www.google.fr
2014-01-02 10:58:03,www.google.fr
2014-01-02 10:58:04,www.leparisien.fr
2014-01-02 10:58:05,platform.twitter.com
2014-01-02 10:58:05,apis.google.com
2014-01-02 10:58:05,s-static.ak.facebook.com
2014-01-02 10:58:05,www.leparisien.fr
2014-01-02 10:58:05,connect.facebook.net
2014-01-02 10:58:05,foglio.basilic.io
2014-01-02 10:58:05,static.ak.facebook.com
2014-01-02 10:58:05,videosfr.s3.amazonaws.com
2014-01-02 10:58:06,netstorage.lequipe.fr
2014-01-02 10:58:06,accounts.google.com
2014-01-02 10:58:06,apis.google.com
2014-01-02 10:58:06,www.leparisien.fr
2014-01-02 10:58:07,www.leparisien.fr
2014-01-02 10:58:07,apis.google.com
2014-01-02 10:58:07,accounts.google.com
2014-01-02 10:58:08,www.leparisien.fr
2014-01-02 10:58:08,s3.lprs1.fr
2014-01-02 10:58:09,builder.extensionfactory.com
2014-01-02 10:58:09,www.google.com
2014-01-02 10:58:09,s3.lprs1.fr
2014-01-02 10:58:09,www.leparisien.fr
2014-01-02 10:58:10,www.leparisien.fr
2014-01-02 10:58:10,platform.twitter.com
2014-01-02 10:58:10,www.google.com
2014-01-02 10:58:10,www.facebook.com
2014-01-02 10:58:11,www.google.com
2014-01-02 10:58:11,www.leparisien.fr
2014-01-02 10:58:11,s3.lprs1.fr
2014-01-02 10:58:11,www.facebook.com
2014-01-02 10:58:11,wtpn.twenga.fr
2014-01-02 10:58:12,twitter.com
2014-01-02 10:58:12,www.facebook.com
2014-01-02 10:58:12,www.leparisien.fr
2014-01-02 10:58:12,pr.ybp.yahoo.com
2014-01-02 10:58:13,rbx-cdn-tpn.c4tw.net
2014-01-02 10:58:13,twitter.com
2014-01-02 10:58:13,www.leparisien.fr
2014-01-02 10:58:14,i10.twenga.com
2014-01-02 10:58:14,dtm.gap.com
2014-01-02 10:58:14,i11.twenga.com
2014-01-02 10:58:14,s0r.c4tw.net
2014-01-02 10:58:14,rbx-cdn-tpn.c4tw.net
2014-01-02 10:58:14,rubicon-match.dotomi.com
2014-01-02 10:58:14,www.leparisien.fr
2014-01-02 10:58:14,its.tradelab.fr
2014-01-02 10:58:14,pixel2368.everesttech.net
2014-01-02 10:59:14,pixel2368.everesttech.net
2014-01-02 11:00:09,www.leparisien.fr
2014-01-02 11:02:09,www.leparisien.fr
2014-01-02 11:04:09,www.leparisien.fr
2014-01-02 11:04:37,www.google.com
2014-01-02 11:06:09,www.leparisien.fr
2014-01-02 11:06:19,its.tradelab.fr
2014-01-02 11:06:30,www.google.fr
2014-01-02 11:06:30,fr.wikipedia.org
2014-01-02 11:06:30,bits.wikimedia.org
2014-01-02 11:06:30,login.wikimedia.org
2014-01-02 11:06:30,meta.wikimedia.org
2014-01-02 11:07:31,www.google.fr
2014-01-02 11:07:31,www.europe1.fr
2014-01-02 11:07:32,www.europe1.fr
2014-01-02 11:07:32,code.jquery.com
2014-01-02 11:07:33,connect.facebook.net
2014-01-02 11:07:33,www.europe1.fr
2014-01-02 11:07:33,photo.europe1.fr
2014-01-02 11:07:33,www.youtube.com
2014-01-02 11:07:33,s.ytimg.com
2014-01-02 11:07:33,static.ak.facebook.com
2014-01-02 11:07:33,cshoppingbox.partner.leguide.com
2014-01-02 11:07:33,s-static.ak.facebook.com
2014-01-02 11:07:34,csimg.leguide.com
2014-01-02 11:07:34,apis.google.com
2014-01-02 11:07:34,code.jquery.com
2014-01-02 11:07:34,s.ytimg.com
2014-01-02 11:07:34,www.europe1.fr
2014-01-02 11:07:34,www.google.com
2014-01-02 11:07:34,cimg.leguide.com
2014-01-02 11:07:35,www.europe1.fr
2014-01-02 11:07:35,s.ytimg.com
2014-01-02 11:07:35,i1.ytimg.com
2014-01-02 11:07:36,accounts.google.com
2014-01-02 11:07:36,video.premiere.fr
2014-01-02 11:07:36,www.europe1.fr
2014-01-02 11:07:36,i1.ytimg.com
2014-01-02 11:07:36,photo.europe1.fr
2014-01-02 11:07:36,www.facebook.com
2014-01-02 11:07:36,team.newsweb.fr
2014-01-02 11:07:36,emailretargeting.com
2014-01-02 11:07:37,player.mediabong.com
2014-01-02 11:07:38,dc1w54.wysistat.com
2014-01-02 11:07:39,twitter.com
2014-01-02 11:07:39,platform.twitter.com
2014-01-02 11:07:39,www.facebook.com
2014-01-02 11:07:39,syndication.twitter.com
2014-01-02 11:07:40,pbs.twimg.com
2014-01-02 11:07:40,syndication.twitter.com
2014-01-02 11:07:41,static.mediabong.com
2014-01-02 11:07:41,player.mediabong.com
2014-01-02 11:07:45,platform.twitter.com
2014-01-02 11:07:45,twitter.com
2014-01-02 11:07:45,pbs.twimg.com
2014-01-02 11:07:45,video.mediabong.com
2014-01-02 11:07:45,static.mediabong.com
2014-01-02 11:07:46,video.mediabong.com
2014-01-02 11:08:37,www.europe1.fr
2014-01-02 11:08:40,syndication.twitter.com
2014-01-02 11:09:37,www.europe1.fr
2014-01-02 11:10:10,syndication.twitter.com
2014-01-02 11:10:37,www.europe1.fr
2014-01-02 11:11:37,www.europe1.fr
2014-01-02 11:11:40,syndication.twitter.com
2014-01-02 11:12:37,www.europe1.fr
2014-01-02 11:13:10,syndication.twitter.com
2014-01-02 11:13:37,www.europe1.fr
2014-01-02 11:14:37,www.europe1.fr
2014-01-02 11:14:40,syndication.twitter.com
2014-01-02 11:15:37,www.europe1.fr
2014-01-02 11:16:10,syndication.twitter.com
2014-01-02 11:16:37,www.europe1.fr
2014-01-02 11:17:37,www.europe1.fr
2014-01-02 11:17:40,syndication.twitter.com
2014-01-02 11:18:37,www.europe1.fr
2014-01-02 11:19:10,syndication.twitter.com
2014-01-02 11:19:37,www.europe1.fr
2014-01-02 11:20:37,www.europe1.fr
2014-01-02 11:20:41,syndication.twitter.com
2014-01-02 11:21:37,www.europe1.fr
2014-01-02 11:22:11,syndication.twitter.com
2014-01-02 11:22:37,www.europe1.fr
2014-01-02 11:23:37,www.europe1.fr
2014-01-02 11:23:41,syndication.twitter.com
2014-01-02 11:24:15,www.facebook.com
2014-01-02 11:25:19,www.google.fr
2014-01-02 11:25:55,www.google.fr
2014-01-02 11:25:56,lci.tf1.fr
2014-01-02 11:25:56,s.tf1.fr
2014-01-02 11:25:56,www.google.fr
2014-01-02 11:25:56,www.tf1.fr
2014-01-02 11:25:57,s.tf1.fr
2014-01-02 11:25:57,www.beead.fr
2014-01-02 11:25:57,www.ebz.io
2014-01-02 11:25:58,s.tf1.fr
2014-01-02 11:25:58,accounts.google.com
2014-01-02 11:25:58,www.tf1.fr
2014-01-02 11:25:58,tf1.fr
2014-01-02 11:25:58,s.wat.tv
2014-01-02 11:25:58,platform.twitter.com
2014-01-02 11:25:58,www.wat.tv
2014-01-02 11:25:58,apis.google.com
2014-01-02 11:25:59,rbp.mxptint.net
2014-01-02 11:25:59,match.rtbidder.net
2014-01-02 11:25:59,www.wat.tv
2014-01-02 11:25:59,um.simpli.fi
2014-01-02 11:26:00,s.tf1.fr
2014-01-02 11:26:00,www.wat.tv
2014-01-02 11:26:00,www.tf1.fr
2014-01-02 11:26:00,s.wat.tv
2014-01-02 11:26:00,api.tf1.fr
2014-01-02 11:26:00,slpubmedias.tf1.fr
2014-01-02 11:26:01,s.wat.tv
2014-01-02 11:26:01,www.wat.tv
2014-01-02 11:26:02,www.beead.fr
2014-01-02 11:26:02,c1.adform.net
2014-01-02 11:26:02,rp.gwallet.com
2014-01-02 11:26:02,www.wat.tv
2014-01-02 11:26:03,www.wat.tv
2014-01-02 11:26:03,www.facebook.com
2014-01-02 11:26:03,s.wat.tv
2014-01-02 11:26:03,www.ebz.io
2014-01-02 11:26:04,static.ak.facebook.com
2014-01-02 11:26:04,sa.tf1.fr
2014-01-02 11:26:04,www.facebook.com
2014-01-02 11:26:04,s-static.ak.facebook.com
2014-01-02 11:26:04,s.tf1.fr
2014-01-02 11:26:05,www.facebook.com
2014-01-02 11:26:05,static1.shopoon.fr
2014-01-02 11:26:05,lci.tf1.fr
2014-01-02 11:26:05,platform.twitter.com
2014-01-02 11:26:06,twitter.com
2014-01-02 11:26:06,s.tf1.fr
2014-01-02 11:26:06,lci.tf1.fr
2014-01-02 11:26:06,static1.shopoon.fr
2014-01-02 11:26:06,www.facebook.com
2014-01-02 11:26:06,platform.twitter.com
2014-01-02 11:26:07,s.tf1.fr
2014-01-02 11:26:07,twitter.com
2014-01-02 11:28:19,www.google.fr
2014-01-03 10:00:20,www.google.fr
2014-01-03 10:00:22,www.google.com
2014-01-03 10:00:35,www.google.fr
2014-01-03 10:00:35,www.google.com
2014-01-03 10:00:36,www.google.fr
2014-01-03 10:00:36,login.live.com
2014-01-03 10:00:36,www.hotmail.fr
2014-01-03 10:00:38,login.live.com
2014-01-03 10:00:38,windowslive.tt.omtrdc.net
2014-01-03 10:00:49,windowslive.tt.omtrdc.net
2014-01-03 10:01:01,login.live.com
2014-01-03 10:01:12,mail.live.com
2014-01-03 10:01:14,snt150.mail.live.com
2014-01-03 10:01:16,h.live.com
2014-01-03 10:01:16,people.directory.live.com
2014-01-03 10:01:16,cid-c0bf0367b15ccc93.users.storage.live.com
2014-01-03 10:01:17,h.live.com
2014-01-03 10:01:17,snt150.mail.live.com
2014-01-03 10:01:18,windowslive.tt.omtrdc.net
2014-01-03 10:01:20,h.live.com
2014-01-03 10:01:21,h.live.com
2014-01-03 10:01:24,h.live.com
2014-01-03 10:01:25,snt150.mail.live.com
2014-01-03 10:01:25,p.sfx.ms
2014-01-03 10:01:26,snt150.mail.live.com
2014-01-03 10:01:26,js.live.net
2014-01-03 10:01:27,secure.shared.live.com
2014-01-03 10:01:28,go.trouter.io
2014-01-03 10:01:39,snt150.mail.live.com
2014-01-03 10:01:40,storage.live.com
2014-01-03 10:01:42,snt150.afx.ms
2014-01-03 10:02:13,secure.shared.live.com
2014-01-03 10:03:11,snt150.mail.live.com
2014-01-03 10:03:13,snt150.afx.ms
2014-01-03 10:03:14,login.live.com
2014-01-03 10:03:14,go.trouter.io
2014-01-03 10:03:15,snt150.mail.live.com
2014-01-03 10:03:15,cid-c0bf0367b15ccc93.users.storage.live.com
2014-01-03 10:03:16,snt150.mail.live.com
2014-01-03 10:03:16,g.live.com
2014-01-03 10:03:23,windowslive.tt.omtrdc.net
2014-01-03 10:08:50,windows.microsoft.com
2014-01-03 10:08:50,go.microsoft.com
2014-01-03 10:08:51,windows.microsoft.com
2014-01-03 10:08:51,js.microsoft.com
2014-01-03 10:08:51,ajax.microsoft.com
2014-01-03 10:08:51,res1.windows.microsoft.com
2014-01-03 10:08:51,res2.windows.microsoft.com
2014-01-03 10:09:02,www.google.fr
2014-01-03 10:09:07,www.bing.com
2014-01-03 10:09:45,www.google.fr
2014-01-03 10:11:15,go.microsoft.com
2014-01-03 10:11:15,ieonline.microsoft.com
2014-01-03 10:11:53,www.google.fr
2014-01-03 10:11:53,gtglobal-ocsp.geotrust.com
2014-01-03 10:11:53,clients1.google.com
2014-01-03 10:11:54,clients1.google.com
2014-01-03 10:12:19,clients1.google.com
2014-01-03 10:12:24,gtssl-ocsp.geotrust.com
2014-01-03 10:12:34,www.google.fr
2014-01-03 10:12:34,www.le10sport.com
2014-01-03 10:12:34,shea.swelen.com
2014-01-03 10:12:34,emailretargeting.com
2014-01-03 10:12:34,ajax.googleapis.com
2014-01-03 10:12:35,ea.le10sport.com
2014-01-03 10:12:35,www.google.com
2014-01-03 10:12:35,dc1w54.wysistat.com
2014-01-03 10:12:35,connect.facebook.net
2014-01-03 10:12:35,static.ak.facebook.com
2014-01-03 10:12:35,s-static.ak.facebook.com
2014-01-03 10:12:35,hal9000.redintelligence.net
2014-01-03 10:12:35,clients1.google.com
2014-01-03 10:12:36,hal9000.redintelligence.net
2014-01-03 10:12:36,banniere.reussissonsensemble.fr
2014-01-03 10:12:36,www.facebook.com
2014-01-03 10:12:36,premium.hi-mediaserver.com
2014-01-03 10:12:37,banniere.reussissonsensemble.fr
2014-01-03 10:12:37,platform.twitter.com
2014-01-03 10:12:37,apis.google.com
2014-01-03 10:12:37,www.facebook.com
2014-01-03 10:12:38,evsecure-ocsp.verisign.com
2014-01-03 10:12:38,clients1.google.com
2014-01-03 10:12:38,www.beead.fr
2014-01-03 10:12:52,www.le10sport.com
2014-01-03 10:12:59,apnx-match.dotomi.com
2014-01-03 10:12:59,um.simpli.fi
2014-01-03 10:13:00,apnx-match.dotomi.com
2014-01-03 10:13:02,www.le10sport.com
2014-01-03 10:13:08,twitter.com
2014-01-03 10:14:33,safebrowsing-cache.google.com
2014-01-03 10:14:33,safebrowsing.clients.google.com
2014-01-03 10:14:49,www.google.com
2014-01-03 10:15:29,www.google.fr
2014-01-03 10:15:33,apis.google.com
2014-01-03 10:15:33,accounts.google.com
2014-01-03 10:16:20,www.google.fr
2014-01-03 10:16:21,economiematin.fr
2014-01-03 10:16:21,www.economiematin.fr
2014-01-03 10:16:22,platform.linkedin.com
2014-01-03 10:16:22,economiematin.disqus.com
2014-01-03 10:16:22,www.google.com
2014-01-03 10:16:22,www.economiematin.fr
2014-01-03 10:16:22,flux.effiliation.com
2014-01-03 10:16:22,ajax.googleapis.com
2014-01-03 10:16:22,go.disqus.com
2014-01-03 10:16:23,s-static.ak.facebook.com
2014-01-03 10:16:23,www.linkedin.com
2014-01-03 10:16:23,go.disqus.com
2014-01-03 10:16:23,platform.twitter.com
2014-01-03 10:16:23,www.economiematin.fr
2014-01-03 10:16:23,platform.linkedin.com
2014-01-03 10:16:23,economiematin.disqus.com
2014-01-03 10:16:23,connect.facebook.net
2014-01-03 10:16:23,www.directmatin.fr
2014-01-03 10:16:23,static.ak.facebook.com
2014-01-03 10:16:24,www.linkedin.com
2014-01-03 10:16:24,static.ebz.io
2014-01-03 10:16:24,www.facebook.com
2014-01-03 10:16:24,disqus.com
2014-01-03 10:16:24,s.easystore.widgetvillage.com
2014-01-03 10:16:24,www.directmatin.fr
2014-01-03 10:16:24,go.disqus.com
2014-01-03 10:16:24,www.economiematin.fr
2014-01-03 10:16:25,disqus.com
2014-01-03 10:16:25,economiematin.disqus.com
2014-01-03 10:16:27,disqus.com
2014-01-03 10:16:27,ocsp.comodoca.com
2014-01-03 10:16:28,adventori.com
2014-01-03 10:16:28,ocsp.comodoca.com
2014-01-03 10:16:43,pixel2368.everesttech.net
2014-01-03 10:16:55,twitter.com
2014-01-03 10:17:21,ocsp.thawte.com
2014-01-03 10:17:29,sb-ssl.google.com
2014-01-03 10:19:16,www.google.fr
2014-01-03 10:19:21,apis.google.com
2014-01-03 10:19:21,accounts.google.com
2014-01-03 10:19:21,ocsp.verisign.com
2014-01-03 10:21:22,ocsp.digicert.com
2014-01-03 10:26:02,www.google.fr
2014-01-03 10:26:03,fr.wikipedia.org
2014-01-03 10:26:03,meta.wikimedia.org
2014-01-03 10:26:03,login.wikimedia.org
2014-01-03 10:26:03,bits.wikimedia.org
2014-01-03 10:27:32,fr.wikipedia.org
2014-01-03 10:27:32,www.google.fr
2014-01-03 10:27:32,bits.wikimedia.org
2014-01-03 10:27:33,meta.wikimedia.org
2014-01-03 10:27:33,bits.wikimedia.org
2014-01-03 10:27:33,fr.wikipedia.org
2014-01-03 10:30:28,www.google.fr
2014-01-03 10:45:41,safebrowsing-cache.google.com
2014-01-03 10:45:41,safebrowsing.clients.google.com
2014-01-03 11:15:40,safebrowsing.clients.google.com
2014-01-03 11:15:40,safebrowsing-cache.google.com
2014-01-03 11:29:57,www.google.fr
2014-01-03 11:29:57,clients1.google.com
2014-01-03 11:29:57,gtglobal-ocsp.geotrust.com
2014-01-03 11:29:58,clients1.google.com
2014-01-03 11:30:12,safebrowsing.clients.google.com
2014-01-03 11:30:13,safebrowsing-cache.google.com
2014-01-03 11:30:18,www.google.fr
2014-01-03 11:30:18,login.live.com
2014-01-03 11:30:18,evsecure-ocsp.verisign.com
2014-01-03 11:30:18,www.hotmail.fr
2014-01-03 11:30:19,evintl-ocsp.verisign.com
2014-01-03 11:30:20,login.live.com
2014-01-03 11:30:20,ocsp.entrust.net
2014-01-03 11:30:20,ocsp.digicert.com
2014-01-03 11:30:31,windowslive.tt.omtrdc.net
2014-01-03 11:30:38,login.live.com
2014-01-03 11:30:39,evintl-ocsp.verisign.com
2014-01-03 11:30:41,gtssl-ocsp.geotrust.com
2014-01-03 11:30:45,ocsp.verisign.com
2014-01-03 11:30:52,windowslive.tt.omtrdc.net
2014-01-03 11:31:30,secure.shared.live.com
2014-01-03 11:31:35,cid-c0bf0367b15ccc93.users.storage.live.com
2014-01-03 11:31:41,mail.live.com
2014-01-03 11:31:42,snt150.mail.live.com
2014-01-03 11:31:42,login.live.com
2014-01-03 11:31:43,g.live.com
2014-01-03 11:31:46,people.directory.live.com
2014-01-03 11:31:47,h.live.com
2014-01-03 11:31:47,windowslive.tt.omtrdc.net
2014-01-03 11:31:47,apis.google.com
2014-01-03 11:31:47,www.google.com
2014-01-03 11:31:47,www.google.fr
2014-01-03 11:31:47,sb-ssl.google.com
2014-01-03 11:31:47,storage.live.com
2014-01-03 11:31:47,js.live.net
2014-01-03 11:31:47,go.trouter.io
2014-01-03 11:31:47,cid-c0bf0367b15ccc93.users.storage.live.com
2014-01-03 11:31:47,snt150.mail.live.com
2014-01-17 15:55:45,www.google.fr
2014-01-17 15:55:57,www.google.fr
2014-01-17 15:56:02,www.google.com
2014-01-17 15:56:06,res2.windows.microsoft.com
2014-01-17 15:56:06,js.microsoft.com
2014-01-17 15:56:06,ajax.microsoft.com
2014-01-17 15:56:06,res1.windows.microsoft.com
2014-01-17 15:56:06,windows.microsoft.com
2014-01-17 15:56:06,go.microsoft.com
2014-01-17 15:56:07,res1.windows.microsoft.com
2014-01-17 15:56:10,www.bing.com
2014-01-17 15:56:18,apis.google.com
2014-01-17 15:56:20,mw2.google.com
2014-01-17 15:56:21,www.google.com
2014-01-17 15:56:23,apis.google.com
2014-01-17 15:56:23,www.google.fr
2014-01-17 15:56:23,mw2.google.com
2014-01-17 15:56:24,www.google.fr
2014-01-17 15:57:20,ieonline.microsoft.com
2014-03-19 08:10:01,www.google.fr
2014-03-19 08:10:02,clients1.google.com
2014-03-19 08:10:02,gtglobal-ocsp.geotrust.com
2014-03-19 08:10:24,clients1.google.com
2014-03-19 08:10:35,safebrowsing.clients.google.com
2014-03-19 08:10:35,safebrowsing-cache.google.com
2014-03-19 08:10:36,gtssl-ocsp.geotrust.com
2014-03-19 08:11:16,clients1.google.com
2014-03-19 08:11:21,clients1.google.com
2014-03-19 08:11:35,ocsp.verisign.com
2014-03-19 08:12:56,apis.google.com
2014-03-19 08:12:58,www.google.fr
2014-03-19 08:13:34,ocsp.digicert.com
2014-03-19 08:13:35,ocsp.digicert.com
2014-03-19 08:14:09,accounts.youtube.com
2014-03-19 08:14:11,accounts.google.fr
2014-03-19 08:14:11,accounts.google.com
2014-03-19 08:14:13,www.google.com
2014-03-19 08:14:55,ocsp.tcs.terena.org
2014-03-19 08:14:55,ocsp.usertrust.com
2014-03-19 08:15:34,www.google.fr
2014-03-19 08:15:43,www.google.fr
2014-03-19 08:15:43,cdn2.reverso.net
2014-03-19 08:15:43,ajax.googleapis.com
2014-03-19 08:15:43,www.reverso.net
2014-03-19 08:15:43,api.conduit.com
2014-03-19 08:15:44,s-static.ak.facebook.com
2014-03-19 08:15:44,connect.facebook.net
2014-03-19 08:15:44,ocsp.thawte.com
2014-03-19 08:15:44,cdn-s3.cogmatch.net
2014-03-19 08:15:44,s.cogmatch.net
2014-03-19 08:15:44,static.ak.facebook.com
2014-03-19 08:15:44,ajax.googleapis.com
2014-03-19 08:15:48,i1-js-14-3-01-12160-404430508-i.init.cedexis-radar.net
2014-03-19 08:15:48,cdx1.ecritel.bench.cedexis.com
2014-03-19 08:15:49,cdn2.reverso.net
2014-03-19 08:15:50,ak.c.ooyala.com
2014-03-19 08:15:50,www.reverso.net
2014-03-19 08:16:36,www.google.fr
2014-03-19 08:16:37,cdn2.reverso.net
2014-03-19 08:16:37,dictionnaire.reverso.net
2014-03-19 08:16:37,ajax.googleapis.com
2014-03-19 08:19:10,www.google.fr
2014-03-19 08:19:35,ocsp.thawte.com
2014-03-19 08:20:33,accounts.youtube.com
2014-03-19 08:20:34,accounts.google.fr
2014-03-19 08:20:39,apis.google.com
2014-03-19 08:20:39,accounts.google.com
2014-03-19 08:21:33,plus.google.com
2014-03-19 08:23:09,www.google.fr
2014-03-19 08:23:10,www.google.fr
2014-03-19 08:24:21,clients1.google.com
2014-03-19 08:26:31,accounts.youtube.com
2014-03-19 08:26:31,accounts.google.fr
2014-03-19 08:28:15,gg.google.com
2014-03-19 08:28:44,www.google.com
2014-03-19 08:28:44,clients2.google.com
2014-03-19 08:28:45,accounts.google.com
2014-03-19 08:28:45,apis.google.com
2014-03-19 08:28:45,www.google.com
2014-03-19 08:28:46,clients6.google.com
2014-03-19 08:28:51,www.google.com
2014-03-19 08:29:16,drive.google.com
2014-03-19 08:29:43,plus.google.com
2014-03-19 08:30:22,www.google.fr
2014-03-19 08:33:05,cdn2.reverso.net
2014-03-19 08:33:05,api.conduit.com
2014-03-19 08:33:05,ajax.googleapis.com
2014-03-19 08:33:05,www.google.com
2014-03-19 08:33:05,www.reverso.net
2014-03-19 08:33:06,s-static.ak.facebook.com
2014-03-19 08:33:06,ajax.googleapis.com
2014-03-19 08:33:06,connect.facebook.net
2014-03-19 08:33:06,static.ak.facebook.com
2014-03-19 08:33:09,i1-js-14-3-01-12160-474359199-i.init.cedexis-radar.net
2014-03-19 08:33:13,cdn2.reverso.net
2014-03-19 08:33:13,www.reverso.net
2014-03-19 08:33:14,www.reverso.net
2014-03-19 08:33:54,www.google.com
2014-03-19 08:35:17,drive.google.com
2014-03-19 08:35:34,docs.google.com
2014-03-19 08:36:40,clients6.google.com
2014-03-19 08:38:04,cdn2.reverso.net
2014-03-19 08:38:10,dictionnaire.reverso.net
2014-03-19 08:38:14,ajax.googleapis.com
2014-03-19 08:38:14,cdn2.reverso.net
2014-03-19 08:38:14,dictionnaire.reverso.net
2014-03-19 08:38:15,cdn2.reverso.net
2014-03-19 08:38:15,dictionnaire.reverso.net
2014-03-19 08:38:16,deliv.leboncoin.fr
2014-03-19 08:38:16,mfr.meteofrance.com
2014-03-19 08:38:17,www.google.com
2014-03-19 08:38:17,ocsp.thawte.com
2014-03-19 08:39:46,safebrowsing.clients.google.com
2014-03-19 08:39:46,safebrowsing-cache.google.com
2014-03-19 08:40:43,docs.google.com
2014-03-19 08:40:48,plus.google.com
2014-03-19 08:41:12,accounts.google.com
2014-03-19 08:41:41,www.google.com
2014-03-19 08:41:42,www.wordreference.com
2014-03-19 08:41:43,yui.yahooapis.com
2014-03-19 08:41:43,www.wordreference.com
2014-03-19 08:41:50,www.google.com
2014-03-19 08:41:51,ajax.googleapis.com
2014-03-19 08:41:51,www.reverso.net
2014-03-19 08:41:51,static.ak.facebook.com
2014-03-19 08:41:51,s-static.ak.facebook.com
2014-03-19 08:41:54,i1-js-14-3-01-12160-753938722-i.init.cedexis-radar.net
2014-03-19 08:41:57,cloudfront-dsa.cedexis.com
2014-03-19 08:41:58,cloudfront-dsa.cedexis.com
2014-03-19 08:41:58,cdn2.reverso.net
2014-03-19 08:41:59,cdn2.reverso.net
2014-03-19 08:42:00,www.reverso.net
2014-03-19 08:42:02,www.reverso.net
2014-03-19 08:42:02,cdn2.reverso.net
2014-03-19 08:42:02,ajax.googleapis.com
2014-03-19 08:42:03,ajax.googleapis.com
2014-03-19 08:42:03,dictionnaire.reverso.net
2014-03-19 08:42:03,static.ak.facebook.com
2014-03-19 08:42:03,www.reverso.net
2014-03-19 08:42:03,s-static.ak.facebook.com
2014-03-19 08:42:03,cdn2.reverso.net
2014-03-19 08:42:07,ajax.googleapis.com
2014-03-19 08:42:07,cdn2.reverso.net
2014-03-19 08:42:07,www.facebook.com
2014-03-19 08:42:08,www.facebook.com
2014-03-19 08:42:10,i1-js-14-3-01-12160-838081728-i.init.cedexis-radar.net
2014-03-19 08:42:10,cdn2.reverso.net
2014-03-19 08:42:11,ajax.googleapis.com
2014-03-19 08:42:13,cdn2.reverso.net
2014-03-19 08:42:14,cdn2.reverso.net
2014-03-19 08:42:15,llnwop.cedexis.com
2014-03-19 08:42:16,www.reverso.net
2014-03-19 08:42:17,clients6.google.com
2014-03-19 08:42:28,s-static.ak.facebook.com
2014-03-19 08:42:28,ajax.googleapis.com
2014-03-19 08:42:28,static.ak.facebook.com
2014-03-19 08:42:31,i1-js-14-3-01-12160-640182713-i.init.cedexis-radar.net
2014-03-19 08:42:32,fastly.bench.cedexis.com.global.prod.fastly.net
2014-03-19 08:42:32,fastly.bench.cedexis.com
2014-03-19 08:42:33,www.reverso.net
2014-03-19 08:42:33,ajax.googleapis.com
2014-03-19 08:42:34,dictionnaire.reverso.net
2014-03-19 08:42:34,static.ak.facebook.com
2014-03-19 08:42:34,www.reverso.net
2014-03-19 08:42:34,s-static.ak.facebook.com
2014-03-19 08:42:35,ajax.googleapis.com
2014-03-19 08:42:37,www.facebook.com
2014-03-19 08:42:38,ocsp.comodoca.com
2014-03-19 08:42:38,www.facebook.com
2014-03-19 08:42:40,i1-js-14-3-01-12160-974076899-i.init.cedexis-radar.net
2014-03-19 08:42:40,apnx-match.dotomi.com
2014-03-19 08:42:41,probe.cedexis.org
2014-03-19 08:42:42,cdn2.reverso.net
2014-03-19 08:42:42,probe.cedexis.org
2014-03-19 08:42:43,cdn2.reverso.net
2014-03-19 08:42:44,www.reverso.net
2014-03-19 08:42:54,pixel2368.everesttech.net
2014-03-19 08:43:16,drive.google.com
2014-03-19 08:44:44,dictionnaire.reverso.net
2014-03-19 08:44:57,www.reverso.net
2014-03-19 08:44:57,ajax.googleapis.com
2014-03-19 08:44:58,static.ak.facebook.com
2014-03-19 08:44:58,ajax.googleapis.com
2014-03-19 08:44:59,s-static.ak.facebook.com
2014-03-19 08:45:01,i1-js-14-3-01-12160-101306225-i.init.cedexis-radar.net
2014-03-19 08:45:03,cloudfront.cedexis.com
2014-03-19 08:45:04,cloudfront.cedexis.com
2014-03-19 08:45:05,ajax.googleapis.com
2014-03-19 08:45:05,www.reverso.net
2014-03-19 08:45:06,www.reverso.net
2014-03-19 08:45:06,static.ak.facebook.com
2014-03-19 08:45:06,dictionnaire.reverso.net
2014-03-19 08:45:06,s-static.ak.facebook.com
2014-03-19 08:45:07,ajax.googleapis.com
2014-03-19 08:45:09,www.facebook.com
2014-03-19 08:45:11,c1.adform.net
2014-03-19 08:45:12,i1-js-14-3-01-12160-142054201-i.init.cedexis-radar.net
2014-03-19 08:45:12,um.simpli.fi
2014-03-19 08:45:13,cm.adgrx.com
2014-03-19 08:45:14,cm.adgrx.com
2014-03-19 08:45:14,adventori.com
2014-03-19 08:45:14,cdn2.reverso.net
2014-03-19 08:45:15,cdn2.reverso.net
2014-03-19 08:45:16,vnx.numergy.bench.cedexis.com
2014-03-19 08:45:17,www.reverso.net
2014-03-19 08:45:18,www.reverso.net
2014-03-19 08:46:40,clients6.google.com
2014-03-19 08:46:43,www.reverso.net
2014-03-19 08:46:43,dictionnaire.reverso.net
2014-03-19 08:46:44,ajax.googleapis.com
2014-03-19 08:47:02,www.reverso.net
2014-03-19 08:47:03,trk-fr.makazi.com
2014-03-19 08:47:03,ajax.googleapis.com
2014-03-19 08:47:03,redir.adbutter.net
2014-03-19 08:47:04,dictionnaire.reverso.net
2014-03-19 08:47:04,www.reverso.net
2014-03-19 08:47:04,ajax.googleapis.com
2014-03-19 08:47:08,www.reverso.net
2014-03-19 08:47:09,ajax.googleapis.com
2014-03-19 08:47:09,dictionnaire.reverso.net
2014-03-19 08:47:09,www.reverso.net
2014-03-19 08:47:11,docs.google.com
2014-03-19 08:47:17,www.reverso.net
2014-03-19 08:47:17,dictionnaire.reverso.net
2014-03-19 08:47:17,ajax.googleapis.com
2014-03-19 08:47:23,www.reverso.net
2014-03-19 08:47:24,dictionnaire.reverso.net
2014-03-19 08:47:24,www.reverso.net
2014-03-19 08:47:24,ajax.googleapis.com
2014-03-19 08:47:24,eulerian.alinea.fr
2014-03-19 08:47:25,redir.adbutter.net
2014-03-19 08:47:27,trk-fr.makazi.com
2014-03-19 08:47:51,www.reverso.net
2014-03-19 08:48:00,context2.reverso.net
2014-03-19 08:48:00,www.reverso.net
2014-03-19 08:48:00,cdn2.reverso.net
2014-03-19 08:49:17,drive.google.com
2014-03-19 08:49:46,ajax.googleapis.com
2014-03-19 08:49:46,static.ak.facebook.com
2014-03-19 08:49:47,s-static.ak.facebook.com
2014-03-19 08:49:51,i1-js-14-3-01-12160-598736157-i.init.cedexis-radar.net
2014-03-19 08:49:51,cedexis-test01.insnw.net
2014-03-19 08:49:52,cedexis-test01.insnw.net
2014-03-19 08:49:53,ec2-us-east-1a.cedexis.com
2014-03-19 08:49:54,cdn2.reverso.net
2014-03-19 08:49:55,cdn2.reverso.net
2014-03-19 08:49:56,www.reverso.net
2014-03-19 08:49:57,www.reverso.net
2014-03-19 08:50:02,ajax.googleapis.com
2014-03-19 08:50:02,api.conduit.com
2014-03-19 08:50:02,www.reverso.net
2014-03-19 08:50:03,dictionnaire.reverso.net
2014-03-19 08:50:03,s-static.ak.facebook.com
2014-03-19 08:50:03,connect.facebook.net
2014-03-19 08:50:03,ajax.googleapis.com
2014-03-19 08:50:03,static.ak.facebook.com
2014-03-19 08:50:03,www.reverso.net
2014-03-19 08:50:05,images.orangepublicite.fr
2014-03-19 08:50:07,www.facebook.com
2014-03-19 08:50:09,i1-js-14-3-01-12160-257162030-i.init.cedexis-radar.net
2014-03-19 08:50:12,cdn2.reverso.net
2014-03-19 08:50:12,ovh-canada.bench.cedexis.com
2014-03-19 08:50:13,cdn2.reverso.net
2014-03-19 08:50:14,www.reverso.net
2014-03-19 08:52:08,static.ak.facebook.com
2014-03-19 08:52:08,s-static.ak.facebook.com
2014-03-19 08:52:08,ajax.googleapis.com
2014-03-19 08:52:11,i1-js-14-3-01-12160-118446170-i.init.cedexis-radar.net
2014-03-19 08:52:12,ec2-sa-east-1a.cedexis.com
2014-03-19 08:52:13,limelight.cedexis.com
2014-03-19 08:52:13,www.reverso.net
2014-03-19 08:52:14,www.reverso.net
2014-03-19 08:52:14,cdn2.reverso.net
2014-03-19 08:56:15,docs.google.com
2014-03-19 08:56:40,clients6.google.com
2014-03-19 08:56:45,www.google.fr
2014-03-19 08:56:45,fr.wikipedia.org
2014-03-19 08:56:46,meta.wikimedia.org
2014-03-19 08:56:46,fr.wikipedia.org
2014-03-19 08:56:46,bits.wikimedia.org
2014-03-19 08:56:46,login.wikimedia.org
2014-03-19 08:56:47,meta.wikimedia.org
2014-03-19 08:57:17,drive.google.com
2014-03-19 08:57:29,plus.google.com
2014-03-19 08:57:47,www.google.com
2014-03-19 08:57:47,www.google.fr
2014-03-19 08:58:09,www.google.com
2014-03-19 08:58:09,www.google.fr
2014-03-19 08:58:43,www.lsbu.ac.uk
2014-03-19 08:58:43,ocsp.tcs.terena.org
2014-03-19 08:58:44,clients1.google.com
2014-03-19 08:58:44,www.lsbu.ac.uk
2014-03-19 08:58:48,pbs.twimg.com
2014-03-19 08:58:48,ocsp.godaddy.com
2014-03-19 08:59:04,www.lsbu.ac.uk
2014-03-19 08:59:49,www.lsbu.ac.uk
2014-03-19 08:59:53,www.lsbu.ac.uk
2014-03-19 09:00:09,www.lsbu.ac.uk
2014-03-19 09:00:10,www.lsbu.ac.uk
2014-03-19 09:01:05,plus.google.com
2014-03-19 09:01:24,www.lsbu.ac.uk
2014-03-19 09:01:38,www.google.fr
2014-03-19 09:02:28,www.lsbu.ac.uk
2014-03-19 09:04:23,maps.googleapis.com
2014-03-19 09:04:46,clients1.google.com
2014-03-19 09:06:41,clients6.google.com
2014-03-19 09:07:39,www.lsbu.ac.uk
2014-03-19 09:08:15,www.lsbu.ac.uk
2014-03-19 09:08:51,safebrowsing-cache.google.com
2014-03-19 09:08:51,safebrowsing.clients.google.com
2014-03-19 09:09:21,www.lsbu.ac.uk
2014-03-19 09:11:16,drive.google.com
2014-03-19 09:11:26,maps.googleapis.com
2014-03-19 09:11:56,api.conduit.com
2014-03-19 09:11:56,ajax.googleapis.com
2014-03-19 09:11:56,www.reverso.net
2014-03-19 09:11:57,connect.facebook.net
2014-03-19 09:11:58,s-static.ak.facebook.com
2014-03-19 09:11:58,static.ak.facebook.com
2014-03-19 09:12:00,www.facebook.com
2014-03-19 09:12:02,i1-js-14-3-01-12160-589898690-i.init.cedexis-radar.net
2014-03-19 09:12:03,probe.cedexis.org
2014-03-19 09:12:04,probe.cedexis.org
2014-03-19 09:12:05,fastly.bench.cedexis.com
2014-03-19 09:12:05,fastly.bench.cedexis.com.global.prod.fastly.net
2014-03-19 09:12:06,fastly.bench.cedexis.com
2014-03-19 09:12:07,cdn2.reverso.net
2014-03-19 09:12:08,cdn2.reverso.net
2014-03-19 09:12:08,www.reverso.net
2014-03-19 09:12:09,www.reverso.net
2014-03-19 09:12:31,docs.google.com
2014-03-19 09:17:28,plus.google.com
2014-03-19 09:18:24,clients6.google.com
2014-03-19 09:19:12,talkgadget.google.com
2014-03-19 09:24:24,0.drive.google.com
2014-03-19 09:25:45,docs.google.com
2014-03-19 09:26:17,0.talkgadget.google.com
2014-03-19 09:26:40,clients6.google.com
2014-03-19 09:30:24,clients6.google.com
2014-03-19 09:30:51,www.google.fr
2014-03-19 09:30:51,clients1.google.com
2014-03-19 09:30:51,www.google.com
2014-03-19 09:30:51,gtglobal-ocsp.geotrust.com
2014-03-19 09:31:16,drive.google.com
2014-03-19 09:31:41,docs.google.com
2014-03-19 09:32:08,www.google.fr
2014-03-19 09:32:09,www.kingston.ac.uk
2014-03-19 09:32:09,www.google.fr
2014-03-19 09:32:10,www.facebook.com
2014-03-19 09:32:10,platform.twitter.com
2014-03-19 09:32:10,www.kingston.ac.uk
2014-03-19 09:32:11,evsecure-ocsp.verisign.com
2014-03-19 09:32:41,twitter.com
2014-03-19 09:33:43,www.google.fr
2014-03-19 09:33:43,www1.lsbu.ac.uk
2014-03-19 09:33:43,www.google.com
2014-03-19 09:33:44,www1.lsbu.ac.uk
2014-03-19 09:33:47,plus.google.com
2014-03-19 09:34:14,www.google.fr
2014-03-19 09:34:27,www.google.fr
2014-03-19 09:34:28,translate.google.fr
2014-03-19 09:34:29,clients1.google.com
2014-03-19 09:34:29,www.google.com
2014-03-19 09:34:29,www.uel.ac.uk
2014-03-19 09:34:32,www.google.com
2014-03-19 09:35:06,apis.google.com
2014-03-19 09:35:08,accounts.google.com
2014-03-19 09:36:40,clients6.google.com
2014-03-19 09:37:28,plus.google.com
2014-03-19 09:39:29,www.google.fr
2014-03-19 09:39:30,translate.google.fr
2014-03-19 09:39:31,www.lsbu.ac.uk
2014-03-19 09:39:31,translate.google.fr
2014-03-19 09:39:32,translate.google.fr
2014-03-19 09:39:32,www.google.com
2014-03-19 09:39:32,www.lsbu.ac.uk
2014-03-19 09:39:32,s.ytimg.com
2014-03-19 09:39:33,www.lsbu.ac.uk
2014-03-19 09:39:33,s.ytimg.com
2014-03-19 09:39:33,translate.google.fr
2014-03-19 09:39:34,www.youtube.com
2014-03-19 09:39:35,wd.sharethis.com
2014-03-19 09:39:35,edge.sharethis.com
2014-03-19 09:39:35,w.sharethis.com
2014-03-19 09:40:24,safebrowsing-cache.google.com
2014-03-19 09:40:24,safebrowsing.clients.google.com
2014-03-19 09:41:37,0.docs.google.com
2014-03-19 09:41:44,plus.google.com
2014-03-19 09:41:44,0.talkgadget.google.com
2014-03-19 09:41:44,docs.google.com
2014-03-19 09:41:44,talkgadget.google.com
2014-03-19 09:41:44,0.drive.google.com
2014-03-19 09:41:44,maps.googleapis.com
2014-03-19 09:41:44,clients6.google.com
2014-03-22 10:16:02,www.google.fr
2014-03-22 10:16:03,www.google.fr
2014-03-22 10:16:05,clients1.google.fr
2014-03-22 10:17:47,www.google.fr
2014-03-22 10:17:47,clients1.google.fr
2014-03-22 10:18:10,fr.wikipedia.org
2014-03-22 10:18:10,meta.wikimedia.org
2014-03-22 10:18:10,www.google.fr
2014-03-22 10:18:10,login.wikimedia.org
2014-03-22 10:18:10,bits.wikimedia.org
2014-03-22 10:18:11,bits.wikimedia.org
2014-03-22 10:18:11,meta.wikimedia.org
2014-03-22 10:18:11,fr.wikipedia.org
2014-03-22 10:25:22,bits.wikimedia.org
2014-03-22 10:25:22,www.google.fr
2014-03-22 10:25:22,clients1.google.fr
2014-03-22 10:25:22,fr.wikipedia.org
2014-03-22 10:25:23,bits.wikimedia.org
2014-03-22 10:25:24,fr.wikipedia.org
2014-03-22 10:25:24,meta.wikimedia.org
2014-03-22 10:25:25,bits.wikimedia.org
2014-03-22 10:42:00,clients1.google.fr
2014-03-22 10:42:00,www.google.fr
2014-03-22 10:42:14,www.google.fr
2014-03-22 10:42:14,clients1.google.fr
2014-03-22 10:42:15,www.psgmag.net
2014-03-22 10:42:16,www.psgmag.net
2014-03-22 10:42:17,fpdownload2.macromedia.com
2014-03-22 10:42:18,www.psgmag.net
2014-03-22 10:42:46,www.psgmag.net
2014-03-22 10:42:47,www.psgmag.net
2014-03-22 10:43:00,www.psgmag.net
2014-03-22 10:43:01,www.psgmag.net
2014-03-22 10:43:28,www.psgmag.net
2014-03-22 10:43:29,www.psgmag.net
2014-03-22 10:43:46,www.psgmag.net
2014-03-22 11:40:29,www.google.fr
2014-03-22 11:40:30,clients1.google.fr
2014-03-22 11:40:38,fr-fr.facebook.com
2014-03-22 11:40:45,www.psgmag.net
2014-03-22 11:41:38,www.google.fr
2014-03-22 11:41:38,clients1.google.fr
2014-03-22 11:42:16,www.google.fr
2014-03-22 11:42:30,www.hotmail.fr
2014-03-22 11:42:31,clients1.google.fr
2014-03-22 11:42:31,login.live.com
2014-03-22 11:42:31,www.google.fr
2014-03-22 11:42:33,login.live.com
2014-03-22 11:42:36,windowslive.tt.omtrdc.net
2014-03-22 11:42:47,windowslive.tt.omtrdc.net
2014-03-22 11:43:00,login.live.com
2014-03-22 11:43:02,mail.live.com
2014-03-22 11:43:02,snt150.mail.live.com
2014-03-22 11:43:05,h.live.com
2014-03-22 11:43:05,people.directory.live.com
2014-03-22 11:43:06,h.live.com
2014-03-22 11:43:06,snt150.mail.live.com
2014-03-22 11:43:07,windowslive.tt.omtrdc.net
2014-03-22 11:43:07,snt150.mail.live.com
2014-03-22 11:43:07,h.live.com
2014-03-22 11:43:08,cid-c0bf0367b15ccc93.users.storage.live.com
2014-03-22 11:43:08,js.live.net
2014-03-22 11:43:08,h.live.com
2014-03-22 11:43:08,snt150.mail.live.com
2014-03-22 11:43:09,secure.shared.live.com
2014-03-22 11:43:09,h.live.com
2014-03-22 11:43:10,snt150.mail.live.com
2014-03-22 11:43:11,go.trouter.io
2014-03-22 11:43:22,storage.live.com
2014-03-22 11:43:30,secure.shared.live.com
2014-03-22 11:44:02,h.live.com
2014-03-22 11:44:05,snt150.mail.live.com
2014-03-22 11:44:05,cid-c0bf0367b15ccc93.users.storage.live.com
2014-03-22 11:44:06,login.live.com
2014-03-22 11:44:07,g.live.com
2014-03-22 11:44:07,snt150.mail.live.com
2014-03-22 11:44:16,windowslive.tt.omtrdc.net
2014-03-26 08:58:03,gtssl-ocsp.geotrust.com
2014-03-26 08:58:16,www.google.fr
2014-03-26 08:58:16,clients1.google.com
2014-03-26 08:58:16,gtglobal-ocsp.geotrust.com
2014-03-26 08:58:16,www.google.com
2014-03-26 08:58:53,www.google.fr
2014-03-26 08:58:54,www.google.fr
2014-03-26 08:58:55,sports.cbsimg.net
2014-03-26 08:58:55,p.typekit.net
2014-03-26 08:58:55,cn.cbsimg.net
2014-03-26 08:58:55,www.cbssports.com
2014-03-26 08:58:55,images.footballfanatics.com
2014-03-26 08:58:56,cn.cbsimg.net
2014-03-26 08:58:56,choices.truste.com
2014-03-26 08:58:59,dws.cbsimg.net
2014-03-26 08:58:59,sports.cbsimg.net
2014-03-26 08:58:59,www.cbssports.com
2014-03-26 08:58:59,dw.cbsi.com
2014-03-26 08:58:59,ocsp.verisign.com
2014-03-26 08:59:00,api.cbssports.com
2014-03-26 08:59:00,dw.cbssports.com
2014-03-26 08:59:08,sports.cbsimg.net
2014-03-26 08:59:10,sports.cbsimg.net
2014-03-26 08:59:33,www.google.com
2014-03-26 08:59:34,www.google.fr
2014-03-26 08:59:39,api.cbssports.com
2014-03-26 08:59:47,clients1.google.com
2014-03-26 08:59:48,clients1.google.com
2014-03-26 08:59:49,clients1.google.com
2014-03-26 09:00:19,api.cbssports.com
2014-03-26 09:00:58,i2.turner.ncaa.com
2014-03-26 09:00:58,i.turner.ncaa.com
2014-03-26 09:00:58,www.google.fr
2014-03-26 09:00:58,www.ncaa.com
2014-03-26 09:00:59,i2.turner.ncaa.com
2014-03-26 09:00:59,i.turner.ncaa.com
2014-03-26 09:01:00,i2.turner.ncaa.com
2014-03-26 09:01:00,www.ncaa.com
2014-03-26 09:01:01,ocsp.digicert.com
2014-03-26 09:01:01,www.ncaa.com
2014-03-26 09:01:01,i2.turner.ncaa.com
2014-03-26 09:01:01,data.ncaa.com
2014-03-26 09:01:01,i.turner.ncaa.com
2014-03-26 09:01:03,www.facebook.com
2014-03-26 09:01:05,jslog.krxd.net
2014-03-26 09:01:11,bracketchallenge.ncaa.com
2014-03-26 09:01:12,bracketchallenge.ncaa.com
2014-03-26 09:01:14,bracketchallenge.ncaa.com
2014-03-26 09:01:15,bracketchallenge.ncaa.com
2014-03-26 09:01:27,i2.turner.ncaa.com
2014-03-26 09:01:28,www.facebook.com
2014-03-26 09:01:29,safebrowsing.clients.google.com
2014-03-26 09:01:30,safebrowsing-cache.google.com
2014-03-26 09:01:31,safebrowsing-cache.google.com
2014-03-26 09:01:56,www.google.fr
2014-03-26 09:01:56,scores.espn.go.com
2014-03-26 09:01:57,sports-ak.espn.go.com
2014-03-26 09:01:57,assets.espn.go.com
2014-03-26 09:01:57,games-ak.espn.go.com
2014-03-26 09:01:58,broadband.espn.go.com
2014-03-26 09:01:58,scores.espn.go.com
2014-03-26 09:01:59,tredir.go.com
2014-03-26 09:01:59,player.ooyala.com
2014-03-26 09:01:59,sports-ak.espn.go.com
2014-03-26 09:01:59,log.go.com
2014-03-26 09:02:00,sports-ak.espn.go.com
2014-03-26 09:02:00,w88.go.com
2014-03-26 09:02:43,www.google.com
2014-03-26 09:02:48,mail.google.com
2014-03-26 09:02:48,accounts.youtube.com
2014-03-26 09:02:56,cdns.gigya.com
2014-03-26 09:03:06,www.google.fr
2014-03-26 09:03:07,i2.turner.ncaa.com
2014-03-26 09:03:07,www.ncaa.com
2014-03-26 09:03:08,i2.turner.ncaa.com
2014-03-26 09:03:09,i2.turner.ncaa.com
2014-03-26 09:03:09,data.ncaa.com
2014-03-26 09:03:09,i.turner.ncaa.com
2014-03-26 09:03:16,www.ncaa.com
2014-03-26 09:03:16,i2.turner.ncaa.com
2014-03-26 09:03:17,i2.turner.ncaa.com
2014-03-26 09:03:18,i2.turner.ncaa.com
2014-03-26 09:03:18,data.ncaa.com
2014-03-26 09:03:37,data.ncaa.com
2014-03-26 09:03:57,data.ncaa.com
2014-03-26 09:04:06,apis.google.com
2014-03-26 09:04:08,accounts.google.com
2014-03-26 09:04:17,data.ncaa.com
2014-03-26 09:04:25,sb-ssl.google.com
2014-03-26 09:04:37,data.ncaa.com
2014-03-26 09:04:57,data.ncaa.com
2014-03-26 09:05:05,cdn3.doubleverify.com
2014-03-26 09:05:17,data.ncaa.com
2014-03-26 09:05:24,www.google.fr
2014-03-26 09:05:37,data.ncaa.com
2014-03-26 09:05:57,data.ncaa.com
2014-03-26 09:06:17,data.ncaa.com
2014-03-26 09:06:39,data.ncaa.com
2014-03-26 09:06:57,data.ncaa.com
2014-03-26 09:07:01,ocsp.thawte.com
2014-03-26 09:07:17,data.ncaa.com
2014-03-26 09:07:37,data.ncaa.com
2014-03-26 09:07:57,data.ncaa.com
2014-03-26 09:08:18,data.ncaa.com
2014-03-26 09:08:37,data.ncaa.com
2014-03-26 09:08:57,data.ncaa.com
2014-03-26 09:09:17,data.ncaa.com
2014-03-26 09:09:37,data.ncaa.com
2014-03-26 09:09:57,data.ncaa.com
2014-03-26 09:10:19,data.ncaa.com
2014-03-26 09:10:38,data.ncaa.com
2014-03-26 09:10:57,data.ncaa.com
2014-03-26 09:11:17,data.ncaa.com
2014-03-26 09:11:38,data.ncaa.com
2014-03-26 09:11:57,data.ncaa.com
2014-03-26 09:12:18,data.ncaa.com
2014-03-26 09:12:37,data.ncaa.com
2014-03-26 09:12:57,data.ncaa.com
2014-03-26 09:13:17,data.ncaa.com
2014-03-26 09:13:37,data.ncaa.com
2014-03-26 09:13:57,data.ncaa.com
2014-03-26 09:14:17,data.ncaa.com
2014-03-26 09:14:37,data.ncaa.com
2014-03-26 09:14:58,data.ncaa.com
2014-03-26 09:15:17,data.ncaa.com
2014-03-26 09:15:41,data.ncaa.com
2014-03-26 09:15:57,data.ncaa.com
2014-03-26 09:16:17,data.ncaa.com
2014-03-26 09:16:37,data.ncaa.com
2014-03-26 09:16:57,data.ncaa.com
2014-03-26 09:17:17,data.ncaa.com
2014-03-26 09:17:21,clients1.google.com
2014-03-26 09:17:43,data.ncaa.com
2014-03-26 09:17:57,data.ncaa.com
2014-03-26 09:18:18,data.ncaa.com
2014-03-26 09:18:37,data.ncaa.com
2014-03-26 09:18:57,data.ncaa.com
2014-03-26 09:19:17,data.ncaa.com
2014-03-26 09:19:38,data.ncaa.com
2014-03-26 09:19:53,accounts.youtube.com
2014-03-26 09:19:53,accounts.google.fr
2014-03-26 09:19:57,data.ncaa.com
2014-03-26 09:19:59,clients2.google.com
2014-03-26 09:20:05,www.google.com
2014-03-26 09:20:05,www.google.fr
2014-03-26 09:20:13,www.google.com
2014-03-26 09:20:19,data.ncaa.com
2014-03-26 09:20:37,data.ncaa.com
2014-03-26 09:20:41,accounts.google.com
2014-03-26 09:20:59,data.ncaa.com
2014-03-26 09:21:15,gg.google.com
2014-03-26 09:21:17,data.ncaa.com
2014-03-26 09:21:38,data.ncaa.com
2014-03-26 09:21:49,ocsp.tcs.terena.org
2014-03-26 09:21:50,www.lsbu.ac.uk
2014-03-26 09:21:50,ocsp.usertrust.com
2014-03-26 09:21:55,ocsp.godaddy.com
2014-03-26 09:21:55,pbs.twimg.com
2014-03-26 09:21:55,clients1.google.com
2014-03-26 09:21:57,data.ncaa.com
2014-03-26 09:22:14,www.lsbu.ac.uk
2014-03-26 09:22:17,data.ncaa.com
2014-03-26 09:22:37,data.ncaa.com
2014-03-26 09:22:55,www.lsbu.ac.uk
2014-03-26 09:22:57,data.ncaa.com
2014-03-26 09:22:59,www.lsbu.ac.uk
2014-03-26 09:23:01,plus.google.com
2014-03-26 09:23:16,apis.google.com
2014-03-26 09:23:16,clients6.google.com
2014-03-26 09:23:17,data.ncaa.com
2014-03-26 09:23:19,www.lsbu.ac.uk
2014-03-26 09:23:20,www.lsbu.ac.uk
2014-03-26 09:23:20,docs.google.com
2014-03-26 09:23:37,data.ncaa.com
2014-03-26 09:23:57,data.ncaa.com
2014-03-26 09:24:16,drive.google.com
2014-03-26 09:24:17,data.ncaa.com
2014-03-26 09:24:37,data.ncaa.com
2014-03-26 09:24:44,www.google.fr
2014-03-26 09:24:44,www.lsbu.ac.uk
2014-03-26 09:24:58,data.ncaa.com
2014-03-26 09:25:17,data.ncaa.com
2014-03-26 09:25:37,data.ncaa.com
2014-03-26 09:25:49,www.lsbu.ac.uk
2014-03-26 09:25:57,data.ncaa.com
2014-03-26 09:25:59,mail.google.com
2014-03-26 09:26:19,data.ncaa.com
2014-03-26 09:26:35,www1.lsbu.ac.uk
2014-03-26 09:26:35,www.google.com
2014-03-26 09:26:35,www.google.fr
2014-03-26 09:26:36,www1.lsbu.ac.uk
2014-03-26 09:26:36,www.google.com
2014-03-26 09:26:37,data.ncaa.com
2014-03-26 09:26:57,data.ncaa.com
2014-03-26 09:27:17,data.ncaa.com
2014-03-26 09:27:37,data.ncaa.com
2014-03-26 09:27:57,data.ncaa.com
2014-03-26 09:28:02,maps.googleapis.com
2014-03-26 09:28:15,drive.google.com
2014-03-26 09:28:17,data.ncaa.com
2014-03-26 09:28:30,www.google.fr
2014-03-26 09:28:37,data.ncaa.com
2014-03-26 09:28:57,data.ncaa.com
2014-03-26 09:29:00,mail.google.com
2014-03-26 09:29:12,www.google.fr
2014-03-26 09:29:15,www.lsbu.ac.uk
2014-03-26 09:29:15,www.youtube.com
2014-03-26 09:29:17,www.lsbu.ac.uk
2014-03-26 09:29:17,www.youtube.com
2014-03-26 09:29:17,data.ncaa.com
2014-03-26 09:29:18,edge.sharethis.com
2014-03-26 09:29:18,w.sharethis.com
2014-03-26 09:29:19,wd.sharethis.com
2014-03-26 09:29:19,www.lsbu.ac.uk
2014-03-26 09:29:19,w.sharethis.com
2014-03-26 09:29:20,www.lsbu.ac.uk
2014-03-26 09:29:37,data.ncaa.com
2014-03-26 09:29:50,www.google.fr
2014-03-26 09:29:50,www.google.com
2014-03-26 09:29:50,www1.lsbu.ac.uk
2014-03-26 09:29:57,data.ncaa.com
2014-03-26 09:30:04,clients6.google.com
2014-03-26 09:30:07,safebrowsing-cache.google.com
2014-03-26 09:30:07,safebrowsing.clients.google.com
2014-03-26 09:30:08,safebrowsing-cache.google.com
2014-03-26 09:30:17,data.ncaa.com
2014-03-26 09:30:29,www1.lsbu.ac.uk
2014-03-26 09:30:29,www.google.com
2014-03-26 09:30:37,data.ncaa.com
2014-03-26 09:30:57,data.ncaa.com
2014-03-26 09:31:12,plus.google.com
2014-03-26 09:31:17,data.ncaa.com
2014-03-26 09:31:40,data.ncaa.com
2014-03-26 09:31:53,www.google.fr
2014-03-26 09:31:55,dtmw9u23bb9ya.cloudfront.net
2014-03-26 09:31:56,dtmw9u23bb9ya.cloudfront.net
2014-03-26 09:31:57,dnn506yrbagrg.cloudfront.net
2014-03-26 09:31:57,dtmw9u23bb9ya.cloudfront.net
2014-03-26 09:31:58,dtmw9u23bb9ya.cloudfront.net
2014-03-26 09:31:58,data.ncaa.com
2014-03-26 09:32:00,mail.google.com
2014-03-26 09:32:13,www.google.com
2014-03-26 09:32:13,www.youtube.com
2014-03-26 09:32:13,s.ytimg.com
2014-03-26 09:32:14,i1.ytimg.com
2014-03-26 09:32:15,maps.googleapis.com
2014-03-26 09:32:17,data.ncaa.com
2014-03-26 09:32:21,www.lsbu.ac.uk
2014-03-26 09:32:21,www.youtube.com
2014-03-26 09:32:21,www.google.fr
2014-03-26 09:32:22,www.youtube.com
2014-03-26 09:32:23,wd.sharethis.com
2014-03-26 09:32:37,data.ncaa.com
2014-03-26 09:32:57,data.ncaa.com
2014-03-26 09:33:17,data.ncaa.com
2014-03-26 09:33:37,data.ncaa.com
2014-03-26 09:33:53,docs.google.com
2014-03-26 09:33:57,data.ncaa.com
2014-03-26 09:34:04,www.google.fr
2014-03-26 09:34:15,drive.google.com
2014-03-26 09:34:17,data.ncaa.com
2014-03-26 09:34:37,data.ncaa.com
2014-03-26 09:34:57,data.ncaa.com
2014-03-26 09:35:17,data.ncaa.com
2014-03-26 09:35:18,www.youtube.com
2014-03-26 09:35:18,clients6.google.com
2014-03-26 09:35:23,maps.googleapis.com
2014-03-26 09:35:37,data.ncaa.com
2014-03-26 09:35:57,data.ncaa.com
2014-03-26 09:36:17,data.ncaa.com
2014-03-26 09:36:28,data.ncaa.com
2014-03-26 09:36:47,data.ncaa.com
2014-03-26 09:37:01,mail.google.com
2014-03-26 09:37:07,data.ncaa.com
2014-03-26 09:37:27,data.ncaa.com
2014-03-26 09:37:47,data.ncaa.com
2014-03-26 09:38:07,data.ncaa.com
2014-03-26 09:38:28,data.ncaa.com
2014-03-26 09:38:47,data.ncaa.com
2014-03-26 09:39:07,data.ncaa.com
2014-03-26 09:39:27,apis.google.com
2014-03-26 09:39:27,data.ncaa.com
2014-03-26 09:39:47,data.ncaa.com
2014-03-26 09:40:04,clients6.google.com
2014-03-26 09:40:07,data.ncaa.com
2014-03-26 09:40:11,www.google.fr
2014-03-26 09:40:15,drive.google.com
2014-03-26 09:40:17,plus.google.com
2014-03-26 09:40:18,docs.google.com
2014-03-26 09:40:18,mail.google.com
2014-03-26 09:40:18,0.docs.google.com
2014-03-26 09:40:18,0.drive.google.com
2014-03-26 09:40:18,accounts.google.fr
2014-03-26 09:40:18,accounts.youtube.com
2014-03-26 09:40:18,accounts.google.com
2014-03-26 09:40:18,clients6.google.com
2014-03-26 09:40:18,www.google.com
2014-03-26 09:40:18,0.talkgadget.google.com
2014-03-26 09:40:18,talkgadget.google.com
