timestamp,site
2013-11-19 13:39:13,www.bing.com
2013-11-19 13:39:17,fpdownload2.macromedia.com
2013-11-19 13:39:19,go.microsoft.com
2013-11-19 13:39:19,www.iegallery.com
2013-11-19 13:39:20,www.iegallery.com
2013-11-19 13:39:21,www.iegallery.com
2013-11-19 13:39:22,www.iegallery.com
2013-11-19 13:39:23,www.iegallery.com
2013-11-19 13:39:26,api.bing.com
2013-11-19 13:39:27,api.bing.com
2013-11-19 13:39:28,api.bing.com
2013-11-19 13:39:32,www.bing.com
2013-11-19 13:39:33,www.bing.com
2013-11-19 13:39:34,www.bing.com
2013-11-19 13:39:34,cms.abmr.net
2013-11-19 13:39:35,login.live.com
2013-11-19 13:42:21,office14client.microsoft.com
2013-11-19 13:42:23,office.microsoft.com
2013-11-19 13:42:33,office.microsoft.com
2013-11-19 14:01:33,registration2.services.openoffice.org
2013-11-19 14:01:55,registration2.services.openoffice.org
2013-11-19 14:01:58,go.microsoft.com
2013-11-19 14:01:59,windows.microsoft.com
2013-11-19 14:01:59,ajax.microsoft.com
2013-11-19 14:01:59,res1.windows.microsoft.com
2013-11-19 14:01:59,res2.windows.microsoft.com
2013-11-19 14:02:00,res1.windows.microsoft.com
2013-11-19 14:02:00,res2.windows.microsoft.com
2013-11-19 14:02:00,windows.microsoft.com
2013-11-19 14:02:00,js.microsoft.com
2013-11-19 14:02:01,res2.windows.microsoft.com
2013-11-19 14:02:02,res2.windows.microsoft.com
2013-11-19 14:02:02,windows.microsoft.com
2013-11-19 14:02:03,res1.windows.microsoft.com
2013-11-19 14:02:03,www.bing.com
2013-11-19 14:02:03,www.google.com
2013-11-19 14:02:04,js.microsoft.com
2013-11-19 14:02:04,res1.windows.microsoft.com
2013-11-19 14:02:11,go.microsoft.com
2013-11-19 14:02:11,ieonline.microsoft.com
2013-11-26 13:33:24,www.bing.com
2013-11-26 13:33:24,www.google.com
2013-11-26 13:33:28,www.google.fr
2013-11-26 13:33:29,www.google.fr
2013-11-26 13:33:31,www.google.com
2013-11-26 13:33:46,www.google.fr
2013-11-26 13:33:46,www.google.com
2013-11-26 13:36:14,ieonline.microsoft.com
2013-11-26 13:36:18,go.microsoft.com
2013-11-26 15:09:30,www.google.fr
2013-11-26 15:09:44,www.google.fr
2013-11-26 15:09:45,fr.wikipedia.org
2013-11-26 15:09:46,bits.wikimedia.org
2013-11-26 15:09:46,www.google.fr
2013-11-26 15:09:47,meta.wikimedia.org
2013-11-26 15:09:47,fr.wikipedia.org
2013-11-26 15:09:47,bits.wikimedia.org
2013-11-26 15:09:48,bits.wikimedia.org
2013-11-26 15:09:48,login.wikimedia.org
2013-11-26 15:10:48,fr.wikipedia.org
2013-11-26 15:10:48,login.wikimedia.org
2013-11-26 15:10:48,bits.wikimedia.org
2014-02-21 10:05:46,go.microsoft.com
2014-02-21 10:05:46,windows.microsoft.com
2014-02-21 10:05:46,res1.windows.microsoft.com
2014-02-21 10:05:46,res2.windows.microsoft.com
2014-02-21 10:05:46,ajax.microsoft.com
2014-02-21 10:05:46,js.microsoft.com
2014-02-21 10:05:50,www.bing.com
2014-02-21 10:06:11,www.google.fr
2014-02-21 10:06:25,www.google.fr
2014-02-21 10:06:28,www.google.com
2014-02-21 10:06:31,www.google.fr
2014-02-21 10:06:42,www.google.com
2014-02-21 10:06:42,www.google.fr
2014-02-21 10:07:13,player.vimeo.com
2014-02-21 10:08:43,ieonline.microsoft.com
2014-02-21 10:08:45,go.microsoft.com
2014-02-21 10:10:07,office.microsoft.com
2014-02-21 10:10:07,office14client.microsoft.com
2014-02-21 10:10:08,office.microsoft.com
2014-02-21 10:13:05,www.bing.com
2014-02-21 10:13:06,www.bing.com
2014-02-21 10:13:07,www.bing.com
2014-02-21 10:13:07,cms.abmr.net
2014-02-21 10:13:07,login.live.com
2014-02-21 10:13:08,static.pubmed.gov
2014-02-21 10:13:08,www.ncbi.nlm.nih.gov
2014-02-21 10:13:09,www.ncbi.nlm.nih.gov
2014-02-21 10:13:11,www.ncbi.nlm.nih.gov
2014-02-21 10:13:11,blast.ncbi.nlm.nih.gov
2014-02-21 10:13:12,blast.ncbi.nlm.nih.gov
2014-02-21 10:13:25,blast.ncbi.nlm.nih.gov
2014-02-21 10:13:25,www.ncbi.nlm.nih.gov
2014-02-21 10:13:26,blast.ncbi.nlm.nih.gov
2014-02-21 10:14:09,blast.ncbi.nlm.nih.gov
2014-02-21 10:14:12,blast.ncbi.nlm.nih.gov
2014-02-21 10:14:13,blast.ncbi.nlm.nih.gov
2014-02-21 10:14:14,blast.ncbi.nlm.nih.gov
2014-02-21 10:14:23,blast.ncbi.nlm.nih.gov
2014-02-21 10:14:24,blast.ncbi.nlm.nih.gov
2014-02-21 10:14:25,blast.ncbi.nlm.nih.gov
2014-02-21 10:14:26,blast.ncbi.nlm.nih.gov
2014-02-21 10:15:06,blast.ncbi.nlm.nih.gov
2014-02-21 10:15:07,blast.ncbi.nlm.nih.gov
2014-02-21 10:15:08,blast.ncbi.nlm.nih.gov
2014-02-21 10:16:02,blast.ncbi.nlm.nih.gov
2014-02-21 10:16:05,blast.ncbi.nlm.nih.gov
2014-02-21 10:16:07,blast.ncbi.nlm.nih.gov
2014-02-21 10:16:10,www.ncbi.nlm.nih.gov
2014-02-21 10:16:10,blast.ncbi.nlm.nih.gov
2014-02-21 10:16:11,blast.ncbi.nlm.nih.gov
2014-02-21 10:16:12,blast.ncbi.nlm.nih.gov
2014-02-21 10:16:13,blast.ncbi.nlm.nih.gov
2014-02-21 10:20:04,blast.ncbi.nlm.nih.gov
2014-02-21 10:20:06,blast.ncbi.nlm.nih.gov
2014-02-21 10:20:07,blast.ncbi.nlm.nih.gov
2014-02-21 10:20:09,www.ncbi.nlm.nih.gov
2014-02-21 10:20:09,blast.ncbi.nlm.nih.gov
2014-02-21 10:21:08,blast.ncbi.nlm.nih.gov
2014-02-21 10:21:11,blast.ncbi.nlm.nih.gov
2014-02-21 10:24:20,blast.ncbi.nlm.nih.gov
2014-02-21 10:38:15,www.ncbi.nlm.nih.gov
2014-02-21 10:38:15,static.pubmed.gov
2014-02-21 10:38:16,www.ncbi.nlm.nih.gov
2014-02-21 10:38:17,static.pubmed.gov
2014-02-21 10:38:40,www.ncbi.nlm.nih.gov
2014-02-21 10:39:03,blast.ncbi.nlm.nih.gov
2014-02-21 10:41:30,blast.ncbi.nlm.nih.gov
2014-02-21 10:41:31,www.ncbi.nlm.nih.gov
2014-02-21 10:41:32,www.ncbi.nlm.nih.gov
2014-02-21 10:41:34,www.ncbi.nlm.nih.gov
2014-02-21 10:41:35,blast.ncbi.nlm.nih.gov
2014-02-21 10:51:36,blast.ncbi.nlm.nih.gov
2014-02-21 10:51:38,static.pubmed.gov
2014-02-21 10:51:38,www.ncbi.nlm.nih.gov
2014-02-21 11:09:02,blast.ncbi.nlm.nih.gov
2014-02-21 11:09:08,blast.ncbi.nlm.nih.gov
2014-02-21 11:10:27,blast.ncbi.nlm.nih.gov
2014-02-21 11:10:28,blast.ncbi.nlm.nih.gov
2014-02-21 11:10:30,www.ncbi.nlm.nih.gov
2014-02-21 11:10:31,blast.ncbi.nlm.nih.gov
2014-02-21 11:10:33,blast.ncbi.nlm.nih.gov
2014-02-21 11:10:33,www.ncbi.nlm.nih.gov
2014-02-21 11:10:36,blast.ncbi.nlm.nih.gov
2014-02-21 11:10:36,www.ncbi.nlm.nih.gov
2014-02-21 11:10:38,www.ncbi.nlm.nih.gov
2014-02-21 11:10:39,blast.ncbi.nlm.nih.gov
2014-02-21 11:10:41,blast.ncbi.nlm.nih.gov
2014-02-21 11:10:41,www.ncbi.nlm.nih.gov
2014-02-21 11:10:44,blast.ncbi.nlm.nih.gov
2014-02-21 11:10:44,www.ncbi.nlm.nih.gov
2014-02-21 11:10:47,www.ncbi.nlm.nih.gov
2014-02-21 11:10:49,blast.ncbi.nlm.nih.gov
2014-02-21 11:10:50,blast.ncbi.nlm.nih.gov
2014-02-21 11:10:52,www.ncbi.nlm.nih.gov
2014-02-21 11:10:52,blast.ncbi.nlm.nih.gov
2014-02-21 11:10:53,blast.ncbi.nlm.nih.gov
2014-02-21 11:12:01,blast.ncbi.nlm.nih.gov
2014-02-21 11:13:06,blast.ncbi.nlm.nih.gov
2014-02-21 11:13:07,blast.ncbi.nlm.nih.gov
2014-02-21 11:25:47,blast.ncbi.nlm.nih.gov
2014-02-21 11:31:35,blast.ncbi.nlm.nih.gov
2014-02-21 11:31:36,static.pubmed.gov
2014-02-21 11:31:36,www.ncbi.nlm.nih.gov
2014-02-21 11:31:37,www.ncbi.nlm.nih.gov
2014-02-21 11:53:54,blast.ncbi.nlm.nih.gov
2014-02-21 11:53:56,blast.ncbi.nlm.nih.gov
2014-02-21 11:53:56,www.ncbi.nlm.nih.gov
2014-02-21 11:53:57,www.ncbi.nlm.nih.gov
2014-02-21 11:58:35,www.ncbi.nlm.nih.gov
2014-02-28 10:00:14,gtglobal-ocsp.geotrust.com
2014-02-28 10:00:14,www.google.com
2014-02-28 10:00:14,clients1.google.com
2014-02-28 10:00:17,clients1.google.com
2014-02-28 10:00:19,clients1.google.com
2014-02-28 10:00:19,ocsp.tcs.terena.org
2014-02-28 10:00:19,ocsp.usertrust.com
2014-02-28 10:00:19,www.google.fr
2014-02-28 10:00:20,clients1.google.com
2014-02-28 10:01:10,gtssl-ocsp.geotrust.com
2014-02-28 10:02:10,safebrowsing.clients.google.com
2014-02-28 10:02:10,safebrowsing-cache.google.com
2014-02-28 10:03:13,apis.google.com
2014-02-28 10:03:14,www.google.com
2014-02-28 10:03:15,www.google.fr
2014-02-28 10:05:07,sb-ssl.google.com
2014-02-28 10:06:09,ocsp.thawte.com
2014-02-28 10:07:36,www.squid-cache.org
2014-02-28 10:07:59,www.google.fr
2014-02-28 10:08:00,www.ncbi.nlm.nih.gov
2014-02-28 10:08:00,blast.ncbi.nlm.nih.gov
2014-02-28 10:08:00,safebrowsing.clients.google.com
2014-02-28 10:08:01,blast.ncbi.nlm.nih.gov
2014-02-28 10:08:09,ocsp.verisign.com
2014-02-28 10:08:11,blast.ncbi.nlm.nih.gov
2014-02-28 10:08:11,www.ncbi.nlm.nih.gov
2014-02-28 10:08:12,www.ncbi.nlm.nih.gov
2014-02-28 10:08:12,blast.ncbi.nlm.nih.gov
2014-02-28 10:08:42,blast.ncbi.nlm.nih.gov
2014-02-28 10:08:43,blast.ncbi.nlm.nih.gov
2014-02-28 10:08:51,blast.ncbi.nlm.nih.gov
2014-02-28 10:08:52,blast.ncbi.nlm.nih.gov
2014-02-28 10:08:53,blast.ncbi.nlm.nih.gov
2014-02-28 10:08:54,www.ncbi.nlm.nih.gov
2014-02-28 10:08:55,blast.ncbi.nlm.nih.gov
2014-02-28 10:08:57,blast.ncbi.nlm.nih.gov
2014-02-28 10:08:57,www.ncbi.nlm.nih.gov
2014-02-28 10:08:59,www.ncbi.nlm.nih.gov
2014-02-28 10:09:00,blast.ncbi.nlm.nih.gov
2014-02-28 10:09:02,www.ncbi.nlm.nih.gov
2014-02-28 10:09:03,blast.ncbi.nlm.nih.gov
2014-02-28 10:09:04,www.ncbi.nlm.nih.gov
2014-02-28 10:09:10,blast.ncbi.nlm.nih.gov
2014-02-28 10:09:12,www.ncbi.nlm.nih.gov
2014-02-28 10:09:23,blast.ncbi.nlm.nih.gov
2014-02-28 10:09:24,www.ncbi.nlm.nih.gov
2014-02-28 10:09:40,blast.ncbi.nlm.nih.gov
2014-02-28 10:09:42,www.ncbi.nlm.nih.gov
2014-02-28 10:10:03,blast.ncbi.nlm.nih.gov
2014-02-28 10:10:05,www.ncbi.nlm.nih.gov
2014-02-28 10:10:09,ocsp.digicert.com
2014-02-28 10:10:30,blast.ncbi.nlm.nih.gov
2014-02-28 10:10:32,www.ncbi.nlm.nih.gov
2014-02-28 10:10:38,blast.ncbi.nlm.nih.gov
2014-02-28 10:10:41,blast.ncbi.nlm.nih.gov
2014-02-28 10:10:42,blast.ncbi.nlm.nih.gov
2014-02-28 10:10:48,blast.ncbi.nlm.nih.gov
2014-02-28 10:10:49,blast.ncbi.nlm.nih.gov
2014-02-28 10:10:53,www.google.com
2014-02-28 10:10:53,blast.ncbi.nlm.nih.gov
2014-02-28 10:10:54,blast.ncbi.nlm.nih.gov
2014-02-28 10:10:56,www.google.fr
2014-02-28 10:10:56,www.ncbi.nlm.nih.gov
2014-02-28 10:10:57,blast.ncbi.nlm.nih.gov
2014-02-28 10:10:59,www.ncbi.nlm.nih.gov
2014-02-28 10:11:00,blast.ncbi.nlm.nih.gov
2014-02-28 10:11:01,www.ncbi.nlm.nih.gov
2014-02-28 10:11:02,blast.ncbi.nlm.nih.gov
2014-02-28 10:11:04,www.ncbi.nlm.nih.gov
2014-02-28 10:11:05,blast.ncbi.nlm.nih.gov
2014-02-28 10:11:06,www.ncbi.nlm.nih.gov
2014-02-28 10:11:12,blast.ncbi.nlm.nih.gov
2014-02-28 10:11:13,www.ncbi.nlm.nih.gov
2014-02-28 10:11:25,blast.ncbi.nlm.nih.gov
2014-02-28 10:11:27,www.ncbi.nlm.nih.gov
2014-02-28 10:11:42,blast.ncbi.nlm.nih.gov
2014-02-28 10:11:44,www.ncbi.nlm.nih.gov
2014-02-28 10:12:06,blast.ncbi.nlm.nih.gov
2014-02-28 10:12:07,www.ncbi.nlm.nih.gov
2014-02-28 10:12:33,blast.ncbi.nlm.nih.gov
2014-02-28 10:12:35,www.ncbi.nlm.nih.gov
2014-02-28 10:13:03,blast.ncbi.nlm.nih.gov
2014-02-28 10:13:04,www.ncbi.nlm.nih.gov
2014-02-28 10:13:33,blast.ncbi.nlm.nih.gov
2014-02-28 10:13:36,www.ncbi.nlm.nih.gov
2014-02-28 10:14:04,blast.ncbi.nlm.nih.gov
2014-02-28 10:14:06,www.ncbi.nlm.nih.gov
2014-02-28 10:14:34,blast.ncbi.nlm.nih.gov
2014-02-28 10:14:36,www.ncbi.nlm.nih.gov
2014-02-28 10:15:05,blast.ncbi.nlm.nih.gov
2014-02-28 10:15:06,www.ncbi.nlm.nih.gov
2014-02-28 10:15:35,blast.ncbi.nlm.nih.gov
2014-02-28 10:15:37,www.ncbi.nlm.nih.gov
2014-02-28 10:16:06,blast.ncbi.nlm.nih.gov
2014-02-28 10:16:07,www.ncbi.nlm.nih.gov
2014-02-28 10:16:36,blast.ncbi.nlm.nih.gov
2014-02-28 10:16:38,www.ncbi.nlm.nih.gov
2014-02-28 10:17:07,blast.ncbi.nlm.nih.gov
2014-02-28 10:17:07,www.ncbi.nlm.nih.gov
2014-02-28 10:17:08,blast.ncbi.nlm.nih.gov
2014-02-28 10:17:09,www.ncbi.nlm.nih.gov
2014-02-28 10:17:10,blast.ncbi.nlm.nih.gov
2014-02-28 10:17:19,blast.ncbi.nlm.nih.gov
2014-02-28 10:17:20,blast.ncbi.nlm.nih.gov
2014-02-28 10:17:22,blast.ncbi.nlm.nih.gov
2014-02-28 10:26:12,blast.ncbi.nlm.nih.gov
2014-02-28 10:26:15,blast.ncbi.nlm.nih.gov
2014-02-28 10:26:15,www.ncbi.nlm.nih.gov
2014-02-28 10:26:16,www.ncbi.nlm.nih.gov
2014-02-28 10:26:18,static.pubmed.gov
2014-02-28 10:26:18,www.ncbi.nlm.nih.gov
2014-02-28 10:26:19,www.ncbi.nlm.nih.gov
2014-02-28 10:26:19,static.pubmed.gov
2014-02-28 10:26:20,static.pubmed.gov
2014-02-28 10:26:20,www.ncbi.nlm.nih.gov
2014-02-28 10:27:48,static.pubmed.gov
2014-02-28 10:27:48,www.ncbi.nlm.nih.gov
2014-02-28 10:28:31,www.ncbi.nlm.nih.gov
2014-02-28 10:28:34,www.ncbi.nlm.nih.gov
2014-02-28 10:28:35,www.ncbi.nlm.nih.gov
2014-02-28 10:28:37,www.ncbi.nlm.nih.gov
2014-02-28 10:28:38,static.pubmed.gov
2014-02-28 10:28:38,www.ncbi.nlm.nih.gov
2014-02-28 10:28:39,www.ncbi.nlm.nih.gov
2014-02-28 10:28:43,www.ncbi.nlm.nih.gov
2014-02-28 10:30:27,static.pubmed.gov
2014-02-28 10:30:28,static.pubmed.gov
2014-02-28 10:30:53,safebrowsing.clients.google.com
2014-02-28 10:30:53,safebrowsing-cache.google.com
2014-02-28 10:30:59,www.ncbi.nlm.nih.gov
2014-02-28 10:31:05,www.ncbi.nlm.nih.gov
2014-02-28 10:31:05,static.pubmed.gov
2014-02-28 10:31:06,www.ncbi.nlm.nih.gov
2014-02-28 10:33:17,safebrowsing.clients.google.com
2014-02-28 10:33:18,blast.ncbi.nlm.nih.gov
2014-02-28 10:33:37,blast.ncbi.nlm.nih.gov
2014-02-28 10:33:45,blast.ncbi.nlm.nih.gov
2014-02-28 10:33:50,blast.ncbi.nlm.nih.gov
2014-02-28 10:33:51,blast.ncbi.nlm.nih.gov
2014-02-28 10:33:53,www.ncbi.nlm.nih.gov
2014-02-28 10:33:54,blast.ncbi.nlm.nih.gov
2014-02-28 10:33:55,www.ncbi.nlm.nih.gov
2014-02-28 10:33:56,blast.ncbi.nlm.nih.gov
2014-02-28 10:33:58,www.ncbi.nlm.nih.gov
2014-02-28 10:33:59,blast.ncbi.nlm.nih.gov
2014-02-28 10:34:00,www.ncbi.nlm.nih.gov
2014-02-28 10:34:01,blast.ncbi.nlm.nih.gov
2014-02-28 10:34:03,www.ncbi.nlm.nih.gov
2014-02-28 10:34:09,blast.ncbi.nlm.nih.gov
2014-02-28 10:34:10,www.ncbi.nlm.nih.gov
2014-02-28 10:34:21,blast.ncbi.nlm.nih.gov
2014-02-28 10:34:23,www.ncbi.nlm.nih.gov
2014-02-28 10:34:23,blast.ncbi.nlm.nih.gov
2014-02-28 10:34:24,blast.ncbi.nlm.nih.gov
2014-02-28 10:34:26,blast.ncbi.nlm.nih.gov
2014-02-28 10:34:26,www.ncbi.nlm.nih.gov
2014-02-28 10:34:27,blast.ncbi.nlm.nih.gov
2014-02-28 10:34:32,blast.ncbi.nlm.nih.gov
2014-02-28 10:34:34,blast.ncbi.nlm.nih.gov
2014-02-28 10:34:34,www.ncbi.nlm.nih.gov
2014-02-28 10:34:36,www.ncbi.nlm.nih.gov
2014-02-28 10:34:38,www.ncbi.nlm.nih.gov
2014-02-28 10:34:39,www.ncbi.nlm.nih.gov
2014-02-28 10:34:44,www.ncbi.nlm.nih.gov
2014-02-28 10:34:51,www.ncbi.nlm.nih.gov
2014-02-28 10:35:10,www.ncbi.nlm.nih.gov
2014-02-28 10:35:17,www.ncbi.nlm.nih.gov
2014-02-28 10:35:18,www.ncbi.nlm.nih.gov
2014-02-28 10:35:21,www.ncbi.nlm.nih.gov
2014-02-28 10:35:22,www.ncbi.nlm.nih.gov
2014-02-28 10:36:42,blast.ncbi.nlm.nih.gov
2014-02-28 10:36:43,blast.ncbi.nlm.nih.gov
2014-02-28 10:36:44,blast.ncbi.nlm.nih.gov
2014-02-28 10:37:11,blast.ncbi.nlm.nih.gov
2014-02-28 10:37:12,blast.ncbi.nlm.nih.gov
2014-02-28 10:37:14,www.ncbi.nlm.nih.gov
2014-02-28 10:37:15,blast.ncbi.nlm.nih.gov
2014-02-28 10:37:17,blast.ncbi.nlm.nih.gov
2014-02-28 10:37:17,www.ncbi.nlm.nih.gov
2014-02-28 10:37:20,www.ncbi.nlm.nih.gov
2014-02-28 10:37:20,blast.ncbi.nlm.nih.gov
2014-02-28 10:37:22,www.ncbi.nlm.nih.gov
2014-02-28 10:37:23,blast.ncbi.nlm.nih.gov
2014-02-28 10:37:24,www.ncbi.nlm.nih.gov
2014-02-28 10:37:30,blast.ncbi.nlm.nih.gov
2014-02-28 10:37:32,www.ncbi.nlm.nih.gov
2014-02-28 10:37:43,blast.ncbi.nlm.nih.gov
2014-02-28 10:37:44,blast.ncbi.nlm.nih.gov
2014-02-28 10:37:44,www.ncbi.nlm.nih.gov
2014-02-28 10:37:45,blast.ncbi.nlm.nih.gov
2014-02-28 10:37:47,blast.ncbi.nlm.nih.gov
2014-02-28 10:37:47,www.ncbi.nlm.nih.gov
2014-02-28 10:37:48,blast.ncbi.nlm.nih.gov
2014-02-28 10:37:50,www.ncbi.nlm.nih.gov
2014-02-28 10:38:02,blast.ncbi.nlm.nih.gov
2014-02-28 10:38:04,blast.ncbi.nlm.nih.gov
2014-02-28 10:38:10,blast.ncbi.nlm.nih.gov
2014-02-28 10:38:11,www.ncbi.nlm.nih.gov
2014-02-28 10:38:11,blast.ncbi.nlm.nih.gov
2014-02-28 10:38:16,www.ncbi.nlm.nih.gov
2014-02-28 10:38:20,www.ncbi.nlm.nih.gov
2014-02-28 10:39:51,www.ncbi.nlm.nih.gov
2014-02-28 10:40:01,www.ncbi.nlm.nih.gov
2014-02-28 10:43:21,www.google.fr
2014-02-28 10:43:22,www.phylogeny.fr
2014-02-28 10:43:42,www.phylogeny.fr
2014-02-28 10:44:03,www.phylogeny.fr
2014-02-28 10:44:52,www.phylogeny.fr
2014-02-28 10:44:56,www.phylogeny.fr
2014-02-28 10:45:18,www.phylogeny.fr
2014-02-28 10:45:22,www.phylogeny.fr
2014-02-28 10:45:23,www.phylogeny.fr
2014-02-28 10:45:25,www.phylogeny.fr
2014-02-28 10:45:29,www.phylogeny.fr
2014-02-28 10:45:30,www.phylogeny.fr
2014-02-28 10:46:16,www.google.com
2014-02-28 10:46:17,www.google.fr
2014-02-28 10:46:28,www.phylogeny.fr
2014-02-28 10:46:55,www.phylogeny.fr
2014-02-28 10:47:02,www.phylogeny.fr
2014-02-28 10:48:18,www.ncbi.nlm.nih.gov
2014-02-28 10:50:42,www.phylogeny.fr
2014-02-28 10:51:38,www.phylogeny.fr
2014-02-28 10:51:43,www.phylogeny.fr
2014-02-28 10:51:44,www.phylogeny.fr
2014-02-28 10:51:48,www.phylogeny.fr
2014-02-28 10:51:49,www.phylogeny.fr
2014-02-28 10:53:05,www.phylogeny.fr
2014-02-28 10:55:29,www.phylogeny.fr
2014-02-28 10:55:56,www.phylogeny.fr
2014-02-28 10:56:27,www.phylogeny.fr
2014-02-28 10:56:33,www.phylogeny.fr
2014-02-28 10:56:34,www.phylogeny.fr
2014-02-28 10:56:39,www.phylogeny.fr
2014-02-28 10:57:43,www.phylogeny.fr
2014-02-28 10:58:18,www.phylogeny.fr
2014-02-28 10:58:23,www.phylogeny.fr
2014-02-28 10:58:28,www.phylogeny.fr
2014-02-28 10:58:29,www.phylogeny.fr
2014-02-28 10:58:36,www.phylogeny.fr
2014-02-28 10:58:37,www.phylogeny.fr
2014-02-28 10:59:03,safebrowsing-cache.google.com
2014-02-28 10:59:03,safebrowsing.clients.google.com
2014-02-28 10:59:54,www.phylogeny.fr
2014-02-28 11:02:13,www.phylogeny.fr
2014-02-28 11:02:19,www.phylogeny.fr
2014-02-28 11:02:32,www.phylogeny.fr
2014-02-28 11:02:36,www.phylogeny.fr
2014-02-28 11:02:46,www.phylogeny.fr
2014-02-28 11:02:49,www.phylogeny.fr
2014-02-28 11:03:34,www.phylogeny.fr
2014-02-28 11:03:39,www.phylogeny.fr
2014-02-28 11:03:44,www.phylogeny.fr
2014-02-28 11:03:53,www.phylogeny.fr
2014-02-28 11:04:10,www.phylogeny.fr
2014-02-28 11:04:18,www.phylogeny.fr
2014-02-28 11:04:28,www.phylogeny.fr
2014-02-28 11:04:33,www.phylogeny.fr
2014-02-28 11:04:39,www.phylogeny.fr
2014-02-28 11:04:40,www.phylogeny.fr
2014-02-28 11:04:43,www.phylogeny.fr
2014-02-28 11:05:31,www.phylogeny.fr
2014-02-28 11:05:35,www.phylogeny.fr
2014-02-28 11:05:36,www.phylogeny.fr
2014-02-28 11:05:41,www.phylogeny.fr
2014-02-28 11:05:42,www.phylogeny.fr
2014-02-28 11:05:46,www.phylogeny.fr
2014-02-28 11:06:18,www.phylogeny.fr
2014-02-28 11:06:19,www.phylogeny.fr
2014-02-28 11:08:24,www.phylogeny.fr
2014-02-28 11:08:26,www.phylogeny.fr
2014-02-28 11:08:31,www.phylogeny.fr
2014-02-28 11:08:32,www.phylogeny.fr
2014-02-28 11:08:34,www.phylogeny.fr
2014-02-28 11:08:37,www.phylogeny.fr
2014-02-28 11:08:39,www.phylogeny.fr
2014-02-28 11:08:41,www.phylogeny.fr
2014-02-28 11:08:44,www.phylogeny.fr
2014-02-28 11:08:46,www.phylogeny.fr
2014-02-28 11:08:49,www.phylogeny.fr
2014-02-28 11:08:51,www.phylogeny.fr
2014-02-28 11:08:54,www.phylogeny.fr
2014-02-28 11:08:56,www.phylogeny.fr
2014-02-28 11:08:58,www.phylogeny.fr
2014-02-28 11:09:01,www.phylogeny.fr
2014-02-28 11:09:03,www.phylogeny.fr
2014-02-28 11:09:06,www.phylogeny.fr
2014-02-28 11:09:08,www.phylogeny.fr
2014-02-28 11:09:10,www.phylogeny.fr
2014-02-28 11:09:13,www.phylogeny.fr
2014-02-28 11:09:15,www.phylogeny.fr
2014-02-28 11:09:18,www.phylogeny.fr
2014-02-28 11:09:20,www.phylogeny.fr
2014-02-28 11:09:22,www.phylogeny.fr
2014-02-28 11:09:25,www.phylogeny.fr
2014-02-28 11:09:27,www.phylogeny.fr
2014-02-28 11:09:30,www.phylogeny.fr
2014-02-28 11:09:32,www.phylogeny.fr
2014-02-28 11:09:34,www.phylogeny.fr
2014-02-28 11:09:37,www.phylogeny.fr
2014-02-28 11:09:39,www.phylogeny.fr
2014-02-28 11:09:41,www.phylogeny.fr
2014-02-28 11:09:44,www.phylogeny.fr
2014-02-28 11:09:46,www.phylogeny.fr
2014-02-28 11:09:49,www.phylogeny.fr
2014-02-28 11:09:51,www.phylogeny.fr
2014-02-28 11:09:53,www.phylogeny.fr
2014-02-28 11:09:56,www.phylogeny.fr
2014-02-28 11:09:58,www.phylogeny.fr
2014-02-28 11:10:04,www.phylogeny.fr
2014-02-28 11:10:06,www.phylogeny.fr
2014-02-28 11:10:11,www.phylogeny.fr
2014-02-28 11:10:12,www.phylogeny.fr
2014-02-28 11:10:13,www.phylogeny.fr
2014-02-28 11:10:14,www.phylogeny.fr
2014-02-28 11:10:15,www.phylogeny.fr
2014-02-28 11:10:28,www.phylogeny.fr
2014-02-28 11:10:34,www.phylogeny.fr
2014-02-28 11:10:39,www.phylogeny.fr
2014-02-28 11:10:49,www.phylogeny.fr
2014-02-28 11:10:54,www.phylogeny.fr
2014-02-28 11:10:55,www.phylogeny.fr
2014-02-28 11:10:57,www.phylogeny.fr
2014-02-28 11:10:59,www.phylogeny.fr
2014-02-28 11:11:06,www.phylogeny.fr
2014-02-28 11:11:08,www.phylogeny.fr
2014-02-28 11:11:34,www.phylogeny.fr
2014-02-28 11:11:38,www.phylogeny.fr
2014-02-28 11:25:14,ocsp.usertrust.com
2014-02-28 11:25:14,ocsp.tcs.terena.org
2014-02-28 11:31:02,safebrowsing.clients.google.com
2014-02-28 11:31:02,safebrowsing-cache.google.com
2014-03-04 13:30:22,armmf.adobe.com
2014-03-04 13:30:24,armmf.adobe.com
2014-03-04 13:30:41,gtssl-ocsp.geotrust.com
2014-03-04 13:30:42,gtssl-ocsp.geotrust.com
2014-03-04 13:30:47,geo.mozilla.org
2014-03-04 13:31:10,annotathon.org
2014-03-04 13:31:12,safebrowsing-cache.google.com
2014-03-04 13:31:12,safebrowsing.clients.google.com
2014-03-04 13:31:13,safebrowsing-cache.google.com
2014-03-04 13:31:29,annotathon.org
2014-03-04 13:31:30,annotathon.org
2014-03-04 13:32:00,annotathon.org
2014-03-04 13:32:30,annotathon.org
2014-03-04 13:32:54,annotathon.org
2014-03-04 13:32:55,annotathon.org
2014-03-04 13:32:58,annotathon.org
2014-03-04 13:32:59,annotathon.org
2014-03-04 13:33:29,annotathon.org
2014-03-04 13:33:59,annotathon.org
2014-03-04 13:34:29,annotathon.org
2014-03-04 13:34:59,annotathon.org
2014-03-04 13:35:06,www.squid-cache.org
2014-03-04 13:35:10,www.google.com
2014-03-04 13:35:10,annotathon.org
2014-03-04 13:35:10,clients1.google.com
2014-03-04 13:35:11,clients1.google.com
2014-03-04 13:35:13,www.google.fr
2014-03-04 13:35:14,www.ncbi.nlm.nih.gov
2014-03-04 13:35:14,blast.ncbi.nlm.nih.gov
2014-03-04 13:35:15,blast.ncbi.nlm.nih.gov
2014-03-04 13:35:25,blast.ncbi.nlm.nih.gov
2014-03-04 13:35:26,blast.ncbi.nlm.nih.gov
2014-03-04 13:35:29,annotathon.org
2014-03-04 13:35:49,blast.ncbi.nlm.nih.gov
2014-03-04 13:35:51,blast.ncbi.nlm.nih.gov
2014-03-04 13:35:52,www.ncbi.nlm.nih.gov
2014-03-04 13:35:53,blast.ncbi.nlm.nih.gov
2014-03-04 13:35:55,www.ncbi.nlm.nih.gov
2014-03-04 13:35:56,blast.ncbi.nlm.nih.gov
2014-03-04 13:35:59,annotathon.org
2014-03-04 13:35:59,www.ncbi.nlm.nih.gov
2014-03-04 13:35:59,blast.ncbi.nlm.nih.gov
2014-03-04 13:36:00,www.ncbi.nlm.nih.gov
2014-03-04 13:36:01,blast.ncbi.nlm.nih.gov
2014-03-04 13:36:03,www.ncbi.nlm.nih.gov
2014-03-04 13:36:09,blast.ncbi.nlm.nih.gov
2014-03-04 13:36:11,www.ncbi.nlm.nih.gov
2014-03-04 13:36:21,blast.ncbi.nlm.nih.gov
2014-03-04 13:36:23,www.ncbi.nlm.nih.gov
2014-03-04 13:36:29,annotathon.org
2014-03-04 13:36:38,ocsp.thawte.com
2014-03-04 13:36:39,blast.ncbi.nlm.nih.gov
2014-03-04 13:36:41,www.ncbi.nlm.nih.gov
2014-03-04 13:36:59,annotathon.org
2014-03-04 13:37:01,blast.ncbi.nlm.nih.gov
2014-03-04 13:37:04,www.ncbi.nlm.nih.gov
2014-03-04 13:37:27,www.google.fr
2014-03-04 13:37:29,annotathon.org
2014-03-04 13:37:29,blast.ncbi.nlm.nih.gov
2014-03-04 13:37:30,www.ncbi.nlm.nih.gov
2014-03-04 13:37:59,blast.ncbi.nlm.nih.gov
2014-03-04 13:37:59,annotathon.org
2014-03-04 13:38:01,www.ncbi.nlm.nih.gov
2014-03-04 13:38:06,id.google.fr
2014-03-04 13:38:07,apis.google.com
2014-03-04 13:38:27,supfam.org
2014-03-04 13:38:29,annotathon.org
2014-03-04 13:38:30,blast.ncbi.nlm.nih.gov
2014-03-04 13:38:31,supfam.org
2014-03-04 13:38:33,supfam.org
2014-03-04 13:38:34,supfam.org
2014-03-04 13:38:35,www.ncbi.nlm.nih.gov
2014-03-04 13:38:35,supfam.org
2014-03-04 13:38:35,yui.yahooapis.com
2014-03-04 13:38:38,ocsp.verisign.com
2014-03-04 13:38:59,annotathon.org
2014-03-04 13:39:01,blast.ncbi.nlm.nih.gov
2014-03-04 13:39:03,www.ncbi.nlm.nih.gov
2014-03-04 13:39:29,annotathon.org
2014-03-04 13:39:31,blast.ncbi.nlm.nih.gov
2014-03-04 13:39:32,blast.ncbi.nlm.nih.gov
2014-03-04 13:39:33,www.ncbi.nlm.nih.gov
2014-03-04 13:39:59,annotathon.org
2014-03-04 13:40:03,blast.ncbi.nlm.nih.gov
2014-03-04 13:40:04,www.ncbi.nlm.nih.gov
2014-03-04 13:40:20,www.google.com
2014-03-04 13:40:20,www.google.fr
2014-03-04 13:40:29,annotathon.org
2014-03-04 13:40:34,blast.ncbi.nlm.nih.gov
2014-03-04 13:40:35,www.ncbi.nlm.nih.gov
2014-03-04 13:40:38,ocsp.digicert.com
2014-03-04 13:40:59,annotathon.org
2014-03-04 13:41:03,supfam.org
2014-03-04 13:41:04,supfam.org
2014-03-04 13:41:04,blast.ncbi.nlm.nih.gov
2014-03-04 13:41:05,blast.ncbi.nlm.nih.gov
2014-03-04 13:41:07,www.ncbi.nlm.nih.gov
2014-03-04 13:41:29,annotathon.org
2014-03-04 13:41:35,blast.ncbi.nlm.nih.gov
2014-03-04 13:41:37,www.ncbi.nlm.nih.gov
2014-03-04 13:41:59,annotathon.org
2014-03-04 13:42:06,blast.ncbi.nlm.nih.gov
2014-03-04 13:42:07,www.ncbi.nlm.nih.gov
2014-03-04 13:42:29,annotathon.org
2014-03-04 13:42:37,blast.ncbi.nlm.nih.gov
2014-03-04 13:42:38,www.ncbi.nlm.nih.gov
2014-03-04 13:42:59,annotathon.org
2014-03-04 13:43:07,blast.ncbi.nlm.nih.gov
2014-03-04 13:43:09,www.ncbi.nlm.nih.gov
2014-03-04 13:43:29,annotathon.org
2014-03-04 13:43:38,blast.ncbi.nlm.nih.gov
2014-03-04 13:43:40,www.ncbi.nlm.nih.gov
2014-03-04 13:43:59,annotathon.org
2014-03-04 13:44:09,blast.ncbi.nlm.nih.gov
2014-03-04 13:44:11,www.ncbi.nlm.nih.gov
2014-03-04 13:44:29,annotathon.org
2014-03-04 13:44:40,blast.ncbi.nlm.nih.gov
2014-03-04 13:44:41,www.ncbi.nlm.nih.gov
2014-03-04 13:44:49,supfam.org
2014-03-04 13:44:59,annotathon.org
2014-03-04 13:45:10,blast.ncbi.nlm.nih.gov
2014-03-04 13:45:12,www.ncbi.nlm.nih.gov
2014-03-04 13:45:29,annotathon.org
2014-03-04 13:45:41,blast.ncbi.nlm.nih.gov
2014-03-04 13:45:42,www.ncbi.nlm.nih.gov
2014-03-04 13:45:59,annotathon.org
2014-03-04 13:46:12,blast.ncbi.nlm.nih.gov
2014-03-04 13:46:15,blast.ncbi.nlm.nih.gov
2014-03-04 13:46:16,blast.ncbi.nlm.nih.gov
2014-03-04 13:46:16,www.ncbi.nlm.nih.gov
2014-03-04 13:46:17,blast.ncbi.nlm.nih.gov
2014-03-04 13:46:29,annotathon.org
2014-03-04 13:46:50,blast.ncbi.nlm.nih.gov
2014-03-04 13:46:52,www.ncbi.nlm.nih.gov
2014-03-04 13:46:53,www.ncbi.nlm.nih.gov
2014-03-04 13:46:59,annotathon.org
2014-03-04 13:47:29,annotathon.org
2014-03-04 13:47:59,annotathon.org
2014-03-04 13:48:30,annotathon.org
2014-03-04 13:48:59,annotathon.org
2014-03-04 13:49:29,annotathon.org
2014-03-04 13:49:59,annotathon.org
2014-03-04 13:50:29,annotathon.org
2014-03-04 13:50:59,annotathon.org
2014-03-04 13:51:29,annotathon.org
2014-03-04 13:51:59,annotathon.org
2014-03-04 13:52:29,annotathon.org
2014-03-04 13:52:59,annotathon.org
2014-03-04 13:53:29,annotathon.org
2014-03-04 13:53:59,annotathon.org
2014-03-04 13:54:29,annotathon.org
2014-03-04 13:54:59,annotathon.org
2014-03-04 13:55:29,annotathon.org
2014-03-04 13:55:34,www.ncbi.nlm.nih.gov
2014-03-04 13:55:35,www.ncbi.nlm.nih.gov
2014-03-04 13:55:45,www.ncbi.nlm.nih.gov
2014-03-04 13:55:59,annotathon.org
2014-03-04 13:56:29,annotathon.org
2014-03-04 13:56:59,annotathon.org
2014-03-04 13:57:30,annotathon.org
2014-03-04 13:58:00,annotathon.org
2014-03-04 13:58:30,annotathon.org
2014-03-04 13:59:00,annotathon.org
2014-03-04 13:59:30,annotathon.org
2014-03-04 14:00:00,annotathon.org
2014-03-04 14:00:30,annotathon.org
2014-03-04 14:01:00,annotathon.org
2014-03-04 14:01:30,annotathon.org
2014-03-04 14:02:00,annotathon.org
2014-03-04 14:02:30,annotathon.org
2014-03-04 14:02:33,safebrowsing.clients.google.com
2014-03-04 14:02:33,safebrowsing-cache.google.com
2014-03-04 14:02:34,safebrowsing-cache.google.com
2014-03-04 14:03:00,annotathon.org
2014-03-04 14:03:30,annotathon.org
2014-03-04 14:04:00,annotathon.org
2014-03-04 14:04:01,annotathon.org
2014-03-04 14:04:31,annotathon.org
2014-03-04 14:05:01,annotathon.org
2014-03-04 14:05:31,annotathon.org
2014-03-04 14:06:01,annotathon.org
2014-03-04 14:06:31,annotathon.org
2014-03-04 14:07:01,annotathon.org
2014-03-04 14:07:31,annotathon.org
2014-03-04 14:08:01,annotathon.org
2014-03-04 14:08:31,annotathon.org
2014-03-04 14:09:01,annotathon.org
2014-03-04 14:09:31,annotathon.org
2014-03-04 14:10:01,annotathon.org
2014-03-04 14:10:31,annotathon.org
2014-03-04 14:11:01,annotathon.org
2014-03-04 14:11:31,annotathon.org
2014-03-04 14:12:01,annotathon.org
2014-03-04 14:12:31,annotathon.org
2014-03-04 14:13:01,annotathon.org
2014-03-04 14:13:31,annotathon.org
2014-03-04 14:14:01,annotathon.org
2014-03-04 14:14:31,annotathon.org
2014-03-04 14:15:01,annotathon.org
2014-03-04 14:15:31,annotathon.org
2014-03-04 14:16:01,annotathon.org
2014-03-04 14:16:31,annotathon.org
2014-03-04 14:17:01,annotathon.org
2014-03-04 14:17:31,annotathon.org
2014-03-04 14:18:01,annotathon.org
2014-03-04 14:18:31,annotathon.org
2014-03-04 14:19:01,annotathon.org
2014-03-04 14:19:31,annotathon.org
2014-03-04 14:20:01,annotathon.org
2014-03-04 14:20:31,annotathon.org
2014-03-04 14:21:01,annotathon.org
2014-03-04 14:21:32,annotathon.org
2014-03-04 14:22:01,annotathon.org
2014-03-04 14:22:32,annotathon.org
2014-03-04 14:23:02,annotathon.org
2014-03-04 14:23:32,annotathon.org
2014-03-04 14:24:02,annotathon.org
2014-03-04 14:24:32,annotathon.org
2014-03-04 14:25:02,annotathon.org
2014-03-04 14:25:32,annotathon.org
2014-03-04 14:26:05,annotathon.org
2014-03-04 14:26:32,annotathon.org
2014-03-04 14:27:02,annotathon.org
2014-03-04 14:27:32,annotathon.org
2014-03-04 14:28:02,annotathon.org
2014-03-04 14:28:32,annotathon.org
2014-03-04 14:29:02,annotathon.org
2014-03-04 14:29:32,annotathon.org
2014-03-04 14:30:02,annotathon.org
2014-03-04 14:30:32,annotathon.org
2014-03-04 14:31:02,annotathon.org
2014-03-04 14:31:32,annotathon.org
2014-03-04 14:32:02,annotathon.org
2014-03-04 14:32:32,annotathon.org
2014-03-04 14:33:02,annotathon.org
2014-03-04 14:33:32,annotathon.org
2014-03-04 14:34:02,annotathon.org
2014-03-04 14:34:11,blast.ncbi.nlm.nih.gov
2014-03-04 14:34:29,safebrowsing-cache.google.com
2014-03-04 14:34:29,safebrowsing.clients.google.com
2014-03-04 14:34:32,annotathon.org
2014-03-04 14:35:02,annotathon.org
2014-03-04 14:35:32,annotathon.org
2014-03-04 14:36:02,annotathon.org
2014-03-04 14:36:32,annotathon.org
2014-03-04 14:37:02,annotathon.org
2014-03-04 14:37:32,annotathon.org
2014-03-04 14:38:02,annotathon.org
2014-03-04 14:38:10,supfam.org
2014-03-04 14:38:15,supfam.org
2014-03-04 14:38:22,supfam.org
2014-03-04 14:38:25,supfam.org
2014-03-04 14:38:32,annotathon.org
2014-03-04 14:39:02,annotathon.org
2014-03-04 14:39:32,annotathon.org
2014-03-04 14:40:02,annotathon.org
2014-03-04 14:40:32,annotathon.org
2014-03-04 14:41:02,annotathon.org
2014-03-04 14:41:32,annotathon.org
2014-03-04 14:42:02,annotathon.org
2014-03-04 14:42:24,www.ncbi.nlm.nih.gov
2014-03-04 14:42:25,static.pubmed.gov
2014-03-04 14:42:25,www.ncbi.nlm.nih.gov
2014-03-04 14:42:26,static.pubmed.gov
2014-03-04 14:42:26,www.ncbi.nlm.nih.gov
2014-03-04 14:42:27,www.ncbi.nlm.nih.gov
2014-03-04 14:42:32,annotathon.org
2014-03-04 14:42:35,www.ncbi.nlm.nih.gov
2014-03-04 14:42:36,www.ncbi.nlm.nih.gov
2014-03-04 14:42:45,www.ncbi.nlm.nih.gov
2014-03-04 14:42:46,static.pubmed.gov
2014-03-04 14:42:47,static.pubmed.gov
2014-03-04 14:42:48,static.pubmed.gov
2014-03-04 14:42:48,www.ncbi.nlm.nih.gov
2014-03-04 14:42:54,www.ncbi.nlm.nih.gov
2014-03-04 14:43:02,annotathon.org
2014-03-04 14:43:32,annotathon.org
2014-03-04 14:43:57,blast.ncbi.nlm.nih.gov
2014-03-04 14:43:59,www.ncbi.nlm.nih.gov
2014-03-04 14:44:00,www.ncbi.nlm.nih.gov
2014-03-04 14:44:02,annotathon.org
2014-03-04 14:44:05,blast.ncbi.nlm.nih.gov
2014-03-04 14:44:07,www.ncbi.nlm.nih.gov
2014-03-04 14:44:08,www.ncbi.nlm.nih.gov
2014-03-04 14:44:32,annotathon.org
2014-03-04 14:45:02,annotathon.org
2014-03-04 14:45:32,annotathon.org
2014-03-04 14:46:02,annotathon.org
2014-03-04 14:46:32,annotathon.org
2014-03-04 14:46:59,annotathon.org
2014-03-04 14:47:29,annotathon.org
2014-03-04 14:47:59,annotathon.org
2014-03-04 14:48:29,annotathon.org
2014-03-04 14:48:59,annotathon.org
2014-03-04 14:49:29,annotathon.org
2014-03-04 14:49:59,annotathon.org
2014-03-04 14:50:29,annotathon.org
2014-03-04 14:50:59,annotathon.org
2014-03-04 14:51:29,annotathon.org
2014-03-04 14:51:59,annotathon.org
2014-03-04 14:52:11,annotathon.org
2014-03-04 14:52:24,annotathon.org
2014-03-04 14:52:54,annotathon.org
2014-03-04 14:53:19,www.google.fr
2014-03-04 14:53:21,www.ncbi.nlm.nih.gov
2014-03-04 14:53:24,annotathon.org
2014-03-04 14:53:25,www.ncbi.nlm.nih.gov
2014-03-04 14:53:34,annotathon.org
2014-03-04 14:53:35,annotathon.org
2014-03-04 14:54:05,annotathon.org
2014-03-04 14:54:28,blast.ncbi.nlm.nih.gov
2014-03-04 14:54:35,blast.ncbi.nlm.nih.gov
2014-03-04 14:54:35,www.ncbi.nlm.nih.gov
2014-03-04 14:54:35,annotathon.org
2014-03-04 14:54:36,www.ncbi.nlm.nih.gov
2014-03-04 14:54:40,www.ncbi.nlm.nih.gov
2014-03-04 14:54:41,www.ncbi.nlm.nih.gov
2014-03-04 14:54:43,blast.ncbi.nlm.nih.gov
2014-03-04 14:54:44,blast.ncbi.nlm.nih.gov
2014-03-04 14:54:47,blast.ncbi.nlm.nih.gov
2014-03-04 14:55:05,annotathon.org
2014-03-04 14:55:09,blast.ncbi.nlm.nih.gov
2014-03-04 14:55:25,blast.ncbi.nlm.nih.gov
2014-03-04 14:55:25,www.ncbi.nlm.nih.gov
2014-03-04 14:55:26,www.ncbi.nlm.nih.gov
2014-03-04 14:55:28,www.ncbi.nlm.nih.gov
2014-03-04 14:55:29,www.ncbi.nlm.nih.gov
2014-03-04 14:55:35,annotathon.org
2014-03-04 14:55:36,www.ncbi.nlm.nih.gov
2014-03-04 14:55:37,www.ncbi.nlm.nih.gov
2014-03-04 14:55:41,www.ncbi.nlm.nih.gov
2014-03-04 14:55:49,www.ncbi.nlm.nih.gov
2014-03-04 14:55:50,www.ncbi.nlm.nih.gov
2014-03-04 14:56:05,annotathon.org
2014-03-04 14:56:12,www.google.com
2014-03-04 14:56:13,www.google.fr
2014-03-04 14:56:23,www.ncbi.nlm.nih.gov
2014-03-04 14:56:35,annotathon.org
2014-03-04 14:56:41,www.ncbi.nlm.nih.gov
2014-03-04 14:56:42,static.pubmed.gov
2014-03-04 14:56:42,www.ncbi.nlm.nih.gov
2014-03-04 14:56:52,www.ncbi.nlm.nih.gov
2014-03-04 14:56:57,www.ncbi.nlm.nih.gov
2014-03-04 14:57:06,annotathon.org
2014-03-04 14:57:35,annotathon.org
2014-03-04 14:58:05,annotathon.org
2014-03-04 14:58:35,annotathon.org
2014-03-04 14:58:39,www.ncbi.nlm.nih.gov
2014-03-04 14:58:40,www.ncbi.nlm.nih.gov
2014-03-04 14:58:50,www.ncbi.nlm.nih.gov
2014-03-04 14:58:52,www.ncbi.nlm.nih.gov
2014-03-04 14:58:53,www.ncbi.nlm.nih.gov
2014-03-04 14:58:58,www.ncbi.nlm.nih.gov
2014-03-04 14:59:05,annotathon.org
2014-03-04 14:59:06,www.ncbi.nlm.nih.gov
2014-03-04 14:59:07,www.ncbi.nlm.nih.gov
2014-03-04 14:59:35,annotathon.org
2014-03-04 14:59:36,www.ncbi.nlm.nih.gov
2014-03-04 14:59:41,www.ncbi.nlm.nih.gov
2014-03-04 15:00:05,annotathon.org
2014-03-04 15:00:20,www.ncbi.nlm.nih.gov
2014-03-04 15:00:21,www.ncbi.nlm.nih.gov
2014-03-04 15:00:24,www.ncbi.nlm.nih.gov
2014-03-04 15:00:31,www.ncbi.nlm.nih.gov
2014-03-04 15:00:32,www.ncbi.nlm.nih.gov
2014-03-04 15:00:33,www.ncbi.nlm.nih.gov
2014-03-04 15:00:35,annotathon.org
2014-03-04 15:00:39,www.ncbi.nlm.nih.gov
2014-03-04 15:00:43,www.ncbi.nlm.nih.gov
2014-03-04 15:00:44,www.ncbi.nlm.nih.gov
2014-03-04 15:01:05,www.ncbi.nlm.nih.gov
2014-03-04 15:01:05,annotathon.org
2014-03-04 15:01:07,www.ncbi.nlm.nih.gov
2014-03-04 15:01:14,www.ncbi.nlm.nih.gov
2014-03-04 15:01:15,www.ncbi.nlm.nih.gov
2014-03-04 15:01:25,www.ncbi.nlm.nih.gov
2014-03-04 15:01:30,www.ncbi.nlm.nih.gov
2014-03-04 15:01:35,annotathon.org
2014-03-04 15:02:05,annotathon.org
2014-03-04 15:02:31,www.ncbi.nlm.nih.gov
2014-03-04 15:02:31,static.pubmed.gov
2014-03-04 15:02:32,www.ncbi.nlm.nih.gov
2014-03-04 15:02:35,annotathon.org
2014-03-04 15:02:35,www.ncbi.nlm.nih.gov
2014-03-04 15:02:46,www.ncbi.nlm.nih.gov
2014-03-04 15:02:47,www.ncbi.nlm.nih.gov
2014-03-04 15:02:48,blast.ncbi.nlm.nih.gov
2014-03-04 15:03:05,annotathon.org
2014-03-04 15:03:16,blast.ncbi.nlm.nih.gov
2014-03-04 15:03:35,annotathon.org
2014-03-04 15:04:05,annotathon.org
2014-03-04 15:04:19,blast.ncbi.nlm.nih.gov
2014-03-04 15:04:29,blast.ncbi.nlm.nih.gov
2014-03-04 15:04:30,www.ncbi.nlm.nih.gov
2014-03-04 15:04:32,www.ncbi.nlm.nih.gov
2014-03-04 15:04:35,annotathon.org
2014-03-04 15:04:36,www.ncbi.nlm.nih.gov
2014-03-04 15:04:37,www.ncbi.nlm.nih.gov
2014-03-04 15:04:40,www.ncbi.nlm.nih.gov
2014-03-04 15:04:47,www.ncbi.nlm.nih.gov
2014-03-04 15:04:56,www.ncbi.nlm.nih.gov
2014-03-04 15:05:01,www.ncbi.nlm.nih.gov
2014-03-04 15:05:02,www.ncbi.nlm.nih.gov
2014-03-04 15:05:05,annotathon.org
2014-03-04 15:05:35,annotathon.org
2014-03-04 15:06:05,annotathon.org
2014-03-04 15:06:25,safebrowsing.clients.google.com
2014-03-04 15:06:25,safebrowsing-cache.google.com
2014-03-04 15:06:35,annotathon.org
2014-03-04 15:07:06,annotathon.org
2014-03-04 15:07:35,annotathon.org
2014-03-04 15:08:05,annotathon.org
2014-03-04 15:08:35,annotathon.org
2014-03-04 15:09:05,annotathon.org
2014-03-04 15:09:35,annotathon.org
2014-03-04 15:10:05,annotathon.org
2014-03-04 15:10:35,annotathon.org
2014-03-04 15:11:05,annotathon.org
2014-03-04 15:11:35,annotathon.org
2014-03-04 15:12:05,annotathon.org
2014-03-04 15:12:35,annotathon.org
2014-03-04 15:12:36,supfam.org
2014-03-04 15:13:05,annotathon.org
2014-03-04 15:13:35,annotathon.org
2014-03-04 15:14:05,annotathon.org
2014-03-04 15:14:35,annotathon.org
2014-03-04 15:15:05,annotathon.org
2014-03-04 15:15:35,annotathon.org
2014-03-04 15:16:06,annotathon.org
2014-03-04 15:16:07,blast.ncbi.nlm.nih.gov
2014-03-04 15:16:08,blast.ncbi.nlm.nih.gov
2014-03-04 15:16:09,blast.ncbi.nlm.nih.gov
2014-03-04 15:16:11,blast.ncbi.nlm.nih.gov
2014-03-04 15:16:12,blast.ncbi.nlm.nih.gov
2014-03-04 15:16:35,annotathon.org
2014-03-04 15:17:05,annotathon.org
2014-03-04 15:17:35,annotathon.org
2014-03-04 15:18:05,annotathon.org
2014-03-04 15:18:35,annotathon.org
2014-03-04 15:19:05,annotathon.org
2014-03-04 15:19:35,annotathon.org
2014-03-04 15:20:05,annotathon.org
2014-03-04 15:20:35,annotathon.org
2014-03-04 15:21:05,annotathon.org
2014-03-04 15:21:33,annotathon.org
2014-03-04 15:22:03,annotathon.org
2014-03-04 15:22:33,annotathon.org
2014-03-04 15:23:03,annotathon.org
2014-03-04 15:23:33,annotathon.org
2014-03-04 15:24:03,annotathon.org
2014-03-04 15:24:16,annotathon.org
2014-03-04 15:24:46,annotathon.org
2014-03-04 15:25:16,annotathon.org
2014-03-04 15:25:39,blast.ncbi.nlm.nih.gov
2014-03-04 15:25:46,annotathon.org
2014-03-04 15:26:16,annotathon.org
2014-03-04 15:26:46,annotathon.org
2014-03-04 15:27:16,annotathon.org
2014-03-04 15:27:46,annotathon.org
2014-03-04 15:28:16,annotathon.org
2014-03-04 15:28:46,annotathon.org
2014-03-04 15:29:16,annotathon.org
2014-03-27 13:35:00,armmf.adobe.com
2014-03-27 13:35:03,armmf.adobe.com
2014-03-27 13:35:05,armmf.adobe.com
2014-03-27 13:35:07,armmf.adobe.com
2014-03-27 13:35:20,www.google.fr
2014-03-27 13:35:21,www.google.fr
2014-03-27 13:35:24,www.google.fr
2014-03-27 13:35:25,clients1.google.fr
2014-03-27 13:35:25,www.google.fr
2014-03-27 13:35:28,clients1.google.fr
2014-03-27 13:35:29,clients1.google.fr
2014-03-27 13:35:30,clients1.google.fr
2014-03-27 13:35:30,www.google.fr
2014-03-27 13:35:32,www.google.fr
2014-03-27 13:35:33,www.mozilla.org
2014-03-27 13:38:18,ocsp.digicert.com
2014-03-27 13:38:19,gtssl-ocsp.geotrust.com
2014-03-27 13:38:19,clients1.google.com
2014-03-27 13:38:19,ocsp.digicert.com
2014-03-27 13:38:23,clients1.google.com
2014-03-27 13:38:25,www.mozilla.org
2014-03-27 13:38:26,www.mozilla.org
2014-03-27 13:38:32,clients1.google.com
2014-03-27 13:38:33,www.google.com
2014-03-27 13:38:38,www.google.fr
2014-03-27 13:38:40,annotathon.org
2014-03-27 13:38:41,annotathon.org
2014-03-27 13:38:56,annotathon.org
2014-03-27 13:38:59,annotathon.org
2014-03-27 13:39:38,annotathon.org
2014-03-27 13:39:55,www.squid-cache.org
2014-03-27 13:40:01,www.google.fr
2014-03-27 13:40:01,www.laposte.net
2014-03-27 13:40:02,www.annuaire.com
2014-03-27 13:40:02,ajax.googleapis.com
2014-03-27 13:40:02,www.laposte.net
2014-03-27 13:40:02,www.google.com
2014-03-27 13:40:03,www.laposte.net
2014-03-27 13:40:04,av.mediapostcommunication.net
2014-03-27 13:40:04,ws.mediapostcommunication.net
2014-03-27 13:40:04,rs.mediapostcommunication.net
2014-03-27 13:40:04,www.google.com
2014-03-27 13:40:04,www.laposte.net
2014-03-27 13:40:05,hal9000.redintelligence.net
2014-03-27 13:40:06,www.annuaire.com
2014-03-27 13:40:06,www.laposte.net
2014-03-27 13:40:06,n34.hal9000.redintelligence.net
2014-03-27 13:40:08,ocsp.digicert.com
2014-03-27 13:40:08,datayr.yves-rocher.fr
2014-03-27 13:40:08,media.conforama.fr
2014-03-27 13:40:08,rapidssl-ocsp.geotrust.com
2014-03-27 13:40:09,images.yves-rocher.fr
2014-03-27 13:40:15,i1-js-14-3-01-11074-558955674-i.init.cedexis-radar.net
2014-03-27 13:40:18,api.dailymotion.com
2014-03-27 13:40:19,ocsp.entrust.net
2014-03-27 13:40:21,webmail.laposte.net
2014-03-27 13:40:22,gtssl-ocsp.geotrust.com
2014-03-27 13:40:22,www.google.com
2014-03-27 13:40:22,webmail.laposte.net
2014-03-27 13:40:23,webmail.laposte.net
2014-03-27 13:40:24,webmail.laposte.net
2014-03-27 13:40:26,webmail.laposte.net
2014-03-27 13:40:27,webmail.laposte.net
2014-03-27 13:40:27,ws.mediapostcommunication.net
2014-03-27 13:40:27,hal9000.redintelligence.net
2014-03-27 13:40:27,av.mediapostcommunication.net
2014-03-27 13:40:28,hal9000.redintelligence.net
2014-03-27 13:40:28,n31.hal9000.redintelligence.net
2014-03-27 13:40:28,um.simpli.fi
2014-03-27 13:40:29,rbp.mxptint.net
2014-03-27 13:40:29,www.facebook.com
2014-03-27 13:40:29,ea.numericable.fr
2014-03-27 13:40:29,ad.publicidees.com
2014-03-27 13:40:29,banniere.reussissonsensemble.fr
2014-03-27 13:40:31,i1-js-14-3-01-11074-634804956-i.init.cedexis-radar.net
2014-03-27 13:40:33,i1-js-14-3-01-11074-892610036-i.init.cedexis-radar.net
2014-03-27 13:40:33,limelight.cedexis.com
2014-03-27 13:40:34,limelight.cedexis.com
2014-03-27 13:40:37,cedexis-test01.insnw.net
2014-03-27 13:40:38,cedexis-test01.insnw.net
2014-03-27 13:40:41,ocsp.gandi.net
2014-03-27 13:40:42,netdna.cedexis.com
2014-03-27 13:40:42,aspserveur.bench.cedexis.com
2014-03-27 13:40:47,annotathon.org
2014-03-27 13:41:19,sb-ssl.google.com
2014-03-27 13:41:27,webmail.laposte.net
2014-03-27 13:41:28,webmail.laposte.net
2014-03-27 13:41:28,av.mediapostcommunication.net
2014-03-27 13:41:28,ws.mediapostcommunication.net
2014-03-27 13:41:31,rubicon-match.dotomi.com
2014-03-27 13:41:31,match.rtbidder.net
2014-03-27 13:41:32,apis.google.com
2014-03-27 13:41:32,pr.ybp.yahoo.com
2014-03-27 13:41:35,i1-js-14-3-01-11074-923964945-i.init.cedexis-radar.net
2014-03-27 13:41:35,i1-js-14-3-01-11074-695045675-i.init.cedexis-radar.net
2014-03-27 13:41:37,ak.c.ooyala.com
2014-03-27 13:41:37,probe.cedexis.org
2014-03-27 13:41:38,probe.cedexis.org
2014-03-27 13:41:38,ak.c.ooyala.com
2014-03-27 13:41:39,jserror.newrelic.com
2014-03-27 13:41:39,cloudfront.cedexis.com
2014-03-27 13:41:40,cloudfront.cedexis.com
2014-03-27 13:41:51,safebrowsing.clients.google.com
2014-03-27 13:41:51,safebrowsing-cache.google.com
2014-03-27 13:41:51,annotathon.org
2014-03-27 13:41:52,safebrowsing-cache.google.com
2014-03-27 13:41:52,annotathon.org
2014-03-27 13:41:53,safebrowsing-cache.google.com
2014-03-27 13:42:12,annotathon.org
2014-03-27 13:42:14,annotathon.org
2014-03-27 13:42:54,www.google.com
2014-03-27 13:42:56,www.google.fr
2014-03-27 13:43:40,annotathon.org
2014-03-27 13:44:14,annotathon.org
2014-03-27 13:44:15,annotathon.org
2014-03-27 13:44:16,ocsp.thawte.com
2014-03-27 13:44:28,annotathon.org
2014-03-27 13:44:29,annotathon.org
2014-03-27 13:44:45,annotathon.univ-mrs.fr
2014-03-27 13:44:45,annotathon.org
2014-03-27 13:45:15,annotathon.org
2014-03-27 13:45:22,www.google.com
2014-03-27 13:45:25,www.google.fr
2014-03-27 13:45:26,static.pubmed.gov
2014-03-27 13:45:26,www.ncbi.nlm.nih.gov
2014-03-27 13:45:27,static.pubmed.gov
2014-03-27 13:45:27,www.ncbi.nlm.nih.gov
2014-03-27 13:45:28,www.ncbi.nlm.nih.gov
2014-03-27 13:45:45,annotathon.org
2014-03-27 13:46:15,annotathon.org
2014-03-27 13:46:15,ocsp.verisign.com
2014-03-27 13:46:16,ocsp.digicert.com
2014-03-27 13:46:45,annotathon.org
2014-03-27 13:47:15,annotathon.org
2014-03-27 13:47:45,annotathon.org
2014-03-27 13:47:50,www.google.fr
2014-03-27 13:48:15,annotathon.org
2014-03-27 13:48:15,ocsp.digicert.com
2014-03-27 13:48:45,annotathon.org
2014-03-27 13:49:06,annotathon.org
2014-03-27 13:49:07,annotathon.org
2014-03-27 13:49:13,annotathon.org
2014-03-27 13:49:38,annotathon.org
2014-03-27 13:49:43,annotathon.org
2014-03-27 13:50:13,annotathon.org
2014-03-27 13:50:43,annotathon.org
2014-03-27 13:50:44,www.google.com
2014-03-27 13:50:46,www.google.fr
2014-03-27 13:51:13,annotathon.org
2014-03-27 13:51:43,annotathon.org
2014-03-27 13:52:13,annotathon.org
2014-03-27 13:52:43,annotathon.org
2014-03-27 13:53:04,www.google.fr
2014-03-27 13:53:05,www.ncbi.nlm.nih.gov
2014-03-27 13:53:05,blast.ncbi.nlm.nih.gov
2014-03-27 13:53:11,www.ncbi.nlm.nih.gov
2014-03-27 13:53:11,blast.ncbi.nlm.nih.gov
2014-03-27 13:53:12,blast.ncbi.nlm.nih.gov
2014-03-27 13:53:12,www.ncbi.nlm.nih.gov
2014-03-27 13:53:13,blast.ncbi.nlm.nih.gov
2014-03-27 13:53:13,annotathon.org
2014-03-27 13:53:23,blast.ncbi.nlm.nih.gov
2014-03-27 13:53:24,blast.ncbi.nlm.nih.gov
2014-03-27 13:53:29,blast.ncbi.nlm.nih.gov
2014-03-27 13:53:30,blast.ncbi.nlm.nih.gov
2014-03-27 13:53:32,www.ncbi.nlm.nih.gov
2014-03-27 13:53:33,blast.ncbi.nlm.nih.gov
2014-03-27 13:53:34,www.ncbi.nlm.nih.gov
2014-03-27 13:53:35,blast.ncbi.nlm.nih.gov
2014-03-27 13:53:37,www.ncbi.nlm.nih.gov
2014-03-27 13:53:38,blast.ncbi.nlm.nih.gov
2014-03-27 13:53:39,www.ncbi.nlm.nih.gov
2014-03-27 13:53:40,blast.ncbi.nlm.nih.gov
2014-03-27 13:53:42,www.ncbi.nlm.nih.gov
2014-03-27 13:53:43,annotathon.org
2014-03-27 13:53:48,blast.ncbi.nlm.nih.gov
2014-03-27 13:53:50,www.ncbi.nlm.nih.gov
2014-03-27 13:54:00,blast.ncbi.nlm.nih.gov
2014-03-27 13:54:02,www.ncbi.nlm.nih.gov
2014-03-27 13:54:13,annotathon.org
2014-03-27 13:54:18,www.ncbi.nlm.nih.gov
2014-03-27 13:54:18,blast.ncbi.nlm.nih.gov
2014-03-27 13:54:19,blast.ncbi.nlm.nih.gov
2014-03-27 13:54:20,blast.ncbi.nlm.nih.gov
2014-03-27 13:54:30,www.ncbi.nlm.nih.gov
2014-03-27 13:54:31,blast.ncbi.nlm.nih.gov
2014-03-27 13:54:43,annotathon.org
2014-03-27 13:55:13,annotathon.org
2014-03-27 13:55:32,blast.ncbi.nlm.nih.gov
2014-03-27 13:55:43,annotathon.org
2014-03-27 13:55:52,blast.ncbi.nlm.nih.gov
2014-03-27 13:55:57,blast.ncbi.nlm.nih.gov
2014-03-27 13:55:57,www.google.com
2014-03-27 13:55:58,blast.ncbi.nlm.nih.gov
2014-03-27 13:55:59,www.google.fr
2014-03-27 13:56:01,blast.ncbi.nlm.nih.gov
2014-03-27 13:56:02,blast.ncbi.nlm.nih.gov
2014-03-27 13:56:13,annotathon.org
2014-03-27 13:56:43,annotathon.org
2014-03-27 13:57:03,supfam.org
2014-03-27 13:57:13,annotathon.org
2014-03-27 13:57:42,www.google.fr
2014-03-27 13:57:42,www.ncbi.nlm.nih.gov
2014-03-27 13:57:42,blast.ncbi.nlm.nih.gov
2014-03-27 13:57:43,blast.ncbi.nlm.nih.gov
2014-03-27 13:57:43,annotathon.org
2014-03-27 13:57:45,blast.ncbi.nlm.nih.gov
2014-03-27 13:57:46,blast.ncbi.nlm.nih.gov
2014-03-27 13:58:00,blast.ncbi.nlm.nih.gov
2014-03-27 13:58:02,blast.ncbi.nlm.nih.gov
2014-03-27 13:58:03,www.ncbi.nlm.nih.gov
2014-03-27 13:58:04,blast.ncbi.nlm.nih.gov
2014-03-27 13:58:05,blast.ncbi.nlm.nih.gov
2014-03-27 13:58:06,www.ncbi.nlm.nih.gov
2014-03-27 13:58:07,blast.ncbi.nlm.nih.gov
2014-03-27 13:58:13,annotathon.org
2014-03-27 13:58:43,annotathon.org
2014-03-27 13:59:13,annotathon.org
2014-03-27 13:59:43,annotathon.org
2014-03-27 14:00:13,annotathon.org
2014-03-27 14:00:36,www.google.com
2014-03-27 14:00:37,www.google.fr
2014-03-27 14:00:43,annotathon.org
2014-03-27 14:01:13,annotathon.org
2014-03-27 14:01:43,annotathon.org
2014-03-27 14:02:13,annotathon.org
2014-03-27 14:02:43,annotathon.org
2014-03-27 14:02:46,annotathon.org
2014-03-27 14:02:47,annotathon.org
2014-03-27 14:03:17,annotathon.org
2014-03-27 14:03:47,annotathon.org
2014-03-27 14:04:17,annotathon.org
2014-03-27 14:04:47,annotathon.org
2014-03-27 14:05:17,annotathon.org
2014-03-27 14:05:47,annotathon.org
2014-03-27 14:06:17,annotathon.org
2014-03-27 14:06:47,annotathon.org
2014-03-27 14:07:17,annotathon.org
2014-03-27 14:07:25,office14client.microsoft.com
2014-03-27 14:07:26,office.microsoft.com
2014-03-27 14:07:27,office.microsoft.com
2014-03-27 14:07:47,annotathon.org
2014-03-27 14:08:17,annotathon.org
2014-03-27 14:08:47,annotathon.org
2014-03-27 14:09:17,annotathon.org
2014-03-27 14:09:47,annotathon.org
2014-03-27 14:10:09,safebrowsing.clients.google.com
2014-03-27 14:10:09,safebrowsing-cache.google.com
2014-03-27 14:10:10,safebrowsing-cache.google.com
2014-03-27 14:10:17,annotathon.org
2014-03-27 14:10:47,annotathon.org
2014-03-27 14:11:17,annotathon.org
2014-03-27 14:11:47,annotathon.org
2014-03-27 14:12:17,annotathon.org
2014-03-27 14:12:47,annotathon.org
2014-03-27 14:13:01,blast.ncbi.nlm.nih.gov
2014-03-27 14:13:17,annotathon.org
2014-03-27 14:13:23,blast.ncbi.nlm.nih.gov
2014-03-27 14:13:24,www.ncbi.nlm.nih.gov
2014-03-27 14:13:24,static.pubmed.gov
2014-03-27 14:13:25,www.ncbi.nlm.nih.gov
2014-03-27 14:13:27,www.ncbi.nlm.nih.gov
2014-03-27 14:13:47,annotathon.org
2014-03-27 14:13:58,blast.ncbi.nlm.nih.gov
2014-03-27 14:13:59,blast.ncbi.nlm.nih.gov
2014-03-27 14:14:17,annotathon.org
2014-03-27 14:14:47,annotathon.org
2014-03-27 14:15:00,blast.ncbi.nlm.nih.gov
2014-03-27 14:15:16,annotathon.org
2014-03-27 14:15:46,annotathon.org
2014-03-27 14:16:17,annotathon.org
2014-03-27 14:16:46,annotathon.org
2014-03-27 14:17:16,annotathon.org
2014-03-27 14:17:46,annotathon.org
2014-03-27 14:18:17,annotathon.org
2014-03-27 14:18:46,annotathon.org
2014-03-27 14:19:16,annotathon.org
2014-03-27 14:19:26,blast.ncbi.nlm.nih.gov
2014-03-27 14:19:27,www.ncbi.nlm.nih.gov
2014-03-27 14:19:28,www.ncbi.nlm.nih.gov
2014-03-27 14:19:46,annotathon.org
2014-03-27 14:20:16,annotathon.org
2014-03-27 14:20:46,annotathon.org
2014-03-27 14:21:16,annotathon.org
2014-03-27 14:21:47,annotathon.org
2014-03-27 14:22:16,annotathon.org
2014-03-27 14:22:46,annotathon.org
2014-03-27 14:23:16,annotathon.org
2014-03-27 14:23:46,annotathon.org
2014-03-27 14:24:16,annotathon.org
2014-03-27 14:24:46,annotathon.org
2014-03-27 14:25:08,blast.ncbi.nlm.nih.gov
2014-03-27 14:25:12,blast.ncbi.nlm.nih.gov
2014-03-27 14:25:15,blast.ncbi.nlm.nih.gov
2014-03-27 14:25:17,annotathon.org
2014-03-27 14:25:17,blast.ncbi.nlm.nih.gov
2014-03-27 14:25:47,annotathon.org
2014-03-27 14:26:01,blast.ncbi.nlm.nih.gov
2014-03-27 14:26:02,blast.ncbi.nlm.nih.gov
2014-03-27 14:26:04,blast.ncbi.nlm.nih.gov
2014-03-27 14:26:05,blast.ncbi.nlm.nih.gov
2014-03-27 14:26:17,annotathon.org
2014-03-27 14:26:47,annotathon.org
2014-03-27 14:26:55,blast.ncbi.nlm.nih.gov
2014-03-27 14:26:56,blast.ncbi.nlm.nih.gov
2014-03-27 14:26:58,www.ncbi.nlm.nih.gov
2014-03-27 14:26:59,blast.ncbi.nlm.nih.gov
2014-03-27 14:27:01,www.ncbi.nlm.nih.gov
2014-03-27 14:27:02,blast.ncbi.nlm.nih.gov
2014-03-27 14:27:03,www.ncbi.nlm.nih.gov
2014-03-27 14:27:04,blast.ncbi.nlm.nih.gov
2014-03-27 14:27:06,www.ncbi.nlm.nih.gov
2014-03-27 14:27:07,blast.ncbi.nlm.nih.gov
2014-03-27 14:27:08,www.ncbi.nlm.nih.gov
2014-03-27 14:27:14,blast.ncbi.nlm.nih.gov
2014-03-27 14:27:16,www.ncbi.nlm.nih.gov
2014-03-27 14:27:17,annotathon.org
2014-03-27 14:27:27,blast.ncbi.nlm.nih.gov
2014-03-27 14:27:28,blast.ncbi.nlm.nih.gov
2014-03-27 14:27:29,www.ncbi.nlm.nih.gov
2014-03-27 14:27:30,blast.ncbi.nlm.nih.gov
2014-03-27 14:27:33,blast.ncbi.nlm.nih.gov
2014-03-27 14:27:35,www.ncbi.nlm.nih.gov
2014-03-27 14:27:41,blast.ncbi.nlm.nih.gov
2014-03-27 14:27:42,www.ncbi.nlm.nih.gov
2014-03-27 14:27:47,annotathon.org
2014-03-27 14:28:17,annotathon.org
2014-03-27 14:28:26,blast.ncbi.nlm.nih.gov
2014-03-27 14:28:36,www.ncbi.nlm.nih.gov
2014-03-27 14:28:36,blast.ncbi.nlm.nih.gov
2014-03-27 14:28:47,annotathon.org
2014-03-27 14:29:17,annotathon.org
2014-03-27 14:29:47,blast.ncbi.nlm.nih.gov
2014-03-27 14:29:47,annotathon.org
2014-03-27 14:29:47,www.ncbi.nlm.nih.gov
2014-03-27 14:30:17,annotathon.org
2014-03-27 14:30:19,blast.ncbi.nlm.nih.gov
2014-03-27 14:30:19,www.ncbi.nlm.nih.gov
2014-03-27 14:30:36,www.ncbi.nlm.nih.gov
2014-03-27 14:30:36,blast.ncbi.nlm.nih.gov
2014-03-27 14:30:47,annotathon.org
2014-03-27 14:30:54,blast.ncbi.nlm.nih.gov
2014-03-27 14:30:54,www.ncbi.nlm.nih.gov
2014-03-27 14:31:13,www.ncbi.nlm.nih.gov
2014-03-27 14:31:17,annotathon.org
2014-03-27 14:31:31,blast.ncbi.nlm.nih.gov
2014-03-27 14:31:32,www.ncbi.nlm.nih.gov
2014-03-27 14:31:32,blast.ncbi.nlm.nih.gov
2014-03-27 14:31:42,blast.ncbi.nlm.nih.gov
2014-03-27 14:31:45,www.ncbi.nlm.nih.gov
2014-03-27 14:31:45,blast.ncbi.nlm.nih.gov
2014-03-27 14:31:47,annotathon.org
2014-03-27 14:31:58,blast.ncbi.nlm.nih.gov
2014-03-27 14:31:58,eutils.ncbi.nlm.nih.gov
2014-03-27 14:32:02,www.ncbi.nlm.nih.gov
2014-03-27 14:32:02,blast.ncbi.nlm.nih.gov
2014-03-27 14:32:17,annotathon.org
2014-03-27 14:32:22,blast.ncbi.nlm.nih.gov
2014-03-27 14:32:22,www.ncbi.nlm.nih.gov
2014-03-27 14:32:47,annotathon.org
2014-03-27 14:32:52,annotathon.org
2014-03-27 14:33:22,annotathon.org
2014-03-27 14:33:52,annotathon.org
2014-03-27 14:34:04,blast.ncbi.nlm.nih.gov
2014-03-27 14:34:06,blast.ncbi.nlm.nih.gov
2014-03-27 14:34:08,blast.ncbi.nlm.nih.gov
2014-03-27 14:34:22,annotathon.org
2014-03-27 14:34:52,annotathon.org
2014-03-27 14:35:22,annotathon.org
2014-03-27 14:35:29,blast.ncbi.nlm.nih.gov
2014-03-27 14:35:30,blast.ncbi.nlm.nih.gov
2014-03-27 14:35:31,blast.ncbi.nlm.nih.gov
2014-03-27 14:35:32,blast.ncbi.nlm.nih.gov
2014-03-27 14:35:52,annotathon.org
2014-03-27 14:36:21,www.ncbi.nlm.nih.gov
2014-03-27 14:36:22,www.ncbi.nlm.nih.gov
2014-03-27 14:36:22,annotathon.org
2014-03-27 14:36:30,blast.ncbi.nlm.nih.gov
2014-03-27 14:36:52,annotathon.org
2014-03-27 14:37:22,annotathon.org
2014-03-27 14:37:30,www.ncbi.nlm.nih.gov
2014-03-27 14:37:32,blast.ncbi.nlm.nih.gov
2014-03-27 14:37:52,annotathon.org
2014-03-27 14:38:22,annotathon.org
2014-03-27 14:38:52,annotathon.org
2014-03-27 14:39:22,annotathon.org
2014-03-27 14:39:52,annotathon.org
2014-03-27 14:40:01,safebrowsing.clients.google.com
2014-03-27 14:40:01,safebrowsing-cache.google.com
2014-03-27 14:40:02,safebrowsing-cache.google.com
2014-03-27 14:40:22,annotathon.org
2014-03-27 14:40:52,annotathon.org
2014-03-27 14:41:22,annotathon.org
2014-03-27 14:41:52,annotathon.org
2014-03-27 14:42:22,annotathon.org
2014-03-27 14:42:52,annotathon.org
2014-03-27 14:43:22,annotathon.org
2014-03-27 14:43:52,annotathon.org
2014-03-27 14:44:22,annotathon.org
2014-03-27 14:44:52,annotathon.org
2014-03-27 14:45:00,annotathon.org
2014-03-27 14:45:30,annotathon.org
2014-03-27 14:45:37,blast.ncbi.nlm.nih.gov
2014-03-27 14:45:39,blast.ncbi.nlm.nih.gov
2014-03-27 14:45:40,www.ncbi.nlm.nih.gov
2014-03-27 14:45:41,blast.ncbi.nlm.nih.gov
2014-03-27 14:45:43,www.ncbi.nlm.nih.gov
2014-03-27 14:45:44,blast.ncbi.nlm.nih.gov
2014-03-27 14:45:46,www.ncbi.nlm.nih.gov
2014-03-27 14:45:47,blast.ncbi.nlm.nih.gov
2014-03-27 14:45:48,www.ncbi.nlm.nih.gov
2014-03-27 14:45:49,blast.ncbi.nlm.nih.gov
2014-03-27 14:45:51,www.ncbi.nlm.nih.gov
2014-03-27 14:45:57,blast.ncbi.nlm.nih.gov
2014-03-27 14:45:58,www.ncbi.nlm.nih.gov
2014-03-27 14:46:00,annotathon.org
2014-03-27 14:46:09,blast.ncbi.nlm.nih.gov
2014-03-27 14:46:13,www.ncbi.nlm.nih.gov
2014-03-27 14:46:27,blast.ncbi.nlm.nih.gov
2014-03-27 14:46:28,blast.ncbi.nlm.nih.gov
2014-03-27 14:46:29,blast.ncbi.nlm.nih.gov
2014-03-27 14:46:30,www.ncbi.nlm.nih.gov
2014-03-27 14:46:30,annotathon.org
2014-03-27 14:46:30,blast.ncbi.nlm.nih.gov
2014-03-27 14:47:00,annotathon.org
2014-03-27 14:47:14,blast.ncbi.nlm.nih.gov
2014-03-27 14:47:30,annotathon.org
2014-03-27 14:48:00,annotathon.org
2014-03-27 14:48:30,annotathon.org
2014-03-27 14:49:00,annotathon.org
2014-03-27 14:49:09,annotathon.org
2014-03-27 14:49:10,annotathon.org
2014-03-27 14:49:40,annotathon.org
2014-03-27 14:50:10,annotathon.org
2014-03-27 14:50:40,annotathon.org
2014-03-27 14:51:10,annotathon.org
2014-03-27 14:51:40,annotathon.org
2014-03-27 14:51:42,blast.ncbi.nlm.nih.gov
2014-03-27 14:52:10,annotathon.org
2014-03-27 14:52:40,annotathon.org
2014-03-27 14:53:10,annotathon.org
2014-03-27 14:53:40,annotathon.org
2014-03-27 14:54:10,annotathon.org
2014-03-27 14:54:40,annotathon.org
2014-03-27 14:55:10,annotathon.org
2014-03-27 14:55:16,blast.ncbi.nlm.nih.gov
2014-03-27 14:55:40,annotathon.org
2014-03-27 14:56:10,annotathon.org
2014-03-27 14:56:18,blast.ncbi.nlm.nih.gov
2014-03-27 14:56:25,blast.ncbi.nlm.nih.gov
2014-03-27 14:56:33,blast.ncbi.nlm.nih.gov
2014-03-27 14:56:39,blast.ncbi.nlm.nih.gov
2014-03-27 14:56:40,annotathon.org
2014-03-27 14:56:40,blast.ncbi.nlm.nih.gov
2014-03-27 14:56:41,blast.ncbi.nlm.nih.gov
2014-03-27 14:56:42,www.ncbi.nlm.nih.gov
2014-03-27 14:56:43,blast.ncbi.nlm.nih.gov
2014-03-27 14:57:10,annotathon.org
2014-03-27 14:57:40,annotathon.org
2014-03-27 14:57:44,annotathon.org
2014-03-27 14:58:14,annotathon.org
2014-03-27 14:58:44,annotathon.org
2014-03-27 14:59:14,annotathon.org
2014-03-27 14:59:44,annotathon.org
2014-03-27 15:00:14,annotathon.org
2014-03-27 15:00:44,annotathon.org
2014-03-27 15:01:14,annotathon.org
2014-03-27 15:01:44,annotathon.org
2014-03-27 15:01:58,blast.ncbi.nlm.nih.gov
2014-03-27 15:02:15,annotathon.org
2014-03-27 15:02:44,annotathon.org
2014-03-27 15:03:14,annotathon.org
2014-03-27 15:03:44,annotathon.org
2014-03-27 15:04:14,annotathon.org
2014-03-27 15:04:44,annotathon.org
2014-03-27 15:05:14,annotathon.org
2014-03-27 15:05:44,annotathon.org
2014-03-27 15:06:14,annotathon.org
2014-03-27 15:06:25,blast.ncbi.nlm.nih.gov
2014-03-27 15:06:25,www.ncbi.nlm.nih.gov
2014-03-27 15:06:45,annotathon.org
2014-03-27 15:07:15,annotathon.org
2014-03-27 15:07:20,blast.ncbi.nlm.nih.gov
2014-03-27 15:07:20,www.ncbi.nlm.nih.gov
2014-03-27 15:07:39,blast.ncbi.nlm.nih.gov
2014-03-27 15:07:39,www.ncbi.nlm.nih.gov
2014-03-27 15:07:45,annotathon.org
2014-03-27 15:07:53,blast.ncbi.nlm.nih.gov
2014-03-27 15:07:57,www.ncbi.nlm.nih.gov
2014-03-27 15:07:57,blast.ncbi.nlm.nih.gov
2014-03-27 15:08:15,annotathon.org
2014-03-27 15:08:45,annotathon.org
2014-03-27 15:08:58,blast.ncbi.nlm.nih.gov
2014-03-27 15:08:58,www.ncbi.nlm.nih.gov
2014-03-27 15:09:07,blast.ncbi.nlm.nih.gov
2014-03-27 15:09:10,blast.ncbi.nlm.nih.gov
2014-03-27 15:09:10,www.ncbi.nlm.nih.gov
2014-03-27 15:09:15,annotathon.org
2014-03-27 15:09:30,blast.ncbi.nlm.nih.gov
2014-03-27 15:09:30,www.ncbi.nlm.nih.gov
2014-03-27 15:09:42,blast.ncbi.nlm.nih.gov
2014-03-27 15:09:42,www.ncbi.nlm.nih.gov
2014-03-27 15:09:45,annotathon.org
2014-03-27 15:09:49,safebrowsing-cache.google.com
2014-03-27 15:09:49,safebrowsing.clients.google.com
2014-03-27 15:09:50,safebrowsing-cache.google.com
2014-03-27 15:10:00,blast.ncbi.nlm.nih.gov
2014-03-27 15:10:00,www.ncbi.nlm.nih.gov
2014-03-27 15:10:15,annotathon.org
2014-03-27 15:10:19,blast.ncbi.nlm.nih.gov
2014-03-27 15:10:19,www.ncbi.nlm.nih.gov
2014-03-27 15:10:28,blast.ncbi.nlm.nih.gov
2014-03-27 15:10:29,www.ncbi.nlm.nih.gov
2014-03-27 15:10:45,annotathon.org
2014-03-27 15:10:55,annotathon.org
2014-03-27 15:11:25,annotathon.org
2014-03-27 15:11:55,annotathon.org
2014-03-27 15:12:25,annotathon.org
2014-03-27 15:12:55,annotathon.org
2014-03-27 15:13:24,annotathon.org
2014-03-27 15:13:54,annotathon.org
2014-03-27 15:14:24,annotathon.org
2014-03-27 15:14:55,annotathon.org
2014-03-27 15:15:25,annotathon.org
2014-03-27 15:15:32,www.ncbi.nlm.nih.gov
2014-03-27 15:15:32,blast.ncbi.nlm.nih.gov
2014-03-27 15:15:33,www.ncbi.nlm.nih.gov
2014-03-27 15:15:34,www.ncbi.nlm.nih.gov
2014-03-27 15:15:35,static.pubmed.gov
2014-03-27 15:15:35,www.ncbi.nlm.nih.gov
2014-03-27 15:15:43,www.ncbi.nlm.nih.gov
2014-03-27 15:15:44,www.ncbi.nlm.nih.gov
2014-03-27 15:15:44,static.pubmed.gov
2014-03-27 15:15:55,annotathon.org
2014-03-27 15:16:07,static.pubmed.gov
2014-03-27 15:16:21,blast.ncbi.nlm.nih.gov
2014-03-27 15:16:22,blast.ncbi.nlm.nih.gov
2014-03-27 15:16:23,blast.ncbi.nlm.nih.gov
2014-03-27 15:16:24,blast.ncbi.nlm.nih.gov
2014-03-27 15:16:25,annotathon.org
2014-03-27 15:16:55,annotathon.org
2014-03-27 15:17:25,annotathon.org
2014-03-27 15:17:51,blast.ncbi.nlm.nih.gov
2014-03-27 15:17:55,annotathon.org
2014-03-27 15:18:02,blast.ncbi.nlm.nih.gov
2014-03-27 15:18:04,blast.ncbi.nlm.nih.gov
2014-03-27 15:18:05,www.ncbi.nlm.nih.gov
2014-03-27 15:18:06,blast.ncbi.nlm.nih.gov
2014-03-27 15:18:08,www.ncbi.nlm.nih.gov
2014-03-27 15:18:09,blast.ncbi.nlm.nih.gov
2014-03-27 15:18:11,blast.ncbi.nlm.nih.gov
2014-03-27 15:18:11,www.ncbi.nlm.nih.gov
2014-03-27 15:18:13,www.ncbi.nlm.nih.gov
2014-03-27 15:18:14,blast.ncbi.nlm.nih.gov
2014-03-27 15:18:15,www.ncbi.nlm.nih.gov
2014-03-27 15:18:21,blast.ncbi.nlm.nih.gov
2014-03-27 15:18:23,www.ncbi.nlm.nih.gov
2014-03-27 15:18:25,annotathon.org
2014-03-27 15:18:34,blast.ncbi.nlm.nih.gov
2014-03-27 15:18:36,blast.ncbi.nlm.nih.gov
2014-03-27 15:18:37,blast.ncbi.nlm.nih.gov
2014-03-27 15:18:38,www.ncbi.nlm.nih.gov
2014-03-27 15:18:38,blast.ncbi.nlm.nih.gov
2014-03-27 15:18:41,blast.ncbi.nlm.nih.gov
2014-03-27 15:18:42,blast.ncbi.nlm.nih.gov
2014-03-27 15:18:42,www.ncbi.nlm.nih.gov
2014-03-27 15:18:43,www.ncbi.nlm.nih.gov
2014-03-27 15:18:45,www.ncbi.nlm.nih.gov
2014-03-27 15:18:46,www.ncbi.nlm.nih.gov
2014-03-27 15:18:51,www.ncbi.nlm.nih.gov
2014-03-27 15:18:55,annotathon.org
2014-03-27 15:19:05,www.ncbi.nlm.nih.gov
2014-03-27 15:19:07,www.ncbi.nlm.nih.gov
2014-03-27 15:19:09,www.ncbi.nlm.nih.gov
2014-03-27 15:19:10,www.ncbi.nlm.nih.gov
2014-03-27 15:19:11,www.ncbi.nlm.nih.gov
2014-03-27 15:19:11,static.pubmed.gov
2014-03-27 15:19:12,www.ncbi.nlm.nih.gov
2014-03-27 15:19:19,www.ncbi.nlm.nih.gov
2014-03-27 15:19:21,www.ncbi.nlm.nih.gov
2014-03-27 15:19:23,www.ncbi.nlm.nih.gov
2014-03-27 15:19:25,annotathon.org
2014-03-27 15:19:55,annotathon.org
2014-03-27 15:20:25,annotathon.org
2014-03-27 15:20:55,annotathon.org
2014-03-27 15:21:16,www.ncbi.nlm.nih.gov
2014-03-27 15:21:17,www.ncbi.nlm.nih.gov
2014-03-27 15:21:22,www.ncbi.nlm.nih.gov
2014-03-27 15:21:22,static.pubmed.gov
2014-03-27 15:21:23,www.ncbi.nlm.nih.gov
2014-03-27 15:21:25,annotathon.org
2014-03-27 15:21:32,www.ncbi.nlm.nih.gov
2014-03-27 15:21:50,static.pubmed.gov
2014-03-27 15:21:51,static.pubmed.gov
2014-03-27 15:21:51,www.ncbi.nlm.nih.gov
2014-03-27 15:21:52,www.ncbi.nlm.nih.gov
2014-03-27 15:21:55,annotathon.org
2014-03-27 15:21:55,www.ncbi.nlm.nih.gov
2014-03-27 15:22:25,annotathon.org
2014-03-27 15:22:33,blast.ncbi.nlm.nih.gov
2014-03-27 15:22:43,blast.ncbi.nlm.nih.gov
2014-03-27 15:22:45,blast.ncbi.nlm.nih.gov
2014-03-27 15:22:46,www.ncbi.nlm.nih.gov
2014-03-27 15:22:48,blast.ncbi.nlm.nih.gov
2014-03-27 15:22:49,www.ncbi.nlm.nih.gov
2014-03-27 15:22:50,blast.ncbi.nlm.nih.gov
2014-03-27 15:22:51,www.ncbi.nlm.nih.gov
2014-03-27 15:22:53,blast.ncbi.nlm.nih.gov
2014-03-27 15:22:53,www.ncbi.nlm.nih.gov
2014-03-27 15:22:54,www.ncbi.nlm.nih.gov
2014-03-27 15:22:55,annotathon.org
2014-03-27 15:22:55,blast.ncbi.nlm.nih.gov
2014-03-27 15:22:56,www.ncbi.nlm.nih.gov
2014-03-27 15:22:57,www.ncbi.nlm.nih.gov
2014-03-27 15:23:03,blast.ncbi.nlm.nih.gov
2014-03-27 15:23:05,www.ncbi.nlm.nih.gov
2014-03-27 15:23:15,blast.ncbi.nlm.nih.gov
2014-03-27 15:23:16,blast.ncbi.nlm.nih.gov
2014-03-27 15:23:17,blast.ncbi.nlm.nih.gov
2014-03-27 15:23:17,www.ncbi.nlm.nih.gov
2014-03-27 15:23:20,blast.ncbi.nlm.nih.gov
2014-03-27 15:23:25,annotathon.org
2014-03-27 15:23:25,blast.ncbi.nlm.nih.gov
2014-03-27 15:23:26,www.ncbi.nlm.nih.gov
2014-03-27 15:23:27,www.ncbi.nlm.nih.gov
2014-03-27 15:23:29,www.ncbi.nlm.nih.gov
2014-03-27 15:23:30,www.ncbi.nlm.nih.gov
2014-03-27 15:23:54,blast.ncbi.nlm.nih.gov
2014-03-27 15:23:55,blast.ncbi.nlm.nih.gov
2014-03-27 15:23:55,annotathon.org
2014-03-27 15:23:58,blast.ncbi.nlm.nih.gov
2014-03-27 15:24:03,blast.ncbi.nlm.nih.gov
2014-03-27 15:24:04,blast.ncbi.nlm.nih.gov
2014-03-27 15:24:08,blast.ncbi.nlm.nih.gov
2014-03-27 15:24:25,annotathon.org
2014-03-27 15:24:31,annotathon.org
2014-03-27 15:24:35,blast.ncbi.nlm.nih.gov
2014-03-27 15:24:35,www.ncbi.nlm.nih.gov
