timestamp,site
2013-02-12 13:51:49,fpdownload2.macromedia.com
2013-02-12 13:51:55,www.gmail.com
2013-02-12 13:51:56,mail.google.com
2013-02-12 13:52:07,accounts.google.com
2013-02-12 13:52:10,accounts.youtube.com
2013-02-12 13:52:15,mail.google.com
2013-02-12 13:52:32,accounts.google.fr
2013-02-12 13:52:34,clients2.google.com
2013-02-12 13:52:34,mail.google.com
2013-02-12 13:52:34,accounts.google.fr
2013-02-12 13:52:34,accounts.youtube.com
2013-02-12 13:52:34,accounts.google.com
2013-02-12 13:52:35,plus.google.com
2013-02-12 13:52:35,clients2.google.com
2013-02-12 13:52:35,apis.google.com
2013-02-12 13:52:35,mail.google.com
2013-02-12 13:52:36,plus.google.com
2013-02-12 13:52:36,apis.google.com
2013-02-12 13:52:36,accounts.google.com
2013-02-12 13:52:36,talkgadget.google.com
2013-02-12 13:52:36,mail.google.com
2013-02-12 13:52:37,apis.google.com
2013-02-12 13:52:37,clients6.google.com
2013-02-12 13:52:37,talkgadget.google.com
2013-02-12 13:52:37,plus.google.com
2013-02-12 13:52:37,www.google.com
2013-02-12 13:52:38,apis.google.com
2013-02-12 13:52:38,talkgadget.google.com
2013-02-12 13:52:38,accounts.google.com
2013-02-12 13:52:39,clients6.google.com
2013-02-12 13:52:40,plus.google.com
2013-02-12 13:52:40,apis.google.com
2013-02-12 13:52:40,clients6.google.com
2013-02-12 13:52:40,talkgadget.google.com
2013-02-12 13:52:42,mail.google.com
2013-02-12 13:52:48,mail.google.com
2013-02-12 13:52:50,get.adobe.com
2013-02-12 13:52:54,get.adobe.com
2013-02-12 13:52:54,wwwimages.adobe.com
2013-02-12 13:52:55,wwwimages.adobe.com
2013-02-12 13:52:55,p.typekit.net
2013-02-12 13:53:02,get3.adobe.com
2013-02-12 13:53:11,plus.google.com
2013-02-12 13:53:12,talkgadget.google.com
2013-02-12 13:53:30,talkgadget.google.com
2013-02-12 13:54:11,apis.google.com
2013-02-12 13:54:12,mail.google.com
2013-02-12 13:54:13,accounts.google.fr
2013-02-12 13:54:13,talkgadget.google.com
2013-02-12 13:54:13,clients6.google.com
2013-02-12 13:54:13,mail.google.com
2013-02-12 13:54:13,www.google.com
2013-02-12 13:54:13,www.google.fr
2013-02-12 13:54:14,accounts.google.com
2013-02-12 13:54:14,accounts.youtube.com
2013-02-12 13:54:14,accounts.google.fr
2013-03-12 10:09:29,www.gmail.com
2013-03-12 10:09:29,mail.google.com
2013-03-12 10:09:43,accounts.google.com
2013-03-12 10:09:46,accounts.youtube.com
2013-03-12 10:09:58,accounts.google.fr
2013-03-12 10:10:02,mail.google.com
2013-03-12 10:10:04,apis.google.com
2013-03-12 10:10:04,accounts.youtube.com
2013-03-12 10:10:04,accounts.google.fr
2013-03-12 10:10:04,mail.google.com
2013-03-12 10:10:04,accounts.google.com
2013-03-12 10:10:05,clients2.google.com
2013-03-12 10:10:05,mail.google.com
2013-03-12 10:10:05,plus.google.com
2013-03-12 10:10:05,apis.google.com
2013-03-12 10:10:06,mail.google.com
2013-03-12 10:10:06,talkgadget.google.com
2013-03-12 10:10:06,accounts.google.com
2013-03-12 10:10:07,www.google.com
2013-03-12 10:10:07,clients6.google.com
2013-03-12 10:10:07,plus.google.com
2013-03-12 10:10:07,apis.google.com
2013-03-12 10:10:07,mail.google.com
2013-03-12 10:10:07,talkgadget.google.com
2013-03-12 10:10:08,www.google.com
2013-03-12 10:10:08,accounts.google.com
2013-03-12 10:10:08,apis.google.com
2013-03-12 10:10:08,clients6.google.com
2013-03-12 10:10:16,plus.google.com
2013-03-12 10:10:16,clients6.google.com
2013-03-12 10:10:18,talkgadget.google.com
2013-03-12 10:11:04,mail.google.com
2013-03-12 10:11:06,clients6.google.com
2013-03-12 10:11:06,mail.google.com
2013-03-12 10:11:06,apis.google.com
2013-03-12 10:11:06,talkgadget.google.com
2013-03-12 10:11:06,www.google.com
2013-03-12 10:11:06,www.google.fr
2013-03-12 10:11:07,talkgadget.google.com
2013-03-12 10:11:07,www.google.fr
2013-03-12 10:11:10,accounts.google.fr
2013-03-12 10:11:10,accounts.youtube.com
2013-03-12 10:11:10,mail.google.com
2013-03-12 10:11:10,accounts.google.com
2013-04-12 11:56:57,www.gmail.com
2013-04-12 11:56:57,mail.google.com
2013-04-12 11:57:08,accounts.google.com
2013-04-12 11:57:11,accounts.youtube.com
2013-04-12 11:57:16,mail.google.com
2013-04-12 11:57:33,accounts.google.fr
2013-04-12 11:57:36,apis.google.com
2013-04-12 11:57:36,clients2.google.com
2013-04-12 11:57:36,mail.google.com
2013-04-12 11:57:36,accounts.google.com
2013-04-12 11:57:36,accounts.youtube.com
2013-04-12 11:57:36,accounts.google.fr
2013-04-12 11:57:37,apis.google.com
2013-04-12 11:57:37,plus.google.com
2013-04-12 11:57:37,mail.google.com
2013-04-12 11:57:38,www.google.com
2013-04-12 11:57:38,accounts.google.com
2013-04-12 11:57:38,mail.google.com
2013-04-12 11:57:38,talkgadget.google.com
2013-04-12 11:57:39,talkgadget.google.com
2013-04-12 11:57:39,clients6.google.com
2013-04-12 11:57:39,plus.google.com
2013-04-12 11:57:39,www.google.com
2013-04-12 11:57:40,talkgadget.google.com
2013-04-12 11:57:40,accounts.google.com
2013-04-12 11:57:40,apis.google.com
2013-04-12 11:57:40,clients6.google.com
2013-04-12 11:57:41,plus.google.com
2013-04-12 11:57:44,apis.google.com
2013-04-12 11:57:44,mail.google.com
2013-04-12 11:57:44,plus.google.com
2013-04-12 11:57:45,apis.google.com
2013-04-12 11:57:45,clients6.google.com
2013-04-12 11:57:50,apis.google.com
2013-04-12 11:57:50,clients6.google.com
2013-04-12 11:57:57,plus.google.com
2013-04-12 11:58:09,mail.google.com
2013-04-12 11:58:09,talkgadget.google.com
2013-04-12 11:58:09,www.google.com
2013-04-12 11:58:10,talkgadget.google.com
2013-04-12 11:58:10,plus.google.com
2013-04-12 11:58:10,accounts.google.fr
2013-04-12 11:58:10,www.google.fr
2013-04-12 11:58:12,mail.google.com
2013-04-12 11:58:12,accounts.google.com
2013-04-12 11:58:12,accounts.youtube.com
2013-04-12 11:58:12,accounts.google.fr
2013-09-12 10:08:10,www.gmail.com
2013-09-12 10:08:10,mail.google.com
2013-09-12 10:08:21,accounts.google.com
2013-09-12 10:08:24,accounts.youtube.com
2013-09-12 10:08:29,mail.google.com
2013-09-12 10:08:48,accounts.google.fr
2013-09-12 10:08:50,apis.google.com
2013-09-12 10:08:50,clients2.google.com
2013-09-12 10:08:50,accounts.google.fr
2013-09-12 10:08:50,accounts.youtube.com
2013-09-12 10:08:50,accounts.google.com
2013-09-12 10:08:50,mail.google.com
2013-09-12 10:08:51,mail.google.com
2013-09-12 10:08:51,plus.google.com
2013-09-12 10:08:51,apis.google.com
2013-09-12 10:08:51,accounts.google.com
2013-09-12 10:08:52,talkgadget.google.com
2013-09-12 10:08:52,mail.google.com
2013-09-12 10:08:52,www.google.com
2013-09-12 10:08:53,www.google.com
2013-09-12 10:08:53,clients6.google.com
2013-09-12 10:08:53,apis.google.com
2013-09-12 10:08:53,talkgadget.google.com
2013-09-12 10:08:54,plus.google.com
2013-09-12 10:08:54,talkgadget.google.com
2013-09-12 10:08:54,accounts.google.com
2013-09-12 10:08:54,apis.google.com
2013-09-12 10:08:54,clients6.google.com
2013-09-12 10:09:02,plus.google.com
2013-09-12 10:09:03,plus.google.com
2013-09-12 10:09:03,clients6.google.com
2013-09-12 10:09:03,mail.google.com
2013-09-12 10:09:04,clients6.google.com
2013-09-12 10:09:06,talkgadget.google.com
2013-09-12 10:09:09,talkgadget.google.com
2013-09-12 10:09:09,apis.google.com
2013-09-12 10:09:09,mail.google.com
2013-09-12 10:09:09,www.google.com
2013-09-12 10:09:10,talkgadget.google.com
2013-09-12 10:09:10,accounts.google.com
2013-09-12 10:09:10,accounts.youtube.com
2013-09-12 10:09:10,accounts.google.fr
2013-09-12 10:09:10,www.google.fr
2013-09-12 10:09:19,accounts.google.com
2013-09-12 10:09:19,accounts.youtube.com
2013-09-12 10:09:19,mail.google.com
2013-11-25 08:21:26,fpdownload2.macromedia.com
2013-11-25 08:21:32,www.google.com
2013-11-25 08:21:32,www.google.fr
2013-11-25 08:21:44,www.google.fr
2013-11-25 08:21:45,apis.google.com
2013-11-25 08:21:47,www.google.com
2013-11-25 08:22:13,www.google.fr
2013-11-25 08:22:13,www.google.com
2013-11-25 08:22:13,apis.google.com
2013-11-25 08:22:14,style2.ad6.fr
2013-11-25 08:22:14,www.google.fr
2013-11-25 08:22:14,static.ccm2.net
2013-11-25 08:22:14,ba.commentcamarche.net
2013-11-25 08:22:14,kh6qrx0f8h.s.ad6media.fr
2013-11-25 08:22:14,www.commentcamarche.net
2013-11-25 08:22:15,r.ccm2.net
2013-11-25 08:22:15,connect.facebook.net
2013-11-25 08:22:15,static.ccm2.net
2013-11-25 08:22:17,static.ak.facebook.com
2013-11-25 08:22:17,s-static.ak.facebook.com
2013-11-25 08:22:18,static.ccmbg.com
2013-11-25 08:22:18,platform.twitter.com
2013-11-25 08:22:18,static.ccm2.net
2013-11-25 08:22:18,www.facebook.com
2013-11-25 08:22:19,kh6qrx0f8h.s.ad6media.fr
2013-11-25 08:22:27,ajax.googleapis.com
2013-11-25 08:22:27,static.ccm2.net
2013-11-25 08:22:28,www.facebook.com
2013-11-25 08:22:28,static.ccm2.net
2013-11-25 08:22:28,www.commentcamarche.net
2013-11-25 08:22:28,twitter.com
2013-11-25 08:22:58,twitter.com
2013-11-25 08:23:52,www.facebook.com
2013-11-25 08:24:16,www.google.fr
2013-11-25 09:26:44,www.google.com
2013-11-25 09:26:44,www.google.fr
2013-11-25 09:26:56,www.google.fr
2013-11-25 09:26:57,apis.google.com
2013-11-25 09:26:59,www.google.com
2013-11-25 09:28:13,www.google.com
2013-11-25 09:28:13,apis.google.com
2013-11-25 09:28:48,www.google.fr
2013-11-25 09:28:48,www.pfl-cepia.inra.fr
2013-11-25 09:32:36,www.google.fr
2013-11-25 09:32:37,www.google.fr
2013-11-25 09:32:38,www.google.fr
2013-11-25 09:35:42,www.isir.upmc.fr
2013-11-25 09:35:42,www.google.fr
2013-11-25 09:36:33,www.google.fr
2013-11-25 09:54:12,mail.google.com
2013-11-25 09:54:12,www.gmail.com
2013-11-25 09:54:24,accounts.google.com
2013-11-25 09:54:27,accounts.youtube.com
2013-11-25 09:54:32,mail.google.com
2013-11-25 09:54:59,accounts.google.fr
2013-11-25 09:55:02,accounts.google.com
2013-11-25 09:55:02,accounts.youtube.com
2013-11-25 09:55:02,accounts.google.fr
2013-11-25 09:55:02,mail.google.com
2013-11-25 09:55:02,clients2.google.com
2013-11-25 09:55:03,mail.google.com
2013-11-25 09:55:03,apis.google.com
2013-11-25 09:55:03,plus.google.com
2013-11-25 09:55:04,clients2.google.com
2013-11-25 09:55:04,plus.google.com
2013-11-25 09:55:05,www.google.com
2013-11-25 09:55:05,plus.google.com
2013-11-25 09:55:05,talkgadget.google.com
2013-11-25 09:55:05,apis.google.com
2013-11-25 09:55:05,accounts.google.com
2013-11-25 09:55:08,www.google.com
2013-11-25 09:55:17,apis.google.com
2013-11-25 09:55:18,clients6.google.com
2013-11-25 09:55:18,accounts.google.com
2013-11-25 09:55:18,plus.google.com
2013-11-25 09:55:18,talkgadget.google.com
2013-11-25 09:55:18,mail.google.com
2013-11-25 09:55:18,apis.google.com
2013-11-25 09:55:21,clients6.google.com
2013-11-25 09:55:30,clients6.google.com
2013-11-25 09:55:33,clients6.google.com
2013-11-25 09:55:33,plus.google.com
2013-11-25 09:55:33,talkgadget.google.com
2013-11-25 09:55:33,www.google.com
2013-11-25 09:55:33,mail.google.com
2013-11-25 09:55:37,talkgadget.google.com
2013-11-25 09:55:37,accounts.google.fr
2013-11-25 09:55:37,www.google.fr
2013-11-25 09:56:41,accounts.youtube.com
2013-11-25 09:56:41,accounts.google.com
2013-11-25 09:56:41,mail.google.com
2013-11-25 09:56:41,accounts.google.fr
2013-11-25 11:21:28,mail.google.com
2013-11-25 11:21:40,accounts.google.com
2013-11-25 11:21:45,accounts.youtube.com
2013-11-25 11:21:48,mail.google.com
2013-11-25 11:22:17,accounts.google.fr
2013-11-25 11:22:19,clients2.google.com
2013-11-25 11:22:19,plus.google.com
2013-11-25 11:22:20,www.google.com
2013-11-25 11:22:20,accounts.google.fr
2013-11-25 11:22:20,talkgadget.google.com
2013-11-25 11:22:20,accounts.google.com
2013-11-25 11:22:20,accounts.youtube.com
2013-11-25 11:22:21,clients2.google.com
2013-11-25 11:22:21,talkgadget.google.com
2013-11-25 11:22:23,clients6.google.com
2013-11-25 11:22:24,plus.google.com
2013-11-25 11:22:24,mail.google.com
2013-11-25 11:22:24,apis.google.com
2013-11-25 11:22:25,plus.google.com
2013-11-25 11:22:25,mail.google.com
2013-11-25 11:22:25,clients6.google.com
2013-11-25 11:22:25,talkgadget.google.com
2013-11-25 11:22:25,apis.google.com
2013-11-25 11:22:27,apis.google.com
2013-11-25 11:22:27,mail.google.com
2013-11-25 11:22:27,clients6.google.com
2013-11-25 11:22:28,clients6.google.com
2013-11-25 11:22:33,talkgadget.google.com
2013-11-25 11:22:50,mail.google.com
2013-11-25 11:22:52,talkgadget.google.com
2013-11-25 11:22:52,mail.google.com
2013-11-25 11:22:52,www.google.com
2013-11-25 11:22:52,plus.google.com
2013-11-25 11:22:52,clients6.google.com
2013-11-25 11:22:53,talkgadget.google.com
2013-11-25 11:22:53,plus.google.com
2013-11-25 11:22:53,accounts.google.fr
2013-11-25 11:22:53,www.google.fr
2013-11-25 11:22:57,talkgadget.google.com
2013-11-25 11:22:57,accounts.google.fr
2013-11-25 11:22:57,www.hotmail.com
2013-11-25 11:23:07,login.live.com
2013-11-25 11:23:23,mail.google.com
2013-11-25 11:23:23,accounts.youtube.com
2013-11-25 11:23:23,accounts.google.com
2013-11-25 11:23:26,login.live.com
2013-11-25 11:23:33,login.live.com
2013-11-25 11:23:34,login.live.com
2013-11-25 11:23:45,mail.live.com
2013-11-25 11:23:48,dub126.mail.live.com
2013-11-25 11:23:49,dub126.afx.ms
2013-11-25 11:23:49,dub126.mail.live.com
2013-11-25 11:23:51,dub126.mail.live.com
2013-11-25 11:23:51,people.directory.live.com
2013-11-25 11:23:53,dub126.mail.live.com
2013-11-25 11:23:54,dub126.mail.live.com
2013-11-25 11:23:54,h.live.com
2013-11-25 11:23:56,h.live.com
2013-11-25 11:23:57,h.live.com
2013-11-25 11:23:59,windowslive.tt.omtrdc.net
2013-11-25 11:23:59,js.live.net
2013-11-25 11:23:59,h.live.com
2013-11-25 11:23:59,cid-faa89e0327693893.users.storage.live.com
2013-11-25 11:24:00,secure.shared.live.com
2013-11-25 11:24:00,p.sfx.ms
2013-11-25 11:24:00,h.live.com
2013-11-25 11:24:01,p.sfx.ms
2013-11-25 11:24:01,windowslive.tt.omtrdc.net
2013-11-25 11:24:01,storage.live.com
2013-11-25 11:24:04,secure.shared.live.com
2013-11-25 11:24:11,dub126.afx.ms
2013-11-25 11:24:12,dub126.mail.live.com
2013-11-25 11:24:13,dub126.mail.live.com
2013-11-25 11:24:14,dub126.afx.ms
2013-11-25 11:24:17,secure.shared.live.com
2013-11-25 11:24:17,storage.live.com
2013-11-25 11:24:17,cid-faa89e0327693893.users.storage.live.com
2013-11-25 11:24:17,login.live.com
2013-11-25 11:24:17,dub126.mail.live.com
2013-11-25 11:24:17,h.live.com
2013-11-25 11:24:18,dub126.mail.live.com
2013-11-25 11:24:18,g.live.com
2013-12-18 09:58:36,fpdownload2.macromedia.com
2013-12-18 10:03:24,www.hotmail.com
2013-12-18 10:03:34,login.live.com
2013-12-18 10:03:51,login.live.com
2013-12-18 10:04:17,login.live.com
2013-12-18 10:04:18,login.live.com
2013-12-18 10:04:22,mail.google.com
2013-12-18 10:04:22,www.gmail.com
2013-12-18 10:04:23,mail.live.com
2013-12-18 10:04:29,dub126.mail.live.com
2013-12-18 10:04:30,people.directory.live.com
2013-12-18 10:04:30,dub126.mail.live.com
2013-12-18 10:04:34,dub126.mail.live.com
2013-12-18 10:04:35,dub126.mail.live.com
2013-12-18 10:04:35,people.directory.live.com
2013-12-18 10:04:36,accounts.google.com
2013-12-18 10:04:37,h.live.com
2013-12-18 10:04:37,windowslive.tt.omtrdc.net
2013-12-18 10:04:37,cid-faa89e0327693893.users.storage.live.com
2013-12-18 10:04:38,js.live.net
2013-12-18 10:04:38,secure.shared.live.com
2013-12-18 10:04:38,p.sfx.ms
2013-12-18 10:04:39,h.live.com
2013-12-18 10:04:39,secure.shared.live.com
2013-12-18 10:04:39,api.skype.com
2013-12-18 10:04:39,windowslive.tt.omtrdc.net
2013-12-18 10:04:40,h.live.com
2013-12-18 10:04:40,login.live.com
2013-12-18 10:04:40,go.trouter.io
2013-12-18 10:04:41,h.live.com
2013-12-18 10:04:42,accounts.youtube.com
2013-12-18 10:04:42,dub126.mail.live.com
2013-12-18 10:04:42,prod.registrar.skype.com
2013-12-18 10:04:43,api.skype.com
2013-12-18 10:04:43,sndgd.blablacar.com
2013-12-18 10:04:44,www.covoiturage.fr
2013-12-18 10:04:53,mail.google.com
2013-12-18 10:04:55,mail.google.com
2013-12-18 10:04:58,accounts.google.fr
2013-12-18 10:04:58,www.covoiturage.fr
2013-12-18 10:05:02,accounts.google.com
2013-12-18 10:05:02,accounts.youtube.com
2013-12-18 10:05:02,accounts.google.fr
2013-12-18 10:05:02,mail.google.com
2013-12-18 10:05:03,mail.google.com
2013-12-18 10:05:05,mail.google.com
2013-12-18 10:05:05,apis.google.com
2013-12-18 10:05:05,plus.google.com
2013-12-18 10:05:05,accounts.google.com
2013-12-18 10:05:05,www.covoiturage.fr
2013-12-18 10:05:05,clients2.google.com
2013-12-18 10:05:05,connect.facebook.net
2013-12-18 10:05:05,www.facebook.com
2013-12-18 10:05:06,talkgadget.google.com
2013-12-18 10:05:06,plus.google.com
2013-12-18 10:05:06,www.facebook.com
2013-12-18 10:05:06,s-static.ak.facebook.com
2013-12-18 10:05:06,apis.google.com
2013-12-18 10:05:07,clients6.google.com
2013-12-18 10:05:07,www.google.com
2013-12-18 10:05:07,accounts.google.com
2013-12-18 10:05:07,apis.google.com
2013-12-18 10:05:07,mail.google.com
2013-12-18 10:05:07,talkgadget.google.com
2013-12-18 10:05:08,clients6.google.com
2013-12-18 10:05:14,g.live.com
2013-12-18 10:05:18,connect.facebook.net
2013-12-18 10:05:18,www.covoiturage.fr
2013-12-18 10:05:19,s-static.ak.facebook.com
2013-12-18 10:05:19,www.covoiturage.fr
2013-12-18 10:05:19,connect.facebook.net
2013-12-18 10:05:19,static.ak.facebook.com
2013-12-18 10:05:19,www.facebook.com
2013-12-18 10:05:40,h.live.com
2013-12-18 10:05:43,h.live.com
2013-12-18 10:05:44,storage.live.com
2013-12-18 10:05:55,dub126.mail.live.com
2013-12-18 10:06:00,www.covoiturage.fr
2013-12-18 10:06:01,static.ak.facebook.com
2013-12-18 10:06:01,www.covoiturage.fr
2013-12-18 10:06:01,www.facebook.com
2013-12-18 10:06:01,s-static.ak.facebook.com
2013-12-18 10:06:02,www.facebook.com
2013-12-18 10:06:02,www.google.com
2013-12-18 10:06:10,plus.google.com
2013-12-18 10:06:19,clients6.google.com
2013-12-18 10:06:19,plus.google.com
2013-12-18 10:06:20,dub126.mail.live.com
2013-12-18 10:06:26,mail.google.com
2013-12-18 10:06:26,clients6.google.com
2013-12-18 10:06:26,talkgadget.google.com
2013-12-18 10:06:26,www.google.com
2013-12-18 10:06:26,www.google.fr
2013-12-18 10:07:28,accounts.google.fr
2013-12-18 10:07:28,accounts.google.com
2013-12-18 10:07:28,mail.google.com
2013-12-18 10:07:28,accounts.youtube.com
2013-12-18 10:08:00,h.live.com
2013-12-18 10:08:00,secure.shared.live.com
2013-12-18 10:08:01,dub126.mail.live.com
2013-12-18 10:08:14,dub126.mail.live.com
2013-12-18 10:08:18,h.live.com
2013-12-18 10:08:18,dub126.mail.live.com
2013-12-18 10:08:31,secure.footprint.net
2013-12-18 10:09:23,dub126.mail.live.com
2013-12-18 10:09:23,h.live.com
2013-12-18 10:09:23,word-view.officeapps.live.com
2013-12-18 10:09:24,dub126.mail.live.com
2013-12-18 10:09:27,dub126.mail.live.com
2013-12-18 10:09:27,h.live.com
2013-12-18 10:09:33,dub126.mail.live.com
2013-12-18 10:09:34,dub126.mail.live.com
2013-12-18 10:09:35,dub126.mail.live.com
2013-12-18 10:09:44,people.directory.live.com
2013-12-18 10:09:44,dub126.mail.live.com
2013-12-18 10:09:44,cid-faa89e0327693893.users.storage.live.com
2013-12-18 10:09:45,secure.footprint.net
2013-12-18 10:10:45,h.live.com
2013-12-18 10:10:45,word-view.officeapps.live.com
2013-12-18 10:10:45,dub126.mail.live.com
2013-12-18 10:10:46,dub126.mail.live.com
2013-12-18 10:11:03,dub126.mail.live.com
2013-12-18 10:11:28,dub126.mail.live.com
2013-12-18 10:11:29,secure.footprint.net
2013-12-18 10:12:23,dub126.mail.live.com
2013-12-18 10:12:24,secure.footprint.net
2013-12-18 10:13:23,dub126.mail.live.com
2013-12-18 10:13:23,h.live.com
2013-12-18 10:13:25,dub126.mail.live.com
2013-12-18 10:14:03,word-view.officeapps.live.com
2013-12-18 10:14:06,prod.registrar.skype.com
2013-12-18 10:14:08,login.live.com
2013-12-18 10:14:09,h.live.com
2013-12-18 10:14:09,go.trouter.io
2013-12-18 10:14:09,dub126.mail.live.com
2013-12-18 10:14:09,g.live.com
2013-12-18 10:14:14,windowslive.tt.omtrdc.net
2013-12-18 10:14:14,login.skype.com
2013-12-18 10:14:15,connect.facebook.net
2013-12-18 10:14:15,platform.twitter.com
2013-12-18 10:14:15,maroc.msn.com
2013-12-18 10:14:15,c.msn.com
2013-12-18 10:14:15,arabia.msn.com
2013-12-18 10:14:17,s-static.ak.facebook.com
2013-12-18 10:14:17,static.ak.facebook.com
2013-12-18 10:14:17,c.msn.com
2013-12-18 10:14:17,maroc.msn.com
2013-12-18 10:14:17,arabia.msn.com
2013-12-18 10:14:18,maroc.msn.com
2013-12-18 10:14:18,www.facebook.com
2013-12-18 10:14:18,platform.twitter.com
2013-12-18 10:14:19,maroc.msn.com
2013-12-18 10:14:25,twitter.com
2013-12-18 10:14:32,mail.google.com
2013-12-18 10:14:44,accounts.google.com
2013-12-18 10:14:44,twitter.com
2013-12-18 10:14:47,accounts.youtube.com
2013-12-18 10:14:49,mail.google.com
2013-12-18 10:15:58,accounts.google.fr
2013-12-18 10:16:00,apis.google.com
2013-12-18 10:16:01,apis.google.com
2013-12-18 10:16:01,talkgadget.google.com
2013-12-18 10:16:01,plus.google.com
2013-12-18 10:16:01,accounts.google.fr
2013-12-18 10:16:01,clients2.google.com
2013-12-18 10:16:01,accounts.google.com
2013-12-18 10:16:01,mail.google.com
2013-12-18 10:16:01,accounts.youtube.com
2013-12-18 10:16:02,talkgadget.google.com
2013-12-18 10:16:02,mail.google.com
2013-12-18 10:16:02,clients6.google.com
2013-12-18 10:16:02,plus.google.com
2013-12-18 10:16:03,clients6.google.com
2013-12-18 10:16:03,plus.google.com
2013-12-18 10:16:03,talkgadget.google.com
2013-12-18 10:16:03,www.google.com
2013-12-18 10:16:07,www.google.com
2013-12-18 10:16:08,apis.google.com
2013-12-18 10:16:13,apis.google.com
2013-12-18 10:16:19,www.google.fr
2013-12-18 10:16:19,clients6.google.com
2013-12-18 10:16:19,talkgadget.google.com
2013-12-18 10:16:19,plus.google.com
2013-12-18 10:16:19,www.google.com
2013-12-18 10:16:19,mail.google.com
2013-12-18 10:16:20,accounts.google.fr
2013-12-18 10:16:27,accounts.youtube.com
2013-12-18 10:16:27,mail.google.com
2013-12-18 10:16:27,talkgadget.google.com
2013-12-18 10:16:27,accounts.google.fr
2013-12-18 10:16:27,accounts.google.com
2013-12-18 10:21:14,mail.google.com
2013-12-18 10:21:28,accounts.google.com
2013-12-18 10:21:31,accounts.youtube.com
2013-12-18 10:21:47,mail.google.com
2013-12-18 10:21:48,mail.google.com
2013-12-18 10:21:49,accounts.google.fr
2013-12-18 10:21:52,accounts.google.fr
2013-12-18 10:21:52,talkgadget.google.com
2013-12-18 10:21:52,plus.google.com
2013-12-18 10:21:52,accounts.youtube.com
2013-12-18 10:21:52,apis.google.com
2013-12-18 10:21:52,accounts.google.com
2013-12-18 10:21:52,clients2.google.com
2013-12-18 10:21:53,talkgadget.google.com
2013-12-18 10:21:54,www.google.com
2013-12-18 10:21:54,clients6.google.com
2013-12-18 10:21:54,plus.google.com
2013-12-18 10:21:54,mail.google.com
2013-12-18 10:21:55,www.google.com
2013-12-18 10:21:55,clients6.google.com
2013-12-18 10:21:55,talkgadget.google.com
2013-12-18 10:21:56,clients6.google.com
2013-12-18 10:22:02,mail.google.com
2013-12-18 10:22:17,plus.google.com
2013-12-18 10:22:20,plus.google.com
2013-12-18 10:22:21,plus.google.com
2013-12-18 10:22:22,plus.google.com
2013-12-18 10:22:23,plus.google.com
2013-12-18 10:22:24,plus.google.com
2013-12-18 10:22:31,plus.google.com
2013-12-18 10:22:39,www.google.com
2013-12-18 10:22:40,plus.google.com
2013-12-18 10:22:40,www.google.com
2013-12-18 10:22:42,mail.google.com
2013-12-18 10:22:47,clients6.google.com
2013-12-18 10:22:57,clients6.google.com
2013-12-18 10:23:06,talkgadget.google.com
2013-12-18 10:23:06,www.google.com
2013-12-18 10:23:06,plus.google.com
2013-12-18 10:23:06,mail.google.com
2013-12-18 10:23:36,mail.google.com
2013-12-18 10:23:37,www.google.fr
2013-12-18 10:23:37,accounts.google.fr
2013-12-18 10:23:37,talkgadget.google.com
2013-12-18 10:23:37,www.google.com
2013-12-18 10:23:37,mail.google.com
2013-12-18 10:23:42,www.google.com
2013-12-18 10:24:41,talkgadget.google.com
2013-12-18 10:24:41,accounts.google.fr
2013-12-18 10:24:41,accounts.google.com
2013-12-18 10:24:41,accounts.youtube.com
2013-12-18 10:24:41,mail.google.com
2013-12-19 15:19:31,www.gmail.com
2013-12-19 15:19:31,mail.google.com
2013-12-19 15:19:43,accounts.google.com
2013-12-19 15:19:46,accounts.youtube.com
2013-12-19 15:19:51,mail.google.com
2013-12-19 15:20:18,accounts.google.co.ma
2013-12-19 15:20:20,accounts.google.co.ma
2013-12-19 15:20:20,accounts.google.fr
2013-12-19 15:20:22,accounts.google.co.ma
2013-12-19 15:20:22,accounts.google.fr
2013-12-19 15:20:22,mail.google.com
2013-12-19 15:20:22,accounts.youtube.com
2013-12-19 15:20:22,clients2.google.com
2013-12-19 15:20:22,apis.google.com
2013-12-19 15:20:22,accounts.google.com
2013-12-19 15:20:23,mail.google.com
2013-12-19 15:20:23,clients2.google.com
2013-12-19 15:20:23,plus.google.com
2013-12-19 15:20:24,apis.google.com
2013-12-19 15:20:24,plus.google.com
2013-12-19 15:20:24,accounts.google.com
2013-12-19 15:20:24,mail.google.com
2013-12-19 15:20:25,www.google.com
2013-12-19 15:20:25,apis.google.com
2013-12-19 15:20:26,apis.google.com
2013-12-19 15:20:31,mail.google.com
2013-12-19 15:20:31,plus.google.com
2013-12-19 15:20:31,www.google.com
2013-12-19 15:20:34,mail.google.com
2013-12-19 15:20:34,b.mail.google.com
2013-12-19 15:20:34,chatenabled.mail.google.com
2013-12-19 15:20:36,plus.google.com
2013-12-19 15:20:37,mail.google.com
2013-12-19 15:20:44,mail.google.com
2013-12-19 15:20:44,chatenabled.mail.google.com
2013-12-19 15:20:44,clients6.google.com
2013-12-19 15:20:45,mail.google.com
2013-12-19 15:21:19,apis.google.com
2013-12-19 15:22:02,mail.google.com
2013-12-19 15:22:09,clients6.google.com
2013-12-19 15:23:20,plus.google.com
2013-12-19 15:24:12,plus.google.com
2013-12-19 15:24:13,clients6.google.com
2013-12-19 15:24:15,apis.google.com
2013-12-19 15:25:15,mail.google.com
2013-12-19 15:26:50,b.mail.google.com
2013-12-19 15:26:52,www.google.fr
2013-12-19 15:26:52,plus.google.com
2013-12-19 15:26:52,www.google.com
2013-12-19 15:26:52,accounts.google.fr
2013-12-19 15:26:53,www.google.co.ma
2013-12-19 15:26:53,www.google.fr
2013-12-19 15:26:53,accounts.google.com
2013-12-19 15:26:53,accounts.youtube.com
2013-12-19 15:26:53,accounts.google.co.ma
2013-12-19 15:26:53,accounts.google.fr
2013-12-19 15:26:57,accounts.google.com
2013-12-19 15:26:57,accounts.google.co.ma
2013-12-19 15:26:57,mail.google.com
2013-12-19 15:26:57,accounts.youtube.com
2013-12-19 15:27:24,mail.google.com
2013-12-19 15:27:39,accounts.google.com
2013-12-19 15:27:58,accounts.youtube.com
2013-12-19 15:28:02,accounts.google.fr
2013-12-19 15:28:04,mail.google.com
2013-12-19 15:28:05,mail.google.com
2013-12-19 15:28:11,accounts.google.com
2013-12-19 15:28:12,accounts.youtube.com
2013-12-19 15:28:12,accounts.google.fr
2013-12-19 15:28:12,clients2.google.com
2013-12-19 15:28:13,mail.google.com
2013-12-19 15:28:14,apis.google.com
2013-12-19 15:28:15,www.google.com
2013-12-19 15:28:16,plus.google.com
2013-12-19 15:28:18,clients2.google.com
2013-12-19 15:28:20,talkgadget.google.com
2013-12-19 15:28:21,talkgadget.google.com
2013-12-19 15:28:23,www.google.com
2013-12-19 15:28:23,mail.google.com
2013-12-19 15:28:23,talkgadget.google.com
2013-12-19 15:28:24,clients6.google.com
2013-12-19 15:28:25,talkgadget.google.com
2013-12-19 15:28:25,plus.google.com
2013-12-19 15:28:25,mail.google.com
2013-12-19 15:28:26,clients6.google.com
2013-12-19 15:28:26,plus.google.com
2013-12-19 15:28:26,apis.google.com
2013-12-19 15:28:26,talkgadget.google.com
2013-12-19 15:28:26,accounts.google.com
2013-12-19 15:28:28,talkgadget.google.com
2013-12-19 15:28:28,www.google.com
2013-12-19 15:28:29,talkgadget.google.com
2013-12-19 15:28:29,clients6.google.com
2013-12-19 15:28:30,talkgadget.google.com
2013-12-19 15:28:30,clients6.google.com
2013-12-19 15:28:30,plus.google.com
2013-12-19 15:28:30,www.google.com
2013-12-19 15:28:30,mail.google.com
2013-12-19 15:28:31,talkgadget.google.com
2013-12-19 15:28:32,accounts.google.com
2013-12-19 15:28:32,www.google.fr
2013-12-19 15:28:32,talkgadget.google.com
2013-12-19 15:28:35,mail.google.com
2013-12-19 15:28:35,accounts.google.fr
2013-12-19 15:28:35,accounts.google.com
2013-12-19 15:28:35,accounts.youtube.com
2013-12-19 15:28:35,talkgadget.google.com
2014-01-14 12:19:04,www.gmail.com
2014-01-14 12:19:04,mail.google.com
2014-01-14 12:19:15,accounts.google.com
2014-01-14 12:19:18,accounts.youtube.com
2014-01-14 12:19:23,mail.google.com
2014-01-14 12:19:40,accounts.google.fr
2014-01-14 12:19:43,accounts.google.com
2014-01-14 12:19:43,accounts.youtube.com
2014-01-14 12:19:43,accounts.google.fr
2014-01-14 12:19:43,mail.google.com
2014-01-14 12:19:44,plus.google.com
2014-01-14 12:19:44,mail.google.com
2014-01-14 12:19:44,clients2.google.com
2014-01-14 12:19:44,apis.google.com
2014-01-14 12:19:45,talkgadget.google.com
2014-01-14 12:19:45,mail.google.com
2014-01-14 12:19:45,apis.google.com
2014-01-14 12:19:45,plus.google.com
2014-01-14 12:19:45,accounts.google.com
2014-01-14 12:19:46,www.google.com
2014-01-14 12:19:46,talkgadget.google.com
2014-01-14 12:19:46,mail.google.com
2014-01-14 12:19:47,www.google.com
2014-01-14 12:19:47,apis.google.com
2014-01-14 12:19:47,accounts.google.com
2014-01-14 12:19:47,talkgadget.google.com
2014-01-14 12:19:47,plus.google.com
2014-01-14 12:19:47,clients6.google.com
2014-01-14 12:19:51,mail.google.com
2014-01-14 12:19:51,plus.google.com
2014-01-14 12:19:52,apis.google.com
2014-01-14 12:19:52,mail.google.com
2014-01-14 12:19:55,apis.google.com
2014-01-14 12:19:55,plus.google.com
2014-01-14 12:19:55,talkgadget.google.com
2014-01-14 12:19:55,clients6.google.com
2014-01-14 12:19:57,talkgadget.google.com
2014-01-14 12:19:58,talkgadget.google.com
2014-01-14 12:20:51,talkgadget.google.com
2014-01-14 12:20:53,www.google.fr
2014-01-14 12:20:53,ieonline.microsoft.com
2014-01-14 12:20:53,clients6.google.com
2014-01-14 12:20:53,www.google.com
2014-01-14 12:20:53,accounts.youtube.com
2014-01-14 12:20:53,accounts.google.com
2014-01-14 12:20:53,accounts.google.fr
2014-01-14 12:20:53,talkgadget.google.com
2014-01-14 12:20:53,mail.google.com
2014-01-17 13:14:41,fpdownload2.macromedia.com
2014-01-17 13:14:47,www.gmail.com
2014-01-17 13:14:47,mail.google.com
2014-01-17 13:14:59,accounts.google.com
2014-01-17 13:15:00,www.hotmail.com
2014-01-17 13:15:02,accounts.youtube.com
2014-01-17 13:15:07,mail.google.com
2014-01-17 13:15:11,login.live.com
2014-01-17 13:15:28,login.live.com
2014-01-17 13:15:43,accounts.google.fr
2014-01-17 13:15:46,plus.google.com
2014-01-17 13:15:46,clients2.google.com
2014-01-17 13:15:46,mail.google.com
2014-01-17 13:15:46,accounts.google.fr
2014-01-17 13:15:46,accounts.youtube.com
2014-01-17 13:15:46,accounts.google.com
2014-01-17 13:15:46,apis.google.com
2014-01-17 13:15:47,mail.google.com
2014-01-17 13:15:47,accounts.google.com
2014-01-17 13:15:47,plus.google.com
2014-01-17 13:15:47,apis.google.com
2014-01-17 13:15:47,talkgadget.google.com
2014-01-17 13:15:48,talkgadget.google.com
2014-01-17 13:15:48,plus.google.com
2014-01-17 13:15:48,www.google.com
2014-01-17 13:15:48,apis.google.com
2014-01-17 13:15:49,talkgadget.google.com
2014-01-17 13:15:49,clients6.google.com
2014-01-17 13:15:49,www.google.com
2014-01-17 13:15:49,accounts.google.com
2014-01-17 13:15:49,apis.google.com
2014-01-17 13:15:49,mail.google.com
2014-01-17 13:15:54,windowslive.tt.omtrdc.net
2014-01-17 13:15:57,login.live.com
2014-01-17 13:15:58,login.live.com
2014-01-17 13:15:59,plus.google.com
2014-01-17 13:16:03,mail.live.com
2014-01-17 13:16:09,dub126.mail.live.com
2014-01-17 13:16:13,dub126.mail.live.com
2014-01-17 13:16:13,js.live.net
2014-01-17 13:16:14,windowslive.tt.omtrdc.net
2014-01-17 13:16:14,secure.shared.live.com
2014-01-17 13:16:14,cid-faa89e0327693893.users.storage.live.com
2014-01-17 13:16:18,people.directory.live.com
2014-01-17 13:16:29,windowslive.tt.omtrdc.net
2014-01-17 13:16:41,secure.shared.live.com
2014-01-17 13:16:42,go.trouter.io
2014-01-17 13:16:42,login.live.com
2014-01-17 13:16:43,prod.registrar.skype.com
2014-01-17 13:16:43,go.trouter.io
2014-01-17 13:16:44,prod.registrar.skype.com
2014-01-17 13:16:46,storage.live.com
2014-01-17 13:16:48,api.skype.com
2014-01-17 13:16:50,h.live.com
2014-01-17 13:16:54,people.directory.live.com
2014-01-17 13:16:55,h.live.com
2014-01-17 13:17:07,secure.shared.live.com
2014-01-17 13:17:21,clients6.google.com
2014-01-17 13:17:21,talkgadget.google.com
2014-01-17 13:17:21,mail.google.com
2014-01-17 13:17:21,plus.google.com
2014-01-17 13:17:22,talkgadget.google.com
2014-01-17 13:17:52,ieonline.microsoft.com
2014-01-17 13:18:09,dub126.mail.live.com
2014-01-17 13:18:10,h.live.com
2014-01-17 13:18:56,login.live.com
2014-01-17 13:18:56,p.sfx.ms
2014-01-17 13:18:57,dub126.mail.live.com
2014-01-17 13:18:57,go.trouter.io
2014-01-17 13:18:57,p.sfx.ms
2014-01-17 13:18:57,cid-faa89e0327693893.users.storage.live.com
2014-01-17 13:18:58,g.live.com
2014-01-17 13:18:59,apis.google.com
2014-01-17 13:18:59,login.skype.com
2014-01-17 13:19:03,windowslive.tt.omtrdc.net
2014-01-17 13:19:04,maroc.msn.com
2014-01-17 13:19:04,connect.facebook.net
2014-01-17 13:19:04,arabia.msn.com
2014-01-17 13:19:05,maroc.msn.com
2014-01-17 13:19:05,platform.twitter.com
2014-01-17 13:19:05,arabia.msn.com
2014-01-17 13:19:05,mail.google.com
2014-01-17 13:19:05,c.msn.com
2014-01-17 13:19:05,static.ak.facebook.com
2014-01-17 13:19:05,www.facebook.com
2014-01-17 13:19:05,apis.google.com
2014-01-17 13:19:06,c.msn.com
2014-01-17 13:19:06,arabia.msn.com
2014-01-17 13:19:06,platform.twitter.com
2014-01-17 13:19:06,www.facebook.com
2014-01-17 13:19:06,maroc.msn.com
2014-01-17 13:19:07,talkgadget.google.com
2014-01-17 13:19:07,mail.google.com
2014-01-17 13:19:10,mail.google.com
2014-01-17 13:19:11,drive.google.com
2014-01-17 13:20:02,drive.google.com
2014-01-17 13:20:02,clients6.google.com
2014-01-17 13:20:02,talkgadget.google.com
2014-01-17 13:20:11,apis.google.com
2014-01-17 13:20:11,plus.google.com
2014-01-17 13:20:11,mail.google.com
2014-01-17 13:20:14,mail.google.com
2014-01-17 13:20:28,drive.google.com
2014-01-17 13:20:48,mail.google.com
2014-01-17 13:20:59,mail.google.com
2014-01-17 13:21:02,talkgadget.google.com
2014-01-17 13:21:03,mail.google.com
2014-01-17 13:21:03,plus.google.com
2014-01-17 13:21:03,clients6.google.com
2014-01-17 13:21:03,www.google.fr
2014-01-17 13:21:03,www.google.com
2014-01-17 13:21:12,drive.google.com
2014-01-17 13:21:12,mail.google.com
2014-01-17 13:21:12,accounts.youtube.com
2014-01-17 13:21:12,accounts.google.com
2014-01-17 13:21:12,accounts.google.fr
2014-01-17 13:21:12,talkgadget.google.com
2014-01-17 13:28:38,mail.google.com
2014-01-17 13:28:49,accounts.google.com
2014-01-17 13:28:52,accounts.youtube.com
2014-01-17 13:28:54,mail.google.com
2014-01-17 13:28:55,accounts.google.fr
2014-01-17 13:28:58,accounts.youtube.com
2014-01-17 13:28:58,accounts.google.fr
2014-01-17 13:28:58,accounts.google.com
2014-01-17 13:28:59,mail.google.com
2014-01-17 13:29:03,mail.google.com
2014-01-17 13:29:07,clients2.google.com
2014-01-17 13:29:07,plus.google.com
2014-01-17 13:29:07,www.google.com
2014-01-17 13:29:07,talkgadget.google.com
2014-01-17 13:29:08,talkgadget.google.com
2014-01-17 13:29:08,apis.google.com
2014-01-17 13:29:09,plus.google.com
2014-01-17 13:29:09,www.google.com
2014-01-17 13:29:09,mail.google.com
2014-01-17 13:29:11,clients6.google.com
2014-01-17 13:29:13,clients6.google.com
2014-01-17 13:29:14,clients6.google.com
2014-01-17 13:29:15,clients6.google.com
2014-01-17 13:29:16,clients6.google.com
2014-01-17 13:29:18,clients6.google.com
2014-01-17 13:29:19,mail.google.com
2014-01-17 13:29:19,clients6.google.com
2014-01-17 13:29:24,clients6.google.com
2014-01-17 13:29:25,clients6.google.com
2014-01-17 13:29:26,clients6.google.com
2014-01-17 13:29:28,clients6.google.com
2014-01-17 13:29:31,clients6.google.com
2014-01-17 13:29:32,clients6.google.com
2014-01-17 13:29:34,clients6.google.com
2014-01-17 13:29:37,apis.google.com
2014-01-17 13:29:45,talkgadget.google.com
2014-01-17 13:29:54,talkgadget.google.com
2014-01-17 13:29:55,clients6.google.com
2014-01-17 13:30:00,plus.google.com
2014-01-17 13:30:16,mail.google.com
2014-01-17 13:30:57,mail.google.com
2014-01-17 13:30:59,mail.google.com
2014-01-17 13:31:28,talkgadget.google.com
2014-01-17 13:31:29,clients6.google.com
2014-01-17 13:31:29,mail.google.com
2014-01-17 13:31:29,plus.google.com
2014-01-17 13:31:29,www.google.com
2014-01-17 13:31:29,www.google.fr
2014-01-17 13:32:16,mail.google.com
2014-01-17 13:32:16,accounts.youtube.com
2014-01-17 13:32:16,accounts.google.com
2014-01-17 13:32:16,accounts.google.fr
2014-01-17 13:32:16,talkgadget.google.com
2014-01-27 17:17:12,fpdownload2.macromedia.com
2014-01-27 17:17:20,mail.google.com
2014-01-27 17:17:20,www.gmail.com
2014-01-27 17:17:32,accounts.google.com
2014-01-27 17:17:35,accounts.youtube.com
2014-01-27 17:17:40,mail.google.com
2014-01-27 17:17:50,mail.google.com
2014-01-27 17:17:51,mail.google.com
2014-01-27 17:17:55,www.google.com
2014-01-27 17:17:57,accounts.google.fr
2014-01-27 17:17:58,accounts.youtube.com
2014-01-27 17:17:59,mail.google.com
2014-01-27 17:17:59,www.google.com
2014-01-27 17:17:59,accounts.google.com
2014-01-27 17:17:59,accounts.google.fr
2014-01-27 17:18:00,mail.google.com
2014-01-27 17:18:01,mail.google.com
2014-01-27 17:18:01,talkgadget.google.com
2014-01-27 17:18:01,clients2.google.com
2014-01-27 17:18:02,accounts.google.com
2014-01-27 17:18:02,mail.google.com
2014-01-27 17:18:02,plus.google.com
2014-01-27 17:18:02,apis.google.com
2014-01-27 17:18:02,clients2.google.com
2014-01-27 17:18:02,talkgadget.google.com
2014-01-27 17:18:03,plus.google.com
2014-01-27 17:18:03,talkgadget.google.com
2014-01-27 17:18:05,plus.google.com
2014-01-27 17:18:05,talkgadget.google.com
2014-01-27 17:18:05,clients6.google.com
2014-01-27 17:18:06,mail.google.com
2014-01-27 17:18:06,talkgadget.google.com
2014-01-27 17:18:07,mail.google.com
2014-01-27 17:18:08,apis.google.com
2014-01-27 17:18:08,www.google.com
2014-01-27 17:18:08,accounts.google.com
2014-01-27 17:18:09,clients6.google.com
2014-01-27 17:18:09,www.google.com
2014-01-27 17:18:09,talkgadget.google.com
2014-01-27 17:18:10,mail.google.com
2014-01-27 17:18:11,talkgadget.google.com
2014-01-27 17:18:11,plus.google.com
2014-01-27 17:18:11,clients6.google.com
2014-01-27 17:18:11,mail.google.com
2014-01-27 17:18:12,www.google.fr
2014-01-27 17:18:12,talkgadget.google.com
2014-01-27 17:18:12,mail.google.com
2014-01-27 17:18:13,mail.google.com
2014-01-27 17:18:13,accounts.youtube.com
2014-01-27 17:18:13,accounts.google.com
2014-01-27 17:18:13,accounts.google.fr
2014-01-27 17:18:13,talkgadget.google.com
2014-01-27 17:18:16,ieonline.microsoft.com
2014-01-29 12:11:59,www.gmail.com
2014-01-29 12:11:59,mail.google.com
2014-01-29 12:12:10,accounts.google.com
2014-01-29 12:12:13,accounts.youtube.com
2014-01-29 12:12:18,mail.google.com
2014-01-29 12:12:36,accounts.google.fr
2014-01-29 12:12:39,accounts.google.fr
2014-01-29 12:12:39,accounts.google.com
2014-01-29 12:12:39,mail.google.com
2014-01-29 12:12:39,accounts.youtube.com
2014-01-29 12:12:40,clients2.google.com
2014-01-29 12:12:40,mail.google.com
2014-01-29 12:12:40,apis.google.com
2014-01-29 12:12:40,plus.google.com
2014-01-29 12:12:42,www.google.com
2014-01-29 12:12:42,mail.google.com
2014-01-29 12:12:51,www.google.com
2014-01-29 12:12:51,plus.google.com
2014-01-29 12:12:57,apis.google.com
2014-01-29 12:13:01,mail.google.com
2014-01-29 12:13:03,mail.google.com
2014-01-29 12:13:08,mail.google.com
2014-01-29 12:13:08,accounts.google.com
2014-01-29 12:13:08,talkgadget.google.com
2014-01-29 12:13:09,talkgadget.google.com
2014-01-29 12:13:09,plus.google.com
2014-01-29 12:13:09,www.google.com
2014-01-29 12:13:09,clients6.google.com
2014-01-29 12:13:09,apis.google.com
2014-01-29 12:13:09,mail.google.com
2014-01-29 12:13:10,clients6.google.com
2014-01-29 12:13:11,www.google.fr
2014-01-29 12:13:11,talkgadget.google.com
2014-01-29 12:13:11,mail.google.com
2014-01-29 12:13:15,accounts.google.fr
2014-01-29 12:13:15,accounts.google.com
2014-01-29 12:13:15,mail.google.com
2014-01-29 12:13:15,www.hotmail.com
2014-01-29 12:13:15,accounts.youtube.com
2014-01-29 12:13:25,login.live.com
2014-01-29 12:13:40,mail.google.com
2014-01-29 12:13:43,login.live.com
2014-01-29 12:13:46,login.live.com
2014-01-29 12:13:52,dub126.mail.live.com
2014-01-29 12:13:52,mail.live.com
2014-01-29 12:13:57,dub126.mail.live.com
2014-01-29 12:13:57,cid-faa89e0327693893.users.storage.live.com
2014-01-29 12:13:58,people.directory.live.com
2014-01-29 12:14:02,js.live.net
2014-01-29 12:14:02,windowslive.tt.omtrdc.net
2014-01-29 12:14:04,secure.shared.live.com
2014-01-29 12:14:04,windowslive.tt.omtrdc.net
2014-01-29 12:14:04,people.directory.live.com
2014-01-29 12:14:04,dub126.mail.live.com
2014-01-29 12:14:06,h.live.com
2014-01-29 12:14:07,h.live.com
2014-01-29 12:14:09,h.live.com
2014-01-29 12:14:09,go.trouter.io
2014-01-29 12:14:09,api.skype.com
2014-01-29 12:14:10,go.trouter.io
2014-01-29 12:14:12,login.live.com
2014-01-29 12:14:12,storage.live.com
2014-01-29 12:14:13,dub126.mail.live.com
2014-01-29 12:14:13,h.live.com
2014-01-29 12:14:13,api.skype.com
2014-01-29 12:14:14,dub126.mail.live.com
2014-01-29 12:14:15,prod.registrar.skype.com
2014-01-29 12:14:22,secure.shared.live.com
2014-01-29 12:14:58,dub126.mail.live.com
2014-01-29 12:15:01,ieonline.microsoft.com
2014-01-29 12:15:49,p.sfx.ms
2014-01-29 12:15:51,p.sfx.ms
2014-01-29 12:15:52,cid-faa89e0327693893.users.storage.live.com
2014-01-29 12:15:58,go.trouter.io
2014-01-29 12:15:58,talkgadget.google.com
2014-01-29 12:15:58,login.skype.com
2014-01-29 12:15:58,dub126.mail.live.com
2014-01-29 12:15:58,login.live.com
2014-01-29 12:15:58,h.live.com
2014-01-30 15:51:09,www.gmail.com
2014-01-30 15:51:09,mail.google.com
2014-01-30 15:51:20,accounts.google.com
2014-01-30 15:51:23,accounts.youtube.com
2014-01-30 15:51:40,mail.google.com
2014-01-30 15:51:47,accounts.google.fr
2014-01-30 15:51:49,accounts.google.com
2014-01-30 15:51:49,accounts.google.fr
2014-01-30 15:51:49,mail.google.com
2014-01-30 15:51:49,accounts.youtube.com
2014-01-30 15:51:50,clients2.google.com
2014-01-30 15:51:50,mail.google.com
2014-01-30 15:51:50,apis.google.com
2014-01-30 15:51:50,plus.google.com
2014-01-30 15:51:51,accounts.google.com
2014-01-30 15:51:51,plus.google.com
2014-01-30 15:51:51,apis.google.com
2014-01-30 15:51:51,mail.google.com
2014-01-30 15:51:52,mail.google.com
2014-01-30 15:51:52,www.google.com
2014-01-30 15:51:52,talkgadget.google.com
2014-01-30 15:51:53,www.google.com
2014-01-30 15:51:53,talkgadget.google.com
2014-01-30 15:51:53,mail.google.com
2014-01-30 15:51:53,apis.google.com
2014-01-30 15:51:54,apis.google.com
2014-01-30 15:51:55,mail.google.com
2014-01-30 15:51:55,plus.google.com
2014-01-30 15:51:55,talkgadget.google.com
2014-01-30 15:51:56,talkgadget.google.com
2014-01-30 15:51:56,plus.google.com
2014-01-30 15:51:56,accounts.google.com
2014-01-30 15:51:56,apis.google.com
2014-01-30 15:51:56,clients6.google.com
2014-01-30 15:51:56,mail.google.com
2014-01-30 15:51:58,talkgadget.google.com
2014-01-30 15:52:06,plus.google.com
2014-01-30 15:52:07,mail.google.com
2014-01-30 15:52:07,clients6.google.com
2014-01-30 15:52:08,talkgadget.google.com
2014-01-30 15:52:08,plus.google.com
2014-01-30 15:52:08,www.google.com
2014-01-30 15:52:08,mail.google.com
2014-01-30 15:52:08,clients6.google.com
2014-01-30 15:52:09,plus.google.com
2014-01-30 15:52:09,talkgadget.google.com
2014-01-30 15:52:10,talkgadget.google.com
2014-01-30 15:52:11,talkgadget.google.com
2014-01-30 15:52:11,accounts.google.com
2014-01-30 15:52:13,ieonline.microsoft.com
2014-02-18 10:09:21,ieonline.microsoft.com
2014-02-18 10:14:34,mail.google.com
2014-02-18 10:14:34,www.gmail.com
2014-02-18 10:14:48,accounts.google.com
2014-02-18 10:14:50,accounts.youtube.com
2014-02-18 10:14:53,mail.google.com
2014-02-18 10:15:12,accounts.google.fr
2014-02-18 10:15:16,accounts.youtube.com
2014-02-18 10:15:16,accounts.google.com
2014-02-18 10:15:16,mail.google.com
2014-02-18 10:15:16,clients2.google.com
2014-02-18 10:15:16,apis.google.com
2014-02-18 10:15:16,accounts.google.fr
2014-02-18 10:15:17,apis.google.com
2014-02-18 10:15:17,mail.google.com
2014-02-18 10:15:17,clients2.google.com
2014-02-18 10:15:17,plus.google.com
2014-02-18 10:15:18,mail.google.com
2014-02-18 10:15:18,plus.google.com
2014-02-18 10:15:18,accounts.google.com
2014-02-18 10:15:18,talkgadget.google.com
2014-02-18 10:15:18,www.google.com
2014-02-18 10:15:19,clients6.google.com
2014-02-18 10:15:19,www.google.com
2014-02-18 10:15:19,talkgadget.google.com
2014-02-18 10:15:20,apis.google.com
2014-02-18 10:15:20,accounts.google.com
2014-02-18 10:15:20,talkgadget.google.com
2014-02-18 10:15:23,clients6.google.com
2014-02-18 10:15:24,mail.google.com
2014-02-18 10:15:24,clients6.google.com
2014-02-18 10:15:24,www.google.com
2014-02-18 10:15:24,plus.google.com
2014-02-18 10:15:24,talkgadget.google.com
2014-02-18 10:15:28,accounts.youtube.com
2014-02-18 10:15:28,accounts.google.com
2014-02-18 10:15:28,talkgadget.google.com
2014-03-02 17:25:36,mail.google.com
2014-03-02 17:25:36,www.gmail.com
2014-03-02 17:25:48,accounts.google.com
2014-03-02 17:25:51,accounts.youtube.com
2014-03-02 17:25:55,mail.google.com
2014-03-02 17:26:13,accounts.google.fr
2014-03-02 17:26:16,accounts.youtube.com
2014-03-02 17:26:16,accounts.google.com
2014-03-02 17:26:16,mail.google.com
2014-03-02 17:26:16,clients2.google.com
2014-03-02 17:26:16,accounts.google.fr
2014-03-02 17:26:16,plus.google.com
2014-03-02 17:26:16,apis.google.com
2014-03-02 17:26:17,plus.google.com
2014-03-02 17:26:17,talkgadget.google.com
2014-03-02 17:26:17,mail.google.com
2014-03-02 17:26:17,accounts.google.com
2014-03-02 17:26:17,apis.google.com
2014-03-02 17:26:18,www.google.com
2014-03-02 17:26:18,talkgadget.google.com
2014-03-02 17:26:19,apis.google.com
2014-03-02 17:26:19,mail.google.com
2014-03-02 17:26:19,www.google.com
2014-03-02 17:26:19,plus.google.com
2014-03-02 17:26:19,talkgadget.google.com
2014-03-02 17:26:19,accounts.google.com
2014-03-02 17:26:19,clients6.google.com
2014-03-02 17:26:20,clients6.google.com
2014-03-02 17:26:21,clients6.google.com
2014-03-02 17:26:21,www.google.com
2014-03-02 17:26:21,talkgadget.google.com
2014-03-02 17:26:21,mail.google.com
2014-03-02 17:26:21,plus.google.com
2014-03-02 17:26:22,talkgadget.google.com
2014-03-02 17:26:22,clients6.google.com
2014-03-02 17:26:23,talkgadget.google.com
2014-03-02 17:26:23,accounts.google.com
2014-03-02 17:26:23,accounts.google.fr
2014-03-02 17:26:23,mail.google.com
2014-03-02 17:26:23,accounts.youtube.com
2014-03-02 17:26:23,www.google.fr
2014-03-17 10:16:40,www.gmail.com
2014-03-17 10:16:40,mail.google.com
2014-03-17 10:16:54,accounts.google.com
2014-03-17 10:16:57,accounts.youtube.com
2014-03-17 10:17:02,mail.google.com
2014-03-17 10:17:18,accounts.google.fr
2014-03-17 10:17:20,clients2.google.com
2014-03-17 10:17:20,accounts.google.com
2014-03-17 10:17:20,accounts.youtube.com
2014-03-17 10:17:20,mail.google.com
2014-03-17 10:17:20,accounts.google.fr
2014-03-17 10:17:21,clients2.google.com
2014-03-17 10:17:21,apis.google.com
2014-03-17 10:17:21,drive.google.com
2014-03-17 10:17:21,mail.google.com
2014-03-17 10:17:21,plus.google.com
2014-03-17 10:17:21,accounts.google.com
2014-03-17 10:17:23,plus.google.com
2014-03-17 10:17:23,www.google.com
2014-03-17 10:17:23,apis.google.com
2014-03-17 10:17:23,talkgadget.google.com
2014-03-17 10:17:23,mail.google.com
2014-03-17 10:17:25,talkgadget.google.com
2014-03-17 10:17:25,www.google.com
2014-03-17 10:17:26,talkgadget.google.com
2014-03-17 10:17:26,mail.google.com
2014-03-17 10:17:26,plus.google.com
2014-03-17 10:17:26,apis.google.com
2014-03-17 10:17:27,accounts.google.com
2014-03-17 10:17:27,plus.google.com
2014-03-17 10:17:27,talkgadget.google.com
2014-03-17 10:17:27,mail.google.com
2014-03-17 10:17:28,mail.google.com
2014-03-17 10:17:28,plus.google.com
2014-03-17 10:17:28,drive.google.com
2014-03-17 10:17:30,mail.google.com
2014-03-17 10:17:35,apis.google.com
2014-03-17 10:17:35,talkgadget.google.com
2014-03-17 10:17:35,clients6.google.com
2014-03-17 10:17:35,plus.google.com
2014-03-17 10:17:35,mail.google.com
2014-03-17 10:17:36,clients6.google.com
2014-03-17 10:17:50,clients6.google.com
2014-03-17 10:17:58,clients6.google.com
2014-03-17 10:18:01,clients6.google.com
2014-03-17 10:18:02,clients6.google.com
2014-03-17 10:18:23,talkgadget.google.com
2014-03-17 10:18:50,drive.google.com
2014-03-17 10:18:57,clients6.google.com
2014-03-17 10:19:27,plus.google.com
2014-03-17 10:19:44,ieonline.microsoft.com
2014-03-17 10:19:59,apis.google.com
2014-03-17 10:19:59,mail.google.com
2014-03-17 10:19:59,drive.google.com
2014-03-17 10:20:00,plus.google.com
2014-03-17 10:20:00,talkgadget.google.com
2014-03-17 10:20:02,talkgadget.google.com
2014-03-17 10:20:02,clients6.google.com
2014-03-17 10:20:02,mail.google.com
2014-03-17 10:20:10,mail.google.com
2014-03-17 10:20:10,talkgadget.google.com
2014-03-17 10:20:11,mail.google.com
2014-03-17 10:20:22,plus.google.com
2014-03-17 10:20:22,www.google.com
2014-03-17 10:20:22,mail.google.com
2014-03-17 10:20:22,talkgadget.google.com
2014-03-17 10:20:22,accounts.google.com
2014-03-17 10:20:22,accounts.youtube.com
2014-03-24 10:10:17,www.gmail.com
2014-03-24 10:10:17,mail.google.com
2014-03-24 10:10:33,accounts.google.com
2014-03-24 10:10:36,accounts.youtube.com
2014-03-24 10:10:52,accounts.google.fr
2014-03-24 10:10:52,mail.google.com
2014-03-24 10:10:53,mail.google.com
2014-03-24 10:10:56,accounts.google.com
2014-03-24 10:10:56,accounts.youtube.com
2014-03-24 10:10:56,accounts.google.fr
2014-03-24 10:10:56,mail.google.com
2014-03-24 10:10:56,clients2.google.com
2014-03-24 10:10:56,apis.google.com
2014-03-24 10:10:57,plus.google.com
2014-03-24 10:10:57,mail.google.com
2014-03-24 10:10:57,accounts.google.com
2014-03-24 10:10:57,apis.google.com
2014-03-24 10:10:57,talkgadget.google.com
2014-03-24 10:10:58,mail.google.com
2014-03-24 10:10:58,apis.google.com
2014-03-24 10:10:58,plus.google.com
2014-03-24 10:10:58,www.google.com
2014-03-24 10:10:58,talkgadget.google.com
2014-03-24 10:10:59,talkgadget.google.com
2014-03-24 10:10:59,www.google.com
2014-03-24 10:10:59,apis.google.com
2014-03-24 10:10:59,clients6.google.com
2014-03-24 10:10:59,accounts.google.com
2014-03-24 10:10:59,plus.google.com
2014-03-24 10:11:00,clients6.google.com
2014-03-24 10:11:01,clients6.google.com
2014-03-24 10:11:01,talkgadget.google.com
2014-03-24 10:11:01,mail.google.com
2014-03-24 10:11:03,mail.google.com
2014-03-24 10:11:09,clients6.google.com
2014-03-24 10:11:10,plus.google.com
2014-03-24 10:12:56,mail.google.com
2014-03-24 10:12:58,clients6.google.com
2014-03-24 10:13:24,ieonline.microsoft.com
2014-03-24 10:14:53,talkgadget.google.com
2014-03-24 10:14:53,plus.google.com
2014-03-24 10:14:55,talkgadget.google.com
2014-03-24 10:14:55,mail.google.com
2014-03-24 10:14:58,www.google.fr
2014-03-24 10:14:58,www.google.com
2014-03-24 10:14:58,plus.google.com
2014-03-24 10:14:58,apis.google.com
2014-03-24 10:14:58,clients6.google.com
2014-03-24 10:14:59,www.google.fr
2014-03-24 10:14:59,mail.google.com
2014-03-24 10:15:03,accounts.google.com
2014-03-24 10:15:03,accounts.youtube.com
2014-03-24 10:15:03,talkgadget.google.com
2014-03-24 10:15:03,mail.google.com
2014-03-24 10:15:03,accounts.google.fr
2014-03-24 10:21:47,mail.google.com
2014-03-24 10:21:58,mail.google.com
2014-03-24 10:22:03,accounts.google.com
2014-03-24 10:22:04,accounts.google.com
2014-03-24 10:22:07,accounts.youtube.com
2014-03-24 10:22:17,accounts.google.fr
2014-03-24 10:22:19,mail.google.com
2014-03-24 10:22:22,accounts.youtube.com
2014-03-24 10:22:22,accounts.google.fr
2014-03-24 10:22:22,accounts.google.com
2014-03-24 10:22:23,clients2.google.com
2014-03-24 10:22:23,www.google.com
2014-03-24 10:22:23,plus.google.com
2014-03-24 10:22:24,plus.google.com
2014-03-24 10:22:24,apis.google.com
2014-03-24 10:22:24,talkgadget.google.com
2014-03-24 10:22:25,talkgadget.google.com
2014-03-24 10:22:25,clients2.google.com
2014-03-24 10:22:26,apis.google.com
2014-03-24 10:22:26,mail.google.com
2014-03-24 10:22:26,www.google.com
2014-03-24 10:22:28,clients6.google.com
2014-03-24 10:22:32,clients6.google.com
2014-03-24 10:22:33,clients6.google.com
2014-03-24 10:22:34,clients6.google.com
2014-03-24 10:22:35,clients6.google.com
2014-03-24 10:22:36,clients6.google.com
2014-03-24 10:22:37,clients6.google.com
2014-03-24 10:22:38,clients6.google.com
2014-03-24 10:23:15,plus.google.com
2014-03-24 10:23:15,mail.google.com
2014-03-24 10:23:35,clients6.google.com
2014-03-24 10:23:57,mail.google.com
2014-03-24 10:24:02,clients2.google.com
2014-03-24 10:24:02,plus.google.com
2014-03-24 10:24:02,talkgadget.google.com
2014-03-24 10:24:02,www.google.com
2014-03-24 10:24:03,talkgadget.google.com
2014-03-24 10:24:03,mail.google.com
2014-03-24 10:24:05,mail.google.com
2014-03-24 10:24:05,www.google.fr
2014-03-24 10:24:05,www.google.com
2014-03-24 10:24:07,www.google.com
2014-03-24 10:24:07,clients2.google.com
2014-03-24 10:24:08,talkgadget.google.com
2014-03-24 10:24:08,plus.google.com
2014-03-24 10:24:08,mail.google.com
2014-03-24 10:24:13,talkgadget.google.com
2014-03-24 10:24:15,clients6.google.com
2014-03-24 10:24:17,clients6.google.com
2014-03-24 10:24:21,www.google.fr
2014-03-24 10:24:24,www.google.com
2014-03-24 10:24:25,clients6.google.com
2014-03-24 10:24:35,clients6.google.com
2014-03-24 10:24:40,plus.google.com
2014-03-24 10:25:35,clients6.google.com
2014-03-24 10:25:43,talkgadget.google.com
2014-03-24 10:25:54,apis.google.com
2014-03-24 10:25:55,plus.google.com
2014-03-24 10:26:08,clients6.google.com
2014-03-24 10:26:08,apis.google.com
2014-03-24 10:26:08,plus.google.com
2014-03-24 10:26:25,www.google.fr
2014-03-24 10:26:35,apis.google.com
2014-03-24 10:26:35,clients6.google.com
2014-03-24 10:27:21,plus.google.com
2014-03-24 10:27:38,clients6.google.com
2014-03-24 10:27:51,mail.google.com
2014-03-24 10:28:04,clients6.google.com
2014-03-24 10:28:18,talkgadget.google.com
2014-03-24 10:28:24,www.google.com
2014-03-24 10:28:26,plus.google.com
2014-03-24 10:28:26,www.google.fr
2014-03-24 10:28:34,mail.google.com
2014-03-24 10:28:38,clients6.google.com
2014-03-24 10:28:41,talkgadget.google.com
2014-03-24 10:28:48,plus.google.com
2014-03-24 10:29:38,clients6.google.com
2014-03-24 10:29:42,talkgadget.google.com
2014-03-24 10:30:04,www.google.fr
2014-03-24 10:30:04,www.google.com
2014-03-24 10:30:09,mail.google.com
2014-03-24 10:30:17,mail.google.com
2014-03-24 10:30:38,clients6.google.com
2014-03-24 10:31:08,www.google.fr
2014-03-24 10:31:38,clients6.google.com
2014-03-24 10:31:43,talkgadget.google.com
2014-03-24 10:32:04,apis.google.com
2014-03-24 10:32:15,mail.google.com
2014-03-24 10:32:31,www.google.fr
2014-03-24 10:32:36,talkgadget.google.com
2014-03-24 10:32:36,clients6.google.com
2014-03-24 10:32:45,clients6.google.com
2014-03-24 10:32:48,plus.google.com
2014-03-24 10:32:50,talkgadget.google.com
2014-03-24 10:32:58,talkgadget.google.com
2014-03-24 10:33:51,mail.google.com
2014-03-24 10:34:11,plus.google.com
2014-03-24 10:34:47,mail.google.com
2014-03-24 10:35:20,www.google.fr
2014-03-24 10:35:38,www.google.fr
2014-03-24 10:35:39,platform.twitter.com
2014-03-24 10:35:39,programme-tv.nouvelobs.com
2014-03-24 10:35:39,tempsreel.nouvelobs.com
2014-03-24 10:35:39,apis.google.com
2014-03-24 10:35:39,www.google.fr
2014-03-24 10:35:39,la-conjugaison.nouvelobs.com
2014-03-24 10:35:39,referentiel.nouvelobs.com
2014-03-24 10:35:40,referentiel.nouvelobs.com
2014-03-24 10:35:40,la-conjugaison.nouvelobs.com
2014-03-24 10:35:40,programme-tv.nouvelobs.com
2014-03-24 10:35:40,tempsreel.nouvelobs.com
2014-03-24 10:35:40,x2.vindicosuite.com
2014-03-24 10:35:40,www.mediapeo2.com
2014-03-24 10:35:40,www.facebook.com
2014-03-24 10:35:41,api.adyoulike.com
2014-03-24 10:35:41,dcs.adgear.com
2014-03-24 10:35:41,platform.twitter.com
2014-03-24 10:35:41,cshoppingbox.partner.leguide.com
2014-03-24 10:35:42,fpdownload2.macromedia.com
2014-03-24 10:35:42,tempsreel.nouvelobs.com
2014-03-24 10:35:42,code.jquery.com
2014-03-24 10:35:42,cdnjs.cloudflare.com
2014-03-24 10:35:42,www.google.com
2014-03-24 10:35:42,ajax.googleapis.com
2014-03-24 10:35:42,cshoppingbox.partner.leguide.com
2014-03-24 10:35:42,cimg.leguide.com
2014-03-24 10:35:53,twitter.com
2014-03-24 10:35:54,mail.google.com
2014-03-24 10:35:55,apis.google.com
2014-03-24 10:35:56,accounts.google.com
2014-03-24 10:36:09,tc.airfrance.com
2014-03-24 10:36:10,apis.google.com
2014-03-24 10:36:10,twitter.com
2014-03-24 10:36:10,la-conjugaison.nouvelobs.com
2014-03-24 10:36:18,mail.google.com
2014-03-24 10:36:37,plus.google.com
2014-03-24 10:36:58,talkgadget.google.com
2014-03-24 10:37:14,tc.airfrance.com
2014-03-24 10:37:46,accounts.google.com
2014-03-24 10:37:46,www.google.fr
2014-03-24 10:37:46,www.google.com
2014-03-24 10:37:57,clients6.google.com
2014-03-24 10:38:06,talkgadget.google.com
2014-03-24 10:38:15,mail.google.com
2014-03-24 10:38:24,clients6.google.com
2014-03-24 10:38:35,clients6.google.com
2014-03-24 10:38:38,plus.google.com
2014-03-24 10:38:47,clients6.google.com
2014-03-24 10:39:46,mail.google.com
2014-03-24 10:39:54,mail.google.com
2014-03-24 10:40:02,www.google.fr
2014-03-24 10:40:02,plus.google.com
2014-03-24 10:40:10,drive.google.com
2014-03-24 10:40:31,apis.google.com
2014-03-24 10:40:37,plus.google.com
2014-03-24 10:40:47,mail.google.com
2014-03-24 10:41:42,mail.google.com
2014-03-24 10:41:42,drive.google.com
2014-03-24 10:41:45,talkgadget.google.com
2014-03-24 10:42:04,mail.google.com
2014-03-24 10:42:33,apis.google.com
2014-03-24 10:42:34,apis.google.com
2014-03-24 10:43:02,talkgadget.google.com
2014-03-24 10:43:12,mail.google.com
2014-03-24 10:44:37,apis.google.com
2014-03-24 10:44:38,clients6.google.com
2014-03-24 10:44:47,plus.google.com
2014-03-24 10:45:20,mail.google.com
2014-03-24 10:45:21,mail.google.com
2014-03-24 10:45:22,clients6.google.com
2014-03-24 10:45:23,talkgadget.google.com
2014-03-24 10:45:27,talkgadget.google.com
2014-03-24 10:45:30,mail.google.com
2014-03-24 10:45:30,www.google.com
2014-03-24 10:45:31,www.google.fr
2014-03-24 10:45:31,www.google.com
2014-03-24 10:45:31,mail.google.com
2014-03-24 10:45:32,talkgadget.google.com
2014-03-24 10:45:33,talkgadget.google.com
2014-03-24 10:45:34,talkgadget.google.com
2014-03-24 10:45:38,drive.google.com
2014-03-24 10:45:38,clients6.google.com
2014-03-24 10:45:38,accounts.google.com
2014-03-24 10:45:38,accounts.youtube.com
2014-03-24 10:45:38,mail.google.com
2014-03-24 10:45:38,accounts.google.fr
2014-03-24 10:45:38,talkgadget.google.com
