timestamp,site
2014-01-16 09:36:37,go.microsoft.com
2014-01-16 09:36:37,www.iegallery.com
2014-01-16 09:36:38,www.iegallery.com
2014-01-16 09:36:39,www.iegallery.com
2014-01-16 09:36:41,www.bing.com
2014-01-16 09:37:48,ieonline.microsoft.com
2014-01-16 09:43:43,api.bing.com
2014-01-16 09:43:44,api.bing.com
2014-01-16 09:43:46,api.bing.com
2014-01-16 09:43:48,www.bing.com
2014-01-16 09:43:49,www.bing.com
2014-01-16 09:43:50,cms.abmr.net
2014-01-16 09:43:50,www.bing.com
2014-01-16 09:43:51,www.bing.com
2014-01-16 09:43:52,www.bing.com
2014-01-16 09:44:00,www.bing.com
2014-01-16 09:44:01,login.live.com
2014-01-16 09:44:09,www.bing.com
2014-01-16 09:44:14,login.live.com
2014-01-16 09:44:34,api.bing.com
2014-01-16 09:44:48,www.google.fr
2014-01-16 09:45:00,www.google.fr
2014-01-16 09:45:01,www.google.fr
2014-01-16 09:45:03,www.google.com
2014-01-16 09:45:08,www.google.com
2014-01-16 09:45:08,www.google.fr
2014-03-20 10:57:53,www.google.fr
2014-03-20 10:58:25,fpdownload2.macromedia.com
2014-03-20 10:59:09,ajax.googleapis.com
2014-03-20 11:00:40,www.google.fr
2014-03-20 11:00:50,ieonline.microsoft.com
2014-03-20 11:00:53,www.google.fr
2014-03-20 11:00:56,apis.google.com
2014-03-20 11:00:56,www.google.com
2014-03-20 11:01:22,mail.google.com
2014-03-20 11:01:22,apis.google.com
2014-03-20 11:01:22,www.google.com
2014-03-20 11:01:22,www.google.fr
2014-03-20 11:01:35,accounts.google.com
2014-03-20 11:01:37,www.google.fr
2014-03-20 11:01:38,www.google.fr
2014-03-20 11:01:40,www.google.fr
2014-03-20 11:01:40,accounts.youtube.com
2014-03-20 11:01:42,mail.google.com
2014-03-20 11:02:49,mail.google.com
2014-03-20 11:02:52,accounts.google.com
2014-03-20 11:02:52,accounts.youtube.com
2014-03-20 11:02:52,www.google.fr
2014-03-20 11:03:07,accounts.google.fr
2014-03-20 11:03:11,accounts.google.fr
2014-03-20 11:03:11,accounts.youtube.com
2014-03-20 11:03:11,accounts.google.com
2014-03-20 11:03:11,mail.google.com
2014-03-20 11:03:12,mail.google.com
2014-03-20 11:03:13,mail.google.com
2014-03-20 11:03:13,www.google.com
2014-03-20 11:03:13,apis.google.com
2014-03-20 11:03:14,mail.google.com
2014-03-20 11:03:14,www.google.com
2014-03-20 11:03:15,www.google.com
2014-03-20 11:03:15,apis.google.com
2014-03-20 11:03:16,mail.google.com
2014-03-20 11:03:16,clients2.google.com
2014-03-20 11:03:16,plus.google.com
2014-03-20 11:03:16,accounts.google.com
2014-03-20 11:03:17,plus.google.com
2014-03-20 11:03:17,talkgadget.google.com
2014-03-20 11:03:19,mail.google.com
2014-03-20 11:03:19,www.google.com
2014-03-20 11:03:19,clients2.google.com
2014-03-20 11:03:19,plus.google.com
2014-03-20 11:03:19,talkgadget.google.com
2014-03-20 11:03:19,apis.google.com
2014-03-20 11:03:19,clients6.google.com
2014-03-20 11:03:20,talkgadget.google.com
2014-03-20 11:03:25,accounts.google.com
2014-03-20 11:03:25,apis.google.com
2014-03-20 11:03:28,clients6.google.com
2014-03-20 11:03:28,plus.google.com
2014-03-20 11:03:34,talkgadget.google.com
2014-03-20 11:03:46,plus.google.com
2014-03-20 11:03:47,plus.google.com
2014-03-20 11:03:50,plus.google.com
2014-03-20 11:03:50,apis.google.com
2014-03-20 11:03:51,plus.google.com
2014-03-20 11:03:51,talkgadget.google.com
2014-03-20 11:03:51,apis.google.com
2014-03-20 11:03:52,plus.google.com
2014-03-20 11:04:00,plus.google.com
2014-03-20 11:04:02,plus.google.com
2014-03-20 11:04:03,talkgadget.google.com
2014-03-20 11:04:03,plus.google.com
2014-03-20 11:04:06,talkgadget.google.com
2014-03-20 11:04:06,plus.google.com
2014-03-20 11:04:06,clients6.google.com
2014-03-20 11:04:08,clients6.google.com
2014-03-20 11:04:09,clients6.google.com
2014-03-20 11:04:09,talkgadget.google.com
2014-03-20 11:04:10,clients6.google.com
2014-03-20 11:04:11,clients6.google.com
2014-03-20 11:04:13,clients6.google.com
2014-03-20 11:04:22,clients6.google.com
2014-03-20 11:04:24,apis.google.com
2014-03-20 11:04:25,apis.google.com
2014-03-20 11:04:36,talkgadget.google.com
2014-03-20 11:04:36,apis.google.com
2014-03-20 11:04:38,talkgadget.google.com
2014-03-20 11:04:38,plus.google.com
2014-03-20 11:04:39,plus.google.com
2014-03-20 11:04:40,plus.google.com
2014-03-20 11:04:41,www.google.com
2014-03-20 11:04:41,plus.google.com
2014-03-20 11:04:42,plus.google.com
2014-03-20 11:04:43,plus.google.com
2014-03-20 11:04:51,maps-api-ssl.google.com
2014-03-20 11:04:57,plus.google.com
2014-03-20 11:05:11,clients6.google.com
2014-03-20 11:05:13,plus.google.com
2014-03-20 11:05:18,apis.google.com
2014-03-20 11:05:22,talkgadget.google.com
2014-03-20 11:05:30,mail.google.com
2014-03-20 11:06:00,plus.google.com
2014-03-20 11:06:05,clients6.google.com
2014-03-20 11:06:10,clients6.google.com
2014-03-20 11:06:11,clients6.google.com
2014-03-20 11:07:11,clients6.google.com
2014-03-20 11:07:31,mail.google.com
2014-03-20 11:07:44,plus.google.com
2014-03-20 11:08:11,clients6.google.com
2014-03-20 11:08:24,talkgadget.google.com
2014-03-20 11:08:25,plus.google.com
2014-03-20 11:08:27,www.google.com
2014-03-20 11:08:50,plus.google.com
2014-03-20 11:08:52,maps-api-ssl.google.com
2014-03-20 11:09:17,clients6.google.com
2014-03-20 11:09:17,plus.google.com
2014-03-20 11:09:20,clients6.google.com
2014-03-20 11:09:24,talkgadget.google.com
2014-03-20 11:09:26,talkgadget.google.com
2014-03-20 11:09:32,mail.google.com
2014-03-20 11:09:51,plus.google.com
2014-03-20 11:10:17,clients6.google.com
2014-03-20 11:11:14,plus.google.com
2014-03-20 11:11:15,plus.google.com
2014-03-20 11:11:17,clients6.google.com
2014-03-20 11:11:19,plus.google.com
2014-03-20 11:11:27,talkgadget.google.com
2014-03-20 11:11:29,clients6.google.com
2014-03-20 11:11:29,plus.google.com
2014-03-20 11:11:56,plus.google.com
2014-03-20 11:12:01,plus.google.com
2014-03-20 11:12:17,clients6.google.com
2014-03-20 11:12:32,mail.google.com
2014-03-20 11:13:12,plus.google.com
2014-03-20 11:13:17,clients6.google.com
2014-03-20 11:13:20,clients6.google.com
2014-03-20 11:13:21,talkgadget.google.com
2014-03-20 11:13:44,drive.google.com
2014-03-20 11:13:46,drive.google.com
2014-03-20 11:13:46,apis.google.com
2014-03-20 11:13:49,0.drive.google.com
2014-03-20 11:13:51,docs.google.com
2014-03-20 11:13:51,drive.google.com
2014-03-20 11:13:51,apis.google.com
2014-03-20 11:13:52,docs.google.com
2014-03-20 11:13:52,plus.google.com
2014-03-20 11:13:53,docs.google.com
2014-03-20 11:14:05,docs.google.com
2014-03-20 11:14:08,apis.google.com
2014-03-20 11:14:09,www.google.com
2014-03-20 11:14:09,docs.google.com
2014-03-20 11:14:10,0.docs.google.com
2014-03-20 11:14:11,docs.google.com
2014-03-20 11:14:11,0.docs.google.com
2014-03-20 11:14:11,accounts.google.com
2014-03-20 11:14:19,clients6.google.com
2014-03-20 11:14:22,clients6.google.com
2014-03-20 11:14:36,mail.google.com
2014-03-20 11:14:46,gg.google.com
2014-03-20 11:15:46,drive.google.com
2014-03-20 11:16:22,maps-api-ssl.google.com
2014-03-20 11:17:20,clients6.google.com
2014-03-20 11:17:21,talkgadget.google.com
2014-03-20 11:17:32,mail.google.com
2014-03-20 11:17:35,www.google.com
2014-03-20 11:17:52,plus.google.com
2014-03-20 11:17:53,docs.google.com
2014-03-20 11:18:08,docs.google.com
2014-03-20 11:18:08,apis.google.com
2014-03-20 11:18:09,docs.google.com
2014-03-20 11:18:10,www.google.com
2014-03-20 11:18:11,accounts.google.com
2014-03-20 11:18:11,docs.google.com
2014-03-20 11:18:17,drive.google.com
2014-03-20 11:18:23,talkgadget.google.com
2014-03-20 11:18:32,gg.google.com
2014-03-20 11:18:36,1.docs.google.com
2014-03-20 11:18:37,1.docs.google.com
2014-03-20 11:18:37,drive.google.com
2014-03-20 11:18:38,docs.google.com
2014-03-20 11:18:38,drive.google.com
2014-03-20 11:18:38,apis.google.com
2014-03-20 11:18:42,1.talkgadget.google.com
2014-03-20 11:19:32,mail.google.com
2014-03-20 11:19:43,apis.google.com
2014-03-20 11:19:43,1.talkgadget.google.com
2014-03-20 11:19:46,1.talkgadget.google.com
2014-03-20 11:19:48,www.google.com
2014-03-20 11:19:59,apis.google.com
2014-03-20 11:20:54,drive.google.com
2014-03-20 11:21:33,mail.google.com
2014-03-20 11:22:42,1.talkgadget.google.com
2014-03-20 11:22:43,plus.google.com
2014-03-20 11:22:53,www.google.com
2014-03-20 11:22:53,drive.google.com
2014-03-20 11:22:56,lh5.google.com
2014-03-20 11:23:03,apis.google.com
2014-03-20 11:23:20,talkgadget.google.com
2014-03-20 11:23:48,www.google.com
2014-03-20 11:24:20,talkgadget.google.com
2014-03-20 11:24:33,mail.google.com
2014-03-20 11:26:33,mail.google.com
2014-03-20 11:26:53,apis.google.com
2014-03-20 11:26:54,drive.google.com
2014-03-20 11:26:56,lh5.google.com
2014-03-20 11:27:01,apis.google.com
2014-03-20 11:27:20,clients6.google.com
2014-03-20 11:27:20,talkgadget.google.com
2014-03-20 11:27:46,drive.google.com
2014-03-20 11:27:52,plus.google.com
2014-03-20 11:28:02,plus.google.com
2014-03-20 11:28:03,plus.google.com
2014-03-20 11:28:20,talkgadget.google.com
2014-03-20 11:28:34,mail.google.com
2014-03-20 11:29:46,drive.google.com
2014-03-20 11:30:32,gg.google.com
2014-03-20 11:31:34,mail.google.com
2014-03-20 11:33:20,docs.google.com
2014-03-20 11:33:21,gg.google.com
2014-03-20 11:33:47,drive.google.com
2014-03-20 11:34:16,clients6.google.com
2014-03-20 11:34:35,mail.google.com
2014-03-20 11:35:24,0.talkgadget.google.com
2014-03-20 11:35:27,plus.google.com
2014-03-20 11:35:44,plus.google.com
2014-03-20 11:36:12,docs.google.com
2014-03-20 11:36:21,gg.google.com
2014-03-20 11:36:25,0.talkgadget.google.com
2014-03-20 11:36:25,apis.google.com
2014-03-20 11:37:21,clients6.google.com
2014-03-20 11:38:10,clients6.google.com
2014-03-20 11:38:11,talkgadget.google.com
2014-03-20 11:38:12,talkgadget.google.com
2014-03-20 11:38:36,mail.google.com
2014-03-20 11:39:24,0.talkgadget.google.com
2014-03-20 11:39:27,plus.google.com
2014-03-20 11:39:27,talkgadget.google.com
2014-03-20 11:39:47,drive.google.com
2014-03-20 11:40:12,docs.google.com
2014-03-20 11:40:16,docs.google.com
2014-03-20 11:40:21,gg.google.com
2014-03-20 11:40:22,www.google.fr
2014-03-20 11:40:25,www.google.com
2014-03-20 11:40:35,www.google.fr
2014-03-20 11:40:43,plus.google.com
2014-03-20 11:41:14,www.google.fr
2014-03-20 11:41:15,www.google.fr
2014-03-20 11:41:15,cdn2.reverso.net
2014-03-20 11:41:15,ajax.googleapis.com
2014-03-20 11:41:15,api.conduit.com
2014-03-20 11:41:15,connect.facebook.net
2014-03-20 11:41:15,www.reverso.net
2014-03-20 11:41:15,plus.google.com
2014-03-20 11:41:16,s-static.ak.facebook.com
2014-03-20 11:41:16,static.ak.facebook.com
2014-03-20 11:41:16,cdn2.reverso.net
2014-03-20 11:41:18,i1-js-14-3-01-12160-720137156-i.init.cedexis-radar.net
2014-03-20 11:41:19,ak.c.ooyala.com
2014-03-20 11:41:21,www.reverso.net
2014-03-20 11:41:22,www.reverso.net
2014-03-20 11:41:22,cedexis.cachefly.net
2014-03-20 11:41:23,cdn2.reverso.net
2014-03-20 11:41:23,cedexis.cachefly.net
2014-03-20 11:41:34,ajax.googleapis.com
2014-03-20 11:41:34,cdn2.reverso.net
2014-03-20 11:41:34,www.reverso.net
2014-03-20 11:41:35,cdn2.reverso.net
2014-03-20 11:41:35,s-static.ak.facebook.com
2014-03-20 11:41:35,static.ak.facebook.com
2014-03-20 11:41:35,www.facebook.com
2014-03-20 11:41:36,mail.google.com
2014-03-20 11:41:37,aruba-cz.bench.cedexis.com
2014-03-20 11:41:37,i1-js-14-3-01-12160-84984384-i.init.cedexis-radar.net
2014-03-20 11:41:38,aruba-cz.bench.cedexis.com
2014-03-20 11:41:38,cedexis-test01.insnw.net
2014-03-20 11:41:40,cdn2.reverso.net
2014-03-20 11:41:41,www.reverso.net
2014-03-20 11:42:05,www.facebook.com
2014-03-20 11:43:36,mail.google.com
2014-03-20 11:43:49,talkgadget.google.com
2014-03-20 11:43:50,0.drive.google.com
2014-03-20 11:43:51,docs.google.com
2014-03-20 11:43:51,1.docs.google.com
2014-03-20 11:43:51,drive.google.com
2014-03-20 11:43:51,talkgadget.google.com
2014-03-20 11:43:51,0.docs.google.com
2014-03-20 11:43:51,mail.google.com
2014-03-20 11:43:51,clients6.google.com
2014-03-20 11:43:51,gg.google.com
2014-03-26 11:02:04,www.google.fr
2014-03-26 11:02:17,www.google.fr
2014-03-26 11:02:19,apis.google.com
2014-03-26 11:02:21,www.google.com
2014-03-26 11:02:35,www.google.fr
2014-03-26 11:02:36,apis.google.com
2014-03-26 11:02:36,www.google.com
2014-03-26 11:02:36,www.google.fr
2014-03-26 11:03:22,www.google.fr
2014-03-26 11:03:36,www.google.fr
2014-03-26 11:05:08,ieonline.microsoft.com
2014-03-26 11:05:37,www.google.fr
2014-03-27 10:16:27,ieonline.microsoft.com
2014-03-27 10:23:15,www.google.fr
2014-03-27 10:23:28,www.google.fr
2014-03-27 10:23:29,apis.google.com
2014-03-27 10:23:31,www.google.com
2014-03-27 10:23:53,accounts.google.com
2014-03-27 10:24:01,accounts.youtube.com
2014-03-27 10:25:12,accounts.google.fr
2014-03-27 10:25:12,www.google.fr
2014-03-27 10:25:13,apis.google.com
2014-03-27 10:25:13,www.google.com
2014-03-27 10:25:18,plus.google.com
2014-03-27 10:26:14,accounts.google.com
2014-03-27 10:26:16,accounts.youtube.com
2014-03-27 10:26:17,accounts.google.fr
2014-03-27 10:26:17,www.google.fr
2014-03-27 10:26:18,www.google.fr
2014-03-27 10:26:18,apis.google.com
2014-03-27 10:26:25,accounts.google.com
2014-03-27 10:26:31,www.google.com
2014-03-27 10:26:50,plus.google.com
2014-03-27 10:27:03,maps-api-ssl.google.com
2014-03-27 10:27:03,www.google.com
2014-03-27 10:27:03,www.google.fr
2014-03-27 10:27:03,accounts.google.com
2014-03-27 10:27:03,plus.google.com
2014-03-27 10:27:04,apis.google.com
2014-03-27 10:27:04,www.google.com
2014-03-27 10:27:04,plus.google.com
2014-03-27 10:27:04,maps-api-ssl.google.com
2014-03-27 10:27:05,maps-api-ssl.google.com
2014-03-27 10:27:05,talkgadget.google.com
2014-03-27 10:27:05,plus.google.com
2014-03-27 10:27:06,talkgadget.google.com
2014-03-27 10:27:06,clients6.google.com
2014-03-27 10:27:06,plus.google.com
2014-03-27 10:27:07,talkgadget.google.com
2014-03-27 10:27:07,accounts.google.com
2014-03-27 10:27:07,apis.google.com
2014-03-27 10:27:08,clients6.google.com
2014-03-27 10:27:09,clients6.google.com
2014-03-27 10:27:11,plus.google.com
2014-03-27 10:27:12,plus.google.com
2014-03-27 10:27:16,plus.google.com
2014-03-27 10:27:27,plus.google.com
2014-03-27 10:27:27,apis.google.com
2014-03-27 10:27:27,clients6.google.com
2014-03-27 10:27:27,talkgadget.google.com
2014-03-27 10:27:43,plus.google.com
2014-03-27 10:27:43,www.google.com
2014-03-27 10:27:43,talkgadget.google.com
2014-03-27 10:27:44,plus.google.com
2014-03-27 10:27:47,plus.google.com
2014-03-27 10:28:11,plus.google.com
2014-03-27 10:28:11,talkgadget.google.com
2014-03-27 10:28:13,www.google.fr
2014-03-27 10:28:13,plus.google.com
2014-03-27 10:28:14,www.google.fr
2014-03-27 10:28:14,www.google.com
2014-03-27 10:28:18,talkgadget.google.com
2014-03-27 10:28:25,www.google.fr
2014-03-27 10:28:25,www.google.com
2014-03-27 10:28:37,accounts.google.fr
2014-03-27 10:28:37,docs.google.com
2014-03-27 10:28:38,plus.google.com
2014-03-27 10:28:53,www.google.fr
2014-03-27 10:28:53,drive.google.com
2014-03-27 10:28:54,docs.google.com
2014-03-27 10:28:54,accounts.google.fr
2014-03-27 10:28:54,drive.google.com
2014-03-27 10:28:54,accounts.youtube.com
2014-03-27 10:28:54,www.google.com
2014-03-27 10:28:54,accounts.google.com
2014-03-27 10:28:56,0.drive.google.com
2014-03-27 10:28:57,0.drive.google.com
2014-03-27 10:28:59,apis.google.com
2014-03-27 10:28:59,drive.google.com
2014-03-27 10:29:00,docs.google.com
2014-03-27 10:29:00,plus.google.com
2014-03-27 10:29:01,drive.google.com
2014-03-27 10:29:01,docs.google.com
2014-03-27 10:29:13,docs.google.com
2014-03-27 10:29:19,docs.google.com
2014-03-27 10:29:19,apis.google.com
2014-03-27 10:29:20,www.google.com
2014-03-27 10:29:21,0.docs.google.com
2014-03-27 10:29:22,0.docs.google.com
2014-03-27 10:29:31,accounts.google.com
2014-03-27 10:29:31,docs.google.com
2014-03-27 10:29:34,clients6.google.com
2014-03-27 10:29:40,docs.google.com
2014-03-27 10:29:54,docs.google.com
2014-03-27 10:29:54,gg.google.com
2014-03-27 10:30:44,drive.google.com
2014-03-27 10:31:00,docs.google.com
2014-03-27 10:31:07,1.docs.google.com
2014-03-27 10:31:08,1.docs.google.com
2014-03-27 10:31:08,docs.google.com
2014-03-27 10:31:18,1.talkgadget.google.com
2014-03-27 10:31:18,apis.google.com
2014-03-27 10:31:19,plus.google.com
2014-03-27 10:31:20,apis.google.com
2014-03-27 10:31:20,1.talkgadget.google.com
2014-03-27 10:31:58,plus.google.com
2014-03-27 10:32:22,www.google.com
2014-03-27 10:32:58,www.google.com
2014-03-27 10:33:01,docs.google.com
2014-03-27 10:33:19,docs.google.com
2014-03-27 10:33:19,apis.google.com
2014-03-27 10:33:20,www.google.com
2014-03-27 10:33:24,docs.google.com
2014-03-27 10:33:31,accounts.google.com
2014-03-27 10:33:34,clients6.google.com
2014-03-27 10:33:34,apis.google.com
2014-03-27 10:33:54,gg.google.com
2014-03-27 10:34:48,drive.google.com
2014-03-27 10:34:54,drive.google.com
2014-03-27 10:35:00,www.google.fr
2014-03-27 10:35:14,www.google.fr
2014-03-27 10:35:14,cdn2.reverso.net
2014-03-27 10:35:14,ajax.googleapis.com
2014-03-27 10:35:14,api.conduit.com
2014-03-27 10:35:14,plus.google.com
2014-03-27 10:35:14,www.reverso.net
2014-03-27 10:35:15,ajax.googleapis.com
2014-03-27 10:35:15,static.ak.facebook.com
2014-03-27 10:35:15,www.facebook.com
2014-03-27 10:35:15,s-static.ak.facebook.com
2014-03-27 10:35:15,cdn2.reverso.net
2014-03-27 10:35:15,connect.facebook.net
2014-03-27 10:35:17,dps.bing.com
2014-03-27 10:35:18,cloudfront.cedexis.com
2014-03-27 10:35:18,netdna.cedexis.com
2014-03-27 10:35:18,i1-js-14-3-01-12160-667244493-i.init.cedexis-radar.net
2014-03-27 10:35:19,netdna.cedexis.com
2014-03-27 10:35:19,limelight.cedexis.com
2014-03-27 10:35:19,probe.cedexis.org
2014-03-27 10:35:20,probe.cedexis.org
2014-03-27 10:35:20,cdn2.reverso.net
2014-03-27 10:35:21,www.reverso.net
2014-03-27 10:35:21,cdn2.reverso.net
2014-03-27 10:35:48,static.ak.facebook.com
2014-03-27 10:35:48,www.reverso.net
2014-03-27 10:35:48,cdn2.reverso.net
2014-03-27 10:35:48,ajax.googleapis.com
2014-03-27 10:35:48,s-static.ak.facebook.com
2014-03-27 10:35:48,www.facebook.com
2014-03-27 10:35:49,www.facebook.com
2014-03-27 10:35:51,i1-js-14-3-01-12160-31864000-i.init.cedexis-radar.net
2014-03-27 10:35:51,netdna.cedexis.com
2014-03-27 10:35:52,netdna.cedexis.com
2014-03-27 10:35:52,probe.cedexis.org
2014-03-27 10:35:52,level3.cedexis.com
2014-03-27 10:35:53,limelight.cedexis.com
2014-03-27 10:35:53,cdn2.reverso.net
2014-03-27 10:35:53,level3.cedexis.com
2014-03-27 10:35:54,www.reverso.net
2014-03-27 10:36:39,www.reverso.net
2014-03-27 10:36:51,www.reverso.net
2014-03-27 10:36:52,context2.reverso.net
2014-03-27 10:36:52,cdn2.reverso.net
2014-03-27 10:39:15,www.reverso.net
2014-03-27 10:39:15,drive.google.com
2014-03-27 10:40:12,plus.google.com
2014-03-27 10:40:13,www.reverso.net
2014-03-27 10:40:23,www.reverso.net
2014-03-27 10:41:11,www.reverso.net
2014-03-27 10:41:41,www.reverso.net
2014-03-27 10:41:41,context2.reverso.net
2014-03-27 10:42:32,www.reverso.net
2014-03-27 10:42:49,www.reverso.net
2014-03-27 10:42:57,www.reverso.net
2014-03-27 10:43:30,docs.google.com
2014-03-27 10:43:45,www.reverso.net
2014-03-27 10:43:53,www.reverso.net
2014-03-27 10:43:53,context2.reverso.net
2014-03-27 10:43:56,context2.reverso.net
2014-03-27 10:43:56,www.reverso.net
2014-03-27 10:44:54,drive.google.com
2014-03-27 10:45:28,dictionnaire.reverso.net
2014-03-27 10:45:28,www.reverso.net
2014-03-27 10:45:29,www.reverso.net
2014-03-27 10:45:29,cdn2.reverso.net
2014-03-27 10:45:29,drive.google.com
2014-03-27 10:45:29,ajax.googleapis.com
2014-03-27 10:45:32,dictionnaire.reverso.net
2014-03-27 10:45:32,ajax.googleapis.com
2014-03-27 10:45:32,www.reverso.net
2014-03-27 10:45:37,docs.google.com
2014-03-27 10:45:50,ajax.googleapis.com
2014-03-27 10:45:50,www.reverso.net
2014-03-27 10:45:51,cdn2.reverso.net
2014-03-27 10:45:51,connect.facebook.net
2014-03-27 10:45:51,ajax.googleapis.com
2014-03-27 10:45:52,static.ak.facebook.com
2014-03-27 10:45:52,www.google.com
2014-03-27 10:45:52,s-static.ak.facebook.com
2014-03-27 10:45:55,i1-js-14-3-01-12160-913634127-i.init.cedexis-radar.net
2014-03-27 10:45:55,accounts.google.com
2014-03-27 10:45:56,cloudfront.cedexis.com
2014-03-27 10:45:57,cloudfront.cedexis.com
2014-03-27 10:46:03,cdn2.reverso.net
2014-03-27 10:46:04,cdn2.reverso.net
2014-03-27 10:46:05,www.facebook.com
2014-03-27 10:46:05,s-static.ak.facebook.com
2014-03-27 10:46:05,ajax.googleapis.com
2014-03-27 10:46:05,www.reverso.net
2014-03-27 10:46:05,cdn2.reverso.net
2014-03-27 10:46:05,static.ak.facebook.com
2014-03-27 10:46:06,cdn2.reverso.net
2014-03-27 10:46:06,ajax.googleapis.com
2014-03-27 10:46:06,www.facebook.com
2014-03-27 10:46:06,context2.reverso.net
2014-03-27 10:46:08,ajax.googleapis.com
2014-03-27 10:46:08,i1-js-14-3-01-12160-268238795-i.init.cedexis-radar.net
2014-03-27 10:46:12,level3.cedexis.com
2014-03-27 10:46:13,level3.cedexis.com
2014-03-27 10:46:14,aws-ap-southeast-2a.bench.cedexis.com
2014-03-27 10:46:15,ec2-us-west-1a.cedexis.com
2014-03-27 10:46:16,cdn2.reverso.net
2014-03-27 10:46:16,ec2-us-west-1a.cedexis.com
2014-03-27 10:46:17,cdn2.reverso.net
2014-03-27 10:46:19,www.reverso.net
2014-03-27 10:46:35,www.facebook.com
2014-03-27 10:47:38,www.reverso.net
2014-03-27 10:47:38,ajax.googleapis.com
2014-03-27 10:47:39,s-static.ak.facebook.com
2014-03-27 10:47:39,ajax.googleapis.com
2014-03-27 10:47:39,static.ak.facebook.com
2014-03-27 10:47:39,www.google.com
2014-03-27 10:47:46,i1-js-14-3-01-12160-602371598-i.init.cedexis-radar.net
2014-03-27 10:47:46,cedexis-test01.insnw.net
2014-03-27 10:47:46,limelight.cedexis.com
2014-03-27 10:47:46,accounts.google.com
2014-03-27 10:47:47,limelight.cedexis.com
2014-03-27 10:47:47,fastly.bench.cedexis.com.global.prod.fastly.net
2014-03-27 10:47:47,fastly.bench.cedexis.com
2014-03-27 10:47:47,ajax.googleapis.com
2014-03-27 10:47:47,www.reverso.net
2014-03-27 10:47:48,dictionnaire.reverso.net
2014-03-27 10:47:48,www.facebook.com
2014-03-27 10:47:48,s-static.ak.facebook.com
2014-03-27 10:47:48,static.ak.facebook.com
2014-03-27 10:47:48,www.reverso.net
2014-03-27 10:47:48,ajax.googleapis.com
2014-03-27 10:47:49,www.facebook.com
2014-03-27 10:47:50,ea.numericable.fr
2014-03-27 10:47:53,i1-js-14-3-01-12160-825233316-i.init.cedexis-radar.net
2014-03-27 10:47:53,ak.c.ooyala.com
2014-03-27 10:47:53,fastly.bench.cedexis.com.global.prod.fastly.net
2014-03-27 10:47:53,fastly.bench.cedexis.com
2014-03-27 10:47:54,fastly.bench.cedexis.com
2014-03-27 10:47:55,lon1.rackspace.bench.cedexis.com
2014-03-27 10:47:55,cloudfront.cedexis.com
2014-03-27 10:47:56,cloudfront.cedexis.com
2014-03-27 10:47:56,cdn2.reverso.net
2014-03-27 10:47:57,www.reverso.net
2014-03-27 10:48:29,dictionnaire.reverso.net
2014-03-27 10:48:29,www.reverso.net
2014-03-27 10:48:29,ajax.googleapis.com
2014-03-27 10:48:30,ad.publicidees.com
2014-03-27 10:48:30,dsp.active-agent.com
2014-03-27 10:48:30,hal9000.redintelligence.net
2014-03-27 10:48:37,context2.reverso.net
2014-03-27 10:48:37,www.reverso.net
2014-03-27 10:49:23,www.reverso.net
2014-03-27 10:49:27,www.reverso.net
2014-03-27 10:49:38,www.reverso.net
2014-03-27 10:50:54,drive.google.com
2014-03-27 10:52:21,www.google.fr
2014-03-27 10:52:35,www.google.fr
2014-03-27 10:52:40,plus.google.com
2014-03-27 10:54:19,www.google.fr
2014-03-27 10:54:31,docs.google.com
2014-03-27 10:54:54,drive.google.com
2014-03-27 10:55:30,www.reverso.net
2014-03-27 10:55:57,www.google.fr
2014-03-27 10:55:57,plus.google.com
2014-03-27 10:56:07,context2.reverso.net
2014-03-27 10:56:07,www.reverso.net
2014-03-27 10:58:43,drive.google.com
2014-03-27 10:58:43,www.reverso.net
2014-03-27 10:58:48,cdn2.reverso.net
2014-03-27 10:58:48,dictionnaire.reverso.net
2014-03-27 10:58:48,ajax.googleapis.com
2014-03-27 10:58:48,www.reverso.net
2014-03-27 10:58:52,www.reverso.net
2014-03-27 10:59:01,docs.google.com
2014-03-27 10:59:47,ajax.googleapis.com
2014-03-27 10:59:47,www.reverso.net
2014-03-27 10:59:47,api.conduit.com
2014-03-27 10:59:48,ajax.googleapis.com
2014-03-27 10:59:48,connect.facebook.net
2014-03-27 10:59:48,match.rtbidder.net
2014-03-27 10:59:48,drive.google.com
2014-03-27 10:59:48,s-static.ak.facebook.com
2014-03-27 10:59:48,static.ak.facebook.com
2014-03-27 10:59:48,fpdownload2.macromedia.com
2014-03-27 10:59:51,i1-js-14-3-01-12160-318147302-i.init.cedexis-radar.net
2014-03-27 10:59:53,ak.c.ooyala.com
2014-03-27 10:59:55,ec2-us-west-2a.cedexis.com
2014-03-27 10:59:56,cdn2.reverso.net
2014-03-27 10:59:56,www.reverso.net
2014-03-27 10:59:57,ajax.googleapis.com
2014-03-27 10:59:57,probe.cedexis.org
2014-03-27 10:59:57,www.reverso.net
2014-03-27 10:59:58,context2.reverso.net
2014-03-27 10:59:58,www.facebook.com
2014-03-27 10:59:58,static.ak.facebook.com
2014-03-27 10:59:58,s-static.ak.facebook.com
2014-03-27 11:00:00,plus.google.com
2014-03-27 11:00:00,ajax.googleapis.com
2014-03-27 11:00:00,static.ak.facebook.com
2014-03-27 11:00:01,ajax.googleapis.com
2014-03-27 11:00:01,www.reverso.net
2014-03-27 11:00:01,s-static.ak.facebook.com
2014-03-27 11:00:02,static.ak.facebook.com
2014-03-27 11:00:02,context2.reverso.net
2014-03-27 11:00:02,www.facebook.com
2014-03-27 11:00:02,s-static.ak.facebook.com
2014-03-27 11:00:05,i1-js-14-3-01-12160-986071111-i.init.cedexis-radar.net
2014-03-27 11:00:06,transact-can.cedexis.com
2014-03-27 11:00:09,ec2-us-west-1a.cedexis.com
2014-03-27 11:00:10,www.reverso.net
2014-03-27 11:00:10,ec2-us-west-1a.cedexis.com
2014-03-27 11:00:11,cdn2.reverso.net
2014-03-27 11:00:11,www.reverso.net
2014-03-27 11:00:23,ajax.googleapis.com
2014-03-27 11:00:23,www.reverso.net
2014-03-27 11:00:24,static.ak.facebook.com
2014-03-27 11:00:24,s-static.ak.facebook.com
2014-03-27 11:00:24,ajax.googleapis.com
2014-03-27 11:00:27,i1-js-14-3-01-12160-968786471-i.init.cedexis-radar.net
2014-03-27 11:00:29,sita-sin.bench.cedexis.com
2014-03-27 11:00:31,sita-sin.bench.cedexis.com
2014-03-27 11:00:31,onapp.cedexis.com
2014-03-27 11:00:32,cdn2.reverso.net
2014-03-27 11:00:32,onapp.cedexis.com
2014-03-27 11:00:33,cdn2.reverso.net
2014-03-27 11:00:33,www.reverso.net
2014-03-27 11:00:38,www.reverso.net
2014-03-27 11:00:38,ajax.googleapis.com
2014-03-27 11:00:38,static.ak.facebook.com
2014-03-27 11:00:38,www.facebook.com
2014-03-27 11:00:38,s-static.ak.facebook.com
2014-03-27 11:00:39,www.facebook.com
2014-03-27 11:00:41,i1-js-14-3-01-12160-653436080-i.init.cedexis-radar.net
2014-03-27 11:00:44,level3.cedexis.com
2014-03-27 11:00:46,fastly.bench.cedexis.com
2014-03-27 11:00:46,fastly.bench.cedexis.com.global.prod.fastly.net
2014-03-27 11:00:46,limelight.cedexis.com
2014-03-27 11:00:47,www.reverso.net
2014-03-27 11:00:47,cdn2.reverso.net
2014-03-27 11:00:47,limelight.cedexis.com
2014-03-27 11:00:48,www.reverso.net
2014-03-27 11:01:08,ajax.googleapis.com
2014-03-27 11:01:08,www.reverso.net
2014-03-27 11:01:09,ajax.googleapis.com
2014-03-27 11:01:09,static.ak.facebook.com
2014-03-27 11:01:09,s-static.ak.facebook.com
2014-03-27 11:01:10,its.tradelab.fr
2014-03-27 11:01:11,its.tradelab.fr
2014-03-27 11:01:12,i1-js-14-3-01-12160-321190121-i.init.cedexis-radar.net
2014-03-27 11:01:13,ec2-us-west-2a.cedexis.com
2014-03-27 11:01:16,limelight.cedexis.com
2014-03-27 11:01:16,ec2-us-west-2a.cedexis.com
2014-03-27 11:01:18,cdn2.reverso.net
2014-03-27 11:01:19,www.reverso.net
2014-03-27 11:01:29,its.tradelab.fr
2014-03-27 11:01:30,www.reverso.net
2014-03-27 11:01:30,ajax.googleapis.com
2014-03-27 11:01:31,s-static.ak.facebook.com
2014-03-27 11:01:31,www.facebook.com
2014-03-27 11:01:31,context2.reverso.net
2014-03-27 11:01:31,static.ak.facebook.com
2014-03-27 11:01:34,i1-js-14-3-01-12160-757476342-i.init.cedexis-radar.net
2014-03-27 11:01:35,s-static.ak.facebook.com
2014-03-27 11:01:35,ajax.googleapis.com
2014-03-27 11:01:35,static.ak.facebook.com
2014-03-27 11:01:37,i1-js-14-3-01-12160-451968898-i.init.cedexis-radar.net
2014-03-27 11:01:41,ak.c.ooyala.com
2014-03-27 11:01:42,netdna.cedexis.com
2014-03-27 11:01:43,www.reverso.net
2014-03-27 11:01:43,netdna.cedexis.com
2014-03-27 11:01:44,cdn2.reverso.net
2014-03-27 11:01:44,www.reverso.net
2014-03-27 11:01:50,ajax.googleapis.com
2014-03-27 11:01:50,www.reverso.net
2014-03-27 11:01:51,static.ak.facebook.com
2014-03-27 11:01:51,context2.reverso.net
2014-03-27 11:01:51,www.facebook.com
2014-03-27 11:01:51,s-static.ak.facebook.com
2014-03-27 11:01:54,i1-js-14-3-01-12160-382415856-i.init.cedexis-radar.net
2014-03-27 11:01:55,probe.cedexis.org
2014-03-27 11:01:55,fastly.bench.cedexis.com.global.prod.fastly.net
2014-03-27 11:01:55,fastly.bench.cedexis.com
2014-03-27 11:01:56,fastly.bench.cedexis.com
2014-03-27 11:01:56,cdn2.reverso.net
2014-03-27 11:01:57,cdn2.reverso.net
2014-03-27 11:01:58,docs.google.com
2014-03-27 11:01:58,www.reverso.net
2014-03-27 11:02:00,pixel2368.everesttech.net
2014-03-27 11:02:35,www.reverso.net
2014-03-27 11:02:35,ajax.googleapis.com
2014-03-27 11:02:36,redir.adbutter.net
2014-03-27 11:02:36,s-static.ak.facebook.com
2014-03-27 11:02:36,ajax.googleapis.com
2014-03-27 11:02:36,static.ak.facebook.com
2014-03-27 11:02:37,trk-fr.makazi.com
2014-03-27 11:02:37,c1.adform.net
2014-03-27 11:02:39,cm.adgrx.com
2014-03-27 11:02:39,i1-js-14-3-01-12160-577836921-i.init.cedexis-radar.net
2014-03-27 11:02:39,adventori.com
2014-03-27 11:02:39,um.simpli.fi
2014-03-27 11:02:40,fastly.bench.cedexis.com.global.prod.fastly.net
2014-03-27 11:02:40,fastly.bench.cedexis.com
2014-03-27 11:02:41,ec2-us-west-2a.cedexis.com
2014-03-27 11:02:42,cdn2.reverso.net
2014-03-27 11:02:42,www.reverso.net
2014-03-27 11:02:50,www.facebook.com
2014-03-27 11:02:50,static.ak.facebook.com
2014-03-27 11:02:50,www.reverso.net
2014-03-27 11:02:50,s-static.ak.facebook.com
2014-03-27 11:02:50,ajax.googleapis.com
2014-03-27 11:02:53,i1-js-14-3-01-12160-22317604-i.init.cedexis-radar.net
2014-03-27 11:02:53,probe.cedexis.org
2014-03-27 11:02:54,probe.cedexis.org
2014-03-27 11:02:55,cdn2.reverso.net
2014-03-27 11:02:55,limelight.cedexis.com
2014-03-27 11:02:56,www.reverso.net
2014-03-27 11:03:32,ajax.googleapis.com
2014-03-27 11:03:32,www.reverso.net
2014-03-27 11:03:33,ajax.googleapis.com
2014-03-27 11:03:33,static.ak.facebook.com
2014-03-27 11:03:33,s-static.ak.facebook.com
2014-03-27 11:03:39,i1-js-14-3-01-12160-620594098-i.init.cedexis-radar.net
2014-03-27 11:03:39,apnx-match.dotomi.com
2014-03-27 11:03:39,bitgravity.cedexis.com
2014-03-27 11:03:39,dtm.venus.com
2014-03-27 11:03:40,ca.ecritel.bench.cedexis.com
2014-03-27 11:03:40,onapp.cedexis.com
2014-03-27 11:03:41,onapp.cedexis.com
2014-03-27 11:03:41,gce-us-central1-a.bench.cedexis.com
2014-03-27 11:03:42,cdn2.reverso.net
2014-03-27 11:03:42,www.reverso.net
2014-03-27 11:03:42,cedexis.cachefly.net
2014-03-27 11:03:43,cedexis.cachefly.net
2014-03-27 11:03:46,ajax.googleapis.com
2014-03-27 11:03:46,www.reverso.net
2014-03-27 11:03:47,s-static.ak.facebook.com
2014-03-27 11:03:47,www.facebook.com
2014-03-27 11:03:47,static.ak.facebook.com
2014-03-27 11:03:47,context2.reverso.net
2014-03-27 11:03:50,fastly.bench.cedexis.com.global.prod.fastly.net
2014-03-27 11:03:50,i1-js-14-3-01-12160-130524961-i.init.cedexis-radar.net
2014-03-27 11:03:51,iad1.rackspace.bench.cedexis.com
2014-03-27 11:03:51,fastly.bench.cedexis.com
2014-03-27 11:03:53,probe.cedexis.org
2014-03-27 11:03:54,cdn2.reverso.net
2014-03-27 11:03:54,probe.cedexis.org
2014-03-27 11:03:54,www.reverso.net
2014-03-27 11:03:57,www.reverso.net
2014-03-27 11:03:58,www.reverso.net
2014-03-27 11:03:58,ajax.googleapis.com
2014-03-27 11:03:58,dictionnaire.reverso.net
2014-03-27 11:03:59,www.reverso.net
2014-03-27 11:03:59,ajax.googleapis.com
2014-03-27 11:03:59,dictionnaire.reverso.net
2014-03-27 11:04:05,context2.reverso.net
2014-03-27 11:04:05,apis.google.com
2014-03-27 11:04:05,www.reverso.net
2014-03-27 11:04:16,context2.reverso.net
2014-03-27 11:04:16,www.reverso.net
2014-03-27 11:05:04,docs.google.com
2014-03-27 11:05:37,ajax.googleapis.com
2014-03-27 11:05:37,www.reverso.net
2014-03-27 11:05:37,static.ak.facebook.com
2014-03-27 11:05:37,accounts.google.com
2014-03-27 11:05:37,apis.google.com
2014-03-27 11:05:37,s-static.ak.facebook.com
2014-03-27 11:05:38,rp.gwallet.com
2014-03-27 11:05:40,i1-js-14-3-01-12160-978388428-i.init.cedexis-radar.net
2014-03-27 11:05:41,ec2-us-west-1a.cedexis.com
2014-03-27 11:05:42,cedexis-test01.insnw.net
2014-03-27 11:05:43,val.cloudwatt.bench.cedexis.com
2014-03-27 11:05:43,netdna.cedexis.com
2014-03-27 11:05:46,netdna.cedexis.com
2014-03-27 11:05:46,cdn2.reverso.net
2014-03-27 11:05:47,www.reverso.net
2014-03-27 11:05:47,cdn2.reverso.net
2014-03-27 11:05:48,www.reverso.net
2014-03-27 11:05:55,www.facebook.com
2014-03-27 11:05:55,static.ak.facebook.com
2014-03-27 11:05:55,www.reverso.net
2014-03-27 11:05:55,ajax.googleapis.com
2014-03-27 11:05:55,s-static.ak.facebook.com
2014-03-27 11:05:56,www.facebook.com
2014-03-27 11:05:58,i1-js-14-3-01-12160-176781299-i.init.cedexis-radar.net
2014-03-27 11:06:00,level3.cedexis.com
2014-03-27 11:06:00,transact-can.cedexis.com
2014-03-27 11:06:01,level3.cedexis.com
2014-03-27 11:06:02,cloudfront.cedexis.com
2014-03-27 11:06:05,cloudfront.cedexis.com
2014-03-27 11:06:06,www.reverso.net
2014-03-27 11:06:06,cdn2.reverso.net
2014-03-27 11:06:07,www.reverso.net
2014-03-27 11:06:09,www.reverso.net
2014-03-27 11:06:10,ajax.googleapis.com
2014-03-27 11:06:10,www.reverso.net
2014-03-27 11:06:10,static.ak.facebook.com
2014-03-27 11:06:11,s-static.ak.facebook.com
2014-03-27 11:06:14,i1-js-14-3-01-12160-876264979-i.init.cedexis-radar.net
2014-03-27 11:06:15,ec2-eu-west-1a.cedexis.com
2014-03-27 11:06:16,cloud.ger.leaseweb.bench.cedexis.com
2014-03-27 11:06:16,sfr.cedexis.com
2014-03-27 11:06:17,sfr.cedexis.com
2014-03-27 11:06:17,www.reverso.net
2014-03-27 11:06:17,ajax.googleapis.com
2014-03-27 11:06:17,gce-us-central1-a.bench.cedexis.com
2014-03-27 11:06:18,s-static.ak.facebook.com
2014-03-27 11:06:18,context2.reverso.net
2014-03-27 11:06:18,static.ak.facebook.com
2014-03-27 11:06:18,www.facebook.com
2014-03-27 11:06:20,i1-js-14-3-01-12160-652680857-i.init.cedexis-radar.net
2014-03-27 11:06:20,fastly.bench.cedexis.com.global.prod.fastly.net
2014-03-27 11:06:20,fastly.bench.cedexis.com
2014-03-27 11:06:21,fastly.bench.cedexis.com
2014-03-27 11:06:21,chinacache.cedexis.com
2014-03-27 11:06:22,chinacache.cedexis.com
2014-03-27 11:06:24,bitgravity.cedexis.com
2014-03-27 11:06:25,cdn2.reverso.net
2014-03-27 11:06:26,www.reverso.net
2014-03-27 11:06:29,docs.google.com
2014-03-27 11:07:10,ajax.googleapis.com
2014-03-27 11:07:10,static.ak.facebook.com
2014-03-27 11:07:10,s-static.ak.facebook.com
2014-03-27 11:07:10,www.reverso.net
2014-03-27 11:07:14,ajax.googleapis.com
2014-03-27 11:07:14,www.reverso.net
2014-03-27 11:07:15,s-static.ak.facebook.com
2014-03-27 11:07:15,static.ak.facebook.com
2014-03-27 11:07:15,www.facebook.com
2014-03-27 11:07:17,static.ak.facebook.com
2014-03-27 11:07:17,s-static.ak.facebook.com
2014-03-27 11:07:17,ajax.googleapis.com
2014-03-27 11:07:18,rp.gwallet.com
2014-03-27 11:07:18,ajax.googleapis.com
2014-03-27 11:07:18,drive.google.com
2014-03-27 11:07:19,s-static.ak.facebook.com
2014-03-27 11:07:19,www.reverso.net
2014-03-27 11:07:19,static.ak.facebook.com
2014-03-27 11:07:19,www.facebook.com
2014-03-27 11:07:22,i1-js-14-3-01-12160-831993592-i.init.cedexis-radar.net
2014-03-27 11:07:24,ec2-ap-northeast-1a.cedexis.com
2014-03-27 11:07:25,ec2-ap-northeast-1a.cedexis.com
2014-03-27 11:07:28,cdn2.reverso.net
2014-03-27 11:07:29,cdn2.reverso.net
2014-03-27 11:07:30,www.reverso.net
2014-03-27 11:07:30,netdna.cedexis.com
2014-03-27 11:07:31,netdna.cedexis.com
2014-03-27 11:07:38,www.reverso.net
2014-03-27 11:07:38,context2.reverso.net
2014-03-27 11:07:48,www.reverso.net
2014-03-27 11:07:59,ajax.googleapis.com
2014-03-27 11:07:59,www.reverso.net
2014-03-27 11:08:00,static.ak.facebook.com
2014-03-27 11:08:00,s-static.ak.facebook.com
2014-03-27 11:08:00,ajax.googleapis.com
2014-03-27 11:08:03,i1-js-14-3-01-12160-380944818-i.init.cedexis-radar.net
2014-03-27 11:08:04,ec2-sa-east-1a.cedexis.com
2014-03-27 11:08:05,ec2-sa-east-1a.cedexis.com
2014-03-27 11:08:06,onapp.cedexis.com
2014-03-27 11:08:07,onapp.cedexis.com
2014-03-27 11:08:08,akamai.cedexis.com
2014-03-27 11:08:09,cdn2.reverso.net
2014-03-27 11:08:10,www.reverso.net
2014-03-27 11:08:13,www.reverso.net
2014-03-27 11:08:13,context2.reverso.net
2014-03-27 11:08:13,ajax.googleapis.com
2014-03-27 11:08:13,s-static.ak.facebook.com
2014-03-27 11:08:13,static.ak.facebook.com
2014-03-27 11:08:14,www.facebook.com
2014-03-27 11:08:18,s-static.ak.facebook.com
2014-03-27 11:08:18,static.ak.facebook.com
2014-03-27 11:08:18,ajax.googleapis.com
2014-03-27 11:08:19,rp.gwallet.com
2014-03-27 11:08:20,i1-js-14-3-01-12160-316328592-i.init.cedexis-radar.net
2014-03-27 11:08:21,sita-fra.bench.cedexis.com
2014-03-27 11:08:22,sita-fra.bench.cedexis.com
2014-03-27 11:08:22,us-west1.joyent.bench.cedexis.com
2014-03-27 11:08:23,akamai.cedexis.com
2014-03-27 11:08:52,s-static.ak.facebook.com
2014-03-27 11:08:52,www.facebook.com
2014-03-27 11:08:52,ajax.googleapis.com
2014-03-27 11:08:52,www.reverso.net
2014-03-27 11:08:52,static.ak.facebook.com
2014-03-27 11:08:53,www.facebook.com
2014-03-27 11:08:55,i1-js-14-3-01-12160-836216318-i.init.cedexis-radar.net
2014-03-27 11:08:56,dfw.sl.bench.cedexis.com
2014-03-27 11:08:57,www.reverso.net
2014-03-27 11:08:57,limelight.cedexis.com
2014-03-27 11:08:58,limelight.cedexis.com
2014-03-27 11:08:59,ak.c.ooyala.com
2014-03-27 11:08:59,cdn2.reverso.net
2014-03-27 11:09:00,cdn2.reverso.net
2014-03-27 11:09:00,www.reverso.net
2014-03-27 11:09:06,docs.google.com
2014-03-27 11:09:32,www.reverso.net
2014-03-27 11:10:02,www.reverso.net
2014-03-27 11:10:14,www.reverso.net
2014-03-27 11:10:25,www.reverso.net
2014-03-27 11:11:03,www.reverso.net
2014-03-27 11:11:03,context2.reverso.net
2014-03-27 11:11:13,www.reverso.net
2014-03-27 11:11:40,docs.google.com
2014-03-27 11:12:02,gg.google.com
2014-03-27 11:15:41,docs.google.com
2014-03-27 11:15:46,docs.google.com
2014-03-27 11:16:02,gg.google.com
2014-03-27 11:19:12,www.google.fr
2014-03-27 11:19:33,www.google.fr
2014-03-27 11:19:39,plus.google.com
2014-03-27 11:20:33,plus.google.com
2014-03-27 11:20:33,www.google.fr
2014-03-27 11:20:35,u-eliteathletes.com
2014-03-27 11:20:35,www.google.fr
2014-03-27 11:20:35,www.u-eliteathletes.com
2014-03-27 11:20:36,www.ntchosting.com
2014-03-27 11:20:36,www.u-eliteathletes.com
2014-03-27 11:20:36,www.lonex.com
2014-03-27 11:23:11,plus.google.com
2014-03-27 11:24:54,drive.google.com
2014-03-27 11:26:56,www.u-eliteathletes.com
2014-03-27 11:26:57,www.lonex.com
2014-03-27 11:26:57,www.u-eliteathletes.com
2014-03-27 11:26:58,www.u-eliteathletes.com
2014-03-27 11:27:00,www.u-eliteathletes.com
2014-03-27 11:28:49,docs.google.com
2014-03-27 11:30:21,0.drive.google.com
2014-03-27 11:30:38,0.docs.google.com
2014-03-27 11:30:38,drive.google.com
2014-03-27 11:32:22,1.docs.google.com
2014-03-27 11:32:53,docs.google.com
2014-03-27 11:33:10,0.docs.google.com
2014-03-27 11:33:10,docs.google.com
2014-03-27 11:34:12,0.drive.google.com
2014-03-27 11:34:12,drive.google.com
2014-03-27 11:34:18,1.docs.google.com
2014-03-27 11:34:18,docs.google.com
