timestamp,site
2014-02-21 10:06:51,go.microsoft.com
2014-02-21 10:06:52,windows.microsoft.com
2014-02-21 10:06:52,res1.windows.microsoft.com
2014-02-21 10:06:52,res2.windows.microsoft.com
2014-02-21 10:06:52,js.microsoft.com
2014-02-21 10:06:52,ajax.microsoft.com
2014-02-21 10:06:56,www.bing.com
2014-02-21 10:07:14,www.bing.com
2014-02-21 10:07:15,www.bing.com
2014-02-21 10:07:15,cms.abmr.net
2014-02-21 10:07:16,www.bing.com
2014-02-21 10:07:16,www.google.fr
2014-02-21 10:07:24,www.bing.com
2014-02-21 10:07:25,login.live.com
2014-02-21 10:07:29,www.google.fr
2014-02-21 10:07:30,apis.google.com
2014-02-21 10:07:32,www.google.com
2014-02-21 10:07:39,www.google.fr
2014-02-21 10:07:39,ssl.bing.com
2014-02-21 10:07:39,www.google.com
2014-02-21 10:07:39,apis.google.com
2014-02-21 10:08:07,player.vimeo.com
2014-02-21 10:09:31,ieonline.microsoft.com
2014-02-21 10:09:35,go.microsoft.com
2014-02-21 10:09:37,office14client.microsoft.com
2014-02-21 10:09:38,office.microsoft.com
2014-02-21 10:09:39,office.microsoft.com
2014-02-21 10:12:47,www.google.fr
2014-02-21 10:13:01,www.google.fr
2014-02-21 10:13:10,www.google.fr
2014-02-21 10:13:11,www.google.fr
2014-02-21 10:13:11,www.ncbi.nlm.nih.gov
2014-02-21 10:13:11,blast.ncbi.nlm.nih.gov
2014-02-21 10:13:12,blast.ncbi.nlm.nih.gov
2014-02-21 10:14:27,www.google.fr
2014-02-21 10:14:34,www.google.fr
2014-02-21 10:14:40,www.google.fr
2014-02-21 10:14:48,www.google.fr
2014-02-21 10:14:49,goo.gl
2014-02-21 10:14:49,api.bing.com
2014-02-21 10:14:49,fr.msn.com
2014-02-21 10:14:49,h2.msn.com
2014-02-21 10:14:49,c.fr.msn.com
2014-02-21 10:14:49,www.bing.com
2014-02-21 10:14:50,picda.ilius.net
2014-02-21 10:14:50,spot.static.meetic.com
2014-02-21 10:14:50,img1.video.s-msn.com
2014-02-21 10:14:50,www.bing.com
2014-02-21 10:14:51,picda.ilius.net
2014-02-21 10:14:52,www.facebook.com
2014-02-21 10:14:52,s-static.ak.facebook.com
2014-02-21 10:14:52,www.bing.com
2014-02-21 10:14:52,static.ak.facebook.com
2014-02-21 10:14:52,connect.facebook.net
2014-02-21 10:14:52,img2.video.s-msn.com
2014-02-21 10:14:52,img1.video.s-msn.com
2014-02-21 10:14:52,platform.twitter.com
2014-02-21 10:14:52,hub.video.msn.com
2014-02-21 10:14:52,fr.msn.com
2014-02-21 10:14:53,video.msn.com
2014-02-21 10:14:53,platform.twitter.com
2014-02-21 10:14:53,hub.video.msn.com
2014-02-21 10:14:53,www.facebook.com
2014-02-21 10:14:54,g.msn.com
2014-02-21 10:14:57,g.msn.com
2014-02-21 10:14:57,www.mail.live.com
2014-02-21 10:14:57,platform.twitter.com
2014-02-21 10:15:01,i.ssix.io
2014-02-21 10:15:02,login.live.com
2014-02-21 10:15:03,i.ssix.io
2014-02-21 10:15:03,pbs.twimg.com
2014-02-21 10:15:04,login.secure.emea.msn.com
2014-02-21 10:15:09,login.live.com
2014-02-21 10:15:09,twitter.com
2014-02-21 10:15:16,login.live.com
2014-02-21 10:15:51,windowslive.tt.omtrdc.net
2014-02-21 10:16:02,windowslive.tt.omtrdc.net
2014-02-21 10:17:06,login.live.com
2014-02-21 10:17:17,windowslive.tt.omtrdc.net
2014-02-21 10:17:30,login.live.com
2014-02-21 10:17:41,windowslive.tt.omtrdc.net
2014-02-21 10:17:51,login.live.com
2014-02-21 10:18:02,windowslive.tt.omtrdc.net
2014-02-21 10:18:13,login.live.com
2014-02-28 10:08:17,www.google.fr
2014-02-28 10:08:27,www.google.fr
2014-02-28 10:08:31,www.google.fr
2014-02-28 10:08:54,www.google.fr
2014-02-28 10:09:09,apis.google.com
2014-02-28 10:09:09,www.google.fr
2014-02-28 10:09:12,www.google.com
2014-02-28 10:09:28,mw2.google.com
2014-02-28 10:09:28,www.google.com
2014-02-28 10:09:28,apis.google.com
2014-02-28 10:09:28,www.google.fr
2014-02-28 10:10:12,www.google.fr
2014-02-28 10:10:25,www.google.fr
2014-02-28 10:11:06,ieonline.microsoft.com
2014-02-28 10:12:28,www.google.fr
2014-02-28 10:12:54,blast.ncbi.nlm.nih.gov
2014-02-28 10:12:54,www.ncbi.nlm.nih.gov
2014-02-28 10:12:54,www.google.fr
2014-02-28 10:12:55,blast.ncbi.nlm.nih.gov
2014-02-28 10:17:07,www.ncbi.nlm.nih.gov
2014-02-28 10:17:07,blast.ncbi.nlm.nih.gov
2014-02-28 10:17:08,blast.ncbi.nlm.nih.gov
2014-02-28 10:18:23,blast.ncbi.nlm.nih.gov
2014-02-28 10:18:35,blast.ncbi.nlm.nih.gov
2014-02-28 10:18:36,blast.ncbi.nlm.nih.gov
2014-02-28 10:18:37,blast.ncbi.nlm.nih.gov
2014-02-28 10:19:38,blast.ncbi.nlm.nih.gov
2014-02-28 10:19:39,blast.ncbi.nlm.nih.gov
2014-02-28 10:19:43,blast.ncbi.nlm.nih.gov
2014-02-28 10:19:44,blast.ncbi.nlm.nih.gov
2014-02-28 10:19:46,www.ncbi.nlm.nih.gov
2014-02-28 10:19:47,blast.ncbi.nlm.nih.gov
2014-02-28 10:19:49,blast.ncbi.nlm.nih.gov
2014-02-28 10:19:49,www.ncbi.nlm.nih.gov
2014-02-28 10:19:51,www.ncbi.nlm.nih.gov
2014-02-28 10:19:52,blast.ncbi.nlm.nih.gov
2014-02-28 10:19:53,www.ncbi.nlm.nih.gov
2014-02-28 10:19:54,blast.ncbi.nlm.nih.gov
2014-02-28 10:19:56,www.ncbi.nlm.nih.gov
2014-02-28 10:20:02,blast.ncbi.nlm.nih.gov
2014-02-28 10:20:03,www.ncbi.nlm.nih.gov
2014-02-28 10:20:14,blast.ncbi.nlm.nih.gov
2014-02-28 10:20:16,www.ncbi.nlm.nih.gov
2014-02-28 10:20:32,blast.ncbi.nlm.nih.gov
2014-02-28 10:20:34,www.ncbi.nlm.nih.gov
2014-02-28 10:20:54,blast.ncbi.nlm.nih.gov
2014-02-28 10:20:56,www.ncbi.nlm.nih.gov
2014-02-28 10:21:22,blast.ncbi.nlm.nih.gov
2014-02-28 10:21:25,www.ncbi.nlm.nih.gov
2014-02-28 10:21:53,blast.ncbi.nlm.nih.gov
2014-02-28 10:21:55,www.ncbi.nlm.nih.gov
2014-02-28 10:22:23,blast.ncbi.nlm.nih.gov
2014-02-28 10:22:25,www.ncbi.nlm.nih.gov
2014-02-28 10:22:54,blast.ncbi.nlm.nih.gov
2014-02-28 10:22:55,www.ncbi.nlm.nih.gov
2014-02-28 10:23:24,blast.ncbi.nlm.nih.gov
2014-02-28 10:23:26,www.ncbi.nlm.nih.gov
2014-02-28 10:23:55,blast.ncbi.nlm.nih.gov
2014-02-28 10:23:56,www.ncbi.nlm.nih.gov
2014-02-28 10:24:25,blast.ncbi.nlm.nih.gov
2014-02-28 10:24:27,www.ncbi.nlm.nih.gov
2014-02-28 10:24:56,www.ncbi.nlm.nih.gov
2014-02-28 10:24:56,blast.ncbi.nlm.nih.gov
2014-02-28 10:24:57,blast.ncbi.nlm.nih.gov
2014-02-28 10:24:58,blast.ncbi.nlm.nih.gov
2014-02-28 10:24:58,www.ncbi.nlm.nih.gov
2014-02-28 10:26:13,blast.ncbi.nlm.nih.gov
2014-02-28 10:26:15,blast.ncbi.nlm.nih.gov
2014-02-28 10:26:16,blast.ncbi.nlm.nih.gov
2014-02-28 10:34:22,blast.ncbi.nlm.nih.gov
2014-02-28 10:34:23,blast.ncbi.nlm.nih.gov
2014-02-28 10:34:23,www.ncbi.nlm.nih.gov
2014-02-28 10:34:24,www.ncbi.nlm.nih.gov
2014-02-28 10:34:25,www.ncbi.nlm.nih.gov
2014-02-28 10:34:26,static.pubmed.gov
2014-02-28 10:34:26,www.ncbi.nlm.nih.gov
2014-02-28 10:34:29,static.pubmed.gov
2014-02-28 10:34:48,www.ncbi.nlm.nih.gov
2014-02-28 10:34:48,static.pubmed.gov
2014-02-28 10:34:53,www.ncbi.nlm.nih.gov
2014-02-28 10:34:59,static.pubmed.gov
2014-02-28 10:34:59,www.ncbi.nlm.nih.gov
2014-02-28 10:35:00,www.ncbi.nlm.nih.gov
2014-02-28 10:37:16,blast.ncbi.nlm.nih.gov
2014-02-28 10:37:25,blast.ncbi.nlm.nih.gov
2014-02-28 10:37:28,blast.ncbi.nlm.nih.gov
2014-02-28 10:37:29,blast.ncbi.nlm.nih.gov
2014-02-28 10:37:30,blast.ncbi.nlm.nih.gov
2014-02-28 10:38:42,blast.ncbi.nlm.nih.gov
2014-02-28 10:39:53,www.ncbi.nlm.nih.gov
2014-02-28 10:39:58,www.ncbi.nlm.nih.gov
2014-02-28 10:39:59,www.ncbi.nlm.nih.gov
2014-02-28 10:40:11,update.megasoftware.net
2014-02-28 10:40:55,www.megasoftware.net
2014-02-28 10:41:35,www.bing.com
2014-02-28 10:41:36,www.bing.com
2014-02-28 10:41:37,cms.abmr.net
2014-02-28 10:41:37,www.bing.com
2014-02-28 10:41:38,login.live.com
2014-02-28 10:41:38,www.phylogeny.fr
2014-02-28 10:43:38,www.phylogeny.fr
2014-02-28 10:44:22,clients1.google.com
2014-02-28 10:44:23,safebrowsing-cache.google.com
2014-02-28 10:44:23,safebrowsing.clients.google.com
2014-02-28 10:44:23,gtglobal-ocsp.geotrust.com
2014-02-28 10:44:41,www.squid-cache.org
2014-02-28 10:44:58,clients1.google.com
2014-02-28 10:44:58,www.google.com
2014-02-28 10:44:59,www.google.com
2014-02-28 10:45:03,www.phylogeny.fr
2014-02-28 10:45:03,www.google.fr
2014-02-28 10:45:04,www.phylogeny.fr
2014-02-28 10:45:08,www.phylogeny.fr
2014-02-28 10:45:14,gtssl-ocsp.geotrust.com
2014-02-28 10:45:14,www.phylogeny.fr
2014-02-28 10:45:20,www.phylogeny.fr
2014-02-28 10:45:24,www.phylogeny.fr
2014-02-28 10:47:18,sb-ssl.google.com
2014-02-28 10:47:56,apis.google.com
2014-02-28 10:47:58,www.google.fr
2014-02-28 10:47:58,www.google.com
2014-02-28 10:50:11,ocsp.thawte.com
2014-02-28 10:50:40,www.phylogeny.fr
2014-02-28 10:50:50,www.phylogeny.fr
2014-02-28 10:50:55,www.phylogeny.fr
2014-02-28 10:51:05,www.phylogeny.fr
2014-02-28 10:51:09,www.phylogeny.fr
2014-02-28 10:51:12,www.phylogeny.fr
2014-02-28 10:51:16,www.phylogeny.fr
2014-02-28 10:51:17,www.phylogeny.fr
2014-02-28 10:51:18,www.phylogeny.fr
2014-02-28 10:51:19,www.phylogeny.fr
2014-02-28 10:52:11,ocsp.verisign.com
2014-02-28 10:53:20,www.phylogeny.fr
2014-02-28 10:53:32,www.phylogeny.fr
2014-02-28 10:53:55,www.phylogeny.fr
2014-02-28 10:53:59,www.phylogeny.fr
2014-02-28 10:54:02,www.phylogeny.fr
2014-02-28 10:54:06,www.phylogeny.fr
2014-02-28 10:54:07,www.phylogeny.fr
2014-02-28 10:54:12,ocsp.digicert.com
2014-02-28 10:57:55,www.phylogeny.fr
2014-02-28 10:57:56,www.phylogeny.fr
2014-02-28 10:58:08,www.phylogeny.fr
2014-02-28 10:58:17,www.phylogeny.fr
2014-02-28 10:59:05,www.phylogeny.fr
2014-02-28 10:59:10,www.phylogeny.fr
2014-02-28 10:59:15,www.phylogeny.fr
2014-02-28 10:59:19,www.phylogeny.fr
2014-02-28 10:59:20,www.phylogeny.fr
2014-02-28 10:59:21,www.phylogeny.fr
2014-02-28 10:59:22,www.phylogeny.fr
2014-02-28 10:59:23,www.phylogeny.fr
2014-02-28 11:00:48,www.phylogeny.fr
2014-02-28 11:01:06,www.phylogeny.fr
2014-02-28 11:01:28,www.phylogeny.fr
2014-02-28 11:01:33,www.phylogeny.fr
2014-02-28 11:01:34,www.phylogeny.fr
2014-02-28 11:01:36,www.phylogeny.fr
2014-02-28 11:01:42,www.phylogeny.fr
2014-02-28 11:01:43,www.phylogeny.fr
2014-02-28 11:01:44,www.phylogeny.fr
2014-02-28 11:06:01,www.phylogeny.fr
2014-02-28 11:06:07,www.phylogeny.fr
2014-02-28 11:06:12,www.phylogeny.fr
2014-02-28 11:06:20,www.phylogeny.fr
2014-02-28 11:06:21,www.phylogeny.fr
2014-02-28 11:06:46,www.phylogeny.fr
2014-02-28 11:06:50,www.phylogeny.fr
2014-02-28 11:09:34,www.phylogeny.fr
2014-02-28 11:10:25,www.phylogeny.fr
2014-02-28 11:10:29,www.phylogeny.fr
2014-02-28 11:10:48,www.phylogeny.fr
2014-02-28 11:10:51,www.phylogeny.fr
2014-02-28 11:11:07,www.phylogeny.fr
2014-02-28 11:11:11,www.phylogeny.fr
2014-02-28 11:12:00,www.phylogeny.fr
2014-02-28 11:12:13,www.phylogeny.fr
2014-02-28 11:12:16,www.phylogeny.fr
2014-02-28 11:12:22,www.phylogeny.fr
2014-02-28 11:12:27,www.phylogeny.fr
2014-02-28 11:12:34,www.phylogeny.fr
2014-02-28 11:12:37,www.phylogeny.fr
2014-02-28 11:12:41,www.phylogeny.fr
2014-02-28 11:13:06,www.phylogeny.fr
2014-02-28 11:13:07,www.phylogeny.fr
2014-02-28 11:13:08,www.phylogeny.fr
2014-02-28 11:13:09,www.phylogeny.fr
2014-02-28 11:13:10,www.phylogeny.fr
2014-02-28 11:14:01,www.phylogeny.fr
2014-02-28 11:14:15,www.phylogeny.fr
2014-02-28 11:15:21,safebrowsing-cache.google.com
2014-02-28 11:15:21,safebrowsing.clients.google.com
2014-02-28 11:15:23,www.phylogeny.fr
2014-02-28 11:15:52,www.phylogeny.fr
2014-02-28 11:16:19,www.phylogeny.fr
2014-02-28 11:16:28,www.phylogeny.fr
2014-02-28 11:16:39,www.phylogeny.fr
2014-02-28 11:16:41,www.phylogeny.fr
2014-02-28 11:16:42,www.phylogeny.fr
2014-02-28 11:16:43,www.phylogeny.fr
2014-02-28 11:16:44,www.phylogeny.fr
2014-02-28 11:16:45,www.phylogeny.fr
2014-02-28 11:17:10,www.phylogeny.fr
2014-02-28 11:17:31,www.phylogeny.fr
2014-02-28 11:18:17,www.phylogeny.fr
2014-02-28 11:18:24,www.phylogeny.fr
2014-02-28 11:18:27,www.phylogeny.fr
2014-02-28 11:18:29,www.phylogeny.fr
2014-02-28 11:18:31,www.phylogeny.fr
2014-02-28 11:18:34,www.phylogeny.fr
2014-02-28 11:18:36,www.phylogeny.fr
2014-02-28 11:18:39,www.phylogeny.fr
2014-02-28 11:18:41,www.phylogeny.fr
2014-02-28 11:18:44,www.phylogeny.fr
2014-02-28 11:18:46,www.phylogeny.fr
2014-02-28 11:18:49,www.phylogeny.fr
2014-02-28 11:18:51,www.phylogeny.fr
2014-02-28 11:18:54,www.phylogeny.fr
2014-02-28 11:18:56,www.phylogeny.fr
2014-02-28 11:18:59,www.phylogeny.fr
2014-02-28 11:19:01,www.phylogeny.fr
2014-02-28 11:19:04,www.phylogeny.fr
2014-02-28 11:19:07,www.phylogeny.fr
2014-02-28 11:19:10,www.phylogeny.fr
2014-02-28 11:19:13,www.phylogeny.fr
2014-02-28 11:19:16,www.phylogeny.fr
2014-02-28 11:19:18,www.phylogeny.fr
2014-02-28 11:19:21,www.phylogeny.fr
2014-02-28 11:19:24,www.phylogeny.fr
2014-02-28 11:19:26,www.phylogeny.fr
2014-02-28 11:19:29,www.phylogeny.fr
2014-02-28 11:19:31,www.phylogeny.fr
2014-02-28 11:19:34,www.phylogeny.fr
2014-02-28 11:19:37,www.phylogeny.fr
2014-02-28 11:19:39,www.phylogeny.fr
2014-02-28 11:19:42,www.phylogeny.fr
2014-02-28 11:19:44,www.phylogeny.fr
2014-02-28 11:19:47,www.phylogeny.fr
2014-02-28 11:19:49,www.phylogeny.fr
2014-02-28 11:19:52,www.phylogeny.fr
2014-02-28 11:19:55,www.phylogeny.fr
2014-02-28 11:19:57,www.phylogeny.fr
2014-02-28 11:19:59,www.phylogeny.fr
2014-02-28 11:20:02,www.phylogeny.fr
2014-02-28 11:20:05,www.phylogeny.fr
2014-02-28 11:20:07,www.phylogeny.fr
2014-02-28 11:20:10,www.phylogeny.fr
2014-02-28 11:20:13,www.phylogeny.fr
2014-02-28 11:20:16,www.phylogeny.fr
2014-02-28 11:20:18,www.phylogeny.fr
2014-02-28 11:20:21,www.phylogeny.fr
2014-02-28 11:20:24,www.phylogeny.fr
2014-02-28 11:20:27,www.phylogeny.fr
2014-02-28 11:20:29,www.phylogeny.fr
2014-02-28 11:20:32,www.phylogeny.fr
2014-02-28 11:20:34,www.phylogeny.fr
2014-02-28 11:20:40,www.phylogeny.fr
2014-02-28 11:20:41,www.phylogeny.fr
2014-02-28 11:21:22,www.phylogeny.fr
2014-02-28 11:21:32,www.phylogeny.fr
2014-02-28 11:21:38,www.phylogeny.fr
2014-02-28 11:21:39,www.phylogeny.fr
2014-02-28 11:21:49,www.phylogeny.fr
2014-02-28 11:21:57,www.phylogeny.fr
2014-02-28 11:22:02,www.phylogeny.fr
2014-02-28 11:22:03,www.phylogeny.fr
2014-02-28 11:22:05,www.phylogeny.fr
2014-02-28 11:32:07,www.google.fr
2014-02-28 11:32:08,fr.wikipedia.org
2014-02-28 11:32:08,meta.wikimedia.org
2014-02-28 11:32:08,login.wikimedia.org
2014-02-28 11:32:08,bits.wikimedia.org
2014-02-28 11:33:49,www.phylogeny.fr
2014-02-28 11:34:48,www.google.fr
2014-02-28 11:34:48,www.google.com
2014-03-04 13:31:08,www.google.fr
2014-03-04 13:31:09,clients1.google.fr
2014-03-04 13:31:09,www.google.fr
2014-03-04 13:31:10,clients1.google.fr
2014-03-04 13:31:12,clients1.google.fr
2014-03-04 13:31:14,clients1.google.fr
2014-03-04 13:31:17,clients1.google.fr
2014-03-04 13:31:18,clients1.google.fr
2014-03-04 13:31:20,clients1.google.fr
2014-03-04 13:31:20,www.google.fr
2014-03-04 13:31:23,www.google.fr
2014-03-04 13:31:24,www.mozilla.org
2014-03-04 13:34:40,gtssl-ocsp.geotrust.com
2014-03-04 13:34:40,ocsp.digicert.com
2014-03-04 13:34:41,clients1.google.com
2014-03-04 13:34:44,clients1.google.com
2014-03-04 13:34:47,www.mozilla.org
2014-03-04 13:34:48,www.mozilla.org
2014-03-04 13:34:54,www.mozilla.org
2014-03-04 13:34:55,clients1.google.com
2014-03-04 13:34:55,www.google.com
2014-03-04 13:35:03,www.google.fr
2014-03-04 13:35:09,annotathon.org
2014-03-04 13:35:10,annotathon.org
2014-03-04 13:35:28,annotathon.org
2014-03-04 13:35:35,annotathon.org
2014-03-04 13:35:55,annotathon.org
2014-03-04 13:36:00,annotathon.org
2014-03-04 13:36:20,www.ncbi.nlm.nih.gov
2014-03-04 13:36:20,www.google.fr
2014-03-04 13:36:21,blast.ncbi.nlm.nih.gov
2014-03-04 13:36:21,www.ncbi.nlm.nih.gov
2014-03-04 13:36:22,blast.ncbi.nlm.nih.gov
2014-03-04 13:36:38,id.google.fr
2014-03-04 13:36:38,apis.google.com
2014-03-04 13:36:38,sb-ssl.google.com
2014-03-04 13:36:38,www.google.com
2014-03-04 13:36:38,www.google.fr
2014-03-04 13:36:43,gtssl-ocsp.geotrust.com
2014-03-04 13:36:48,geo.mozilla.org
2014-03-04 13:37:08,clients1.google.com
2014-03-04 13:37:11,www.google.fr
2014-03-04 13:37:13,annotathon.org
2014-03-04 13:37:14,annotathon.org
2014-03-04 13:37:54,annotathon.org
2014-03-04 13:37:58,annotathon.org
2014-03-04 13:38:02,www.google.fr
2014-03-04 13:38:02,www.google.com
2014-03-04 13:41:02,www.google.fr
2014-03-04 13:41:03,clients1.google.fr
2014-03-04 13:41:03,www.google.fr
2014-03-04 13:41:07,clients1.google.fr
2014-03-04 13:41:08,clients1.google.fr
2014-03-04 13:41:09,clients1.google.fr
2014-03-04 13:41:12,clients1.google.fr
2014-03-04 13:41:13,clients1.google.fr
2014-03-04 13:41:14,clients1.google.fr
2014-03-04 13:41:16,clients1.google.fr
2014-03-04 13:41:16,www.google.fr
2014-03-04 13:41:18,www.mozilla.org
2014-03-04 13:41:18,www.google.fr
2014-03-04 13:43:00,clients1.google.com
2014-03-04 13:43:02,www.google.fr
2014-03-04 13:43:08,annotathon.org
2014-03-04 13:43:19,annotathon.org
2014-03-04 13:43:20,annotathon.org
2014-03-04 13:43:22,annotathon.org
2014-03-04 13:43:50,annotathon.org
2014-03-04 13:43:54,annotathon.org
2014-03-04 13:44:02,apis.google.com
2014-03-04 13:44:02,www.google.com
2014-03-04 13:44:02,www.google.fr
2014-03-04 13:44:10,clients1.google.fr
2014-03-04 13:44:10,www.google.fr
2014-03-04 13:44:12,clients1.google.fr
2014-03-04 13:44:14,clients1.google.fr
2014-03-04 13:44:16,clients1.google.fr
2014-03-04 13:44:17,clients1.google.fr
2014-03-04 13:44:18,clients1.google.fr
2014-03-04 13:44:18,www.google.fr
2014-03-04 13:44:19,www.google.fr
2014-03-04 13:44:24,annotathon.org
2014-03-04 13:44:25,annotathon.org
2014-03-04 13:44:35,annotathon.org
2014-03-04 13:44:36,annotathon.org
2014-03-04 13:44:38,annotathon.org
2014-03-04 13:44:42,annotathon.org
2014-03-04 13:44:42,annotathon.univ-mrs.fr
2014-03-04 13:45:03,www.google.fr
2014-03-04 13:45:04,clients1.google.fr
2014-03-04 13:45:05,clients1.google.fr
2014-03-04 13:45:06,clients1.google.fr
2014-03-04 13:45:07,clients1.google.fr
2014-03-04 13:45:09,clients1.google.fr
2014-03-04 13:45:10,www.google.fr
2014-03-04 13:45:11,clients1.google.fr
2014-03-04 13:45:12,www.google.fr
2014-03-04 13:45:12,www.ncbi.nlm.nih.gov
2014-03-04 13:45:12,annotathon.org
2014-03-04 13:45:13,www.ncbi.nlm.nih.gov
2014-03-04 13:45:13,blast.ncbi.nlm.nih.gov
2014-03-04 13:45:14,blast.ncbi.nlm.nih.gov
2014-03-04 13:45:16,blast.ncbi.nlm.nih.gov
2014-03-04 13:45:16,www.ncbi.nlm.nih.gov
2014-03-04 13:45:17,blast.ncbi.nlm.nih.gov
2014-03-04 13:45:19,www.ncbi.nlm.nih.gov
2014-03-04 13:45:42,annotathon.org
2014-03-04 13:45:52,blast.ncbi.nlm.nih.gov
2014-03-04 13:45:56,blast.ncbi.nlm.nih.gov
2014-03-04 13:46:06,blast.ncbi.nlm.nih.gov
2014-03-04 13:46:08,blast.ncbi.nlm.nih.gov
2014-03-04 13:46:10,blast.ncbi.nlm.nih.gov
2014-03-04 13:46:12,annotathon.org
2014-03-04 13:46:13,blast.ncbi.nlm.nih.gov
2014-03-04 13:46:15,blast.ncbi.nlm.nih.gov
2014-03-04 13:46:18,blast.ncbi.nlm.nih.gov
2014-03-04 13:46:25,blast.ncbi.nlm.nih.gov
2014-03-04 13:46:38,blast.ncbi.nlm.nih.gov
2014-03-04 13:46:42,annotathon.org
2014-03-04 13:46:55,blast.ncbi.nlm.nih.gov
2014-03-04 13:47:12,annotathon.org
2014-03-04 13:47:18,blast.ncbi.nlm.nih.gov
2014-03-04 13:47:42,annotathon.org
2014-03-04 13:47:45,blast.ncbi.nlm.nih.gov
2014-03-04 13:48:12,annotathon.org
2014-03-04 13:48:16,blast.ncbi.nlm.nih.gov
2014-03-04 13:48:34,blast.ncbi.nlm.nih.gov
2014-03-04 13:48:35,blast.ncbi.nlm.nih.gov
2014-03-04 13:48:35,www.ncbi.nlm.nih.gov
2014-03-04 13:48:36,blast.ncbi.nlm.nih.gov
2014-03-04 13:48:42,annotathon.org
2014-03-04 13:49:12,annotathon.org
2014-03-04 13:49:15,www.google.fr
2014-03-04 13:49:15,clients1.google.fr
2014-03-04 13:49:18,www.google.fr
2014-03-04 13:49:18,clients1.google.fr
2014-03-04 13:49:19,clients1.google.fr
2014-03-04 13:49:20,www.google.fr
2014-03-04 13:49:20,www.ncbi.nlm.nih.gov
2014-03-04 13:49:20,blast.ncbi.nlm.nih.gov
2014-03-04 13:49:21,blast.ncbi.nlm.nih.gov
2014-03-04 13:49:23,blast.ncbi.nlm.nih.gov
2014-03-04 13:49:24,blast.ncbi.nlm.nih.gov
2014-03-04 13:49:25,blast.ncbi.nlm.nih.gov
2014-03-04 13:49:31,blast.ncbi.nlm.nih.gov
2014-03-04 13:49:32,blast.ncbi.nlm.nih.gov
2014-03-04 13:49:37,blast.ncbi.nlm.nih.gov
2014-03-04 13:49:39,blast.ncbi.nlm.nih.gov
2014-03-04 13:49:41,www.ncbi.nlm.nih.gov
2014-03-04 13:49:42,blast.ncbi.nlm.nih.gov
2014-03-04 13:49:42,annotathon.org
2014-03-04 13:49:43,www.ncbi.nlm.nih.gov
2014-03-04 13:49:44,blast.ncbi.nlm.nih.gov
2014-03-04 13:49:47,blast.ncbi.nlm.nih.gov
2014-03-04 13:49:50,blast.ncbi.nlm.nih.gov
2014-03-04 13:49:57,blast.ncbi.nlm.nih.gov
2014-03-04 13:50:10,blast.ncbi.nlm.nih.gov
2014-03-04 13:50:12,annotathon.org
2014-03-04 13:50:27,blast.ncbi.nlm.nih.gov
2014-03-04 13:50:42,annotathon.org
2014-03-04 13:50:50,blast.ncbi.nlm.nih.gov
2014-03-04 13:51:12,annotathon.org
2014-03-04 13:51:18,blast.ncbi.nlm.nih.gov
2014-03-04 13:51:42,annotathon.org
2014-03-04 13:51:48,blast.ncbi.nlm.nih.gov
2014-03-04 13:52:12,annotathon.org
2014-03-04 13:52:19,blast.ncbi.nlm.nih.gov
2014-03-04 13:52:42,annotathon.org
2014-03-04 13:52:49,blast.ncbi.nlm.nih.gov
2014-03-04 13:53:13,annotathon.org
2014-03-04 13:53:20,blast.ncbi.nlm.nih.gov
2014-03-04 13:53:43,annotathon.org
2014-03-04 13:53:53,blast.ncbi.nlm.nih.gov
2014-03-04 13:54:13,annotathon.org
2014-03-04 13:54:24,blast.ncbi.nlm.nih.gov
2014-03-04 13:54:43,annotathon.org
2014-03-04 13:54:54,blast.ncbi.nlm.nih.gov
2014-03-04 13:55:13,annotathon.org
2014-03-04 13:55:25,blast.ncbi.nlm.nih.gov
2014-03-04 13:55:43,annotathon.org
2014-03-04 13:55:56,blast.ncbi.nlm.nih.gov
2014-03-04 13:56:13,annotathon.org
2014-03-04 13:56:26,blast.ncbi.nlm.nih.gov
2014-03-04 13:56:43,annotathon.org
2014-03-04 13:56:57,blast.ncbi.nlm.nih.gov
2014-03-04 13:56:57,www.ncbi.nlm.nih.gov
2014-03-04 13:56:58,blast.ncbi.nlm.nih.gov
2014-03-04 13:56:58,clients1.google.com
2014-03-04 13:56:59,blast.ncbi.nlm.nih.gov
2014-03-04 13:57:00,blast.ncbi.nlm.nih.gov
2014-03-04 13:57:01,www.ncbi.nlm.nih.gov
2014-03-04 13:57:01,blast.ncbi.nlm.nih.gov
2014-03-04 13:57:01,www.google.fr
2014-03-04 13:57:02,blast.ncbi.nlm.nih.gov
2014-03-04 13:57:03,blast.ncbi.nlm.nih.gov
2014-03-04 13:57:04,snippets-stats.mozilla.org
2014-03-04 13:57:05,blast.ncbi.nlm.nih.gov
2014-03-04 13:57:13,annotathon.org
2014-03-04 13:57:18,www.ncbi.nlm.nih.gov
2014-03-04 13:57:18,blast.ncbi.nlm.nih.gov
2014-03-04 13:57:19,blast.ncbi.nlm.nih.gov
2014-03-04 13:57:19,www.ncbi.nlm.nih.gov
2014-03-04 13:57:22,blast.ncbi.nlm.nih.gov
2014-03-04 13:57:23,blast.ncbi.nlm.nih.gov
2014-03-04 13:57:28,blast.ncbi.nlm.nih.gov
2014-03-04 13:57:31,blast.ncbi.nlm.nih.gov
2014-03-04 13:57:32,www.ncbi.nlm.nih.gov
2014-03-04 13:57:33,blast.ncbi.nlm.nih.gov
2014-03-04 13:57:36,www.ncbi.nlm.nih.gov
2014-03-04 13:57:36,blast.ncbi.nlm.nih.gov
2014-03-04 13:57:38,blast.ncbi.nlm.nih.gov
2014-03-04 13:57:38,www.ncbi.nlm.nih.gov
2014-03-04 13:57:40,www.ncbi.nlm.nih.gov
2014-03-04 13:57:41,blast.ncbi.nlm.nih.gov
2014-03-04 13:57:43,annotathon.org
2014-03-04 13:57:43,www.ncbi.nlm.nih.gov
2014-03-04 13:57:48,blast.ncbi.nlm.nih.gov
2014-03-04 13:57:51,www.ncbi.nlm.nih.gov
2014-03-04 13:58:02,blast.ncbi.nlm.nih.gov
2014-03-04 13:58:04,www.ncbi.nlm.nih.gov
2014-03-04 13:58:13,annotathon.org
2014-03-04 13:58:19,blast.ncbi.nlm.nih.gov
2014-03-04 13:58:22,www.ncbi.nlm.nih.gov
2014-03-04 13:58:42,blast.ncbi.nlm.nih.gov
2014-03-04 13:58:43,annotathon.org
2014-03-04 13:58:45,www.ncbi.nlm.nih.gov
2014-03-04 13:58:53,safebrowsing.clients.google.com
2014-03-04 13:58:53,safebrowsing-cache.google.com
2014-03-04 13:58:54,safebrowsing-cache.google.com
2014-03-04 13:59:09,blast.ncbi.nlm.nih.gov
2014-03-04 13:59:12,www.ncbi.nlm.nih.gov
2014-03-04 13:59:13,annotathon.org
2014-03-04 13:59:40,blast.ncbi.nlm.nih.gov
2014-03-04 13:59:43,annotathon.org
2014-03-04 13:59:43,www.ncbi.nlm.nih.gov
2014-03-04 13:59:54,www.google.com
2014-03-04 13:59:55,www.google.fr
2014-03-04 14:00:11,blast.ncbi.nlm.nih.gov
2014-03-04 14:00:13,annotathon.org
2014-03-04 14:00:13,www.ncbi.nlm.nih.gov
2014-03-04 14:00:34,www.google.fr
2014-03-04 14:00:40,www.google.fr
2014-03-04 14:00:40,www.ncbi.nlm.nih.gov
2014-03-04 14:00:41,blast.ncbi.nlm.nih.gov
2014-03-04 14:00:43,annotathon.org
2014-03-04 14:00:43,blast.ncbi.nlm.nih.gov
2014-03-04 14:00:44,blast.ncbi.nlm.nih.gov
2014-03-04 14:00:52,ocsp.thawte.com
2014-03-04 14:00:52,blast.ncbi.nlm.nih.gov
2014-03-04 14:00:53,blast.ncbi.nlm.nih.gov
2014-03-04 14:00:55,www.ncbi.nlm.nih.gov
2014-03-04 14:00:56,blast.ncbi.nlm.nih.gov
2014-03-04 14:00:58,www.ncbi.nlm.nih.gov
2014-03-04 14:00:58,blast.ncbi.nlm.nih.gov
2014-03-04 14:00:59,www.ncbi.nlm.nih.gov
2014-03-04 14:01:01,blast.ncbi.nlm.nih.gov
2014-03-04 14:01:04,blast.ncbi.nlm.nih.gov
2014-03-04 14:01:04,www.ncbi.nlm.nih.gov
2014-03-04 14:01:08,www.ncbi.nlm.nih.gov
2014-03-04 14:01:12,blast.ncbi.nlm.nih.gov
2014-03-04 14:01:13,annotathon.org
2014-03-04 14:01:14,www.ncbi.nlm.nih.gov
2014-03-04 14:01:25,blast.ncbi.nlm.nih.gov
2014-03-04 14:01:27,www.ncbi.nlm.nih.gov
2014-03-04 14:01:42,blast.ncbi.nlm.nih.gov
2014-03-04 14:01:43,annotathon.org
2014-03-04 14:01:45,www.ncbi.nlm.nih.gov
2014-03-04 14:02:05,blast.ncbi.nlm.nih.gov
2014-03-04 14:02:08,www.ncbi.nlm.nih.gov
2014-03-04 14:02:13,annotathon.org
2014-03-04 14:02:33,blast.ncbi.nlm.nih.gov
2014-03-04 14:02:35,www.ncbi.nlm.nih.gov
2014-03-04 14:02:43,annotathon.org
2014-03-04 14:02:52,ocsp.verisign.com
2014-03-04 14:02:52,ocsp.digicert.com
2014-03-04 14:03:03,blast.ncbi.nlm.nih.gov
2014-03-04 14:03:06,www.ncbi.nlm.nih.gov
2014-03-04 14:03:13,annotathon.org
2014-03-04 14:03:34,blast.ncbi.nlm.nih.gov
2014-03-04 14:03:35,www.google.fr
2014-03-04 14:03:35,www.ncbi.nlm.nih.gov
2014-03-04 14:03:43,annotathon.org
2014-03-04 14:04:05,blast.ncbi.nlm.nih.gov
2014-03-04 14:04:06,www.ncbi.nlm.nih.gov
2014-03-04 14:04:13,annotathon.org
2014-03-04 14:04:35,blast.ncbi.nlm.nih.gov
2014-03-04 14:04:37,www.ncbi.nlm.nih.gov
2014-03-04 14:04:43,annotathon.org
2014-03-04 14:04:52,ocsp.digicert.com
2014-03-04 14:05:06,blast.ncbi.nlm.nih.gov
2014-03-04 14:05:08,www.google.fr
2014-03-04 14:05:10,www.ncbi.nlm.nih.gov
2014-03-04 14:05:12,www.squid-cache.org
2014-03-04 14:05:12,www.google.fr
2014-03-04 14:05:12,annotathon.org
2014-03-04 14:05:13,annotathon.org
2014-03-04 14:05:13,www.google.fr
2014-03-04 14:05:14,www.ncbi.nlm.nih.gov
2014-03-04 14:05:14,blast.ncbi.nlm.nih.gov
2014-03-04 14:05:15,blast.ncbi.nlm.nih.gov
2014-03-04 14:05:18,blast.ncbi.nlm.nih.gov
2014-03-04 14:05:19,blast.ncbi.nlm.nih.gov
2014-03-04 14:05:27,blast.ncbi.nlm.nih.gov
2014-03-04 14:05:28,blast.ncbi.nlm.nih.gov
2014-03-04 14:05:30,www.ncbi.nlm.nih.gov
2014-03-04 14:05:31,blast.ncbi.nlm.nih.gov
2014-03-04 14:05:33,blast.ncbi.nlm.nih.gov
2014-03-04 14:05:34,www.ncbi.nlm.nih.gov
2014-03-04 14:05:36,blast.ncbi.nlm.nih.gov
2014-03-04 14:05:38,www.ncbi.nlm.nih.gov
2014-03-04 14:05:39,blast.ncbi.nlm.nih.gov
2014-03-04 14:05:39,www.ncbi.nlm.nih.gov
2014-03-04 14:05:43,annotathon.org
2014-03-04 14:05:46,blast.ncbi.nlm.nih.gov
2014-03-04 14:05:48,www.ncbi.nlm.nih.gov
2014-03-04 14:05:59,blast.ncbi.nlm.nih.gov
2014-03-04 14:06:00,blast.ncbi.nlm.nih.gov
2014-03-04 14:06:00,www.ncbi.nlm.nih.gov
2014-03-04 14:06:01,blast.ncbi.nlm.nih.gov
2014-03-04 14:06:02,blast.ncbi.nlm.nih.gov
2014-03-04 14:06:04,www.ncbi.nlm.nih.gov
2014-03-04 14:06:04,blast.ncbi.nlm.nih.gov
2014-03-04 14:06:05,blast.ncbi.nlm.nih.gov
2014-03-04 14:06:09,blast.ncbi.nlm.nih.gov
2014-03-04 14:06:10,blast.ncbi.nlm.nih.gov
2014-03-04 14:06:11,www.ncbi.nlm.nih.gov
2014-03-04 14:06:12,www.ncbi.nlm.nih.gov
2014-03-04 14:06:13,annotathon.org
2014-03-04 14:06:14,static.pubmed.gov
2014-03-04 14:06:14,www.ncbi.nlm.nih.gov
2014-03-04 14:06:15,www.ncbi.nlm.nih.gov
2014-03-04 14:06:15,static.pubmed.gov
2014-03-04 14:06:16,www.ncbi.nlm.nih.gov
2014-03-04 14:06:19,www.ncbi.nlm.nih.gov
2014-03-04 14:06:20,static.pubmed.gov
2014-03-04 14:06:22,www.ncbi.nlm.nih.gov
2014-03-04 14:06:29,static.pubmed.gov
2014-03-04 14:06:29,www.ncbi.nlm.nih.gov
2014-03-04 14:06:30,www.ncbi.nlm.nih.gov
2014-03-04 14:06:31,www.ncbi.nlm.nih.gov
2014-03-04 14:06:43,annotathon.org
2014-03-04 14:06:55,www.ncbi.nlm.nih.gov
2014-03-04 14:06:55,static.pubmed.gov
2014-03-04 14:06:56,www.ncbi.nlm.nih.gov
2014-03-04 14:07:09,www.ncbi.nlm.nih.gov
2014-03-04 14:07:13,annotathon.org
2014-03-04 14:07:14,www.ncbi.nlm.nih.gov
2014-03-04 14:07:43,annotathon.org
2014-03-04 14:08:07,www.google.fr
2014-03-04 14:08:09,www.google.fr
2014-03-04 14:08:09,www.google.com
2014-03-04 14:08:09,apis.google.com
2014-03-04 14:08:13,annotathon.org
2014-03-04 14:08:43,annotathon.org
2014-03-04 14:09:13,annotathon.org
2014-03-04 14:09:28,go.microsoft.com
2014-03-04 14:09:28,shell.windows.com
2014-03-04 14:09:29,shell.windows.com
2014-03-04 14:09:31,shell.windows.com
2014-03-04 14:09:32,shell.windows.com
2014-03-04 14:09:43,annotathon.org
2014-03-04 14:10:13,annotathon.org
2014-03-04 14:10:43,annotathon.org
2014-03-04 14:11:04,www.ncbi.nlm.nih.gov
2014-03-04 14:11:05,www.ncbi.nlm.nih.gov
2014-03-04 14:11:13,annotathon.org
2014-03-04 14:11:13,www.ncbi.nlm.nih.gov
2014-03-04 14:11:22,www.ncbi.nlm.nih.gov
2014-03-04 14:11:32,www.ncbi.nlm.nih.gov
2014-03-04 14:11:37,www.ncbi.nlm.nih.gov
2014-03-04 14:11:43,annotathon.org
2014-03-04 14:12:13,annotathon.org
2014-03-04 14:12:22,www.ncbi.nlm.nih.gov
2014-03-04 14:12:38,www.ncbi.nlm.nih.gov
2014-03-04 14:12:43,annotathon.org
2014-03-04 14:12:48,www.ncbi.nlm.nih.gov
2014-03-04 14:12:48,static.pubmed.gov
2014-03-04 14:12:49,www.ncbi.nlm.nih.gov
2014-03-04 14:12:56,www.ncbi.nlm.nih.gov
2014-03-04 14:13:00,www.ncbi.nlm.nih.gov
2014-03-04 14:13:01,www.ncbi.nlm.nih.gov
2014-03-04 14:13:13,annotathon.org
2014-03-04 14:13:43,annotathon.org
2014-03-04 14:13:47,annotathon.univ-mrs.fr
2014-03-04 14:13:47,annotathon.org
2014-03-04 14:13:50,www.ncbi.nlm.nih.gov
2014-03-04 14:13:53,www.ncbi.nlm.nih.gov
2014-03-04 14:14:00,www.ncbi.nlm.nih.gov
2014-03-04 14:14:01,www.ncbi.nlm.nih.gov
2014-03-04 14:14:15,www.ncbi.nlm.nih.gov
2014-03-04 14:14:17,annotathon.org
2014-03-04 14:14:20,www.ncbi.nlm.nih.gov
2014-03-04 14:14:47,annotathon.org
2014-03-04 14:15:13,annotathon.org
2014-03-04 14:15:13,annotathon.univ-mrs.fr
2014-03-04 14:15:43,annotathon.org
2014-03-04 14:16:09,www.google.fr
2014-03-04 14:16:13,annotathon.org
2014-03-04 14:16:33,www.squid-cache.org
2014-03-04 14:16:43,annotathon.org
2014-03-04 14:16:49,www.google.fr
2014-03-04 14:16:58,www.google.fr
2014-03-04 14:16:58,www.phylogeny.fr
2014-03-04 14:17:08,www.ncbi.nlm.nih.gov
2014-03-04 14:17:14,annotathon.org
2014-03-04 14:17:24,www.phylogeny.fr
2014-03-04 14:17:44,annotathon.org
2014-03-04 14:18:14,annotathon.org
2014-03-04 14:18:44,annotathon.org
2014-03-04 14:19:14,annotathon.org
2014-03-04 14:19:31,www.ncbi.nlm.nih.gov
2014-03-04 14:19:41,blast.ncbi.nlm.nih.gov
2014-03-04 14:19:42,blast.ncbi.nlm.nih.gov
2014-03-04 14:19:43,www.ncbi.nlm.nih.gov
2014-03-04 14:19:44,annotathon.org
2014-03-04 14:19:44,blast.ncbi.nlm.nih.gov
2014-03-04 14:19:45,www.google.fr
2014-03-04 14:19:50,www.google.fr
2014-03-04 14:19:51,www.ncbi.nlm.nih.gov
2014-03-04 14:19:51,blast.ncbi.nlm.nih.gov
2014-03-04 14:19:53,blast.ncbi.nlm.nih.gov
2014-03-04 14:19:54,blast.ncbi.nlm.nih.gov
2014-03-04 14:20:14,annotathon.org
2014-03-04 14:20:16,blast.ncbi.nlm.nih.gov
2014-03-04 14:20:25,blast.ncbi.nlm.nih.gov
2014-03-04 14:20:26,blast.ncbi.nlm.nih.gov
2014-03-04 14:20:28,www.ncbi.nlm.nih.gov
2014-03-04 14:20:29,blast.ncbi.nlm.nih.gov
2014-03-04 14:20:31,www.ncbi.nlm.nih.gov
2014-03-04 14:20:31,blast.ncbi.nlm.nih.gov
2014-03-04 14:20:33,www.ncbi.nlm.nih.gov
2014-03-04 14:20:34,blast.ncbi.nlm.nih.gov
2014-03-04 14:20:36,www.ncbi.nlm.nih.gov
2014-03-04 14:20:36,blast.ncbi.nlm.nih.gov
2014-03-04 14:20:40,www.ncbi.nlm.nih.gov
2014-03-04 14:20:44,blast.ncbi.nlm.nih.gov
2014-03-04 14:20:44,annotathon.org
2014-03-04 14:20:46,www.ncbi.nlm.nih.gov
2014-03-04 14:20:57,blast.ncbi.nlm.nih.gov
2014-03-04 14:20:58,blast.ncbi.nlm.nih.gov
2014-03-04 14:20:59,blast.ncbi.nlm.nih.gov
2014-03-04 14:21:00,blast.ncbi.nlm.nih.gov
2014-03-04 14:21:01,www.ncbi.nlm.nih.gov
2014-03-04 14:21:01,blast.ncbi.nlm.nih.gov
2014-03-04 14:21:02,blast.ncbi.nlm.nih.gov
2014-03-04 14:21:04,blast.ncbi.nlm.nih.gov
2014-03-04 14:21:04,www.ncbi.nlm.nih.gov
2014-03-04 14:21:06,www.ncbi.nlm.nih.gov
2014-03-04 14:21:12,www.ncbi.nlm.nih.gov
2014-03-04 14:21:12,static.pubmed.gov
2014-03-04 14:21:13,www.ncbi.nlm.nih.gov
2014-03-04 14:21:14,annotathon.org
2014-03-04 14:21:44,annotathon.org
2014-03-04 14:22:14,annotathon.org
2014-03-04 14:22:43,www.google.fr
2014-03-04 14:22:44,annotathon.org
2014-03-04 14:23:14,annotathon.org
2014-03-04 14:23:44,annotathon.org
2014-03-04 14:24:14,annotathon.org
2014-03-04 14:24:44,annotathon.org
2014-03-04 14:25:14,annotathon.org
2014-03-04 14:25:44,annotathon.org
2014-03-04 14:26:14,annotathon.org
2014-03-04 14:26:44,annotathon.org
2014-03-04 14:27:14,annotathon.org
2014-03-04 14:27:44,annotathon.org
2014-03-04 14:28:14,annotathon.org
2014-03-04 14:28:17,www.phylogeny.fr
2014-03-04 14:28:44,annotathon.org
2014-03-04 14:29:14,annotathon.org
2014-03-04 14:29:24,annotathon.univ-mrs.fr
2014-03-04 14:29:24,annotathon.org
2014-03-04 14:29:54,annotathon.org
2014-03-04 14:30:06,safebrowsing-cache.google.com
2014-03-04 14:30:06,safebrowsing.clients.google.com
2014-03-04 14:30:07,safebrowsing-cache.google.com
2014-03-04 14:30:24,annotathon.org
2014-03-04 14:30:54,annotathon.org
2014-03-04 14:31:07,www.phylogeny.fr
2014-03-04 14:31:13,www.phylogeny.fr
2014-03-04 14:31:24,annotathon.org
2014-03-04 14:31:27,www.phylogeny.fr
2014-03-04 14:31:29,www.phylogeny.fr
2014-03-04 14:31:33,www.phylogeny.fr
2014-03-04 14:31:54,annotathon.org
2014-03-04 14:32:24,annotathon.org
2014-03-04 14:32:54,annotathon.org
2014-03-04 14:33:24,annotathon.org
2014-03-04 14:33:54,annotathon.org
2014-03-04 14:34:24,annotathon.org
2014-03-04 14:34:54,annotathon.org
2014-03-04 14:35:24,annotathon.org
2014-03-04 14:35:54,annotathon.org
2014-03-04 14:36:24,annotathon.org
2014-03-04 14:36:54,annotathon.org
2014-03-04 14:37:24,annotathon.org
2014-03-04 14:37:54,annotathon.org
2014-03-04 14:38:24,annotathon.org
2014-03-04 14:38:54,annotathon.org
2014-03-04 14:39:24,annotathon.org
2014-03-04 14:39:54,annotathon.org
2014-03-04 14:40:24,annotathon.org
2014-03-04 14:40:54,annotathon.org
2014-03-04 14:41:24,annotathon.org
2014-03-04 14:41:54,annotathon.org
2014-03-04 14:42:24,annotathon.org
2014-03-04 14:42:54,annotathon.org
2014-03-04 14:43:24,annotathon.org
2014-03-04 14:43:54,annotathon.org
2014-03-04 14:44:24,annotathon.org
2014-03-04 14:44:55,annotathon.org
2014-03-04 14:45:25,annotathon.org
2014-03-04 14:45:55,annotathon.org
2014-03-04 14:46:25,annotathon.org
2014-03-04 14:46:55,annotathon.org
2014-03-04 14:47:25,annotathon.org
2014-03-04 14:47:55,annotathon.org
2014-03-04 14:48:25,annotathon.org
2014-03-04 14:48:55,annotathon.org
2014-03-04 14:49:25,annotathon.org
2014-03-04 14:50:02,annotathon.org
2014-03-04 14:50:09,annotathon.univ-mrs.fr
2014-03-04 14:50:09,annotathon.org
2014-03-04 14:50:13,annotathon.org
2014-03-04 14:50:24,annotathon.univ-mrs.fr
2014-03-04 14:50:24,annotathon.org
2014-03-04 14:50:54,annotathon.org
2014-03-04 14:51:24,annotathon.org
2014-03-04 14:51:54,annotathon.org
2014-03-04 14:52:24,annotathon.org
2014-03-04 14:52:54,annotathon.org
2014-03-04 14:53:24,annotathon.org
2014-03-04 14:53:54,annotathon.org
2014-03-04 14:54:24,annotathon.org
2014-03-04 14:54:54,annotathon.org
2014-03-04 14:55:24,annotathon.org
2014-03-04 14:55:54,annotathon.org
2014-03-04 14:56:24,annotathon.org
2014-03-04 14:56:54,annotathon.org
2014-03-04 14:57:24,annotathon.org
2014-03-04 14:57:54,annotathon.org
2014-03-04 14:58:24,annotathon.org
2014-03-04 14:58:54,annotathon.org
2014-03-04 14:59:24,annotathon.org
2014-03-04 14:59:54,annotathon.org
2014-03-04 15:00:24,annotathon.org
2014-03-04 15:00:33,safebrowsing.clients.google.com
2014-03-04 15:00:33,safebrowsing-cache.google.com
2014-03-04 15:00:34,safebrowsing-cache.google.com
2014-03-04 15:00:54,annotathon.org
2014-03-04 15:01:24,annotathon.org
2014-03-04 15:01:54,annotathon.org
2014-03-04 15:02:24,annotathon.org
2014-03-04 15:02:54,annotathon.org
2014-03-04 15:03:24,annotathon.org
2014-03-04 15:03:54,annotathon.org
2014-03-04 15:04:24,annotathon.org
2014-03-04 15:04:54,annotathon.org
2014-03-04 15:05:24,annotathon.org
2014-03-04 15:05:54,annotathon.org
2014-03-04 15:06:24,annotathon.org
2014-03-04 15:06:54,annotathon.org
2014-03-04 15:07:24,annotathon.org
2014-03-04 15:07:54,annotathon.org
2014-03-04 15:08:24,annotathon.org
2014-03-04 15:08:54,annotathon.org
2014-03-04 15:09:24,annotathon.org
2014-03-04 15:09:54,annotathon.org
2014-03-04 15:10:24,annotathon.org
2014-03-04 15:10:54,annotathon.org
2014-03-04 15:11:24,annotathon.org
2014-03-04 15:11:54,annotathon.org
2014-03-04 15:12:24,annotathon.org
2014-03-04 15:12:55,annotathon.org
2014-03-04 15:13:16,annotathon.org
2014-03-04 15:13:18,annotathon.univ-mrs.fr
2014-03-04 15:13:18,annotathon.org
2014-03-04 15:13:48,annotathon.org
2014-03-04 15:14:18,annotathon.org
2014-03-04 15:14:48,annotathon.org
2014-03-04 15:15:18,annotathon.org
2014-03-04 15:15:43,www.phylogeny.fr
2014-03-04 15:15:48,annotathon.org
2014-03-04 15:15:48,www.phylogeny.fr
2014-03-04 15:15:51,www.phylogeny.fr
2014-03-04 15:15:53,www.phylogeny.fr
2014-03-04 15:15:57,www.phylogeny.fr
2014-03-04 15:15:58,www.phylogeny.fr
2014-03-04 15:15:59,www.phylogeny.fr
2014-03-04 15:16:18,annotathon.org
2014-03-04 15:16:48,annotathon.org
2014-03-04 15:16:59,www.phylogeny.fr
2014-03-04 15:17:18,annotathon.org
2014-03-04 15:17:48,annotathon.org
2014-03-04 15:18:18,annotathon.org
2014-03-04 15:18:21,www.phylogeny.fr
2014-03-04 15:18:26,www.phylogeny.fr
2014-03-04 15:18:27,www.phylogeny.fr
2014-03-04 15:18:29,www.phylogeny.fr
2014-03-04 15:18:36,www.phylogeny.fr
2014-03-04 15:18:37,www.phylogeny.fr
2014-03-04 15:18:38,www.phylogeny.fr
2014-03-04 15:18:48,annotathon.org
2014-03-04 15:19:18,annotathon.org
2014-03-04 15:19:48,annotathon.org
2014-03-04 15:20:18,annotathon.org
2014-03-04 15:20:31,www.phylogeny.fr
2014-03-04 15:20:35,www.phylogeny.fr
2014-03-04 15:20:36,www.phylogeny.fr
2014-03-04 15:20:38,www.phylogeny.fr
2014-03-04 15:20:41,www.phylogeny.fr
2014-03-04 15:20:45,www.phylogeny.fr
2014-03-04 15:20:46,www.phylogeny.fr
2014-03-04 15:20:47,www.phylogeny.fr
2014-03-04 15:20:48,www.phylogeny.fr
2014-03-04 15:20:48,annotathon.org
2014-03-04 15:20:49,www.phylogeny.fr
2014-03-04 15:21:18,annotathon.org
2014-03-04 15:21:48,annotathon.org
2014-03-04 15:22:18,annotathon.org
2014-03-04 15:22:48,annotathon.org
2014-03-04 15:23:18,annotathon.org
2014-03-04 15:23:48,annotathon.org
2014-03-04 15:24:21,annotathon.org
2014-03-04 15:24:48,annotathon.org
2014-03-04 15:25:18,annotathon.org
2014-03-04 15:25:48,annotathon.org
2014-03-04 15:26:18,annotathon.org
2014-03-04 15:26:48,annotathon.org
2014-03-04 15:27:04,annotathon.org
2014-03-21 13:32:24,www.google.fr
2014-03-21 13:32:38,www.google.fr
2014-03-21 13:32:39,apis.google.com
2014-03-21 13:32:42,www.google.com
2014-03-21 13:33:26,apis.google.com
2014-03-21 13:33:26,www.google.fr
2014-03-21 13:33:27,www.google.fr
2014-03-21 13:33:28,www.google.com
2014-03-21 13:33:28,www.google.fr
2014-03-21 13:33:28,annotathon.org
2014-03-21 13:33:29,annotathon.org
2014-03-21 13:34:24,annotathon.org
2014-03-21 13:34:54,annotathon.org
2014-03-21 13:35:21,ieonline.microsoft.com
2014-03-21 13:35:24,annotathon.org
2014-03-21 13:35:41,annotathon.org
2014-03-21 13:35:43,annotathon.org
2014-03-21 13:35:51,annotathon.univ-mrs.fr
2014-03-21 13:35:51,annotathon.org
2014-03-21 13:36:21,annotathon.org
2014-03-21 13:36:51,annotathon.org
2014-03-21 13:37:05,www.google.fr
2014-03-21 13:37:18,www.google.fr
2014-03-21 13:37:21,annotathon.org
2014-03-21 13:37:51,annotathon.org
2014-03-21 13:38:21,annotathon.org
2014-03-21 13:38:38,www.google.fr
2014-03-21 13:38:51,annotathon.org
2014-03-21 13:39:21,annotathon.org
2014-03-21 13:39:51,annotathon.org
2014-03-21 13:40:21,annotathon.org
2014-03-21 13:40:51,annotathon.org
2014-03-21 13:41:21,annotathon.org
2014-03-21 13:41:51,annotathon.org
2014-03-21 13:42:21,annotathon.org
2014-03-21 13:42:51,annotathon.org
2014-03-21 13:43:21,annotathon.org
2014-03-21 13:43:51,annotathon.org
2014-03-21 13:44:21,annotathon.org
2014-03-21 13:44:51,annotathon.org
2014-03-21 13:45:21,annotathon.org
2014-03-21 13:45:51,annotathon.org
2014-03-21 13:46:21,annotathon.org
2014-03-21 13:46:51,annotathon.org
2014-03-21 13:47:21,annotathon.org
2014-03-21 13:47:51,annotathon.org
2014-03-21 13:48:21,annotathon.org
2014-03-21 13:48:51,annotathon.org
2014-03-21 13:49:21,annotathon.org
2014-03-21 13:49:51,annotathon.org
2014-03-21 13:50:21,annotathon.org
2014-03-21 13:50:51,annotathon.org
2014-03-21 13:51:21,annotathon.org
2014-03-21 13:51:51,annotathon.org
2014-03-21 13:52:21,annotathon.org
2014-03-21 13:52:51,annotathon.org
2014-03-21 13:53:21,annotathon.org
2014-03-21 13:53:51,annotathon.org
2014-03-21 13:54:21,annotathon.org
2014-03-21 13:54:51,annotathon.org
2014-03-21 13:55:21,annotathon.org
2014-03-21 13:55:51,annotathon.org
2014-03-21 13:56:21,annotathon.org
2014-03-21 13:56:51,annotathon.org
2014-03-21 13:57:21,annotathon.org
2014-03-21 13:57:51,annotathon.org
2014-03-21 13:58:21,annotathon.org
2014-03-21 13:58:51,annotathon.org
2014-03-21 13:59:21,annotathon.org
2014-03-21 13:59:51,annotathon.org
2014-03-21 14:00:21,annotathon.org
2014-03-21 14:00:27,platform.twitter.com
2014-03-21 14:00:51,annotathon.org
2014-03-21 14:01:21,annotathon.org
2014-03-21 14:01:51,annotathon.org
2014-03-21 14:02:21,annotathon.org
2014-03-21 14:02:51,annotathon.org
2014-03-21 14:03:21,annotathon.org
2014-03-21 14:03:51,annotathon.org
2014-03-21 14:04:21,annotathon.org
2014-03-21 14:04:51,annotathon.org
2014-03-21 14:05:21,annotathon.org
2014-03-21 14:05:51,annotathon.org
2014-03-21 14:06:21,annotathon.org
2014-03-21 14:06:51,annotathon.org
2014-03-21 14:07:21,annotathon.org
2014-03-21 14:07:51,annotathon.org
2014-03-21 14:08:21,annotathon.org
2014-03-21 14:08:51,annotathon.org
2014-03-21 14:09:21,annotathon.org
2014-03-21 14:09:51,annotathon.org
2014-03-21 14:10:21,annotathon.org
2014-03-21 14:10:51,annotathon.org
2014-03-21 14:11:21,annotathon.org
2014-03-21 14:11:51,annotathon.org
2014-03-21 14:12:21,annotathon.org
2014-03-21 14:12:51,annotathon.org
2014-03-21 14:13:21,annotathon.org
2014-03-21 14:13:51,annotathon.org
2014-03-21 14:14:21,annotathon.org
2014-03-21 14:14:51,annotathon.org
2014-03-21 14:15:21,annotathon.org
2014-03-21 14:15:51,annotathon.org
2014-03-21 14:16:21,annotathon.org
2014-03-21 14:16:51,annotathon.org
2014-03-21 14:17:21,annotathon.org
2014-03-21 14:17:51,annotathon.org
2014-03-21 14:18:21,annotathon.org
2014-03-21 14:18:30,annotathon.org
2014-03-21 14:19:00,annotathon.org
2014-03-21 14:20:00,annotathon.org
2014-03-21 14:20:30,annotathon.org
2014-03-21 14:21:00,annotathon.org
2014-03-21 14:21:30,annotathon.org
2014-03-21 14:22:00,annotathon.org
2014-03-21 14:22:30,annotathon.org
2014-03-21 14:22:47,www.google.fr
2014-03-21 14:23:00,annotathon.org
2014-03-21 14:23:01,www.google.fr
2014-03-21 14:23:30,www.google.fr
2014-03-21 14:23:30,annotathon.org
2014-03-21 14:23:31,blast.ncbi.nlm.nih.gov
2014-03-21 14:23:31,www.ncbi.nlm.nih.gov
2014-03-21 14:23:31,www.google.fr
2014-03-21 14:24:00,annotathon.org
2014-03-21 14:24:17,annotathon.org
2014-03-21 14:24:47,annotathon.org
2014-03-21 14:25:17,annotathon.org
2014-03-21 14:25:34,www.ncbi.nlm.nih.gov
2014-03-21 14:25:34,blast.ncbi.nlm.nih.gov
2014-03-21 14:25:35,blast.ncbi.nlm.nih.gov
2014-03-21 14:25:47,annotathon.org
2014-03-21 14:26:17,annotathon.org
2014-03-21 14:26:42,blast.ncbi.nlm.nih.gov
2014-03-21 14:26:47,annotathon.org
2014-03-21 14:27:14,blast.ncbi.nlm.nih.gov
2014-03-21 14:27:17,annotathon.org
2014-03-21 14:27:20,blast.ncbi.nlm.nih.gov
2014-03-21 14:27:21,blast.ncbi.nlm.nih.gov
2014-03-21 14:27:23,www.ncbi.nlm.nih.gov
2014-03-21 14:27:24,blast.ncbi.nlm.nih.gov
2014-03-21 14:27:25,www.ncbi.nlm.nih.gov
2014-03-21 14:27:26,blast.ncbi.nlm.nih.gov
2014-03-21 14:27:28,blast.ncbi.nlm.nih.gov
2014-03-21 14:27:28,www.ncbi.nlm.nih.gov
2014-03-21 14:27:30,www.ncbi.nlm.nih.gov
2014-03-21 14:27:31,blast.ncbi.nlm.nih.gov
2014-03-21 14:27:33,www.ncbi.nlm.nih.gov
2014-03-21 14:27:39,blast.ncbi.nlm.nih.gov
2014-03-21 14:27:41,www.ncbi.nlm.nih.gov
2014-03-21 14:27:47,annotathon.org
2014-03-21 14:27:51,www.ncbi.nlm.nih.gov
2014-03-21 14:27:51,blast.ncbi.nlm.nih.gov
2014-03-21 14:27:52,blast.ncbi.nlm.nih.gov
2014-03-21 14:27:53,blast.ncbi.nlm.nih.gov
2014-03-21 14:27:54,www.ncbi.nlm.nih.gov
2014-03-21 14:27:55,blast.ncbi.nlm.nih.gov
2014-03-21 14:28:17,annotathon.org
2014-03-21 14:28:47,annotathon.org
2014-03-21 14:29:17,annotathon.org
2014-03-21 14:29:47,annotathon.org
2014-03-21 14:30:01,blast.ncbi.nlm.nih.gov
2014-03-21 14:30:09,blast.ncbi.nlm.nih.gov
2014-03-21 14:30:16,www.google.fr
2014-03-21 14:30:17,annotathon.org
2014-03-21 14:30:36,www.google.fr
2014-03-21 14:30:37,blast.ncbi.nlm.nih.gov
2014-03-21 14:30:37,www.ncbi.nlm.nih.gov
2014-03-21 14:30:38,blast.ncbi.nlm.nih.gov
2014-03-21 14:30:40,blast.ncbi.nlm.nih.gov
2014-03-21 14:30:41,blast.ncbi.nlm.nih.gov
2014-03-21 14:30:47,annotathon.org
2014-03-21 14:31:17,annotathon.org
2014-03-21 14:31:47,annotathon.org
2014-03-21 14:32:17,annotathon.org
2014-03-21 14:32:23,annotathon.org
2014-03-21 14:32:41,www.google.fr
2014-03-21 14:32:53,annotathon.org
2014-03-21 14:33:23,annotathon.org
2014-03-21 14:33:53,annotathon.org
2014-03-21 14:34:23,annotathon.org
2014-03-21 14:34:53,annotathon.org
2014-03-21 14:35:23,annotathon.org
2014-03-21 14:35:53,annotathon.org
2014-03-21 14:36:23,annotathon.org
2014-03-21 14:36:53,annotathon.org
2014-03-21 14:37:23,annotathon.org
2014-03-21 14:37:53,annotathon.org
2014-03-21 14:38:23,annotathon.org
2014-03-21 14:38:53,annotathon.org
2014-03-21 14:39:13,blast.ncbi.nlm.nih.gov
2014-03-21 14:39:17,blast.ncbi.nlm.nih.gov
2014-03-21 14:39:21,blast.ncbi.nlm.nih.gov
2014-03-21 14:39:23,annotathon.org
2014-03-21 14:39:24,www.ncbi.nlm.nih.gov
2014-03-21 14:39:24,blast.ncbi.nlm.nih.gov
2014-03-21 14:39:25,blast.ncbi.nlm.nih.gov
2014-03-21 14:39:53,annotathon.org
2014-03-21 14:40:23,annotathon.org
2014-03-21 14:40:53,annotathon.org
2014-03-21 14:41:23,annotathon.org
2014-03-21 14:41:53,annotathon.org
2014-03-21 14:42:23,annotathon.org
2014-03-21 14:42:24,annotathon.org
2014-03-21 14:42:54,annotathon.org
2014-03-21 14:43:03,blast.ncbi.nlm.nih.gov
2014-03-21 14:43:04,blast.ncbi.nlm.nih.gov
2014-03-21 14:43:24,annotathon.org
2014-03-21 14:43:54,annotathon.org
2014-03-21 14:44:25,annotathon.org
2014-03-21 14:44:54,annotathon.org
2014-03-21 14:45:24,annotathon.org
2014-03-21 14:45:54,annotathon.org
2014-03-21 14:46:11,blast.ncbi.nlm.nih.gov
2014-03-21 14:46:12,blast.ncbi.nlm.nih.gov
2014-03-21 14:46:24,annotathon.org
2014-03-21 14:46:37,blast.ncbi.nlm.nih.gov
2014-03-21 14:46:54,annotathon.org
2014-03-21 14:47:24,annotathon.org
2014-03-21 14:47:54,annotathon.org
2014-03-21 14:48:24,annotathon.org
2014-03-21 14:48:54,annotathon.org
2014-03-21 14:49:24,annotathon.org
2014-03-21 14:49:54,annotathon.org
2014-03-21 14:50:24,annotathon.org
2014-03-21 14:50:54,annotathon.org
2014-03-21 14:51:24,annotathon.org
2014-03-21 14:51:54,annotathon.org
2014-03-21 14:52:24,annotathon.org
2014-03-21 14:52:49,annotathon.org
2014-03-21 14:53:19,annotathon.org
2014-03-21 14:53:49,annotathon.org
2014-03-21 14:54:19,annotathon.org
2014-03-21 14:54:49,annotathon.org
2014-03-21 14:55:19,annotathon.org
2014-03-21 14:55:49,annotathon.org
2014-03-21 14:56:19,annotathon.org
2014-03-21 14:56:49,annotathon.org
2014-03-21 14:57:19,annotathon.org
2014-03-21 14:57:49,annotathon.org
2014-03-21 14:58:19,annotathon.org
2014-03-21 14:58:49,annotathon.org
2014-03-21 14:59:19,annotathon.org
2014-03-21 14:59:49,annotathon.org
2014-03-21 15:00:19,annotathon.org
2014-03-21 15:00:42,blast.ncbi.nlm.nih.gov
2014-03-21 15:00:49,annotathon.org
2014-03-21 15:00:59,blast.ncbi.nlm.nih.gov
2014-03-21 15:01:19,annotathon.org
2014-03-21 15:01:49,annotathon.org
2014-03-21 15:02:19,annotathon.org
2014-03-21 15:02:49,annotathon.org
2014-03-21 15:03:19,annotathon.org
2014-03-21 15:03:49,annotathon.org
2014-03-21 15:04:19,annotathon.org
2014-03-21 15:04:49,annotathon.org
2014-03-21 15:04:56,blast.ncbi.nlm.nih.gov
2014-03-21 15:05:12,blast.ncbi.nlm.nih.gov
2014-03-21 15:05:13,www.ncbi.nlm.nih.gov
2014-03-21 15:05:13,static.pubmed.gov
2014-03-21 15:05:14,static.pubmed.gov
2014-03-21 15:05:14,www.ncbi.nlm.nih.gov
2014-03-21 15:05:15,static.pubmed.gov
2014-03-21 15:05:19,annotathon.org
2014-03-21 15:05:49,annotathon.org
2014-03-21 15:06:19,annotathon.org
2014-03-21 15:06:49,annotathon.org
2014-03-21 15:07:19,annotathon.org
2014-03-21 15:07:49,annotathon.org
2014-03-21 15:08:19,annotathon.org
2014-03-21 15:08:49,annotathon.org
2014-03-21 15:08:50,www.ncbi.nlm.nih.gov
2014-03-21 15:08:50,platform.twitter.com
2014-03-21 15:08:54,www.ncbi.nlm.nih.gov
2014-03-21 15:09:19,annotathon.org
2014-03-21 15:09:49,annotathon.org
2014-03-21 15:10:19,annotathon.org
2014-03-21 15:10:49,annotathon.org
2014-03-21 15:11:18,www.google.fr
2014-03-21 15:11:19,annotathon.org
2014-03-21 15:11:42,www.google.fr
2014-03-21 15:11:50,annotathon.org
2014-03-21 15:11:54,ajax.googleapis.com
2014-03-21 15:12:19,annotathon.org
2014-03-21 15:12:49,annotathon.org
2014-03-21 15:13:19,annotathon.org
2014-03-21 15:13:19,ajax.googleapis.com
2014-03-21 15:13:49,annotathon.org
2014-03-21 15:14:19,annotathon.org
2014-03-21 15:14:49,annotathon.org
2014-03-21 15:15:19,annotathon.org
2014-03-21 15:15:49,annotathon.org
2014-03-21 15:16:19,annotathon.org
2014-03-21 15:16:49,annotathon.org
2014-03-21 15:17:19,annotathon.org
2014-03-21 15:17:49,annotathon.org
2014-03-21 15:18:19,annotathon.org
2014-03-21 15:18:49,annotathon.org
2014-03-21 15:19:19,annotathon.org
2014-03-21 15:19:45,annotathon.org
2014-03-21 15:20:15,annotathon.org
2014-03-21 15:20:45,annotathon.org
2014-03-21 15:21:15,annotathon.org
2014-03-21 15:21:45,annotathon.org
2014-03-21 15:22:15,annotathon.org
2014-03-21 15:22:45,annotathon.org
2014-03-21 15:23:15,annotathon.org
2014-03-21 15:23:45,annotathon.org
2014-03-21 15:23:55,annotathon.org
2014-03-21 15:24:25,annotathon.org
2014-03-21 15:24:55,annotathon.org
2014-03-21 15:25:25,annotathon.org
2014-03-21 15:25:55,annotathon.org
2014-03-21 15:26:25,annotathon.org
2014-03-21 15:26:55,annotathon.org
2014-03-21 15:27:25,annotathon.org
2014-03-21 15:27:55,annotathon.org
2014-03-21 15:28:07,annotathon.org
2014-03-21 15:28:37,annotathon.org
2014-03-21 15:29:07,annotathon.org
2014-03-21 15:29:37,annotathon.org
2014-03-21 15:29:59,www.ncbi.nlm.nih.gov
2014-03-21 15:30:07,annotathon.org
2014-03-27 13:49:56,go.microsoft.com
2014-03-27 13:49:56,www.iegallery.com
2014-03-27 13:49:57,www.iegallery.com
2014-03-27 13:49:58,www.iegallery.com
2014-03-27 13:49:59,www.iegallery.com
2014-03-27 13:50:09,clients1.google.fr
2014-03-27 13:50:09,www.google.fr
2014-03-27 13:50:14,clients1.google.fr
2014-03-27 13:50:16,clients1.google.fr
2014-03-27 13:50:17,clients1.google.fr
2014-03-27 13:50:18,clients1.google.fr
2014-03-27 13:50:20,clients1.google.fr
2014-03-27 13:50:22,clients1.google.fr
2014-03-27 13:50:23,www.google.fr
2014-03-27 13:50:23,clients1.google.fr
2014-03-27 13:50:24,www.google.fr
2014-03-27 13:50:29,annotathon.org
2014-03-27 13:50:42,annotathon.org
2014-03-27 13:50:43,annotathon.org
2014-03-27 13:50:49,annotathon.org
2014-03-27 13:51:19,annotathon.org
2014-03-27 13:51:27,annotathon.org
2014-03-27 13:51:27,annotathon.univ-mrs.fr
2014-03-27 13:51:57,annotathon.org
2014-03-27 13:52:27,annotathon.org
2014-03-27 13:52:57,annotathon.org
2014-03-27 13:53:05,api.bing.com
2014-03-27 13:53:06,api.bing.com
2014-03-27 13:53:07,api.bing.com
2014-03-27 13:53:11,www.bing.com
2014-03-27 13:53:12,www.bing.com
2014-03-27 13:53:13,login.live.com
2014-03-27 13:53:13,www.bing.com
2014-03-27 13:53:13,cms.abmr.net
2014-03-27 13:53:14,www.bing.com
2014-03-27 13:53:16,blast.ncbi.nlm.nih.gov
2014-03-27 13:53:16,ssl.bing.com
2014-03-27 13:53:16,www.bing.com
2014-03-27 13:53:16,www.ncbi.nlm.nih.gov
2014-03-27 13:53:20,blast.ncbi.nlm.nih.gov
2014-03-27 13:53:21,blast.ncbi.nlm.nih.gov
2014-03-27 13:53:21,www.ncbi.nlm.nih.gov
2014-03-27 13:53:22,blast.ncbi.nlm.nih.gov
2014-03-27 13:53:23,www.ncbi.nlm.nih.gov
2014-03-27 13:53:27,annotathon.org
2014-03-27 13:53:53,blast.ncbi.nlm.nih.gov
2014-03-27 13:53:54,blast.ncbi.nlm.nih.gov
2014-03-27 13:53:57,annotathon.org
2014-03-27 13:53:59,blast.ncbi.nlm.nih.gov
2014-03-27 13:54:00,blast.ncbi.nlm.nih.gov
2014-03-27 13:54:02,www.ncbi.nlm.nih.gov
2014-03-27 13:54:04,blast.ncbi.nlm.nih.gov
2014-03-27 13:54:06,www.ncbi.nlm.nih.gov
2014-03-27 13:54:07,blast.ncbi.nlm.nih.gov
2014-03-27 13:54:09,blast.ncbi.nlm.nih.gov
2014-03-27 13:54:12,blast.ncbi.nlm.nih.gov
2014-03-27 13:54:19,blast.ncbi.nlm.nih.gov
2014-03-27 13:54:27,annotathon.org
2014-03-27 13:54:32,blast.ncbi.nlm.nih.gov
2014-03-27 13:54:32,www.ncbi.nlm.nih.gov
2014-03-27 13:54:33,blast.ncbi.nlm.nih.gov
2014-03-27 13:54:34,blast.ncbi.nlm.nih.gov
2014-03-27 13:54:35,blast.ncbi.nlm.nih.gov
2014-03-27 13:54:57,annotathon.org
2014-03-27 13:55:27,annotathon.org
2014-03-27 13:55:57,annotathon.org
2014-03-27 13:56:27,annotathon.org
2014-03-27 13:56:57,annotathon.org
2014-03-27 13:57:27,annotathon.org
2014-03-27 13:57:57,annotathon.org
2014-03-27 13:58:27,annotathon.org
2014-03-27 13:58:57,annotathon.org
2014-03-27 13:59:27,annotathon.org
2014-03-27 13:59:57,annotathon.org
2014-03-27 14:00:27,annotathon.org
2014-03-27 14:00:57,annotathon.org
2014-03-27 14:01:27,annotathon.org
2014-03-27 14:01:57,annotathon.org
2014-03-27 14:02:27,annotathon.org
2014-03-27 14:02:57,annotathon.org
2014-03-27 14:03:27,annotathon.org
2014-03-27 14:03:57,annotathon.org
2014-03-27 14:04:27,annotathon.org
2014-03-27 14:04:57,annotathon.org
2014-03-27 14:05:27,annotathon.org
2014-03-27 14:05:57,annotathon.org
2014-03-27 14:06:27,annotathon.org
2014-03-27 14:06:57,annotathon.org
2014-03-27 14:07:27,annotathon.org
2014-03-27 14:07:57,annotathon.org
2014-03-27 14:08:27,annotathon.org
2014-03-27 14:08:57,annotathon.org
2014-03-27 14:09:27,annotathon.org
2014-03-27 14:09:57,annotathon.org
2014-03-27 14:10:27,annotathon.org
2014-03-27 14:10:57,annotathon.org
2014-03-27 14:11:27,annotathon.org
2014-03-27 14:11:58,annotathon.org
2014-03-27 14:12:28,annotathon.org
2014-03-27 14:12:58,annotathon.org
2014-03-27 14:13:28,annotathon.org
2014-03-27 14:13:32,annotathon.org
2014-03-27 14:13:32,annotathon.univ-mrs.fr
2014-03-27 14:13:40,blast.ncbi.nlm.nih.gov
2014-03-27 14:13:46,blast.ncbi.nlm.nih.gov
2014-03-27 14:13:48,blast.ncbi.nlm.nih.gov
2014-03-27 14:13:49,blast.ncbi.nlm.nih.gov
2014-03-27 14:13:53,blast.ncbi.nlm.nih.gov
2014-03-27 14:13:55,blast.ncbi.nlm.nih.gov
2014-03-27 14:13:56,blast.ncbi.nlm.nih.gov
2014-03-27 14:13:57,blast.ncbi.nlm.nih.gov
2014-03-27 14:14:02,annotathon.org
2014-03-27 14:14:16,blast.ncbi.nlm.nih.gov
2014-03-27 14:14:21,blast.ncbi.nlm.nih.gov
2014-03-27 14:14:24,blast.ncbi.nlm.nih.gov
2014-03-27 14:14:26,blast.ncbi.nlm.nih.gov
2014-03-27 14:14:28,www.ncbi.nlm.nih.gov
2014-03-27 14:14:29,blast.ncbi.nlm.nih.gov
2014-03-27 14:14:32,annotathon.org
2014-03-27 14:15:02,annotathon.org
2014-03-27 14:15:31,annotathon.org
2014-03-27 14:16:01,annotathon.org
2014-03-27 14:16:31,annotathon.org
2014-03-27 14:16:57,www.squid-cache.org
2014-03-27 14:17:01,annotathon.org
2014-03-27 14:17:11,www.bing.com
2014-03-27 14:17:13,www.bing.com
2014-03-27 14:17:13,login.live.com
2014-03-27 14:17:17,www.bing.com
2014-03-27 14:17:18,www.bing.com
2014-03-27 14:17:19,ssl.bing.com
2014-03-27 14:17:19,www.phylogeny.fr
2014-03-27 14:17:32,annotathon.org
2014-03-27 14:17:37,www.phylogeny.fr
2014-03-27 14:17:38,www.phylogeny.fr
2014-03-27 14:18:02,annotathon.org
2014-03-27 14:18:32,annotathon.org
2014-03-27 14:19:02,annotathon.org
2014-03-27 14:19:32,annotathon.org
2014-03-27 14:20:02,annotathon.org
2014-03-27 14:20:32,annotathon.org
2014-03-27 14:21:02,annotathon.org
2014-03-27 14:21:32,annotathon.org
2014-03-27 14:22:02,annotathon.org
2014-03-27 14:22:32,annotathon.org
2014-03-27 14:23:02,annotathon.org
2014-03-27 14:23:17,blast.ncbi.nlm.nih.gov
2014-03-27 14:23:18,static.pubmed.gov
2014-03-27 14:23:18,www.ncbi.nlm.nih.gov
2014-03-27 14:23:19,static.pubmed.gov
2014-03-27 14:23:19,www.ncbi.nlm.nih.gov
2014-03-27 14:23:20,www.ncbi.nlm.nih.gov
2014-03-27 14:23:20,static.pubmed.gov
2014-03-27 14:23:32,annotathon.org
2014-03-27 14:24:02,annotathon.org
2014-03-27 14:24:32,annotathon.org
2014-03-27 14:24:47,blast.ncbi.nlm.nih.gov
2014-03-27 14:24:48,blast.ncbi.nlm.nih.gov
2014-03-27 14:24:50,blast.ncbi.nlm.nih.gov
2014-03-27 14:24:51,blast.ncbi.nlm.nih.gov
2014-03-27 14:25:02,annotathon.org
2014-03-27 14:25:06,blast.ncbi.nlm.nih.gov
2014-03-27 14:25:07,blast.ncbi.nlm.nih.gov
2014-03-27 14:25:12,blast.ncbi.nlm.nih.gov
2014-03-27 14:25:15,blast.ncbi.nlm.nih.gov
2014-03-27 14:25:17,www.ncbi.nlm.nih.gov
2014-03-27 14:25:18,blast.ncbi.nlm.nih.gov
2014-03-27 14:25:20,www.ncbi.nlm.nih.gov
2014-03-27 14:25:20,blast.ncbi.nlm.nih.gov
2014-03-27 14:25:23,blast.ncbi.nlm.nih.gov
2014-03-27 14:25:25,blast.ncbi.nlm.nih.gov
2014-03-27 14:25:32,annotathon.org
2014-03-27 14:25:33,blast.ncbi.nlm.nih.gov
2014-03-27 14:25:45,blast.ncbi.nlm.nih.gov
2014-03-27 14:25:46,blast.ncbi.nlm.nih.gov
2014-03-27 14:25:47,blast.ncbi.nlm.nih.gov
2014-03-27 14:25:48,blast.ncbi.nlm.nih.gov
2014-03-27 14:26:02,annotathon.org
2014-03-27 14:26:32,annotathon.org
2014-03-27 14:27:00,blast.ncbi.nlm.nih.gov
2014-03-27 14:27:01,www.ncbi.nlm.nih.gov
2014-03-27 14:27:02,www.ncbi.nlm.nih.gov
2014-03-27 14:27:02,static.pubmed.gov
2014-03-27 14:27:02,annotathon.org
2014-03-27 14:27:03,www.ncbi.nlm.nih.gov
2014-03-27 14:27:32,annotathon.org
2014-03-27 14:28:02,annotathon.org
2014-03-27 14:28:32,annotathon.org
2014-03-27 14:29:02,annotathon.org
2014-03-27 14:29:32,annotathon.org
2014-03-27 14:30:02,annotathon.org
2014-03-27 14:30:32,annotathon.org
2014-03-27 14:31:02,annotathon.org
2014-03-27 14:31:33,annotathon.org
2014-03-27 14:31:34,annotathon.org
2014-03-27 14:31:35,annotathon.org
2014-03-27 14:31:35,annotathon.univ-mrs.fr
2014-03-27 14:32:05,annotathon.org
2014-03-27 14:32:35,annotathon.org
2014-03-27 14:33:05,annotathon.org
2014-03-27 14:33:35,annotathon.org
2014-03-27 14:33:58,annotathon.org
2014-03-27 14:33:58,annotathon.univ-mrs.fr
2014-03-27 14:34:28,annotathon.org
2014-03-27 14:34:58,annotathon.org
2014-03-27 14:35:28,annotathon.org
2014-03-27 14:35:58,annotathon.org
2014-03-27 14:36:28,annotathon.org
2014-03-27 14:36:58,annotathon.org
2014-03-27 14:37:12,blast.ncbi.nlm.nih.gov
2014-03-27 14:37:14,www.ncbi.nlm.nih.gov
2014-03-27 14:37:16,www.ncbi.nlm.nih.gov
2014-03-27 14:37:31,annotathon.org
2014-03-27 14:38:01,annotathon.org
2014-03-27 14:38:31,annotathon.org
2014-03-27 14:39:01,annotathon.org
2014-03-27 14:39:31,annotathon.org
2014-03-27 14:40:01,annotathon.org
2014-03-27 14:40:31,annotathon.org
2014-03-27 14:41:01,annotathon.org
2014-03-27 14:41:31,annotathon.org
2014-03-27 14:42:01,annotathon.org
2014-03-27 14:42:31,annotathon.org
2014-03-27 14:43:01,annotathon.org
2014-03-27 14:43:31,annotathon.org
2014-03-27 14:44:01,annotathon.org
2014-03-27 14:44:31,annotathon.org
2014-03-27 14:45:01,annotathon.org
2014-03-27 14:45:11,annotathon.org
2014-03-27 14:45:11,annotathon.univ-mrs.fr
2014-03-27 14:45:22,www.google.fr
2014-03-27 14:45:22,clients1.google.fr
2014-03-27 14:45:24,clients1.google.fr
2014-03-27 14:45:26,www.google.fr
2014-03-27 14:45:26,clients1.google.fr
2014-03-27 14:45:28,www.google.fr
2014-03-27 14:45:29,www.ncbi.nlm.nih.gov
2014-03-27 14:45:29,blast.ncbi.nlm.nih.gov
2014-03-27 14:45:30,blast.ncbi.nlm.nih.gov
2014-03-27 14:45:35,blast.ncbi.nlm.nih.gov
2014-03-27 14:45:36,blast.ncbi.nlm.nih.gov
2014-03-27 14:45:37,blast.ncbi.nlm.nih.gov
2014-03-27 14:45:41,annotathon.org
2014-03-27 14:45:54,blast.ncbi.nlm.nih.gov
2014-03-27 14:45:55,blast.ncbi.nlm.nih.gov
2014-03-27 14:45:59,blast.ncbi.nlm.nih.gov
2014-03-27 14:46:00,blast.ncbi.nlm.nih.gov
2014-03-27 14:46:01,blast.ncbi.nlm.nih.gov
2014-03-27 14:46:03,www.ncbi.nlm.nih.gov
2014-03-27 14:46:04,blast.ncbi.nlm.nih.gov
2014-03-27 14:46:06,blast.ncbi.nlm.nih.gov
2014-03-27 14:46:09,blast.ncbi.nlm.nih.gov
2014-03-27 14:46:11,annotathon.org
2014-03-27 14:46:11,blast.ncbi.nlm.nih.gov
2014-03-27 14:46:19,blast.ncbi.nlm.nih.gov
2014-03-27 14:46:31,blast.ncbi.nlm.nih.gov
2014-03-27 14:46:33,blast.ncbi.nlm.nih.gov
2014-03-27 14:46:34,blast.ncbi.nlm.nih.gov
2014-03-27 14:46:35,blast.ncbi.nlm.nih.gov
2014-03-27 14:46:36,blast.ncbi.nlm.nih.gov
2014-03-27 14:46:41,annotathon.org
2014-03-27 14:46:53,blast.ncbi.nlm.nih.gov
2014-03-27 14:46:54,blast.ncbi.nlm.nih.gov
2014-03-27 14:46:56,blast.ncbi.nlm.nih.gov
2014-03-27 14:46:57,blast.ncbi.nlm.nih.gov
2014-03-27 14:47:11,annotathon.org
2014-03-27 14:47:41,annotathon.org
2014-03-27 14:48:11,annotathon.org
2014-03-27 14:48:41,annotathon.org
2014-03-27 14:49:11,annotathon.org
2014-03-27 14:49:41,annotathon.org
2014-03-27 14:50:11,annotathon.org
2014-03-27 14:50:41,annotathon.org
2014-03-27 14:51:11,annotathon.org
2014-03-27 14:51:41,annotathon.org
2014-03-27 14:52:11,annotathon.org
2014-03-27 14:52:41,annotathon.org
2014-03-27 14:53:11,annotathon.org
2014-03-27 14:53:41,annotathon.org
2014-03-27 14:54:11,annotathon.org
2014-03-27 14:54:41,annotathon.org
2014-03-27 14:55:12,annotathon.org
2014-03-27 14:55:42,annotathon.org
2014-03-27 14:56:12,annotathon.org
2014-03-27 14:56:42,annotathon.org
2014-03-27 14:57:12,annotathon.org
2014-03-27 14:57:42,annotathon.org
2014-03-27 14:58:12,annotathon.org
2014-03-27 14:58:42,annotathon.org
2014-03-27 14:59:12,annotathon.org
2014-03-27 14:59:42,annotathon.org
2014-03-27 15:00:12,annotathon.org
2014-03-27 15:00:42,annotathon.org
2014-03-27 15:01:12,annotathon.org
2014-03-27 15:01:42,annotathon.org
2014-03-27 15:02:12,annotathon.org
2014-03-27 15:02:31,blast.ncbi.nlm.nih.gov
2014-03-27 15:02:34,blast.ncbi.nlm.nih.gov
2014-03-27 15:02:34,www.ncbi.nlm.nih.gov
2014-03-27 15:02:35,www.ncbi.nlm.nih.gov
2014-03-27 15:02:36,static.pubmed.gov
2014-03-27 15:02:36,www.ncbi.nlm.nih.gov
2014-03-27 15:02:37,www.ncbi.nlm.nih.gov
2014-03-27 15:02:37,static.pubmed.gov
2014-03-27 15:02:42,annotathon.org
2014-03-27 15:02:48,www.ncbi.nlm.nih.gov
2014-03-27 15:02:48,static.pubmed.gov
2014-03-27 15:03:12,annotathon.org
2014-03-27 15:03:22,www.ncbi.nlm.nih.gov
2014-03-27 15:03:24,www.ncbi.nlm.nih.gov
2014-03-27 15:03:25,static.pubmed.gov
2014-03-27 15:03:27,www.ncbi.nlm.nih.gov
2014-03-27 15:03:28,static.pubmed.gov
2014-03-27 15:03:28,www.ncbi.nlm.nih.gov
2014-03-27 15:03:29,www.ncbi.nlm.nih.gov
2014-03-27 15:03:30,www.ncbi.nlm.nih.gov
2014-03-27 15:03:37,www.ncbi.nlm.nih.gov
2014-03-27 15:03:38,www.ncbi.nlm.nih.gov
2014-03-27 15:03:38,static.pubmed.gov
2014-03-27 15:03:39,static.pubmed.gov
2014-03-27 15:03:40,www.ncbi.nlm.nih.gov
2014-03-27 15:03:42,annotathon.org
2014-03-27 15:03:42,www.ncbi.nlm.nih.gov
2014-03-27 15:03:42,static.pubmed.gov
2014-03-27 15:03:44,www.ncbi.nlm.nih.gov
2014-03-27 15:03:50,www.ncbi.nlm.nih.gov
2014-03-27 15:04:02,www.ncbi.nlm.nih.gov
2014-03-27 15:04:12,annotathon.org
2014-03-27 15:04:18,www.ncbi.nlm.nih.gov
2014-03-27 15:04:19,www.ncbi.nlm.nih.gov
2014-03-27 15:04:20,www.ncbi.nlm.nih.gov
2014-03-27 15:04:21,blast.ncbi.nlm.nih.gov
2014-03-27 15:04:21,www.ncbi.nlm.nih.gov
2014-03-27 15:04:42,annotathon.org
2014-03-27 15:05:11,blast.ncbi.nlm.nih.gov
2014-03-27 15:05:11,www.ncbi.nlm.nih.gov
2014-03-27 15:05:12,www.ncbi.nlm.nih.gov
2014-03-27 15:05:12,annotathon.org
2014-03-27 15:05:14,www.ncbi.nlm.nih.gov
2014-03-27 15:05:15,www.ncbi.nlm.nih.gov
2014-03-27 15:05:16,www.ncbi.nlm.nih.gov
2014-03-27 15:05:42,annotathon.org
2014-03-27 15:06:07,www.ncbi.nlm.nih.gov
2014-03-27 15:06:08,www.ncbi.nlm.nih.gov
2014-03-27 15:06:12,annotathon.org
2014-03-27 15:06:12,www.ncbi.nlm.nih.gov
2014-03-27 15:06:13,www.ncbi.nlm.nih.gov
2014-03-27 15:06:14,www.ncbi.nlm.nih.gov
2014-03-27 15:06:14,static.pubmed.gov
2014-03-27 15:06:15,www.ncbi.nlm.nih.gov
2014-03-27 15:06:34,www.ncbi.nlm.nih.gov
2014-03-27 15:06:35,www.ncbi.nlm.nih.gov
2014-03-27 15:06:41,www.ncbi.nlm.nih.gov
2014-03-27 15:06:42,annotathon.org
2014-03-27 15:06:46,www.ncbi.nlm.nih.gov
2014-03-27 15:06:47,www.ncbi.nlm.nih.gov
2014-03-27 15:06:48,static.pubmed.gov
2014-03-27 15:06:48,www.ncbi.nlm.nih.gov
2014-03-27 15:06:49,www.ncbi.nlm.nih.gov
2014-03-27 15:06:50,www.ncbi.nlm.nih.gov
2014-03-27 15:07:12,annotathon.org
2014-03-27 15:07:21,www.ncbi.nlm.nih.gov
2014-03-27 15:07:22,www.ncbi.nlm.nih.gov
2014-03-27 15:07:23,www.ncbi.nlm.nih.gov
2014-03-27 15:07:24,blast.ncbi.nlm.nih.gov
2014-03-27 15:07:32,blast.ncbi.nlm.nih.gov
2014-03-27 15:07:35,blast.ncbi.nlm.nih.gov
2014-03-27 15:07:36,blast.ncbi.nlm.nih.gov
2014-03-27 15:07:38,blast.ncbi.nlm.nih.gov
2014-03-27 15:07:39,blast.ncbi.nlm.nih.gov
2014-03-27 15:07:42,annotathon.org
2014-03-27 15:08:12,annotathon.org
2014-03-27 15:08:42,annotathon.org
2014-03-27 15:09:12,annotathon.org
2014-03-27 15:09:40,blast.ncbi.nlm.nih.gov
2014-03-27 15:09:42,annotathon.org
2014-03-27 15:09:45,blast.ncbi.nlm.nih.gov
2014-03-27 15:09:47,blast.ncbi.nlm.nih.gov
2014-03-27 15:09:49,www.ncbi.nlm.nih.gov
2014-03-27 15:09:49,blast.ncbi.nlm.nih.gov
2014-03-27 15:09:51,www.ncbi.nlm.nih.gov
2014-03-27 15:09:52,blast.ncbi.nlm.nih.gov
2014-03-27 15:09:54,blast.ncbi.nlm.nih.gov
2014-03-27 15:09:57,blast.ncbi.nlm.nih.gov
2014-03-27 15:10:04,blast.ncbi.nlm.nih.gov
2014-03-27 15:10:12,annotathon.org
2014-03-27 15:10:17,blast.ncbi.nlm.nih.gov
2014-03-27 15:10:34,blast.ncbi.nlm.nih.gov
2014-03-27 15:10:36,blast.ncbi.nlm.nih.gov
2014-03-27 15:10:37,blast.ncbi.nlm.nih.gov
2014-03-27 15:10:38,blast.ncbi.nlm.nih.gov
2014-03-27 15:10:40,blast.ncbi.nlm.nih.gov
2014-03-27 15:10:41,blast.ncbi.nlm.nih.gov
2014-03-27 15:10:42,annotathon.org
2014-03-27 15:10:58,blast.ncbi.nlm.nih.gov
2014-03-27 15:11:00,blast.ncbi.nlm.nih.gov
2014-03-27 15:11:00,www.ncbi.nlm.nih.gov
2014-03-27 15:11:01,www.ncbi.nlm.nih.gov
2014-03-27 15:11:06,www.ncbi.nlm.nih.gov
2014-03-27 15:11:06,blast.ncbi.nlm.nih.gov
2014-03-27 15:11:08,www.ncbi.nlm.nih.gov
2014-03-27 15:11:12,annotathon.org
2014-03-27 15:11:12,www.ncbi.nlm.nih.gov
2014-03-27 15:11:13,blast.ncbi.nlm.nih.gov
2014-03-27 15:11:14,www.ncbi.nlm.nih.gov
2014-03-27 15:11:20,blast.ncbi.nlm.nih.gov
2014-03-27 15:11:21,blast.ncbi.nlm.nih.gov
2014-03-27 15:11:22,www.ncbi.nlm.nih.gov
2014-03-27 15:11:23,www.ncbi.nlm.nih.gov
2014-03-27 15:11:27,blast.ncbi.nlm.nih.gov
2014-03-27 15:11:28,blast.ncbi.nlm.nih.gov
2014-03-27 15:11:33,blast.ncbi.nlm.nih.gov
2014-03-27 15:11:37,blast.ncbi.nlm.nih.gov
2014-03-27 15:11:37,www.ncbi.nlm.nih.gov
2014-03-27 15:11:39,www.ncbi.nlm.nih.gov
2014-03-27 15:11:42,annotathon.org
2014-03-27 15:11:49,www.ncbi.nlm.nih.gov
2014-03-27 15:11:49,blast.ncbi.nlm.nih.gov
2014-03-27 15:11:50,www.ncbi.nlm.nih.gov
2014-03-27 15:12:11,www.ncbi.nlm.nih.gov
2014-03-27 15:12:11,blast.ncbi.nlm.nih.gov
2014-03-27 15:12:12,annotathon.org
2014-03-27 15:12:13,www.ncbi.nlm.nih.gov
2014-03-27 15:12:19,blast.ncbi.nlm.nih.gov
2014-03-27 15:12:21,blast.ncbi.nlm.nih.gov
2014-03-27 15:12:22,blast.ncbi.nlm.nih.gov
2014-03-27 15:12:38,blast.ncbi.nlm.nih.gov
2014-03-27 15:12:38,www.ncbi.nlm.nih.gov
2014-03-27 15:12:40,www.ncbi.nlm.nih.gov
2014-03-27 15:12:42,annotathon.org
2014-03-27 15:12:49,blast.ncbi.nlm.nih.gov
2014-03-27 15:12:50,www.ncbi.nlm.nih.gov
2014-03-27 15:12:51,www.ncbi.nlm.nih.gov
2014-03-27 15:13:12,annotathon.org
2014-03-27 15:13:16,blast.ncbi.nlm.nih.gov
2014-03-27 15:13:18,www.ncbi.nlm.nih.gov
2014-03-27 15:13:19,www.ncbi.nlm.nih.gov
2014-03-27 15:13:42,annotathon.org
2014-03-27 15:14:12,annotathon.org
2014-03-27 15:14:42,annotathon.org
2014-03-27 15:15:12,annotathon.org
2014-03-27 15:15:42,annotathon.org
2014-03-27 15:16:12,annotathon.org
2014-03-27 15:16:42,annotathon.org
2014-03-27 15:17:12,annotathon.org
2014-03-27 15:17:42,annotathon.org
2014-03-27 15:18:12,annotathon.org
2014-03-27 15:18:42,annotathon.org
2014-03-27 15:19:12,annotathon.org
2014-03-27 15:19:42,annotathon.org
2014-03-27 15:20:12,annotathon.org
2014-03-27 15:20:39,annotathon.univ-mrs.fr
2014-03-27 15:20:39,annotathon.org
2014-03-27 15:20:48,annotathon.org
