timestamp,site
2013-11-12 15:16:47,fpdownload2.macromedia.com
2013-11-12 15:16:58,www.bing.com
2013-11-12 15:16:58,www.google.com
2013-11-12 15:18:57,go.microsoft.com
2013-11-12 15:19:50,ieonline.microsoft.com
2014-01-03 08:29:04,www.google.fr
2014-01-03 08:29:05,www.google.fr
2014-01-03 08:29:06,www.google.com
2014-01-03 08:29:29,www.google.com
2014-01-03 08:29:29,www.google.fr
2014-01-03 08:29:30,www.google.fr
2014-01-03 08:29:30,bits.wikimedia.org
2014-01-03 08:29:30,fr.wikipedia.org
2014-01-03 08:29:31,fr.wikipedia.org
2014-01-03 08:29:31,meta.wikimedia.org
2014-01-03 08:29:31,bits.wikimedia.org
2014-01-03 08:29:31,login.wikimedia.org
2014-01-03 08:30:29,bits.wikimedia.org
2014-01-03 08:30:29,www.google.fr
2014-01-03 08:30:29,fr.wikipedia.org
2014-01-03 08:30:30,meta.wikimedia.org
2014-01-03 08:31:50,i.rugbyrama.fr
2014-01-03 08:31:50,www.facebook.com
2014-01-03 08:31:50,layout.rugbyrama.fr
2014-01-03 08:31:50,www.rugbyrama.fr
2014-01-03 08:31:50,www.google.fr
2014-01-03 08:31:51,platform.twitter.com
2014-01-03 08:31:51,s.tf1.fr
2014-01-03 08:31:51,layout.rugbyrama.fr
2014-01-03 08:31:51,i.rugbyrama.fr
2014-01-03 08:31:52,www.facebook.com
2014-01-03 08:31:52,connect.facebook.net
2014-01-03 08:31:52,static.ak.facebook.com
2014-01-03 08:31:52,apis.google.com
2014-01-03 08:31:52,s-static.ak.facebook.com
2014-01-03 08:31:52,platform.twitter.com
2014-01-03 08:31:52,layout.rugbyrama.fr
2014-01-03 08:31:53,apis.google.com
2014-01-03 08:31:53,twitter.com
2014-01-03 08:31:53,accounts.google.com
2014-01-03 08:31:53,www.google.com
2014-01-03 08:31:54,pr.ybp.yahoo.com
2014-01-03 08:31:54,fr.ad4mat.net
2014-01-03 08:31:54,fpdownload2.macromedia.com
2014-01-03 08:31:54,rbp.mxptint.net
2014-01-03 08:31:54,platform.twitter.com
2014-01-03 08:31:54,www.facebook.com
2014-01-03 08:31:54,accounts.google.com
2014-01-03 08:31:55,www.rugbyrama.fr
2014-01-03 08:31:55,layout.rugbyrama.fr
2014-01-03 08:32:11,twitter.com
2014-01-03 08:32:11,www.facebook.com
2014-01-03 08:32:43,i.rugbyrama.fr
2014-01-03 08:32:44,i.rugbyrama.fr
2014-01-03 08:33:38,i.rugbyrama.fr
2014-01-03 08:33:46,i.rugbyrama.fr
2014-01-03 08:33:47,fr.ad4mat.net
2014-01-03 08:33:47,i.rugbyrama.fr
2014-01-03 08:33:48,fr.ad4mat.net
2014-01-03 08:33:48,static.ad4mat.net
2014-01-03 08:33:48,cyrillus.commander1.com
2014-01-03 08:33:48,media.cyrillus.fr
2014-01-03 08:33:48,ea.numericable.fr
2014-01-03 08:33:51,www.facebook.com
2014-01-03 08:34:05,www.facebook.com
2014-01-03 08:34:05,static.lequipe.fr
2014-01-03 08:34:05,medias.lequipe.fr
2014-01-03 08:34:05,platform.twitter.com
2014-01-03 08:34:05,www.google.fr
2014-01-03 08:34:05,www.lequipe.fr
2014-01-03 08:34:06,www.lequipe.fr
2014-01-03 08:34:06,netstorage.lequipe.fr
2014-01-03 08:34:06,widget.achetezfacile.com
2014-01-03 08:34:06,platform.twitter.com
2014-01-03 08:34:06,twitter.com
2014-01-03 08:34:06,medias.lequipe.fr
2014-01-03 08:34:06,static.lequipe.fr
2014-01-03 08:34:07,apis.google.com
2014-01-03 08:34:07,match.rtbidder.net
2014-01-03 08:34:08,apis.google.com
2014-01-03 08:34:08,ajax.googleapis.com
2014-01-03 08:34:08,www.lequipe.fr
2014-01-03 08:34:08,static.ak.facebook.com
2014-01-03 08:34:08,i.htfacile.fr
2014-01-03 08:34:08,rubicon-match.dotomi.com
2014-01-03 08:34:08,s-static.ak.facebook.com
2014-01-03 08:34:09,www.facebook.com
2014-01-03 08:34:09,rubicon-match.dotomi.com
2014-01-03 08:34:09,pmu.eficiens-serving.com
2014-01-03 08:34:09,www.lequipe.fr
2014-01-03 08:34:09,accounts.google.com
2014-01-03 08:34:09,dtm.pacsun.com
2014-01-03 08:34:10,platform.twitter.com
2014-01-03 08:34:10,static.lequipe.fr
2014-01-03 08:34:12,static.lequipe.fr
2014-01-03 08:34:32,twitter.com
2014-01-03 08:35:23,fr.wikipedia.org
2014-01-03 08:35:23,www.google.fr
2014-01-03 08:35:23,bits.wikimedia.org
2014-01-03 08:35:24,meta.wikimedia.org
2014-01-03 08:35:25,fr.wikipedia.org
2014-01-03 08:35:34,www.google.fr
2014-01-03 08:38:59,www.google.fr
2014-01-03 08:39:00,www.google.fr
2014-01-03 08:39:00,www.google.com
2014-01-03 08:39:06,www.google.com
2014-01-03 08:39:16,www.google.fr
2014-01-03 08:39:17,s1.lemde.fr
2014-01-03 08:39:17,www.lemonde.fr
2014-01-03 08:39:17,www.google.fr
2014-01-03 08:39:18,pixel.alephd.com
2014-01-03 08:39:18,videosfr.s3.amazonaws.com
2014-01-03 08:39:18,s1.lemde.fr
2014-01-03 08:39:18,kweb.videostep.com
2014-01-03 08:39:19,www.facebook.com
2014-01-03 08:39:19,pixel.alephd.com
2014-01-03 08:39:19,u.videostep.com
2014-01-03 08:39:19,publi.lemonde.fr
2014-01-03 08:39:19,s1.lemde.fr
2014-01-03 08:39:19,static.videostep.com
2014-01-03 08:39:20,hal9000.redintelligence.net
2014-01-03 08:39:20,s1.lemde.fr
2014-01-03 08:39:20,www.lemonde.fr
2014-01-03 08:39:20,banniere.reussissonsensemble.fr
2014-01-03 08:39:20,live.lemde.fr
2014-01-03 08:39:21,static.videostep.com
2014-01-03 08:39:21,s.videostep.com
2014-01-03 08:39:21,s1.lemde.fr
2014-01-03 08:39:21,u.videostep.com
2014-01-03 08:39:21,listener.ezakus.net
2014-01-03 08:39:21,banniere.reussissonsensemble.fr
2014-01-03 08:39:22,i1-js-14-3-01-10013-637877413-i.init.cedexis-radar.net
2014-01-03 08:39:23,gce-us-central1-a.bench.cedexis.com
2014-01-03 08:39:25,kwebstat.videostep.com
2014-01-03 08:39:25,s.videostep.com
2014-01-03 08:39:25,static.videostep.com
2014-01-03 08:39:26,s.videostep.com
2014-01-03 08:39:26,fastly.bench.cedexis.com
2014-01-03 08:39:26,fastly.bench.cedexis.com.global.prod.fastly.net
2014-01-03 08:39:28,codeorigin.jquery.com
2014-01-03 08:39:28,cshoppingbox.partner.leguide.com
2014-01-03 08:39:28,cdnjs.cloudflare.com
2014-01-03 08:39:28,code.jquery.com
2014-01-03 08:39:29,cimg.leguide.com
2014-01-03 08:39:29,static.videostep.com
2014-01-03 08:39:29,fastly.bench.cedexis.com
2014-01-03 08:39:30,br.ecritel.bench.cedexis.com
2014-01-03 08:39:32,live.lemde.fr
2014-01-03 08:39:33,br.ecritel.bench.cedexis.com
2014-01-03 08:42:00,www.google.fr
2014-01-03 08:42:00,www.ladepeche.fr
2014-01-03 08:42:01,s-static.ak.facebook.com
2014-01-03 08:42:01,www.ladepeche.fr
2014-01-03 08:42:01,static.ak.facebook.com
2014-01-03 08:42:01,static.ladepeche.fr
2014-01-03 08:42:02,rp.gwallet.com
2014-01-03 08:42:02,x2.vindicosuite.com
2014-01-03 08:42:02,um.simpli.fi
2014-01-03 08:42:03,platform.twitter.com
2014-01-03 08:42:03,www.ladepeche.fr
2014-01-03 08:42:03,static.publi.fr
2014-01-03 08:42:03,apis.google.com
2014-01-03 08:42:03,static.ladepeche.fr
2014-01-03 08:42:03,adpurl.ladepeche.com
2014-01-03 08:42:04,adpurl.ladepeche.com
2014-01-03 08:42:04,www.ladepeche.fr
2014-01-03 08:42:04,static.ladepeche.fr
2014-01-03 08:42:04,accounts.google.com
2014-01-03 08:42:05,c1.adform.net
2014-01-03 08:42:05,www.facebook.com
2014-01-03 08:42:05,static.ladepeche.fr
2014-01-03 08:42:05,www.ladepeche.fr
2014-01-03 08:42:06,www.facebook.com
2014-01-03 08:42:06,pixel2368.everesttech.net
2014-01-03 08:42:07,www.ladepeche.fr
2014-01-03 08:42:07,www.facebook.com
2014-01-03 08:42:08,twitter.com
2014-01-03 08:42:14,www.facebook.com
2014-01-03 08:42:18,twitter.com
2014-01-03 08:42:26,www.google.fr
2014-01-03 08:42:27,login.wikimedia.org
2014-01-03 08:42:27,www.google.fr
2014-01-03 08:42:27,fr.wiktionary.org
2014-01-03 08:42:27,bits.wikimedia.org
2014-01-03 08:42:27,meta.wikimedia.org
2014-01-03 08:42:49,www.google.fr
2014-01-03 08:42:49,www.lerugbynistere.fr
2014-01-03 08:42:50,www.lerugbynistere.fr
2014-01-03 08:42:52,www.lerugbynistere.fr
2014-01-03 08:42:53,ce.lijit.com
2014-01-03 08:42:53,www.facebook.com
2014-01-03 08:42:53,www.lerugbynistere.fr
2014-01-03 08:42:54,www.lerugbynistere.fr
2014-01-03 08:42:55,www.lerugbynistere.fr
2014-01-03 08:42:55,y.one.impact-ad.jp
2014-01-03 08:42:56,www.facebook.com
2014-01-03 08:42:56,www.lerugbynistere.fr
2014-01-03 08:42:57,ox-d.adventuremediaglobal.com
2014-01-03 08:42:57,www.lerugbynistere.fr
2014-01-03 08:42:58,www.lerugbynistere.fr
2014-01-03 08:43:00,www.lerugbynistere.fr
2014-01-03 08:43:02,www.lerugbynistere.fr
2014-01-03 08:43:04,www.lerugbynistere.fr
2014-01-03 08:43:05,www.lerugbynistere.fr
2014-01-03 08:43:06,www.lerugbynistere.fr
2014-01-03 08:43:08,www.lerugbynistere.fr
2014-01-03 08:43:10,www.lerugbynistere.fr
2014-01-03 08:43:12,www.lerugbynistere.fr
2014-01-03 08:43:14,www.lerugbynistere.fr
2014-01-03 08:43:16,www.lerugbynistere.fr
2014-01-03 08:43:18,www.lerugbynistere.fr
2014-01-03 08:43:20,www.lerugbynistere.fr
2014-01-03 08:43:22,www.lerugbynistere.fr
2014-01-03 08:43:24,www.lerugbynistere.fr
2014-01-03 08:43:26,www.lerugbynistere.fr
2014-01-03 08:43:28,www.lerugbynistere.fr
2014-01-03 08:43:30,www.lerugbynistere.fr
2014-01-03 08:43:32,www.lerugbynistere.fr
2014-01-03 08:43:34,www.lerugbynistere.fr
2014-01-03 08:43:39,vast.bp3854592.btrll.com
2014-01-03 08:43:41,www.lerugbynistere.fr
2014-01-03 08:43:42,www.lerugbynistere.fr
2014-01-03 08:43:43,www.lerugbynistere.fr
2014-01-03 08:43:43,ox-d.adventuremediaglobal.com
2014-01-03 08:43:43,loadr.exelator.com
2014-01-03 08:43:44,www.lerugbynistere.fr
2014-01-03 08:43:44,ox-d.adventuremediaglobal.com
2014-01-03 08:43:46,ox-d.adventuremediaglobal.com
2014-01-03 08:43:46,www.lerugbynistere.fr
2014-01-03 08:43:48,www.lerugbynistere.fr
2014-01-03 08:43:49,ce.lijit.com
2014-01-03 08:43:55,www.lerugbynistere.fr
2014-01-03 08:43:57,www.lerugbynistere.fr
2014-01-03 08:43:58,www.lerugbynistere.fr
2014-01-03 08:43:59,www.lerugbynistere.fr
2014-01-03 08:43:59,hal9000.redintelligence.net
2014-01-03 08:43:59,ajax.googleapis.com
2014-01-03 08:43:59,n38.hal9000.redintelligence.net
2014-01-03 08:43:59,api.dailymotion.com
2014-01-03 08:43:59,www.dailymotion.com
2014-01-03 08:44:00,api.dailymotion.com
2014-01-03 08:44:00,www.dailymotion.com
2014-01-03 08:44:00,www.effiliation-hebergement.com
2014-01-03 08:44:09,n.dyntrk.com
2014-01-03 08:44:09,audience.visiblemeasures.com
2014-01-03 08:44:09,www.dailymotion.com
2014-01-03 08:44:10,www.dailymotion.com
2014-01-03 08:44:10,od2.visiblemeasures.com
2014-01-03 08:44:15,www.dailymotion.com
2014-01-03 08:44:16,vast.bp3849535.btrll.com
2014-01-03 08:44:16,www.dailymotion.com
2014-01-03 08:44:17,vast.bp3849534.btrll.com
2014-01-03 08:44:17,www.dailymotion.com
2014-01-03 08:44:17,vast.bp3849535.btrll.com
2014-01-03 08:44:18,www.dailymotion.com
2014-01-03 08:44:19,vast.bp3849914.btrll.com
2014-01-03 08:44:19,www.dailymotion.com
2014-01-03 08:44:20,www.dailymotion.com
2014-01-03 08:44:20,audience.visiblemeasures.com
2014-01-03 08:44:20,logger-02.vty.dailymotion.com
2014-01-03 08:44:20,od2.visiblemeasures.com
2014-01-03 08:44:21,www.dailymotion.com
2014-01-03 08:44:39,od2.visiblemeasures.com
2014-01-03 08:44:40,logger-02.vty.dailymotion.com
2014-01-03 08:44:50,od2.visiblemeasures.com
2014-01-03 08:45:01,logger-02.vty.dailymotion.com
2014-01-03 08:45:02,od2.visiblemeasures.com
2014-01-03 08:45:14,od2.visiblemeasures.com
2014-01-03 08:45:20,logger-02.vty.dailymotion.com
2014-01-03 08:45:36,ox-d.adventuremediaglobal.com
2014-01-03 08:45:37,ox-d.adventuremediaglobal.com
2014-01-03 08:45:37,www.lerugbynistere.fr
2014-01-03 08:45:39,ox-d.adventuremediaglobal.com
2014-01-03 08:45:56,www.lerugbynistere.fr
2014-01-03 08:45:57,www.google.com
2014-01-03 08:45:58,choices.truste.com
2014-01-03 08:45:58,www.lerugbynistere.fr
2014-01-03 08:45:58,jdn.monster.com
2014-01-03 08:45:59,choices.truste.com
2014-01-03 08:45:59,adventori.com
2014-01-03 08:46:00,fr.fashion-infonews.com
2014-01-03 08:46:01,www.volotea.com
2014-01-03 08:46:01,html5shim.googlecode.com
2014-01-03 08:46:01,static.volotea.com
2014-01-03 08:46:01,a.nonstoppartner.net
2014-01-03 08:46:01,ox-d.adventuremediaglobal.com
2014-01-03 08:46:01,fr.douglas-shop.com
2014-01-03 08:46:02,static.volotea.com
2014-01-03 08:46:02,media.volotea.com
2014-01-03 08:46:02,www.douglas.fr
2014-01-03 08:46:02,json.volotea.com
2014-01-03 08:46:02,media.douglas.de
2014-01-03 08:46:03,media.douglas.de
2014-01-03 08:46:03,json.volotea.com
2014-01-03 08:46:03,www.google.com
2014-01-03 08:46:03,www.google.fr
2014-01-03 08:46:03,rtso.divolution.com
2014-01-03 08:46:03,static.volotea.com
2014-01-03 08:46:03,dnn506yrbagrg.cloudfront.net
2014-01-03 08:46:03,cm.yieldoptimizer.com
2014-01-03 08:46:03,www.herokidstudio.es
2014-01-03 08:46:04,static.volotea.com
2014-01-03 08:46:04,json.volotea.com
2014-01-03 08:46:04,media.douglas.de
2014-01-03 08:46:04,cm.yieldoptimizer.com
2014-01-03 08:46:05,www.volotea.com
2014-01-03 08:46:05,media.douglas.de
2014-01-03 08:46:05,rbx-cdn-tpn.c4tw.net
2014-01-03 08:46:05,wtpn.twenga.fr
2014-01-03 08:46:05,static.volotea.com
2014-01-03 08:46:06,www.facebook.com
2014-01-03 08:46:06,connect.facebook.net
2014-01-03 08:46:06,jdn.monster.com
2014-01-03 08:46:06,media.douglas.de
2014-01-03 08:46:06,booking.volotea.com
2014-01-03 08:46:06,rbx-cdn-tpn.c4tw.net
2014-01-03 08:46:06,s-static.ak.facebook.com
2014-01-03 08:46:06,i11.twenga.com
2014-01-03 08:46:06,static.ak.facebook.com
2014-01-03 08:46:06,static.volotea.com
2014-01-03 08:46:06,s0r.c4tw.net
2014-01-03 08:46:07,media.douglas.de
2014-01-03 08:46:07,www.google.fr
2014-01-03 08:46:07,www.google.com
2014-01-03 08:46:07,www.facebook.com
2014-01-03 08:46:07,static.volotea.com
2014-01-03 08:46:08,jdn.monster.com
2014-01-03 08:46:08,static.volotea.com
2014-01-03 08:46:10,jdn.monster.com
2014-01-03 08:46:17,www.google.fr
2014-01-03 08:46:42,www.google.fr
2014-01-03 08:46:44,www.google.fr
2014-01-03 08:46:44,fr.wikipedia.org
2014-01-03 08:46:44,bits.wikimedia.org
2014-01-03 08:46:44,meta.wikimedia.org
2014-01-03 08:47:06,www.google.fr
2014-01-03 08:47:08,www.google.fr
2014-01-03 08:47:09,fr.sports.yahoo.com
2014-01-03 08:47:10,fr.sports.yahoo.com
2014-01-03 08:47:11,www.facebook.com
2014-01-03 08:47:11,www.flickr.com
2014-01-03 08:47:11,fr.sports.yahoo.com
2014-01-03 08:47:12,api.flickr.com
2014-01-03 08:47:12,yui.yahooapis.com
2014-01-03 08:47:12,platform.twitter.com
2014-01-03 08:47:13,platform.twitter.com
2014-01-03 08:47:13,api.flickr.com
2014-01-03 08:47:14,farm4.staticflickr.com
2014-01-03 08:47:14,farm8.static.flickr.com
2014-01-03 08:47:14,farm4.static.flickr.com
2014-01-03 08:47:14,api.flickr.com
2014-01-03 08:47:14,farm6.static.flickr.com
2014-01-03 08:47:14,pbs.twimg.com
2014-01-03 08:47:15,farm8.static.flickr.com
2014-01-03 08:47:15,fr.sports.yahoo.com
2014-01-03 08:47:15,platform.twitter.com
2014-01-03 08:47:15,twitter.com
2014-01-03 08:47:15,pbs.twimg.com
2014-01-03 08:47:16,pbs.twimg.com
2014-01-03 08:47:16,media.query.yahoo.com
2014-01-03 08:47:16,farm4.staticflickr.com
2014-01-03 08:47:18,farm6.staticflickr.com
2014-01-03 08:47:18,api.flickr.com
2014-01-03 08:47:19,farm6.staticflickr.com
2014-01-03 08:47:23,media.query.yahoo.com
2014-01-03 08:47:24,media.query.yahoo.com
2014-01-03 08:47:24,socialprofiles.zenfs.com
2014-01-03 08:47:24,fr.sports.yahoo.com
2014-01-03 08:47:25,www.facebook.com
2014-01-03 08:47:29,socialprofiles.zenfs.com
2014-01-03 08:47:55,www.google.fr
2014-01-03 08:47:55,rms.medhyg.ch
2014-01-03 08:47:56,rms.medhyg.ch
2014-01-03 08:47:56,www.medhyg.ch
2014-01-03 08:47:57,rms.medhyg.ch
2014-01-03 08:49:39,www.google.fr
2014-01-03 08:50:05,www.google.fr
2014-01-03 08:50:05,www.cyclisme-dopage.com
2014-01-03 08:50:06,www.youtube.com
2014-01-03 08:50:06,www.assoc-amazon.fr
2014-01-03 08:50:06,s.ytimg.com
2014-01-03 08:50:06,wms.assoc-amazon.fr
2014-01-03 08:50:06,www.cyclisme-dopage.com
2014-01-03 08:50:06,www.paypalobjects.com
2014-01-03 08:50:07,s.ytimg.com
2014-01-03 08:50:07,www.cyclisme-dopage.com
2014-01-03 08:50:07,www.amazon.fr
2014-01-03 08:50:07,www.assoc-amazon.fr
2014-01-03 08:50:07,cyclismedopage.disqus.com
2014-01-03 08:50:07,www.paypalobjects.com
2014-01-03 08:50:07,i1.ytimg.com
2014-01-03 08:50:07,z-ecx.images-amazon.com
2014-01-03 08:50:08,rcm-fr.amazon.fr
2014-01-03 08:50:08,go.disqus.com
2014-01-03 08:50:09,i1.ytimg.com
2014-01-03 08:50:09,ecx.images-amazon.com
2014-01-03 08:50:09,disqus.com
2014-01-03 08:50:09,z-ecx.images-amazon.com
2014-01-03 08:51:10,www.google.fr
2014-01-03 08:52:07,www.google.fr
2014-01-03 08:52:08,www.cyclisme-dopage.com
2014-01-03 08:52:08,www.youtube.com
2014-01-03 08:52:09,www.cyclisme-dopage.com
2014-01-03 08:52:09,cyclismedopage.disqus.com
2014-01-03 08:52:09,go.disqus.com
2014-01-03 08:52:09,rcm-fr.amazon.fr
2014-01-03 08:52:10,disqus.com
2014-01-03 08:52:10,ecx.images-amazon.com
2014-01-03 08:52:10,www.cyclisme-dopage.com
2014-01-03 08:52:37,www.google.fr
2014-01-03 08:52:38,x2.vindicosuite.com
2014-01-03 08:52:38,www.google.fr
2014-01-03 08:52:38,leplus.nouvelobs.com
2014-01-03 08:52:38,referentiel.nouvelobs.com
2014-01-03 08:52:38,tempsreel.nouvelobs.com
2014-01-03 08:52:39,referentiel.nouvelobs.com
2014-01-03 08:52:39,www.ultimedia.com
2014-01-03 08:52:39,leplus.nouvelobs.com
2014-01-03 08:52:40,b12.myspace.com
2014-01-03 08:52:40,referentiel.nouvelobs.com
2014-01-03 08:52:40,www.ultimedia.com
2014-01-03 08:52:41,referentiel.nouvelobs.com
2014-01-03 08:52:41,s-static.ak.facebook.com
2014-01-03 08:52:41,leplus.nouvelobs.com
2014-01-03 08:52:41,api-leplus.nouvelobs.com
2014-01-03 08:52:41,platform.twitter.com
2014-01-03 08:52:41,connect.facebook.net
2014-01-03 08:52:41,apis.google.com
2014-01-03 08:52:41,api.adyoulike.com
2014-01-03 08:52:41,static.ak.facebook.com
2014-01-03 08:52:41,cshoppingbox.partner.leguide.com
2014-01-03 08:52:41,ssobs.nouvelobs.com
2014-01-03 08:52:41,www.ultimedia.com
2014-01-03 08:52:42,code.jquery.com
2014-01-03 08:52:42,ajax.googleapis.com
2014-01-03 08:52:42,cshoppingbox.partner.leguide.com
2014-01-03 08:52:42,cimg.leguide.com
2014-01-03 08:52:42,api-leplus.nouvelobs.com
2014-01-03 08:52:42,platform.twitter.com
2014-01-03 08:52:42,api.adyoulike.com
2014-01-03 08:52:42,referentiel.nouvelobs.com
2014-01-03 08:52:42,www.facebook.com
2014-01-03 08:52:42,leplus.nouvelobs.com
2014-01-03 08:52:43,s-static.ak.facebook.com
2014-01-03 08:52:43,www.facebook.com
2014-01-03 08:52:43,static.ak.facebook.com
2014-01-03 08:52:43,tempsreel.nouvelobs.com
2014-01-03 08:52:43,referentiel.nouvelobs.com
2014-01-03 08:52:43,perpetuo-onl.basilic.io
2014-01-03 08:52:47,www.ultimedia.com
2014-01-03 08:52:52,www.ultimedia.com
2014-01-03 08:52:53,liverail.api.peer39.net
2014-01-03 08:53:13,d2l2beldn0wvcm.cloudfront.net
2014-01-03 08:53:25,www.ultimedia.com
2014-01-03 08:54:26,www.ultimedia.com
2014-01-03 08:54:27,www.ultimedia.com
2014-01-03 08:54:28,www.ultimedia.com
2014-01-03 08:55:08,stream8.ultimedia.com
2014-01-03 08:55:10,www.ultimedia.com
2014-01-03 08:57:41,referentiel.nouvelobs.com
2014-01-03 08:58:50,www.ultimedia.com
2014-01-03 08:59:51,www.ultimedia.com
2014-01-03 08:59:51,code.jquery.com
2014-01-03 09:00:33,code.jquery.com
2014-01-03 09:00:36,code.jquery.com
2014-01-03 09:01:23,code.jquery.com
2014-01-03 09:02:06,office14client.microsoft.com
2014-01-03 09:02:07,office.microsoft.com
2014-01-03 09:02:08,office.microsoft.com
2014-01-03 09:02:40,referentiel.nouvelobs.com
2014-01-03 09:02:40,leplus.nouvelobs.com
2014-01-03 09:02:41,referentiel.nouvelobs.com
2014-01-03 09:02:41,leplus.nouvelobs.com
2014-01-03 09:02:41,tempsreel.nouvelobs.com
2014-01-03 09:02:41,api-leplus.nouvelobs.com
2014-01-03 09:02:41,www.ultimedia.com
2014-01-03 09:02:42,api-leplus.nouvelobs.com
2014-01-03 09:02:42,static.ak.facebook.com
2014-01-03 09:02:42,referentiel.nouvelobs.com
2014-01-03 09:02:42,ssobs.nouvelobs.com
2014-01-03 09:02:42,apis.google.com
2014-01-03 09:02:42,connect.facebook.net
2014-01-03 09:02:42,s-static.ak.facebook.com
2014-01-03 09:02:42,www.ultimedia.com
2014-01-03 09:02:42,leplus.nouvelobs.com
2014-01-03 09:02:42,platform.twitter.com
2014-01-03 09:02:43,platform.twitter.com
2014-01-03 09:02:43,apis.google.com
2014-01-03 09:02:43,www.facebook.com
2014-01-03 09:02:47,api.adyoulike.com
2014-01-03 09:02:47,referentiel.nouvelobs.com
2014-01-03 09:02:47,leplus.nouvelobs.com
2014-01-03 09:02:47,cshoppingbox.partner.leguide.com
2014-01-03 09:02:47,platform.twitter.com
2014-01-03 09:02:47,connect.facebook.net
2014-01-03 09:02:47,apis.google.com
2014-01-03 09:02:47,tempsreel.nouvelobs.com
2014-01-03 09:02:47,cimg.leguide.com
2014-01-03 09:02:47,code.jquery.com
2014-01-03 09:02:48,perpetuo-onl.basilic.io
2014-01-03 09:02:48,static.ak.facebook.com
2014-01-03 09:02:48,www.facebook.com
2014-01-03 09:02:48,s-static.ak.facebook.com
2014-01-03 09:02:48,platform.twitter.com
2014-01-03 09:02:49,i1-js-14-3-01-10165-393373195-i.init.cedexis-radar.net
2014-01-03 09:02:51,broadcast2.piximedia.fr
2014-01-03 09:03:38,code.jquery.com
2014-01-03 09:03:42,rms.medhyg.ch
2014-01-03 09:03:44,www.google.fr
2014-01-03 09:03:45,www.google.fr
2014-01-03 09:03:46,www.google.com
2014-01-03 09:03:47,www.google.fr
2014-01-03 09:03:49,rms.medhyg.ch
2014-01-03 09:03:56,rms.medhyg.ch
2014-01-03 09:04:03,rms.medhyg.ch
2014-01-03 09:04:10,rms.medhyg.ch
2014-01-03 09:04:17,rms.medhyg.ch
2014-01-03 09:04:24,rms.medhyg.ch
2014-01-03 09:04:31,rms.medhyg.ch
2014-01-03 09:04:32,www.google.fr
2014-01-03 09:04:38,rms.medhyg.ch
2014-01-03 09:04:45,rms.medhyg.ch
2014-01-03 09:04:52,rms.medhyg.ch
2014-01-03 09:04:58,www.google.fr
2014-01-03 09:04:58,www.google.com
2014-01-03 09:04:59,rms.medhyg.ch
2014-01-03 09:05:06,rms.medhyg.ch
2014-01-03 09:05:13,rms.medhyg.ch
2014-01-03 09:05:20,rms.medhyg.ch
2014-01-03 09:05:28,www.google.fr
2014-01-03 09:05:59,www.google.fr
2014-01-03 09:06:00,www.lemonde.fr
2014-01-03 09:06:00,s1.lemde.fr
2014-01-03 09:06:01,www.lemonde.fr
2014-01-03 09:06:01,rms.medhyg.ch
2014-01-03 09:06:01,s1.lemde.fr
2014-01-03 09:06:02,s.videostep.com
2014-01-03 09:06:02,www.lemonde.fr
2014-01-03 09:06:02,pixel.alephd.com
2014-01-03 09:06:02,kweb.videostep.com
2014-01-03 09:06:02,u.videostep.com
2014-01-03 09:06:02,live.lemde.fr
2014-01-03 09:06:02,s1.lemde.fr
2014-01-03 09:06:02,videosfr.s3.amazonaws.com
2014-01-03 09:06:03,www.lemonde.fr
2014-01-03 09:06:03,choices.truste.com
2014-01-03 09:06:03,pixel.alephd.com
2014-01-03 09:06:04,choices.truste.com
2014-01-03 09:06:04,i1-js-14-3-01-10013-630698598-i.init.cedexis-radar.net
2014-01-03 09:06:04,view.truste.com
2014-01-03 09:06:04,level3.cedexis.com
2014-01-03 09:06:05,level3.cedexis.com
2014-01-03 09:06:05,s1.lemde.fr
2014-01-03 09:06:06,sfr.cedexis.com
2014-01-03 09:06:07,cimg.leguide.com
2014-01-03 09:06:07,code.jquery.com
2014-01-03 09:06:07,codeorigin.jquery.com
2014-01-03 09:06:07,s.videostep.com
2014-01-03 09:06:08,s.videostep.com
2014-01-03 09:06:08,kwebstat.videostep.com
2014-01-03 09:06:08,s1.lemde.fr
2014-01-03 09:06:08,rms.medhyg.ch
2014-01-03 09:06:15,rms.medhyg.ch
2014-01-03 09:06:22,rms.medhyg.ch
2014-01-03 09:06:29,rms.medhyg.ch
2014-01-03 09:06:36,rms.medhyg.ch
2014-01-03 09:06:43,rms.medhyg.ch
2014-01-03 09:06:50,rms.medhyg.ch
2014-01-03 09:07:03,www.google.fr
2014-01-03 09:07:20,www.google.fr
2014-01-03 09:07:21,bits.wikimedia.org
2014-01-03 09:07:21,meta.wikimedia.org
2014-01-03 09:07:21,www.google.fr
2014-01-03 09:07:21,fr.wikipedia.org
2014-01-03 09:08:05,rcm-fr.amazon.fr
2014-01-03 09:08:05,www.dailymotion.com
2014-01-03 09:08:05,www.cyclisme-dopage.com
2014-01-03 09:08:05,www.google.fr
2014-01-03 09:08:06,ecx.images-amazon.com
2014-01-03 09:08:40,www.cyclisme-dopage.com
2014-01-03 09:08:40,www.dailymotion.com
2014-01-03 09:08:40,cyclismedopage.disqus.com
2014-01-03 09:08:40,rcm-fr.amazon.fr
2014-01-03 09:08:41,go.disqus.com
2014-01-03 09:08:41,ecx.images-amazon.com
2014-01-03 09:08:41,disqus.com
2014-01-03 09:08:42,disqus.com
2014-01-03 09:08:42,www.cyclisme-dopage.com
2014-01-03 09:08:43,cyclismedopage.disqus.com
2014-01-03 09:08:43,www.cyclisme-dopage.com
2014-01-03 09:08:43,go.disqus.com
2014-01-03 09:08:43,rcm-fr.amazon.fr
2014-01-03 09:08:43,www.amazon.fr
2014-01-03 09:08:43,www.paypalobjects.com
2014-01-03 09:08:43,www.youtube.com
2014-01-03 09:08:43,www.assoc-amazon.fr
2014-01-03 09:08:44,www.paypalobjects.com
2014-01-03 09:08:44,disqus.com
2014-01-03 09:08:44,ecx.images-amazon.com
2014-01-03 09:08:46,www.paypalobjects.com
2014-01-03 09:08:46,i1.ytimg.com
2014-01-03 09:08:46,disqus.com
2014-01-03 09:08:47,disqus.com
2014-01-03 09:09:01,www.youtube.com
2014-01-03 09:09:01,rcm-fr.amazon.fr
2014-01-03 09:09:01,go.disqus.com
2014-01-03 09:09:01,cyclismedopage.disqus.com
2014-01-03 09:09:01,www.cyclisme-dopage.com
2014-01-03 09:09:03,i1.ytimg.com
2014-01-03 09:09:03,disqus.com
2014-01-03 09:09:07,cyclismedopage.disqus.com
2014-01-03 09:09:07,www.cyclisme-dopage.com
2014-01-03 09:09:07,go.disqus.com
2014-01-03 09:09:08,www.cyclisme-dopage.com
2014-01-03 09:09:08,rcm-fr.amazon.fr
2014-01-03 09:09:08,www.dailymotion.com
2014-01-03 09:09:08,disqus.com
2014-01-03 09:09:08,ecx.images-amazon.com
2014-01-03 09:09:09,disqus.com
2014-01-03 09:09:10,disqus.com
2014-01-03 09:09:43,www.cyclisme-dopage.com
2014-01-03 09:09:44,disqus.com
2014-01-03 09:09:44,rcm-fr.amazon.fr
2014-01-03 09:09:44,go.disqus.com
2014-01-03 09:09:44,cyclismedopage.disqus.com
2014-01-03 09:09:44,ecx.images-amazon.com
2014-01-03 09:09:47,disqus.com
2014-01-03 09:09:48,disqus.com
2014-01-03 09:10:06,www.cyclisme-dopage.com
2014-01-03 09:10:07,cyclismedopage.disqus.com
2014-01-03 09:10:07,rcm-fr.amazon.fr
2014-01-03 09:10:07,go.disqus.com
2014-01-03 09:10:07,www.youtube.com
2014-01-03 09:10:08,disqus.com
2014-01-03 09:10:09,i1.ytimg.com
2014-01-03 09:10:09,disqus.com
2014-01-03 09:11:42,rms.medhyg.ch
2014-01-03 09:11:49,rms.medhyg.ch
2014-01-03 09:11:56,rms.medhyg.ch
2014-01-03 09:12:03,rms.medhyg.ch
2014-01-03 09:12:10,rms.medhyg.ch
2014-01-03 09:12:17,rms.medhyg.ch
2014-01-03 09:12:24,rms.medhyg.ch
2014-01-03 09:12:31,rms.medhyg.ch
2014-01-03 09:12:42,referentiel.nouvelobs.com
2014-01-03 09:12:42,leplus.nouvelobs.com
2014-01-03 09:12:42,tempsreel.nouvelobs.com
2014-01-03 09:12:43,leplus.nouvelobs.com
2014-01-03 09:12:43,referentiel.nouvelobs.com
2014-01-03 09:12:43,www.ultimedia.com
2014-01-03 09:12:44,referentiel.nouvelobs.com
2014-01-03 09:12:45,ssobs.nouvelobs.com
2014-01-03 09:12:45,referentiel.nouvelobs.com
2014-01-03 09:12:45,apis.google.com
2014-01-03 09:12:45,api-leplus.nouvelobs.com
2014-01-03 09:12:45,leplus.nouvelobs.com
2014-01-03 09:12:45,www.ultimedia.com
2014-01-03 09:12:45,static.ak.facebook.com
2014-01-03 09:12:45,connect.facebook.net
2014-01-03 09:12:45,platform.twitter.com
2014-01-03 09:12:46,platform.twitter.com
2014-01-03 09:12:46,leplus.nouvelobs.com
2014-01-03 09:12:46,api.adyoulike.com
2014-01-03 09:12:46,referentiel.nouvelobs.com
2014-01-03 09:12:46,s-static.ak.facebook.com
2014-01-03 09:12:46,www.facebook.com
2014-01-03 09:12:46,apis.google.com
2014-01-03 09:12:47,tempsreel.nouvelobs.com
2014-01-03 09:12:47,www.facebook.com
2014-01-03 09:12:47,s-static.ak.facebook.com
2014-01-03 09:12:47,referentiel.nouvelobs.com
2014-01-03 09:12:47,leplus.nouvelobs.com
2014-01-03 09:12:47,cshoppingbox.partner.leguide.com
2014-01-03 09:12:47,platform.twitter.com
2014-01-03 09:12:47,connect.facebook.net
2014-01-03 09:12:47,api.adyoulike.com
2014-01-03 09:12:47,apis.google.com
2014-01-03 09:12:47,cimg.leguide.com
2014-01-03 09:12:47,code.jquery.com
2014-01-03 09:12:47,ajax.googleapis.com
2014-01-03 09:12:47,static.ak.facebook.com
2014-01-03 09:12:48,perpetuo-onl.basilic.io
2014-01-03 09:13:18,d2l2beldn0wvcm.cloudfront.net
2014-01-03 09:15:45,www.cyclisme-dopage.com
2014-01-03 09:15:46,rcm-fr.amazon.fr
2014-01-03 09:15:46,go.disqus.com
2014-01-03 09:15:46,www.youtube.com
2014-01-03 09:15:46,www.cyclisme-dopage.com
2014-01-03 09:15:46,ecx.images-amazon.com
2014-01-03 09:15:46,cyclismedopage.disqus.com
2014-01-03 09:15:46,disqus.com
2014-01-03 09:15:47,disqus.com
2014-01-03 09:15:48,disqus.com
2014-01-03 09:15:48,i1.ytimg.com
2014-01-03 09:16:47,www.cyclisme-dopage.com
2014-01-03 09:16:47,www.dailymotion.com
2014-01-03 09:16:48,www.cyclisme-dopage.com
2014-01-03 09:16:48,rcm-fr.amazon.fr
2014-01-03 09:16:48,cyclismedopage.disqus.com
2014-01-03 09:16:48,go.disqus.com
2014-01-03 09:16:49,disqus.com
2014-01-03 09:16:50,disqus.com
2014-01-03 09:16:51,disqus.com
2014-01-03 09:17:18,cyclismedopage.disqus.com
2014-01-03 09:17:18,go.disqus.com
2014-01-03 09:17:18,www.youtube.com
2014-01-03 09:17:18,www.cyclisme-dopage.com
2014-01-03 09:17:18,rcm-fr.amazon.fr
2014-01-03 09:17:20,disqus.com
2014-01-03 09:17:20,i1.ytimg.com
2014-01-03 09:17:21,disqus.com
2014-01-03 09:17:44,www.cyclisme-dopage.com
2014-01-03 09:17:45,www.youtube.com
2014-01-03 09:17:45,go.disqus.com
2014-01-03 09:17:45,cyclismedopage.disqus.com
2014-01-03 09:17:45,ecx.images-amazon.com
2014-01-03 09:17:45,www.dailymotion.com
2014-01-03 09:17:45,rcm-fr.amazon.fr
2014-01-03 09:17:45,www.cyclisme-dopage.com
2014-01-03 09:17:46,disqus.com
2014-01-03 09:17:47,i1.ytimg.com
2014-01-03 09:17:47,disqus.com
2014-01-03 09:17:49,disqus.com
2014-01-03 09:17:59,www.dailymotion.com
2014-01-03 09:17:59,go.disqus.com
2014-01-03 09:17:59,cyclismedopage.disqus.com
2014-01-03 09:17:59,rcm-fr.amazon.fr
2014-01-03 09:17:59,www.cyclisme-dopage.com
2014-01-03 09:18:00,disqus.com
2014-01-03 09:18:01,disqus.com
2014-01-03 09:18:02,disqus.com
2014-01-03 09:18:12,www.youtube.com
2014-01-03 09:18:12,disqus.com
2014-01-03 09:18:12,go.disqus.com
2014-01-03 09:18:12,rcm-fr.amazon.fr
2014-01-03 09:18:12,cyclismedopage.disqus.com
2014-01-03 09:18:12,www.cyclisme-dopage.com
2014-01-03 09:18:13,disqus.com
2014-01-03 09:18:14,disqus.com
2014-01-03 09:18:15,disqus.com
2014-01-03 09:20:20,www.youtube.com
2014-01-03 09:20:20,rcm-fr.amazon.fr
2014-01-03 09:20:20,go.disqus.com
2014-01-03 09:20:20,cyclismedopage.disqus.com
2014-01-03 09:20:20,www.cyclisme-dopage.com
2014-01-03 09:20:21,disqus.com
2014-01-03 09:20:22,disqus.com
2014-01-03 09:20:23,i1.ytimg.com
2014-01-03 09:20:23,disqus.com
2014-01-03 09:20:24,disqus.com
2014-01-03 09:21:03,disqus.com
2014-01-03 09:21:03,www.dailymotion.com
2014-01-03 09:21:03,go.disqus.com
2014-01-03 09:21:03,docs.google.com
2014-01-03 09:21:03,rcm-fr.amazon.fr
2014-01-03 09:21:03,cyclismedopage.disqus.com
2014-01-03 09:21:03,www.cyclisme-dopage.com
2014-01-03 09:21:04,disqus.com
2014-01-03 09:21:05,docs.google.com
2014-01-03 09:21:05,disqus.com
2014-01-03 09:21:06,www.google.com
2014-01-03 09:21:06,disqus.com
2014-01-03 09:21:11,docs.google.com
2014-01-03 09:21:11,cyclismedopage.disqus.com
2014-01-03 09:21:11,go.disqus.com
2014-01-03 09:21:11,rcm-fr.amazon.fr
2014-01-03 09:21:11,www.dailymotion.com
2014-01-03 09:21:13,disqus.com
2014-01-03 09:21:15,disqus.com
2014-01-03 09:21:15,docs.google.com
2014-01-03 09:21:55,www.cyclisme-dopage.com
2014-01-03 09:21:56,www.youtube.com
2014-01-03 09:21:56,rcm-fr.amazon.fr
2014-01-03 09:21:56,go.disqus.com
2014-01-03 09:21:56,cyclismedopage.disqus.com
2014-01-03 09:21:56,disqus.com
2014-01-03 09:21:57,disqus.com
2014-01-03 09:21:58,i1.ytimg.com
2014-01-03 09:21:58,disqus.com
2014-01-03 09:22:44,leplus.nouvelobs.com
2014-01-03 09:22:44,referentiel.nouvelobs.com
2014-01-03 09:22:44,tempsreel.nouvelobs.com
2014-01-03 09:22:45,api-leplus.nouvelobs.com
2014-01-03 09:22:45,www.ultimedia.com
2014-01-03 09:22:45,referentiel.nouvelobs.com
2014-01-03 09:22:45,leplus.nouvelobs.com
2014-01-03 09:22:45,ssobs.nouvelobs.com
2014-01-03 09:22:46,referentiel.nouvelobs.com
2014-01-03 09:22:46,cimg.leguide.com
2014-01-03 09:22:46,platform.twitter.com
2014-01-03 09:22:46,cshoppingbox.partner.leguide.com
2014-01-03 09:22:46,apis.google.com
2014-01-03 09:22:46,www.ultimedia.com
2014-01-03 09:22:46,connect.facebook.net
2014-01-03 09:22:46,leplus.nouvelobs.com
2014-01-03 09:22:46,api.adyoulike.com
2014-01-03 09:22:47,tempsreel.nouvelobs.com
2014-01-03 09:22:47,static.ak.facebook.com
2014-01-03 09:22:47,referentiel.nouvelobs.com
2014-01-03 09:22:47,leplus.nouvelobs.com
2014-01-03 09:22:47,s-static.ak.facebook.com
2014-01-03 09:22:47,code.jquery.com
2014-01-03 09:22:47,platform.twitter.com
2014-01-03 09:22:47,www.facebook.com
2014-01-03 09:22:47,apis.google.com
2014-01-03 09:22:48,perpetuo-onl.basilic.io
2014-01-03 09:23:06,cyclismedopage.disqus.com
2014-01-03 09:23:06,go.disqus.com
2014-01-03 09:23:06,rcm-fr.amazon.fr
2014-01-03 09:23:06,www.dailymotion.com
2014-01-03 09:23:06,disqus.com
2014-01-03 09:23:08,disqus.com
2014-01-03 09:23:09,disqus.com
2014-01-03 09:23:10,disqus.com
2014-01-03 09:23:12,rcm-fr.amazon.fr
2014-01-03 09:23:12,cyclismedopage.disqus.com
2014-01-03 09:23:12,www.cyclisme-dopage.com
2014-01-03 09:23:12,go.disqus.com
2014-01-03 09:23:13,disqus.com
2014-01-03 09:23:13,ecx.images-amazon.com
2014-01-03 09:23:13,www.youtube.com
2014-01-03 09:23:14,disqus.com
2014-01-03 09:23:15,i1.ytimg.com
2014-01-03 09:23:15,disqus.com
2014-01-03 09:24:20,cyclismedopage.disqus.com
2014-01-03 09:24:20,rcm-fr.amazon.fr
2014-01-03 09:24:20,www.dailymotion.com
2014-01-03 09:24:20,disqus.com
2014-01-03 09:24:20,ecx.images-amazon.com
2014-01-03 09:24:20,go.disqus.com
2014-01-03 09:24:22,disqus.com
2014-01-03 09:24:24,disqus.com
2014-01-03 09:28:34,office14client.microsoft.com
2014-01-03 09:28:35,office.microsoft.com
2014-01-03 09:28:36,office.microsoft.com
2014-01-03 09:32:40,www.cyclisme-dopage.com
2014-01-03 09:32:40,cyclismedopage.disqus.com
2014-01-03 09:32:40,go.disqus.com
2014-01-03 09:32:41,rcm-fr.amazon.fr
2014-01-03 09:32:41,www.dailymotion.com
2014-01-03 09:32:41,disqus.com
2014-01-03 09:32:42,disqus.com
2014-01-03 09:32:43,disqus.com
2014-01-03 09:32:44,disqus.com
2014-01-03 09:32:46,leplus.nouvelobs.com
2014-01-03 09:32:46,referentiel.nouvelobs.com
2014-01-03 09:32:46,tempsreel.nouvelobs.com
2014-01-03 09:32:47,leplus.nouvelobs.com
2014-01-03 09:32:47,referentiel.nouvelobs.com
2014-01-03 09:32:47,www.ultimedia.com
2014-01-03 09:32:48,leplus.nouvelobs.com
2014-01-03 09:32:48,api-leplus.nouvelobs.com
2014-01-03 09:32:48,ssobs.nouvelobs.com
2014-01-03 09:32:48,referentiel.nouvelobs.com
2014-01-03 09:32:49,apis.google.com
2014-01-03 09:32:49,connect.facebook.net
2014-01-03 09:32:49,cimg.leguide.com
2014-01-03 09:32:49,cshoppingbox.partner.leguide.com
2014-01-03 09:32:49,leplus.nouvelobs.com
2014-01-03 09:32:49,www.ultimedia.com
2014-01-03 09:32:49,api.adyoulike.com
2014-01-03 09:32:49,referentiel.nouvelobs.com
2014-01-03 09:32:50,leplus.nouvelobs.com
2014-01-03 09:32:50,platform.twitter.com
2014-01-03 09:32:50,code.jquery.com
2014-01-03 09:32:50,connect.facebook.net
2014-01-03 09:32:50,apis.google.com
2014-01-03 09:32:50,tempsreel.nouvelobs.com
2014-01-03 09:32:50,www.ultimedia.com
2014-01-03 09:32:50,referentiel.nouvelobs.com
2014-01-03 09:32:51,www.facebook.com
2014-01-03 09:32:51,static.ak.facebook.com
2014-01-03 09:32:51,perpetuo-onl.basilic.io
2014-01-03 09:32:51,s-static.ak.facebook.com
2014-01-03 09:33:00,d2l2beldn0wvcm.cloudfront.net
2014-01-03 09:35:51,go.disqus.com
2014-01-03 09:35:51,ecx.images-amazon.com
2014-01-03 09:35:51,disqus.com
2014-01-03 09:35:51,rcm-fr.amazon.fr
2014-01-03 09:35:51,www.dailymotion.com
2014-01-03 09:35:51,cyclismedopage.disqus.com
2014-01-03 09:35:55,disqus.com
2014-01-03 09:35:56,disqus.com
2014-01-17 13:58:00,fpdownload2.macromedia.com
2014-01-17 13:58:05,js.microsoft.com
2014-01-17 13:58:05,res2.windows.microsoft.com
2014-01-17 13:58:05,ajax.microsoft.com
2014-01-17 13:58:05,res1.windows.microsoft.com
2014-01-17 13:58:05,windows.microsoft.com
2014-01-17 13:58:05,go.microsoft.com
2014-01-17 13:58:06,www.google.com
2014-01-17 13:58:06,res2.windows.microsoft.com
2014-01-17 13:58:07,windows.microsoft.com
2014-01-17 13:58:07,res1.windows.microsoft.com
2014-01-17 13:58:07,res2.windows.microsoft.com
2014-01-17 13:58:07,js.microsoft.com
2014-01-17 13:59:25,ieonline.microsoft.com
2014-01-17 15:27:04,dl.javafx.com
2014-03-22 08:11:54,www.google.fr
2014-03-22 08:12:06,www.google.fr
2014-03-22 08:12:14,www.google.fr
2014-03-22 08:12:23,clients1.google.fr
2014-03-22 08:12:24,clients1.google.fr
2014-03-22 08:12:25,clients1.google.fr
2014-03-22 08:12:26,clients1.google.fr
2014-03-22 08:12:30,www.sfr.fr
2014-03-22 08:12:30,messagerie.sfr.fr
2014-03-22 08:12:30,messagerie-11.sfr.fr
2014-03-22 08:12:41,messagerie.sfr.fr
2014-03-22 08:12:41,messagerie-11.sfr.fr
2014-03-22 08:12:41,www.sfr.fr
2014-03-22 08:12:45,www.sfr.fr
2014-03-22 08:12:45,www.google.fr
2014-03-22 08:12:45,s1.s-sfr.fr
2014-03-22 08:12:45,clients1.google.fr
2014-03-22 08:12:45,static.s-sfr.fr
2014-03-22 08:12:46,static.s-sfr.fr
2014-03-22 08:12:47,d1m6l9dfulcyw7.cloudfront.net
2014-03-22 08:12:47,metrics.sfr.fr
2014-03-22 08:12:47,www.sfr.fr
2014-03-22 08:12:47,com-sfr.netmng.com
2014-03-22 08:12:47,static.s-sfr.fr
2014-03-22 08:12:47,deliv.leboncoin.fr
2014-03-22 08:12:48,static.s-sfr.fr
2014-03-22 08:12:48,metrics.sfr.fr
2014-03-22 08:12:48,com-sfr.netmng.com
2014-03-22 08:12:49,static.s-sfr.fr
2014-03-22 08:12:49,deliv.leboncoin.fr
2014-03-22 08:12:51,messagerie-11.sfr.fr
2014-03-22 08:12:51,messagerie.sfr.fr
2014-03-22 08:12:52,www.sfr.fr
2014-03-22 08:12:54,static.s-sfr.fr
2014-03-22 08:12:54,metrics.sfr.fr
2014-03-22 08:12:55,static.s-sfr.fr
2014-03-22 08:12:56,static.s-sfr.fr
2014-03-22 08:13:01,messagerie-12.sfr.fr
2014-03-22 08:13:01,messagerie.sfr.fr
2014-03-22 08:13:01,www.sfr.fr
2014-03-22 08:14:10,www.google.fr
2014-03-22 08:14:24,www.google.fr
2014-03-22 08:14:24,clients1.google.fr
2014-03-22 08:15:26,www.google.fr
2014-03-22 08:16:06,clients1.google.fr
2014-03-22 08:26:26,clients1.google.fr
2014-03-22 08:44:16,clients1.google.fr
2014-03-22 08:44:31,clients1.google.fr
2014-03-22 08:44:37,www.google.fr
2014-03-22 08:44:40,www.afld.fr
2014-03-22 08:44:42,www.afld.fr
2014-03-22 08:44:43,www.afld.fr
2014-03-22 08:44:54,www.afld.fr
2014-03-22 08:45:24,www.afld.fr
2014-03-22 08:45:28,www.afld.fr
2014-03-22 08:45:40,www.afld.fr
2014-03-22 08:46:17,www.afld.fr
2014-03-22 08:46:18,www.afld.fr
2014-03-22 08:46:19,www.afld.fr
2014-03-22 08:46:21,www.afld.fr
2014-03-22 08:46:40,www.afld.fr
2014-03-22 08:50:53,www.afld.fr
2014-03-22 08:51:42,www.google.fr
2014-03-22 08:51:44,www.afld.fr
2014-03-22 08:51:56,www.google.fr
2014-03-22 08:51:57,clients1.google.fr
2014-03-22 08:53:07,clients1.google.fr
2014-03-22 08:53:09,www.afld.fr
2014-03-22 08:53:10,www.afld.fr
2014-03-22 08:53:10,www.google.fr
2014-03-22 08:53:11,www.afld.fr
2014-03-22 08:53:26,www.afld.fr
2014-03-22 08:53:49,www.sfmes.org
2014-03-22 08:53:50,www.sfmes.org
2014-03-22 08:53:51,addons.foxitsoftware.com
2014-03-22 08:53:52,addons.foxitsoftware.com
2014-03-22 08:54:15,clients1.google.fr
2014-03-22 08:54:31,www.afld.fr
2014-03-22 08:55:16,www.google.fr
2014-03-22 08:55:16,clients1.google.fr
2014-03-22 08:58:04,www.google.fr
2014-03-22 08:58:18,www.google.fr
2014-03-22 08:58:19,clients1.google.fr
2014-03-22 08:59:03,www.afld.fr
2014-03-22 08:59:18,www.afld.fr
2014-03-22 08:59:51,clients1.google.fr
2014-03-22 09:00:46,www.google.fr
2014-03-22 09:10:26,clients1.google.fr
2014-03-22 09:10:27,www.google.fr
2014-03-22 09:10:41,clients1.google.fr
2014-03-22 09:10:42,www.google.fr
2014-03-22 09:10:42,www.afld.fr
2014-03-22 09:10:58,www.afld.fr
2014-03-22 09:11:57,clients1.google.fr
2014-03-22 09:12:06,www.google.fr
2014-03-22 09:12:06,s1.wp.com
2014-03-22 09:12:06,toutsurledopage.wordpress.com
2014-03-22 09:12:06,toutsurledopage.files.wordpress.com
2014-03-22 09:12:06,s2.wp.com
2014-03-22 09:12:06,s0.wp.com
2014-03-22 09:12:07,s2.wp.com
2014-03-22 09:12:07,widgets.wp.com
2014-03-22 09:12:07,0.gravatar.com
2014-03-22 09:12:07,toutsurledopage.files.wordpress.com
2014-03-22 09:12:07,s0.wp.com
2014-03-22 09:12:07,toutsurledopage.wordpress.com
2014-03-22 09:12:13,public-api.wordpress.com
2014-03-22 09:15:06,clients1.google.fr
2014-03-22 09:15:06,www.google.fr
2014-03-22 09:17:57,coachtrue.wada-ama.org
2014-03-22 09:17:58,coachtrue.wada-ama.org
2014-03-22 09:17:59,coachtrue.wada-ama.org
2014-03-22 09:18:03,quiz.wada-ama.org
2014-03-22 09:18:04,fpdownload2.macromedia.com
2014-03-22 09:18:04,quiz.wada-ama.org
2014-03-22 09:18:05,quiz.wada-ama.org
2014-03-22 09:18:08,www.afld.fr
2014-03-22 09:18:09,www.afld.fr
2014-03-22 09:18:15,www.afld.fr
2014-03-22 09:18:19,www.afld.fr
2014-03-22 09:18:27,www.google.fr
2014-03-22 09:18:34,www.afld.fr
2014-03-22 09:19:00,www.afld.fr
2014-03-22 09:19:35,office14client.microsoft.com
2014-03-22 09:19:36,office.microsoft.com
2014-03-22 09:19:37,office.microsoft.com
2014-03-22 09:19:50,www.google.fr
2014-03-22 09:19:56,clients1.google.fr
2014-03-22 09:20:51,www.google.fr
2014-03-22 09:39:23,www.google.fr
2014-03-22 09:39:37,clients1.google.fr
2014-03-22 09:39:37,www.google.fr
2014-03-22 09:39:57,www.google.com
2014-03-22 09:39:58,clients1.google.fr
2014-03-22 09:39:58,www.google.com
2014-03-22 09:39:58,www.google.fr
2014-03-22 09:40:00,www.google.com
2014-03-22 09:40:01,www.google.com
2014-03-22 09:40:12,www.google.com
2014-03-22 09:40:12,apis.google.com
2014-03-22 09:40:13,www.google.com
2014-03-22 09:40:13,apis.google.com
2014-03-22 09:40:15,mail.google.com
2014-03-22 09:40:15,accounts.google.com
2014-03-22 09:40:15,apis.google.com
2014-03-22 09:40:16,accounts.youtube.com
2014-03-22 09:40:40,accounts.google.fr
2014-03-22 09:40:42,accounts.google.fr
2014-03-22 09:40:42,accounts.youtube.com
2014-03-22 09:40:42,accounts.google.com
2014-03-22 09:40:43,mail.google.com
2014-03-22 09:40:45,mail.google.com
2014-03-22 09:40:46,mail.google.com
2014-03-22 09:40:46,www.google.com
2014-03-22 09:40:46,clients2.google.com
2014-03-22 09:40:47,mail.google.com
2014-03-22 09:40:47,clients2.google.com
2014-03-22 09:40:48,mail.google.com
2014-03-22 09:40:48,apis.google.com
2014-03-22 09:40:48,plus.google.com
2014-03-22 09:40:49,plus.google.com
2014-03-22 09:40:49,accounts.google.com
2014-03-22 09:40:50,chatenabled.mail.google.com
2014-03-22 09:40:50,b.mail.google.com
2014-03-22 09:40:51,plus.google.com
2014-03-22 09:40:51,chatenabled.mail.google.com
2014-03-22 09:40:51,mail.google.com
2014-03-22 09:40:53,mail.google.com
2014-03-22 09:40:53,plus.google.com
2014-03-22 09:41:02,plus.google.com
2014-03-22 09:41:20,docs.google.com
2014-03-22 09:43:01,www.google.fr
2014-03-22 09:43:01,clients1.google.fr
2014-03-22 09:43:21,b.mail.google.com
2014-03-22 09:43:22,plus.google.com
2014-03-22 09:43:22,mail.google.com
