timestamp,site
2013-09-12 17:33:55,javadl-esd-secure.oracle.com
2013-10-12 15:24:17,cnfg.toolbarservices.com
2013-10-12 15:24:18,www.google.com
2013-10-12 15:24:18,ajax.googleapis.com
2013-10-12 15:24:19,utils.delta-search.com
2013-10-12 15:24:20,img.babylon.com
2013-10-12 15:24:20,ajax.googleapis.com
2013-10-12 15:24:26,www.google.com
2013-10-12 15:25:35,www.google.fr
2013-10-12 15:25:36,www.google.fr
2013-10-12 15:25:37,www.google.com
2013-10-12 15:25:37,apis.google.com
2013-10-12 15:25:43,www.google.fr
2013-10-12 15:25:43,apis.google.com
2013-10-12 15:25:43,www.google.com
2013-10-12 15:27:11,ieonline.microsoft.com
2013-10-12 15:27:11,go.microsoft.com
2013-10-12 15:28:10,javadl-esd-secure.oracle.com
2013-10-12 15:29:20,www.google.fr
2013-10-12 15:29:28,www.youtube.com
2013-10-12 15:29:28,i1.ytimg.com
2013-10-12 15:29:28,s.ytimg.com
2013-10-12 15:29:28,www.google.fr
2013-10-12 15:29:29,s.ytimg.com
2013-10-12 15:29:29,i1.ytimg.com
2013-10-12 15:29:30,s.ytimg.com
2013-10-12 15:29:30,i1.ytimg.com
2013-10-12 15:29:31,www.google.com
2013-10-12 15:29:31,apis.google.com
2013-10-12 15:29:31,i1.ytimg.com
2013-10-12 15:29:31,www.youtube.com
2013-10-12 15:29:32,i1.ytimg.com
2013-10-12 15:29:35,s.ytimg.com
2013-10-12 15:29:38,www.google.fr
2013-10-12 15:29:41,javadl-esd-secure.oracle.com
2013-10-12 15:30:37,www.crystalmaker.com
2013-10-12 16:14:13,cnfg.toolbarservices.com
2013-10-12 16:14:26,www.google.fr
2013-10-12 16:15:28,www.squid-cache.org
2013-10-12 16:15:58,www.google.fr
2013-10-12 16:34:48,www.crystalmaker.com
2013-12-18 13:33:16,javadl-esd-secure.oracle.com
2013-12-18 13:48:03,javadl-esd-secure.oracle.com
2013-12-18 13:50:40,cnfg.toolbarservices.com
2013-12-18 13:50:40,www.google.com
2013-12-18 13:50:40,ajax.googleapis.com
2013-12-18 13:50:40,utils.delta-search.com
2013-12-18 13:50:41,fpdownload2.macromedia.com
2013-12-18 13:50:41,ajax.googleapis.com
2013-12-18 13:50:42,img.babylon.com
2013-12-18 13:50:42,ajax.googleapis.com
2013-12-18 13:50:50,www.google.com
2013-12-18 13:50:55,1-50.completr.appspot.com
2013-12-18 13:50:56,1-50.completr.appspot.com
2013-12-18 13:50:57,1-50.completr.appspot.com
2013-12-18 13:50:59,1-50.completr.appspot.com
2013-12-18 13:51:00,www.delta-search.com
2013-12-18 13:51:00,utils.babylon.com
2013-12-18 13:51:00,1-50.completr.appspot.com
2013-12-18 13:51:01,www.delta-search.com
2013-12-18 13:51:01,kyuale.com
2013-12-18 13:51:03,img.babylon.com
2013-12-18 13:53:42,ieonline.microsoft.com
2013-12-18 13:53:44,go.microsoft.com
2013-12-18 13:59:51,1-50.completr.appspot.com
2013-12-18 13:59:52,1-50.completr.appspot.com
2013-12-18 13:59:53,1-50.completr.appspot.com
2013-12-18 13:59:54,www.delta-search.com
2013-12-18 13:59:55,utils.babylon.com
2013-12-18 13:59:56,www.delta-search.com
2013-12-18 13:59:56,kyuale.com
2013-12-18 14:00:01,www.delta-search.com
2013-12-18 14:00:01,utils.babylon.com
2013-12-18 14:00:02,www.delta-search.com
2013-12-18 14:00:06,www.miniclip.com
2013-12-18 14:00:06,img.babylon.com
2013-12-18 14:00:06,ajax.googleapis.com
2013-12-18 14:00:07,www.miniclip.com
2013-12-18 14:00:07,ajax.googleapis.com
2013-12-18 14:00:08,connect.facebook.net
2013-12-18 14:00:09,www.miniclip.com
2013-12-18 14:00:09,static.ak.facebook.com
2013-12-18 14:00:09,s-static.ak.facebook.com
2013-12-18 14:00:09,www.facebook.com
2013-12-18 14:00:09,apis.google.com
2013-12-18 14:00:10,accounts.google.com
2013-12-18 14:00:10,apis.google.com
2013-12-18 14:00:10,www.youtube.com
2013-12-18 14:00:10,www.miniclip.com
2013-12-18 14:00:10,dnn506yrbagrg.cloudfront.net
2013-12-18 14:00:10,www.facebook.com
2013-12-18 14:00:11,www.miniclip.com
2013-12-18 14:00:12,apis.google.com
2013-12-18 14:00:12,accounts.google.com
2013-12-18 14:00:12,www.youtube.com
2013-12-18 14:00:12,s.ytimg.com
2013-12-18 14:00:13,apis.google.com
2013-12-18 14:00:13,s.ytimg.com
2013-12-18 14:00:13,www.google.com
2013-12-18 14:00:13,www.miniclip.com
2013-12-18 14:00:13,www.google.fr
2013-12-18 14:01:28,s.ytimg.com
2013-12-18 14:01:28,www.youtube.com
2013-12-18 14:20:46,1-50.completr.appspot.com
2013-12-18 14:20:47,1-50.completr.appspot.com
2013-12-18 14:20:47,www.delta-search.com
2013-12-18 14:20:48,utils.babylon.com
2013-12-18 14:20:48,www.delta-search.com
2013-12-18 14:20:48,1-50.completr.appspot.com
2013-12-18 14:20:49,kyuale.com
2013-12-18 14:20:52,fr-fr.facebook.com
2013-12-18 14:20:52,img.babylon.com
2013-12-18 14:21:56,img.babylon.com
2013-12-18 14:22:00,1-50.completr.appspot.com
2013-12-18 14:22:01,1-50.completr.appspot.com
2013-12-18 14:22:02,www.delta-search.com
2013-12-18 14:22:02,1-50.completr.appspot.com
2013-12-18 14:22:03,www.delta-search.com
2013-12-18 14:22:03,utils.babylon.com
2013-12-18 14:22:13,www.delta-search.com
2013-12-18 14:22:13,utils.babylon.com
2013-12-18 14:22:13,1-50.completr.appspot.com
2013-12-18 14:22:16,img.babylon.com
2013-12-18 14:22:17,www.miniclip.com
2013-12-18 14:22:19,connect.facebook.net
2013-12-18 14:22:20,www.google.com
2013-12-18 14:22:20,www.google.fr
2013-12-18 14:22:20,static.ak.facebook.com
2013-12-18 14:22:20,dnn506yrbagrg.cloudfront.net
2013-12-18 14:22:20,apis.google.com
2013-12-18 14:22:20,www.facebook.com
2013-12-18 14:22:20,www.youtube.com
2013-12-18 14:22:20,s-static.ak.facebook.com
2013-12-18 14:22:21,www.facebook.com
2013-12-18 14:22:37,apis.google.com
2013-12-18 14:22:37,www.youtube.com
2013-12-18 14:22:37,www.miniclip.com
2013-12-18 14:22:38,www.miniclip.com
2013-12-18 14:22:39,static.ak.facebook.com
2013-12-18 14:22:39,s-static.ak.facebook.com
2013-12-18 14:22:39,apis.google.com
2013-12-18 14:22:40,www.facebook.com
2013-12-18 14:22:42,apis.google.com
2013-12-18 14:22:44,www.miniclip.com
2013-12-18 14:22:45,apis.google.com
2013-12-18 14:22:45,s-static.ak.facebook.com
2013-12-18 14:22:45,www.facebook.com
2013-12-18 14:22:45,static.ak.facebook.com
2013-12-18 14:22:45,www.miniclip.com
2013-12-18 14:22:46,www.miniclip.com
2013-12-18 14:22:46,www.facebook.com
2013-12-18 14:22:47,www.miniclip.com
2013-12-18 14:22:49,www.miniclip.com
2013-12-18 14:22:51,www.miniclip.com
2013-12-18 14:23:20,www.miniclip.com
2013-12-18 14:25:20,apis.google.com
2013-12-18 14:29:28,www.miniclip.com
2013-12-18 14:52:48,www.google.com
2013-12-18 14:52:48,img.babylon.com
2013-12-18 14:52:58,1-50.completr.appspot.com
2013-12-18 14:52:59,1-50.completr.appspot.com
2013-12-18 14:53:00,1-50.completr.appspot.com
2013-12-18 14:53:02,1-50.completr.appspot.com
2013-12-18 14:53:03,1-50.completr.appspot.com
2013-12-18 14:53:04,www.delta-search.com
2013-12-18 14:53:04,utils.babylon.com
2013-12-18 14:53:04,1-50.completr.appspot.com
2013-12-18 14:53:05,www.delta-search.com
2013-12-18 14:53:05,kyuale.com
2013-12-18 14:53:07,img.babylon.com
2013-12-18 14:53:07,mfteam.fr
2013-12-18 14:53:07,ajax.googleapis.com
2013-12-18 14:53:08,mfteam.fr
2013-12-18 14:53:09,ty1fsp10s3.s.ad6media.fr
2013-12-18 14:53:09,mfteam.fr
2013-12-18 14:53:09,disqus.com
2013-12-18 14:53:09,mfteam.disqus.com
2013-12-18 14:53:09,go.disqus.com
2013-12-18 14:53:09,banniere.reussissonsensemble.fr
2013-12-18 14:53:10,qsjkwfs1mv.s.ad6media.fr
2013-12-18 14:53:10,piwik.loxda.net
2013-12-18 14:53:10,mfteam.fr
2013-12-18 14:53:11,www.facebook.com
2013-12-18 14:53:11,mfteam.fr
2013-12-18 14:53:54,img.babylon.com
2013-12-18 14:54:01,1-50.completr.appspot.com
2013-12-18 14:54:02,1-50.completr.appspot.com
2013-12-18 14:54:03,1-50.completr.appspot.com
2013-12-18 14:54:05,1-50.completr.appspot.com
2013-12-18 14:54:05,www.delta-search.com
2013-12-18 14:54:05,utils.babylon.com
2013-12-18 14:54:06,www.delta-search.com
2013-12-18 14:54:21,1-50.completr.appspot.com
2013-12-18 14:54:22,utils.babylon.com
2013-12-18 14:54:22,1-50.completr.appspot.com
2013-12-18 14:54:22,www.delta-search.com
2013-12-18 14:54:23,www.delta-search.com
2013-12-18 14:54:27,christian.nicollet.free.fr
2013-12-18 14:54:28,perso0.free.fr
2013-12-18 14:54:28,christian.nicollet.free.fr
2013-12-18 14:54:28,img.babylon.com
2013-12-18 14:54:34,christian.nicollet.free.fr
2013-12-18 14:54:34,perso0.free.fr
2013-12-18 14:54:42,christian.nicollet.free.fr
2013-12-18 14:54:45,christian.nicollet.free.fr
2013-12-18 14:54:45,perso0.free.fr
2013-12-18 14:54:49,christian.nicollet.free.fr
2013-12-18 14:54:52,christian.nicollet.free.fr
2013-12-18 14:54:57,christian.nicollet.free.fr
2013-12-18 14:55:01,christian.nicollet.free.fr
2013-12-18 14:55:04,christian.nicollet.free.fr
2013-12-18 14:55:08,christian.nicollet.free.fr
2013-12-18 14:55:17,christian.nicollet.free.fr
2013-12-18 14:56:15,perso0.free.fr
2013-12-18 14:56:15,christian.nicollet.free.fr
2013-12-18 14:56:20,christian.nicollet.free.fr
2013-12-18 14:56:33,christian.nicollet.free.fr
2013-12-18 14:56:33,www.atlantica.fr
2013-12-18 14:56:36,christian.nicollet.free.fr
2013-12-18 14:56:43,christian.nicollet.free.fr
2013-12-18 14:56:48,christian.nicollet.free.fr
2013-12-18 14:56:51,christian.nicollet.free.fr
2013-12-18 14:56:54,christian.nicollet.free.fr
2013-12-18 14:56:56,christian.nicollet.free.fr
2013-12-18 14:56:57,christian.nicollet.free.fr
2013-12-18 14:56:58,christian.nicollet.free.fr
2013-12-18 14:56:59,christian.nicollet.free.fr
2013-12-18 14:57:02,christian.nicollet.free.fr
2013-12-18 14:57:05,christian.nicollet.free.fr
2013-12-18 14:57:06,christian.nicollet.free.fr
2013-12-18 14:57:07,christian.nicollet.free.fr
2013-12-18 14:57:07,perso0.free.fr
2013-12-18 14:57:29,christian.nicollet.free.fr
2013-12-18 14:57:31,perso0.free.fr
2013-12-18 14:57:31,christian.nicollet.free.fr
2013-12-18 14:57:33,christian.nicollet.free.fr
2013-12-18 14:57:35,perso0.free.fr
2013-12-18 14:57:35,christian.nicollet.free.fr
2013-12-18 14:57:39,christian.nicollet.free.fr
2013-12-18 14:57:40,christian.nicollet.free.fr
2013-12-18 14:57:53,christian.nicollet.free.fr
2013-12-18 14:57:55,christian.nicollet.free.fr
2013-12-18 14:57:56,christian.nicollet.free.fr
2013-12-18 14:58:08,christian.nicollet.free.fr
2013-12-18 14:58:12,christian.nicollet.free.fr
2013-12-18 14:58:24,christian.nicollet.free.fr
2013-12-18 14:58:30,christian.nicollet.free.fr
2013-12-18 14:58:35,christian.nicollet.free.fr
2013-12-18 14:58:39,christian.nicollet.free.fr
2013-12-18 14:58:50,christian.nicollet.free.fr
2013-12-18 14:58:53,christian.nicollet.free.fr
2013-12-18 14:58:58,christian.nicollet.free.fr
2013-12-18 14:59:02,christian.nicollet.free.fr
2013-12-18 14:59:12,christian.nicollet.free.fr
2013-12-18 14:59:17,christian.nicollet.free.fr
2013-12-18 14:59:19,christian.nicollet.free.fr
2013-12-18 14:59:33,christian.nicollet.free.fr
2013-12-18 14:59:36,christian.nicollet.free.fr
2013-12-18 14:59:41,christian.nicollet.free.fr
2013-12-18 15:01:25,christian.nicollet.free.fr
2013-12-18 15:01:32,christian.nicollet.free.fr
2013-12-18 15:01:33,christian.nicollet.free.fr
2013-12-18 15:01:34,christian.nicollet.free.fr
2013-12-18 15:01:44,christian.nicollet.free.fr
2013-12-18 15:01:44,perso0.free.fr
2013-12-18 15:01:47,christian.nicollet.free.fr
2013-12-18 15:01:50,christian.nicollet.free.fr
2013-12-18 15:01:52,christian.nicollet.free.fr
2013-12-18 15:01:54,christian.nicollet.free.fr
2013-12-18 15:01:56,christian.nicollet.free.fr
2013-12-18 15:01:57,christian.nicollet.free.fr
2013-12-18 15:01:58,christian.nicollet.free.fr
2013-12-18 15:01:59,christian.nicollet.free.fr
2013-12-18 15:02:00,christian.nicollet.free.fr
2013-12-18 15:02:02,christian.nicollet.free.fr
2013-12-18 15:02:04,christian.nicollet.free.fr
2013-12-18 15:02:06,christian.nicollet.free.fr
2013-12-18 15:02:08,christian.nicollet.free.fr
2013-12-18 15:02:12,christian.nicollet.free.fr
2013-12-18 15:02:13,christian.nicollet.free.fr
2013-12-18 15:02:14,christian.nicollet.free.fr
2013-12-18 15:02:20,christian.nicollet.free.fr
2013-12-18 15:02:22,onlinestores.metaservices.microsoft.com
2013-12-18 15:02:24,christian.nicollet.free.fr
2013-12-18 15:02:27,christian.nicollet.free.fr
2013-12-18 15:02:29,christian.nicollet.free.fr
2013-12-18 15:02:34,christian.nicollet.free.fr
2013-12-18 15:02:36,christian.nicollet.free.fr
2013-12-18 15:02:41,perso0.free.fr
2013-12-18 15:02:41,christian.nicollet.free.fr
2013-12-18 15:02:43,christian.nicollet.free.fr
2013-12-18 15:02:46,christian.nicollet.free.fr
2013-12-18 15:03:37,christian.nicollet.free.fr
2013-12-18 15:03:39,christian.nicollet.free.fr
2013-12-18 15:03:41,christian.nicollet.free.fr
2013-12-18 15:03:43,christian.nicollet.free.fr
2013-12-18 15:03:44,christian.nicollet.free.fr
2013-12-18 15:03:46,christian.nicollet.free.fr
2013-12-18 15:03:49,christian.nicollet.free.fr
2013-12-18 15:03:51,christian.nicollet.free.fr
2013-12-18 15:04:26,christian.nicollet.free.fr
2013-12-18 15:04:29,christian.nicollet.free.fr
2013-12-18 15:04:31,christian.nicollet.free.fr
2013-12-18 15:04:36,christian.nicollet.free.fr
2013-12-18 15:04:39,christian.nicollet.free.fr
2013-12-18 15:04:42,christian.nicollet.free.fr
2013-12-18 15:04:44,christian.nicollet.free.fr
2013-12-18 15:04:45,christian.nicollet.free.fr
2013-12-18 15:04:47,christian.nicollet.free.fr
2013-12-18 15:04:49,christian.nicollet.free.fr
2013-12-18 15:04:52,christian.nicollet.free.fr
2013-12-18 15:04:54,christian.nicollet.free.fr
2013-12-18 15:04:57,christian.nicollet.free.fr
2013-12-18 15:05:00,christian.nicollet.free.fr
2013-12-18 15:05:06,christian.nicollet.free.fr
2013-12-18 15:05:07,christian.nicollet.free.fr
2013-12-18 15:05:30,christian.nicollet.free.fr
2013-12-18 15:05:35,christian.nicollet.free.fr
2013-12-18 15:05:36,christian.nicollet.free.fr
2013-12-18 15:05:38,christian.nicollet.free.fr
2013-12-18 15:05:39,christian.nicollet.free.fr
2013-12-18 15:05:41,christian.nicollet.free.fr
2013-12-18 15:05:43,christian.nicollet.free.fr
2013-12-18 15:05:45,christian.nicollet.free.fr
2013-12-18 15:05:46,christian.nicollet.free.fr
2013-12-18 15:05:48,christian.nicollet.free.fr
2013-12-18 15:05:51,christian.nicollet.free.fr
2013-12-18 15:05:53,christian.nicollet.free.fr
2013-12-18 15:05:56,christian.nicollet.free.fr
2013-12-18 15:05:59,christian.nicollet.free.fr
2013-12-18 15:06:01,christian.nicollet.free.fr
2013-12-18 15:06:02,christian.nicollet.free.fr
2013-12-18 15:06:04,christian.nicollet.free.fr
2013-12-18 15:06:07,christian.nicollet.free.fr
2013-12-18 15:06:10,christian.nicollet.free.fr
2013-12-18 15:06:13,christian.nicollet.free.fr
2013-12-18 15:06:25,christian.nicollet.free.fr
2013-12-18 15:06:28,christian.nicollet.free.fr
2013-12-18 15:06:32,christian.nicollet.free.fr
2013-12-18 15:06:35,christian.nicollet.free.fr
2013-12-18 15:06:37,christian.nicollet.free.fr
2013-12-18 15:06:38,christian.nicollet.free.fr
2013-12-18 15:06:41,christian.nicollet.free.fr
2013-12-18 15:06:42,christian.nicollet.free.fr
2013-12-18 15:06:44,christian.nicollet.free.fr
2013-12-18 15:06:50,christian.nicollet.free.fr
2013-12-18 15:06:53,christian.nicollet.free.fr
2013-12-18 15:06:56,christian.nicollet.free.fr
2013-12-18 15:06:59,christian.nicollet.free.fr
2013-12-18 15:07:03,christian.nicollet.free.fr
2013-12-18 15:07:04,christian.nicollet.free.fr
2013-12-18 15:07:09,christian.nicollet.free.fr
2013-12-18 15:07:10,christian.nicollet.free.fr
2013-12-18 15:07:13,christian.nicollet.free.fr
2013-12-18 15:07:16,christian.nicollet.free.fr
2013-12-18 15:07:18,christian.nicollet.free.fr
2013-12-18 15:07:19,christian.nicollet.free.fr
2013-12-18 15:07:21,christian.nicollet.free.fr
2013-12-18 15:07:30,christian.nicollet.free.fr
2013-12-18 15:07:34,christian.nicollet.free.fr
2013-12-18 15:07:36,christian.nicollet.free.fr
2013-12-18 15:07:39,christian.nicollet.free.fr
2013-12-18 15:07:43,christian.nicollet.free.fr
2013-12-18 15:07:46,christian.nicollet.free.fr
2013-12-18 15:07:48,christian.nicollet.free.fr
2013-12-18 15:07:58,christian.nicollet.free.fr
2013-12-18 15:08:07,christian.nicollet.free.fr
2013-12-18 15:08:09,christian.nicollet.free.fr
2013-12-18 15:08:11,christian.nicollet.free.fr
2013-12-18 15:08:16,christian.nicollet.free.fr
2013-12-18 15:08:19,christian.nicollet.free.fr
2013-12-18 15:08:22,christian.nicollet.free.fr
2013-12-18 15:08:27,christian.nicollet.free.fr
2013-12-18 15:08:32,christian.nicollet.free.fr
2013-12-18 15:08:35,christian.nicollet.free.fr
2013-12-18 15:08:42,christian.nicollet.free.fr
2013-12-18 15:08:45,christian.nicollet.free.fr
2013-12-18 15:08:48,christian.nicollet.free.fr
2013-12-18 15:08:50,christian.nicollet.free.fr
2013-12-18 15:08:53,christian.nicollet.free.fr
2013-12-18 15:08:55,christian.nicollet.free.fr
2013-12-18 15:08:58,christian.nicollet.free.fr
2013-12-18 15:09:00,christian.nicollet.free.fr
2013-12-18 15:09:08,christian.nicollet.free.fr
2013-12-18 15:09:12,christian.nicollet.free.fr
2013-12-18 15:09:15,christian.nicollet.free.fr
2013-12-18 15:09:17,christian.nicollet.free.fr
2013-12-18 15:09:20,christian.nicollet.free.fr
2013-12-18 15:09:24,christian.nicollet.free.fr
2013-12-18 15:10:51,img.babylon.com
2013-12-18 15:10:56,1-50.completr.appspot.com
2013-12-18 15:10:57,utils.babylon.com
2013-12-18 15:10:57,1-50.completr.appspot.com
2013-12-18 15:10:57,www.delta-search.com
2013-12-18 15:10:58,kyuale.com
2013-12-18 15:10:58,www.delta-search.com
2013-12-18 15:11:00,img.babylon.com
2013-12-18 15:11:01,www.miniclip.com
2013-12-18 15:11:01,ajax.googleapis.com
2013-12-18 15:11:02,s-static.ak.facebook.com
2013-12-18 15:11:02,apis.google.com
2013-12-18 15:11:02,www.google.fr
2013-12-18 15:11:02,static.ak.facebook.com
2013-12-18 15:11:02,www.google.com
2013-12-18 15:11:02,connect.facebook.net
2013-12-18 15:11:02,www.facebook.com
2013-12-18 15:11:02,dnn506yrbagrg.cloudfront.net
2013-12-18 15:11:03,www.facebook.com
2013-12-18 15:11:03,www.youtube.com
2013-12-18 15:12:22,apis.google.com
2013-12-18 15:12:22,www.youtube.com
2013-12-18 15:17:10,img.babylon.com
2013-12-18 15:17:11,www.miniclip.com
2013-12-18 15:17:12,static.ak.facebook.com
2013-12-18 15:17:12,s-static.ak.facebook.com
2013-12-18 15:17:13,dnn506yrbagrg.cloudfront.net
2013-12-18 15:17:13,www.facebook.com
2013-12-18 15:17:13,apis.google.com
2013-12-18 15:17:13,www.youtube.com
2013-12-18 15:17:15,www.google.com
2013-12-18 15:17:15,www.google.fr
2013-12-18 15:17:19,apis.google.com
2013-12-18 15:17:20,www.miniclip.com
2013-12-18 15:17:21,apis.google.com
2013-12-18 15:17:21,s-static.ak.facebook.com
2013-12-18 15:17:21,static.ak.facebook.com
2013-12-18 15:17:21,www.youtube.com
2013-12-18 15:17:21,www.facebook.com
2013-12-18 15:17:22,www.facebook.com
2013-12-18 15:17:24,www.miniclip.com
2013-12-18 15:19:35,apis.google.com
2013-12-18 15:30:49,img.babylon.com
