timestamp,site
2014-02-13 13:35:00,ocsp.thawte.com
2014-02-13 13:35:02,clients1.google.com
2014-02-13 13:35:02,gtglobal-ocsp.geotrust.com
2014-02-13 13:35:03,clients1.google.com
2014-02-13 13:35:05,www.google.fr
2014-02-13 13:35:08,ocsp.tcs.terena.org
2014-02-13 13:35:08,clients1.google.com
2014-02-13 13:35:08,ocsp.usertrust.com
2014-02-13 13:37:02,safebrowsing.clients.google.com
2014-02-13 13:37:02,safebrowsing-cache.google.com
2014-02-13 13:37:58,mw2.google.com
2014-02-13 13:37:59,apis.google.com
2014-02-13 13:38:00,www.google.com
2014-02-13 13:38:01,www.google.fr
2014-02-13 14:05:44,safebrowsing-cache.google.com
2014-02-13 14:05:44,safebrowsing.clients.google.com
2014-02-13 14:11:47,ocsp.tcs.terena.org
2014-02-13 14:11:47,ocsp.thawte.com
2014-02-13 14:11:47,gtglobal-ocsp.geotrust.com
2014-02-13 14:11:47,clients1.google.com
2014-02-13 14:11:47,ocsp.usertrust.com
2014-02-13 14:11:52,safebrowsing.clients.google.com
2014-02-13 14:11:52,safebrowsing-cache.google.com
2014-02-13 14:11:53,safebrowsing-cache.google.com
2014-02-13 14:26:03,ocsp.verisign.com
2014-02-13 14:28:03,ocsp.digicert.com
2014-02-13 14:40:19,safebrowsing.clients.google.com
2014-02-13 14:40:19,safebrowsing-cache.google.com
2014-02-13 15:06:15,clients1.google.com
2014-02-13 15:06:18,clients1.google.com
2014-02-13 15:06:20,www.google.fr
2014-02-13 15:06:20,voxygen.fr
2014-02-13 15:06:21,www.voxygen.fr
2014-02-13 15:06:21,voxygen.fr
2014-02-13 15:06:22,www.voxygen.fr
2014-02-13 15:06:22,voxygen.fr
2014-02-13 15:06:23,voxygen.fr
2014-02-13 15:06:24,www.voxygen.fr
2014-02-13 15:06:24,voxygen.fr
2014-02-13 15:06:25,www.voxygen.fr
2014-02-13 15:06:25,voxygen.fr
2014-02-13 15:09:14,apis.google.com
2014-02-13 15:09:15,www.google.com
2014-02-13 15:09:15,ajax.googleapis.com
2014-02-13 15:09:16,www.google.fr
2014-02-13 15:10:46,safebrowsing.clients.google.com
2014-02-13 15:10:46,safebrowsing-cache.google.com
2014-02-13 15:10:47,safebrowsing-cache.google.com
2014-02-13 15:39:01,safebrowsing-cache.google.com
2014-02-13 15:39:01,safebrowsing.clients.google.com
2014-02-13 15:39:02,safebrowsing-cache.google.com
2014-02-13 16:09:26,safebrowsing.clients.google.com
2014-02-13 16:09:26,safebrowsing-cache.google.com
2014-02-20 14:44:35,ocsp.thawte.com
2014-02-20 14:44:40,www.google.com
2014-02-20 14:44:41,clients1.google.com
2014-02-20 14:44:41,gtglobal-ocsp.geotrust.com
2014-02-20 14:44:42,clients1.google.com
2014-02-20 14:44:45,clients1.google.com
2014-02-20 14:44:45,ocsp.usertrust.com
2014-02-20 14:44:45,www.google.fr
2014-02-20 14:44:45,ocsp.tcs.terena.org
2014-02-20 14:44:46,clients1.google.com
2014-02-20 14:45:02,player.vimeo.com
2014-02-20 14:45:02,gtssl-ocsp.geotrust.com
2014-02-20 14:45:02,livepassdl.conviva.com
2014-02-20 14:45:03,livepassdl.conviva.com
2014-02-20 14:45:04,ocsp.digicert.com
2014-02-20 14:45:04,ocsp.godaddy.com
2014-02-20 14:45:05,ocsp.godaddy.com
2014-02-20 14:45:10,pings.conviva.com
2014-02-20 14:45:39,safebrowsing.clients.google.com
2014-02-20 14:45:39,safebrowsing-cache.google.com
2014-02-20 14:45:40,safebrowsing-cache.google.com
2014-02-20 14:46:59,livepassdl.conviva.com
2014-02-20 14:47:38,apis.google.com
2014-02-20 14:47:39,www.google.com
2014-02-20 14:47:40,www.google.fr
2014-02-20 15:33:31,ocsp.thawte.com
2014-02-20 15:33:31,gtglobal-ocsp.geotrust.com
2014-02-20 15:33:31,clients1.google.com
2014-02-20 15:33:32,ocsp.tcs.terena.org
2014-02-20 15:33:32,ocsp.usertrust.com
2014-02-20 15:36:11,safebrowsing-cache.google.com
2014-02-20 15:36:11,safebrowsing.clients.google.com
2014-02-20 15:36:12,safebrowsing-cache.google.com
2014-02-20 15:36:13,safebrowsing-cache.google.com
2014-02-20 15:41:13,ocsp.verisign.com
2014-02-20 15:43:13,ocsp.digicert.com
2014-02-20 16:06:42,safebrowsing-cache.google.com
2014-02-20 16:06:42,safebrowsing.clients.google.com
2014-02-20 16:06:43,safebrowsing-cache.google.com
2014-02-20 16:24:02,clients1.google.com
2014-02-20 16:24:02,www.google.com
2014-02-20 16:24:05,clients1.google.com
2014-02-20 16:24:09,www.google.fr
2014-02-20 16:24:11,afevauvergne.asso.fr
2014-02-20 16:24:12,afevauvergne.asso.fr
2014-02-20 16:24:13,afevauvergne.asso.fr
2014-02-20 16:24:13,afev.agence-kalideo.fr
2014-02-20 16:24:14,afevauvergne.asso.fr
2014-02-20 16:24:27,afevauvergne.asso.fr
2014-02-20 16:24:28,afevauvergne.asso.fr
2014-02-20 16:25:18,afevauvergne.asso.fr
2014-02-20 16:25:19,gtssl-ocsp.geotrust.com
2014-02-20 16:25:26,afevauvergne.asso.fr
2014-02-20 16:26:35,www.google.fr
2014-02-20 16:26:35,www.google.com
2014-02-27 13:32:10,ocsp.thawte.com
2014-02-27 13:32:13,safebrowsing.clients.google.com
2014-02-27 13:32:13,safebrowsing-cache.google.com
2014-02-27 13:32:14,safebrowsing-cache.google.com
2014-02-27 13:32:22,clients1.google.com
2014-02-27 13:32:23,gtglobal-ocsp.geotrust.com
2014-02-27 13:32:23,clients1.google.com
2014-02-27 13:32:34,clients1.google.com
2014-02-27 13:32:35,clients1.google.com
2014-02-27 13:32:38,www.google.fr
2014-02-27 13:32:39,ocsp.usertrust.com
2014-02-27 13:32:39,clients1.google.com
2014-02-27 13:32:39,ocsp.tcs.terena.org
2014-02-27 13:35:20,www.google.com
2014-02-27 13:35:22,apis.google.com
2014-02-27 13:35:31,www.google.fr
2014-02-27 13:39:57,ocsp.verisign.com
2014-02-27 13:39:58,ocsp.verisign.com
2014-02-27 13:41:57,ocsp.digicert.com
2014-02-27 13:41:58,ocsp.digicert.com
2014-02-27 14:00:59,safebrowsing.clients.google.com
2014-02-27 14:00:59,safebrowsing-cache.google.com
2014-02-27 14:22:58,ocsp.thawte.com
2014-02-27 14:23:01,www.google.com
2014-02-27 14:23:02,clients1.google.com
2014-02-27 14:23:02,gtglobal-ocsp.geotrust.com
2014-02-27 14:23:03,clients1.google.com
2014-02-27 14:23:06,www.google.fr
2014-02-27 14:23:08,ocsp.tcs.terena.org
2014-02-27 14:23:09,ocsp.usertrust.com
2014-02-27 14:25:58,mw2.google.com
2014-02-27 14:25:59,www.google.com
2014-02-27 14:26:02,www.google.fr
2014-02-27 14:26:30,safebrowsing-cache.google.com
2014-02-27 14:26:30,safebrowsing.clients.google.com
2014-02-27 14:26:31,safebrowsing-cache.google.com
2014-02-27 14:57:33,safebrowsing-cache.google.com
2014-02-27 14:57:33,safebrowsing.clients.google.com
2014-02-27 15:28:31,safebrowsing-cache.google.com
2014-02-27 15:28:31,safebrowsing.clients.google.com
2014-02-27 15:59:29,safebrowsing.clients.google.com
2014-02-27 15:59:29,safebrowsing-cache.google.com
2014-02-27 16:19:12,clients1.google.com
2014-02-27 16:19:12,gtglobal-ocsp.geotrust.com
2014-02-27 16:19:26,www.google.fr
2014-02-27 16:19:30,afevauvergne.asso.fr
2014-02-27 16:20:39,afevauvergne.asso.fr
2014-02-27 16:20:40,afevauvergne.asso.fr
2014-02-27 16:20:43,afev.agence-kalideo.fr
2014-02-27 16:20:44,afev.agence-kalideo.fr
2014-02-27 16:20:45,afevauvergne.asso.fr
2014-02-27 16:20:53,afevauvergne.asso.fr
2014-02-27 16:21:59,www.google.fr
2014-02-27 16:22:05,www.google.com
2014-02-27 16:22:30,www.lamontagne.fr
2014-02-27 16:22:32,www.lamontagne.fr
2014-02-27 16:22:33,admin.brightcove.com
2014-02-27 16:22:33,www.lamontagne.fr
2014-02-27 16:22:48,www.lamontagne.fr
2014-02-27 16:22:49,admin.brightcove.com
2014-02-27 16:22:49,www.lamontagne.fr
2014-02-27 16:22:49,platform.twitter.com
2014-02-27 16:22:50,www.lamontagne.fr
2014-02-27 16:22:59,videosfr.s3.amazonaws.com
2014-02-27 16:22:59,www.lamontagne.fr
2014-02-27 16:23:04,www.lamontagne.fr
2014-02-27 16:23:15,www.lamontagne.fr
2014-02-27 16:23:16,www.lamontagne.fr
2014-02-27 16:23:17,www.lamontagne.fr
2014-02-27 16:23:19,www.facebook.com
2014-02-27 16:23:19,www.google.com
2014-02-27 16:23:22,gtssl-ocsp.geotrust.com
2014-02-27 16:23:23,clients1.google.com
2014-02-27 16:23:23,www.lamontagne.fr
2014-02-27 16:23:24,www.google.com
2014-02-27 16:23:37,banniere.reussissonsensemble.fr
2014-02-27 16:23:40,www.prizee.com
2014-02-27 16:23:40,banniere.reussissonsensemble.fr
2014-02-27 16:23:42,banniere.reussissonsensemble.fr
2014-02-27 16:23:47,www.lamontagne.fr
2014-02-27 16:23:48,banniere.reussissonsensemble.fr
2014-02-27 16:23:55,id.google.fr
2014-02-27 16:23:56,admin.brightcove.com
2014-02-27 16:23:57,www.lamontagne.fr
2014-02-27 16:24:01,www.lamontagne.fr
2014-02-27 16:24:03,www.lamontagne.fr
2014-02-27 16:24:08,um.simpli.fi
2014-02-27 16:24:08,match.rtbidder.net
2014-02-27 16:24:08,rbp.mxptint.net
2014-02-27 16:24:08,c1.adform.net
2014-02-27 16:24:08,rp.gwallet.com
2014-02-27 16:24:09,c1.adform.net
2014-02-27 16:24:11,www.lamontagne.fr
2014-02-27 16:24:11,pr.ybp.yahoo.com
2014-02-27 16:24:19,clients1.google.com
2014-02-27 16:24:23,platform.twitter.com
2014-02-27 16:24:23,connect.facebook.net
2014-02-27 16:24:23,www.lamontagne.fr
2014-02-27 16:24:28,www.google.fr
2014-02-27 16:25:45,www.google.com
2014-02-27 16:27:13,apis.google.com
2014-02-27 16:27:20,accounts.google.com
2014-03-04 13:32:48,clients1.google.com
2014-03-04 13:32:48,ocsp.thawte.com
2014-03-04 13:32:48,gtglobal-ocsp.geotrust.com
2014-03-04 13:32:51,clients1.google.com
2014-03-04 13:32:56,clients1.google.com
2014-03-04 13:32:58,www.google.fr
2014-03-04 13:33:03,ocsp.tcs.terena.org
2014-03-04 13:33:03,clients1.google.com
2014-03-04 13:33:03,ocsp.usertrust.com
2014-03-04 13:35:44,sb-ssl.google.com
2014-03-04 13:35:48,www.google.com
2014-03-04 13:35:49,apis.google.com
2014-03-04 13:35:53,www.google.fr
2014-03-04 13:36:25,safebrowsing-cache.google.com
2014-03-04 13:36:25,safebrowsing.clients.google.com
2014-03-04 13:36:26,safebrowsing-cache.google.com
2014-03-04 13:36:27,safebrowsing-cache.google.com
2014-03-04 13:40:35,ocsp.verisign.com
2014-03-04 14:01:35,ocsp.thawte.com
2014-03-04 14:01:37,gtglobal-ocsp.geotrust.com
2014-03-04 14:01:37,clients1.google.com
2014-03-04 14:01:40,www.google.fr
2014-03-04 14:01:42,ocsp.tcs.terena.org
2014-03-04 14:01:43,ocsp.usertrust.com
2014-03-04 14:03:13,safebrowsing-cache.google.com
2014-03-04 14:03:13,safebrowsing.clients.google.com
2014-03-04 14:03:21,ocsp.digicert.com
2014-03-04 14:03:25,gtssl-ocsp.geotrust.com
2014-03-04 14:04:34,www.google.com
2014-03-04 14:04:35,www.google.fr
2014-03-04 15:55:58,ocsp.thawte.com
2014-03-04 15:56:05,gtglobal-ocsp.geotrust.com
2014-03-04 15:56:05,clients1.google.com
2014-03-04 15:56:06,clients1.google.com
2014-03-04 15:56:10,ocsp.usertrust.com
2014-03-04 15:56:10,www.google.fr
2014-03-04 15:56:10,ocsp.tcs.terena.org
2014-03-04 15:57:55,www.google.fr
2014-03-04 15:57:55,www.google.com
2014-03-04 16:12:40,ocsp.thawte.com
2014-03-04 16:12:44,www.google.com
2014-03-04 16:12:45,www.google.com
2014-03-04 16:12:46,clients1.google.com
2014-03-04 16:12:46,gtglobal-ocsp.geotrust.com
2014-03-04 16:12:47,clients1.google.com
2014-03-04 16:12:48,clients1.google.com
2014-03-04 16:12:50,clients1.google.com
2014-03-04 16:12:50,static.programme-tv.net
2014-03-04 16:12:50,www.programme-tv.net
2014-03-04 16:12:50,www.google.fr
2014-03-04 16:12:51,widget.achetezfacile.com
2014-03-04 16:12:51,www.player.previewnetworks.com
2014-03-04 16:12:51,static.programme-tv.net
2014-03-04 16:12:51,connect.facebook.net
2014-03-04 16:12:51,www.programme-tv.net
2014-03-04 16:12:52,static.ak.facebook.com
2014-03-04 16:12:52,d1447tq2m68ekg.cloudfront.net
2014-03-04 16:12:52,bdm.programme-tv.net
2014-03-04 16:12:52,www.programme-tv.net
2014-03-04 16:12:52,static.programme-tv.net
2014-03-04 16:12:54,static.cloud-media.fr
2014-03-04 16:12:54,ajax.googleapis.com
2014-03-04 16:12:54,ocsp.verisign.com
2014-03-04 16:13:11,static.programme-tv.net
2014-03-04 16:13:11,www.programme-tv.net
2014-03-04 16:13:12,code.jquery.com
2014-03-04 16:13:12,cshoppingbox.partner.leguide.com
2014-03-04 16:13:12,static.programme-tv.net
2014-03-04 16:13:12,www.programme-tv.net
2014-03-04 16:13:12,cdnjs.cloudflare.com
2014-03-04 16:13:12,ajax.googleapis.com
2014-03-04 16:13:12,cimg.leguide.com
2014-03-04 16:13:13,pixel.alephd.com
2014-03-04 16:13:13,ajax.googleapis.com
2014-03-04 16:13:14,pixel.alephd.com
2014-03-04 16:13:14,its.tradelab.fr
2014-03-04 16:13:14,mm.eulerian.net
2014-03-04 16:13:15,dps.bing.com
2014-03-04 16:13:22,ocsp.comodoca.com
2014-03-04 16:13:22,clients1.google.com
2014-03-04 16:13:22,cm.adgrx.com
2014-03-04 16:13:22,um.simpli.fi
2014-03-04 16:13:22,adventori.com
2014-03-04 16:13:31,s-static.ak.facebook.com
2014-03-04 16:13:31,www.google.fr
2014-03-04 16:13:31,www.facebook.com
2014-03-04 16:13:31,www.google.com
2014-03-04 16:13:31,pixel2368.everesttech.net
2014-03-04 16:24:42,ocsp.thawte.com
2014-03-04 16:24:45,clients1.google.com
2014-03-04 16:24:46,gtglobal-ocsp.geotrust.com
2014-03-04 16:24:47,clients1.google.com
2014-03-04 16:24:50,www.google.fr
2014-03-04 16:24:51,ocsp.usertrust.com
2014-03-04 16:24:51,ocsp.tcs.terena.org
2014-03-04 16:25:19,safebrowsing-cache.google.com
2014-03-04 16:25:19,safebrowsing.clients.google.com
2014-03-04 16:25:20,safebrowsing-cache.google.com
2014-03-04 16:26:02,id.google.fr
2014-03-04 16:26:02,www.google.com
2014-03-04 16:26:02,www.google.fr
2014-04-14 14:37:05,clients1.google.com
2014-04-14 14:37:05,www.google.com
2014-04-14 14:37:08,www.google.com
2014-04-14 14:37:10,clients1.google.com
2014-04-14 14:37:11,clients1.google.com
2014-04-14 14:37:12,clients1.google.com
2014-04-14 14:37:13,clients1.google.com
2014-04-14 14:37:15,www.google.com
2014-04-14 14:37:15,clients1.google.com
2014-04-14 14:37:16,www.google.com
2014-04-14 14:37:16,drive.google.com
2014-04-14 14:37:16,clients1.google.com
2014-04-14 14:37:17,clients1.google.com
2014-04-14 14:37:17,gtglobal-ocsp.geotrust.com
2014-04-14 14:37:52,clients1.google.com
2014-04-14 14:37:53,0.drive.google.com
2014-04-14 14:37:59,www.google.com
2014-04-14 14:38:00,clients1.google.com
2014-04-14 14:38:01,www.google.com
2014-04-14 14:38:01,www.meteofrance.com
2014-04-14 14:38:02,www.meteofrance.com
2014-04-14 14:38:03,www.meteofrance.com
2014-04-14 14:38:04,www.meteofrance.com
2014-04-14 14:38:12,www.meteofrance.com
2014-04-14 14:38:14,www.meteofrance.com
2014-04-14 14:38:15,www.meteofrance.com
2014-04-14 14:38:16,www.meteofrance.com
2014-04-14 14:38:16,mfr.meteofrance.com
2014-04-14 14:38:18,mfr.meteofrance.com
2014-04-14 14:38:19,pixel.alephd.com
2014-04-14 14:38:19,mm.eulerian.net
2014-04-14 14:38:19,mfr.meteofrance.com
2014-04-14 14:38:19,www.meteofrance.com
2014-04-14 14:38:19,www.facebook.com
2014-04-14 14:38:22,dps.bing.com
2014-04-14 14:38:34,www.google.com
2014-04-14 14:38:34,clients1.google.com
2014-04-14 14:38:36,drive.google.com
2014-04-14 14:38:36,www.google.com
2014-04-14 14:38:40,1.drive.google.com
2014-04-14 14:38:46,0.drive.google.com
2014-04-14 14:39:10,safebrowsing-cache.google.com
2014-04-14 14:39:10,safebrowsing.clients.google.com
2014-04-14 14:39:11,safebrowsing-cache.google.com
2014-04-14 14:39:12,safebrowsing-cache.google.com
2014-04-14 14:39:13,safebrowsing-cache.google.com
2014-04-14 14:39:14,safebrowsing-cache.google.com
2014-04-14 14:39:32,1.drive.google.com
2014-04-14 14:39:35,0.drive.google.com
2014-04-14 14:40:15,safebrowsing-cache.google.com
2014-04-14 14:40:16,safebrowsing-cache.google.com
2014-04-14 14:40:17,safebrowsing-cache.google.com
2014-04-14 14:40:26,1.drive.google.com
2014-04-14 14:40:31,0.drive.google.com
2014-04-14 14:40:43,1.drive.google.com
2014-04-14 14:41:10,clients1.google.com
2014-04-14 14:41:10,www.google.com
2014-04-14 14:41:14,www.google.com
2014-04-14 14:41:14,drive.google.com
2014-04-14 14:41:17,www.google.com
2014-04-14 14:41:17,2.drive.google.com
2014-04-14 14:41:26,0.drive.google.com
2014-04-14 14:41:47,clients1.google.com
2014-04-14 14:41:47,www.google.com
2014-04-14 14:41:49,accounts.google.com
2014-04-14 14:41:49,accounts.google.fr
2014-04-14 14:41:50,www.google.com
2014-04-14 14:41:50,www.eurosport.fr
2014-04-14 14:41:50,layout.eurosport.com
2014-04-14 14:41:50,apis.google.com
2014-04-14 14:41:50,layout4.eurosport.com
2014-04-14 14:41:51,layout.eurosport.com
2014-04-14 14:41:51,i5.eurosport.com
2014-04-14 14:41:51,layout1.eurosport.com
2014-04-14 14:41:51,layout4.eurosport.com
2014-04-14 14:41:51,i.eurosport.com
2014-04-14 14:41:51,layout2.eurosport.com
2014-04-14 14:41:51,layout3.eurosport.com
2014-04-14 14:41:52,i2.eurosport.com
2014-04-14 14:41:52,i1.eurosport.com
2014-04-14 14:41:53,www.facebook.com
2014-04-14 14:41:53,connect.facebook.net
2014-04-14 14:41:53,layout.eurosport.com
2014-04-14 14:41:53,platform.twitter.com
2014-04-14 14:41:54,static.ak.facebook.com
2014-04-14 14:41:54,layout4.eurosport.com
2014-04-14 14:41:55,www.facebook.com
2014-04-14 14:41:55,eurosport-fr.disqus.com
2014-04-14 14:41:55,gtssl-ocsp.geotrust.com
2014-04-14 14:41:55,go.disqus.com
2014-04-14 14:41:55,layout.eurosport.com
2014-04-14 14:41:55,evsecure-ocsp.verisign.com
2014-04-14 14:41:56,www.google.com
2014-04-14 14:41:56,s-static.ak.facebook.com
2014-04-14 14:41:56,evsecure-ocsp.verisign.com
2014-04-14 14:41:56,eurosportbet.loa24.com
2014-04-14 14:41:57,clients1.google.com
2014-04-14 14:41:57,eurosportbet.loa24.com
2014-04-14 14:41:58,apis.google.com
2014-04-14 14:41:58,platform.twitter.com
2014-04-14 14:41:58,eurosportbet.loa24.com
2014-04-14 14:41:59,www.eurosport.fr
2014-04-14 14:41:59,pr.ybp.yahoo.com
2014-04-14 14:41:59,layout.eurosport.com
2014-04-14 14:42:01,www.eurosport.fr
2014-04-14 14:42:01,layout.eurosport.com
2014-04-14 14:42:08,2.drive.google.com
2014-04-14 14:42:15,www.eurosport.fr
2014-04-14 14:42:15,2.drive.google.com
2014-04-14 14:42:16,i5.eurosport.com
2014-04-14 14:42:16,www.facebook.com
2014-04-14 14:42:16,www.eurosport.fr
2014-04-14 14:42:17,www.eurosport.fr
2014-04-14 14:42:17,i3.eurosport.com
2014-04-14 14:42:19,i1.eurosport.com
2014-04-14 14:42:19,0.drive.google.com
2014-04-14 14:42:24,i2.eurosport.com
2014-04-14 14:42:25,i4.eurosport.com
2014-04-14 14:42:25,i5.eurosport.com
2014-04-14 14:42:25,i3.eurosport.com
2014-04-14 14:42:25,i2.eurosport.com
2014-04-14 14:42:26,i1.eurosport.com
2014-04-14 14:42:26,i5.eurosport.com
2014-04-14 14:42:28,twitter.com
2014-04-14 14:42:29,twitter.com
2014-04-14 14:42:32,i2.eurosport.com
2014-04-14 14:42:32,i3.eurosport.com
2014-04-14 14:42:33,i3.eurosport.com
2014-04-14 14:42:33,dnl.eurosport.com
2014-04-14 14:42:33,i2.eurosport.com
2014-04-14 14:42:33,i5.eurosport.com
2014-04-14 14:42:33,i4.eurosport.com
2014-04-14 14:42:33,i1.eurosport.com
2014-04-14 14:42:34,i1.eurosport.com
2014-04-14 14:42:34,dnl.eurosport.com
2014-04-14 14:42:34,i2.eurosport.com
2014-04-14 14:42:35,dnl.eurosport.com
2014-04-14 14:42:36,drive.google.com
2014-04-14 14:42:37,apis.google.com
2014-04-14 14:42:38,drive.google.com
2014-04-14 14:42:40,0.drive.google.com
2014-04-14 14:42:41,0.drive.google.com
2014-04-14 14:43:08,www.mozilla.org
2014-04-14 14:43:08,www.mozilla.com
2014-04-14 14:43:10,sb-ssl.google.com
2014-04-14 14:43:14,ocsp.digicert.com
2014-04-14 14:43:33,www.google.fr
2014-04-14 14:43:34,clients1.google.fr
2014-04-14 14:43:34,www.google.fr
2014-04-14 14:43:51,clients1.google.fr
2014-04-14 14:43:52,clients1.google.fr
2014-04-14 14:43:53,www.google.fr
2014-04-14 14:43:53,clients1.google.fr
2014-04-14 14:43:55,drive.google.com
2014-04-14 14:43:55,www.google.fr
2014-04-14 14:44:03,clients1.google.com
2014-04-14 14:44:03,www.google.com
2014-04-14 14:44:06,www.google.com
2014-04-14 14:44:06,drive.google.com
2014-04-14 14:44:07,www.google.fr
2014-04-14 14:44:07,drive.google.com
2014-04-14 14:44:09,3.drive.google.com
2014-04-14 14:44:10,drive.google.com
2014-04-14 14:44:10,www.google.fr
2014-04-14 14:44:11,www.google.fr
2014-04-14 14:44:11,drive.google.com
2014-04-14 14:44:12,drive.google.com
2014-04-14 14:44:12,www.google.fr
2014-04-14 14:44:13,drive.google.com
2014-04-14 14:44:13,www.google.fr
2014-04-14 14:44:24,clients1.google.com
2014-04-14 14:44:24,www.google.com
2014-04-14 14:44:25,www.google.com
2014-04-14 14:45:06,3.drive.google.com
2014-04-14 14:45:06,www.google.fr
2014-04-14 14:45:06,drive.google.com
2014-04-14 14:45:07,www.google.fr
2014-04-14 14:45:07,drive.google.com
2014-04-14 14:45:08,drive.google.com
2014-04-14 14:45:08,www.google.fr
2014-04-14 14:45:09,www.google.fr
2014-04-14 14:45:09,drive.google.com
2014-04-14 14:45:10,www.google.fr
2014-04-14 14:45:10,drive.google.com
2014-04-14 14:45:11,www.google.fr
2014-04-14 14:45:11,drive.google.com
2014-04-14 14:45:12,drive.google.com
2014-04-14 14:45:12,www.google.fr
2014-04-14 14:45:14,drive.google.com
2014-04-14 14:45:14,www.google.fr
2014-04-14 14:45:55,apis.google.com
2014-04-14 14:45:57,apis.google.com
2014-04-14 14:45:58,apis.google.com
2014-04-14 14:45:58,3.drive.google.com
2014-04-14 14:45:58,accounts.google.com
2014-04-14 14:45:58,profiles.google.com
2014-04-14 14:45:58,plus.google.com
2014-04-14 14:45:58,drive.google.com
2014-04-14 14:48:54,go.microsoft.com
2014-04-14 14:48:54,www.iegallery.com
2014-04-14 14:48:55,www.iegallery.com
2014-04-14 14:48:56,www.iegallery.com
2014-04-14 14:48:57,www.iegallery.com
2014-04-14 14:48:58,www.bing.com
2014-04-14 14:49:01,api.bing.com
2014-04-14 14:49:02,www.bing.com
2014-04-14 14:49:03,www.bing.com
2014-04-14 14:49:03,cms.abmr.net
2014-04-14 14:49:04,www.bing.com
2014-04-14 14:49:05,www.bing.com
2014-04-14 14:49:06,www.bing.com
2014-04-14 14:49:07,www.bing.com
2014-04-14 14:49:08,www.bing.com
2014-04-14 14:49:09,www.bing.com
2014-04-14 14:49:18,www.bing.com
2014-04-14 14:49:24,drive.google.com
2014-04-14 14:49:25,drive.google.com
2014-04-14 14:49:28,www.google.com
2014-04-14 14:49:40,accounts.google.com
2014-04-14 14:49:40,drive.google.com
2014-04-14 14:49:40,www.google.com
2014-04-14 14:49:43,accounts.google.com
2014-04-14 14:49:59,accounts.youtube.com
2014-04-14 14:50:05,accounts.google.fr
2014-04-14 14:50:06,accounts.google.fr
2014-04-14 14:50:06,drive.google.com
2014-04-14 14:50:06,accounts.google.com
2014-04-14 14:50:06,accounts.youtube.com
2014-04-14 14:50:07,ieonline.microsoft.com
2014-04-14 14:50:09,drive.google.com
2014-04-14 14:50:10,drive.google.com
2014-04-14 14:50:11,apis.google.com
2014-04-14 14:50:11,drive.google.com
2014-04-14 14:50:13,0.drive.google.com
2014-04-14 14:50:14,drive.google.com
2014-04-14 14:50:15,docs.google.com
2014-04-14 14:50:15,0.drive.google.com
2014-04-14 14:50:15,drive.google.com
2014-04-14 14:50:16,drive.google.com
2014-04-14 14:50:16,docs.google.com
2014-04-14 14:50:19,docs.google.com
2014-04-14 14:50:20,profiles.google.com
2014-04-14 14:50:20,docs.google.com
2014-04-14 14:50:21,docs.google.com
2014-04-14 14:50:21,drive.google.com
2014-04-14 14:50:21,profiles.google.com
2014-04-14 14:50:21,plus.google.com
2014-04-14 14:50:25,drive.google.com
2014-04-23 17:48:38,www.univ-bpclermont.fr
2014-04-23 17:49:30,www.univ-bpclermont.fr
2014-04-23 17:49:42,www.univ-bpclermont.fr
2014-04-23 17:49:46,www.univ-bpclermont.fr
2014-04-23 17:51:05,sb-ssl.google.com
2014-04-23 17:51:21,apis.google.com
2014-04-23 17:51:21,www.google.com
2014-04-23 17:51:22,www.google.fr
2014-04-24 10:31:24,ocsp.thawte.com
2014-04-24 10:31:32,sci.sciences.univ-bpclermont.fr
2014-04-24 10:31:33,sci.sciences.univ-bpclermont.fr
2014-04-24 10:31:42,clients1.google.com
2014-04-24 10:31:42,gtglobal-ocsp.geotrust.com
2014-04-24 10:31:43,sci.sciences.univ-bpclermont.fr
2014-04-24 10:31:44,clients1.google.com
2014-04-24 10:31:45,www.google.fr
2014-04-24 10:31:45,www.univ-bpclermont.fr
2014-04-24 10:31:46,www.univ-bpclermont.fr
2014-04-24 10:31:47,www.univ-bpclermont.fr
2014-04-24 10:31:48,www.univ-bpclermont.fr
2014-04-24 10:31:48,ent.univ-bpclermont.fr
2014-04-24 10:31:49,ent.univ-bpclermont.fr
2014-04-24 10:31:49,clients1.google.com
2014-04-24 10:31:50,ent.univ-bpclermont.fr
2014-04-24 10:31:50,ocsp.tcs.terena.org
2014-04-24 10:31:50,www.univ-bpclermont.fr
2014-04-24 10:31:50,ocsp.usertrust.com
2014-04-24 10:31:51,www.univ-bpclermont.fr
2014-04-24 10:32:04,ent.univ-bpclermont.fr
2014-04-24 10:32:05,ent.univ-bpclermont.fr
2014-04-24 10:32:06,ent.univ-bpclermont.fr
2014-04-24 10:32:06,www.univ-bpclermont.fr
2014-04-24 10:32:09,ent.univ-bpclermont.fr
2014-04-24 10:32:09,www.univ-bpclermont.fr
2014-04-24 10:33:14,ocsp.verisign.com
2014-04-24 10:33:28,mw2.google.com
2014-04-24 10:33:28,www.google.com
2014-04-24 10:33:28,apis.google.com
2014-04-24 10:33:28,www.google.fr
2014-04-24 10:59:13,ocsp.thawte.com
2014-04-24 10:59:15,clients1.google.com
2014-04-24 10:59:15,gtglobal-ocsp.geotrust.com
2014-04-24 10:59:19,www.google.fr
2014-04-24 10:59:19,www.univ-bpclermont.fr
2014-04-24 10:59:20,www.univ-bpclermont.fr
2014-04-24 10:59:21,ent.univ-bpclermont.fr
2014-04-24 10:59:22,www.univ-bpclermont.fr
2014-04-24 10:59:22,ent.univ-bpclermont.fr
2014-04-24 10:59:22,ocsp.tcs.terena.org
2014-04-24 10:59:23,ocsp.usertrust.com
2014-04-24 10:59:23,www.univ-bpclermont.fr
2014-04-24 10:59:24,www.univ-bpclermont.fr
2014-04-24 10:59:34,ent.univ-bpclermont.fr
2014-04-24 10:59:35,ent.univ-bpclermont.fr
2014-04-24 10:59:35,www.univ-bpclermont.fr
2014-04-24 10:59:46,ent.univ-bpclermont.fr
2014-04-24 10:59:47,www.univ-bpclermont.fr
2014-04-24 10:59:47,ent.univ-bpclermont.fr
2014-04-24 11:01:05,ocsp.digicert.com
2014-04-24 11:02:12,www.google.com
2014-04-24 11:02:14,www.google.fr
2014-04-24 11:03:16,safebrowsing.clients.google.com
2014-04-24 11:03:16,safebrowsing-cache.google.com
2014-04-24 11:03:34,ent.univ-bpclermont.fr
2014-04-24 11:04:08,ent.univ-bpclermont.fr
2014-04-24 11:04:09,www.univ-bpclermont.fr
2014-04-24 11:04:09,claroline.univ-bpclermont.fr
2014-04-24 11:04:09,ent.univ-bpclermont.fr
2014-04-24 11:04:10,claroline.univ-bpclermont.fr
2014-04-24 11:04:11,claroline.univ-bpclermont.fr
2014-04-24 11:04:15,claroline.univ-bpclermont.fr
2014-04-24 11:04:16,claroline.univ-bpclermont.fr
2014-04-24 11:04:17,claroline.univ-bpclermont.fr
2014-04-24 11:04:18,claroline.univ-bpclermont.fr
2014-04-24 11:04:20,claroline.univ-bpclermont.fr
2014-04-24 11:04:24,claroline.univ-bpclermont.fr
2014-04-24 11:04:25,claroline.univ-bpclermont.fr
2014-04-24 11:04:31,ent.univ-bpclermont.fr
2014-04-24 11:04:33,claroline.univ-bpclermont.fr
2014-04-24 11:04:45,ent.univ-bpclermont.fr
2014-04-24 11:04:48,claroline.univ-bpclermont.fr
2014-04-24 11:04:50,claroline.univ-bpclermont.fr
2014-04-24 11:04:51,claroline.univ-bpclermont.fr
2014-04-24 11:05:05,claroline.univ-bpclermont.fr
2014-04-24 11:05:31,ent.univ-bpclermont.fr
2014-04-24 11:05:33,claroline.univ-bpclermont.fr
2014-04-24 11:05:37,ent.univ-bpclermont.fr
2014-04-24 11:05:39,claroline.univ-bpclermont.fr
2014-04-24 11:05:42,claroline.univ-bpclermont.fr
2014-04-24 11:05:44,claroline.univ-bpclermont.fr
2014-04-24 11:06:04,ent.univ-bpclermont.fr
2014-04-24 11:06:17,claroline.univ-bpclermont.fr
2014-04-24 11:06:28,ent.univ-bpclermont.fr
2014-04-24 11:06:30,claroline.univ-bpclermont.fr
2014-04-24 11:06:44,ent.univ-bpclermont.fr
2014-04-24 13:35:29,www.google.com
2014-04-24 13:35:30,www.google.com
2014-04-24 13:35:30,clients1.google.com
2014-04-24 13:35:31,www.google.com
2014-04-24 13:35:31,ent.univ-bpclermont.fr
2014-04-24 13:35:32,ent.univ-bpclermont.fr
2014-04-24 13:35:32,clients1.google.com
2014-04-24 13:35:32,gtglobal-ocsp.geotrust.com
2014-04-24 13:35:32,www.univ-bpclermont.fr
2014-04-24 13:35:32,ocsp.tcs.terena.org
2014-04-24 13:35:32,ocsp.usertrust.com
2014-04-24 13:35:32,ocsp.comodoca.com
2014-04-24 13:35:33,www.univ-bpclermont.fr
2014-04-24 13:35:33,ent.univ-bpclermont.fr
2014-04-24 13:35:34,www.univ-bpclermont.fr
2014-04-24 13:35:43,www.univ-bpclermont.fr
2014-04-24 13:35:52,ent.univ-bpclermont.fr
2014-04-24 13:35:53,ent.univ-bpclermont.fr
2014-04-24 13:35:53,www.univ-bpclermont.fr
2014-04-24 13:35:55,www.google.com
2014-04-24 13:36:12,clients1.google.com
2014-04-24 13:36:12,www.google.com
2014-04-24 13:36:15,www.google.com
2014-04-24 13:36:20,ent.univ-bpclermont.fr
2014-04-24 13:36:20,www.google.com
2014-04-24 13:36:21,ent.univ-bpclermont.fr
2014-04-24 13:36:24,ent.univ-bpclermont.fr
2014-04-24 13:36:30,www.google.com
2014-04-24 13:36:30,ent.univ-bpclermont.fr
2014-04-24 13:36:31,ent.univ-bpclermont.fr
2014-04-24 13:36:38,ent.univ-bpclermont.fr
2014-04-24 13:36:38,www.google.com
2014-04-24 13:36:39,ent.univ-bpclermont.fr
2014-04-24 13:37:14,www.google.fr
2014-04-24 13:37:14,www.google.com
2014-04-24 13:37:15,www.google.fr
2014-04-24 13:37:15,clients1.google.fr
2014-04-24 13:37:18,clients1.google.fr
2014-04-24 13:37:19,clients1.google.fr
2014-04-24 13:37:19,www.google.fr
2014-04-24 13:37:20,ent.univ-bpclermont.fr
2014-04-24 13:37:20,www.google.fr
2014-04-24 13:37:24,www.google.fr
2014-04-24 13:37:24,ent.univ-bpclermont.fr
2014-04-24 13:37:25,ent.univ-bpclermont.fr
2014-04-24 13:37:37,www.google.com
2014-04-24 13:37:37,clients1.google.com
2014-04-24 13:37:39,www.univ-bpclermont.fr
2014-04-24 13:37:39,ent.univ-bpclermont.fr
2014-04-24 13:37:39,www.google.com
2014-04-24 13:37:46,ent.univ-bpclermont.fr
2014-04-24 13:37:46,www.univ-bpclermont.fr
2014-04-24 13:38:20,ent.univ-bpclermont.fr
2014-04-24 13:38:32,ent.univ-bpclermont.fr
2014-04-24 13:38:38,ent.univ-bpclermont.fr
2014-04-24 13:38:53,ent.univ-bpclermont.fr
2014-04-24 13:39:07,ent.univ-bpclermont.fr
2014-04-24 13:39:10,www.google.com
2014-04-24 13:39:10,clients1.google.com
2014-04-24 13:39:12,www.google.com
2014-04-24 13:39:12,ent.univ-bpclermont.fr
2014-04-24 13:39:23,ent.univ-bpclermont.fr
2014-04-24 13:39:33,ent.univ-bpclermont.fr
2014-04-24 13:39:38,ent.univ-bpclermont.fr
2014-04-24 13:39:44,ent.univ-bpclermont.fr
2014-04-24 13:39:47,clients1.google.com
2014-04-24 13:39:47,www.google.com
2014-04-24 13:39:49,ent.univ-bpclermont.fr
2014-04-24 13:39:49,www.google.com
2014-04-24 13:39:50,www.univ-bpclermont.fr
2014-04-24 13:39:50,ent.univ-bpclermont.fr
2014-04-24 13:39:54,ent.univ-bpclermont.fr
2014-04-24 13:40:12,www.google.com
2014-04-24 13:40:13,clients1.google.com
2014-04-24 13:40:14,www.google.com
2014-04-24 13:40:14,ent.univ-bpclermont.fr
2014-04-24 13:40:28,stages.univ-bpclermont.fr
2014-04-24 13:40:28,ent.univ-bpclermont.fr
2014-04-24 13:40:28,reunions.univ-bpclermont.fr
2014-04-24 13:40:28,graal.univ-bpclermont.fr
2014-04-24 13:40:28,edt.univ-bpclermont.fr
2014-04-24 13:40:28,www.univ-bpclermont.fr
2014-04-24 13:40:28,forums.univ-bpclermont.fr
2014-04-24 13:40:28,filez.univ-bpclermont.fr
2014-04-24 13:40:28,dokudsi.univ-bpclermont.fr
2014-04-24 13:40:28,claroline.univ-bpclermont.fr
2014-04-24 13:40:29,claroline.univ-bpclermont.fr
2014-04-24 13:40:30,graal.univ-bpclermont.fr
2014-04-24 13:40:30,claroline.univ-bpclermont.fr
2014-04-24 13:40:30,dokudsi.univ-bpclermont.fr
2014-04-24 13:40:30,edt.univ-bpclermont.fr
2014-04-24 13:40:31,ent.univ-bpclermont.fr
2014-04-24 13:40:32,www.google.com
2014-04-24 13:40:32,ent.univ-bpclermont.fr
2014-04-24 13:40:34,ent.univ-bpclermont.fr
2014-04-24 13:40:34,www.univ-bpclermont.fr
2014-04-24 13:40:37,ent.univ-bpclermont.fr
2014-04-24 13:40:37,www.google.com
2014-04-24 13:40:39,www.univ-bpclermont.fr
2014-04-24 13:40:43,www.google.com
2014-04-24 13:40:43,ent.univ-bpclermont.fr
2014-04-24 13:40:47,ent.univ-bpclermont.fr
2014-04-24 13:40:48,ent.univ-bpclermont.fr
2014-04-24 13:40:49,ent.univ-bpclermont.fr
2014-04-24 13:40:49,www.univ-bpclermont.fr
2014-04-24 13:40:51,ent.univ-bpclermont.fr
2014-04-24 13:40:51,www.google.com
2014-04-24 13:41:12,www.google.com
2014-04-24 13:41:12,ent.univ-bpclermont.fr
2014-04-24 13:41:34,ent.univ-bpclermont.fr
2014-04-24 13:41:44,ent.univ-bpclermont.fr
2014-04-24 13:42:12,ent.univ-bpclermont.fr
2014-04-24 13:42:17,ent.univ-bpclermont.fr
2014-04-24 13:42:19,www.google.com
2014-04-24 13:42:19,clients1.google.com
2014-04-24 13:42:21,www.google.com
2014-04-24 13:42:21,ent.univ-bpclermont.fr
2014-04-24 13:42:21,www.univ-bpclermont.fr
2014-04-24 13:42:23,ent.univ-bpclermont.fr
2014-04-24 13:42:25,www.univ-bpclermont.fr
2014-04-24 13:42:25,ent.univ-bpclermont.fr
2014-04-24 13:42:56,www.univ-bpclermont.fr
2014-04-24 13:42:56,ent.univ-bpclermont.fr
2014-04-24 13:42:57,ent.univ-bpclermont.fr
2014-04-24 13:43:46,ent.univ-bpclermont.fr
2014-04-24 13:43:48,ent.univ-bpclermont.fr
2014-04-24 13:43:48,www.univ-bpclermont.fr
2014-04-24 13:43:49,www.univ-bpclermont.fr
2014-04-24 13:43:49,ent.univ-bpclermont.fr
2014-04-24 13:44:19,ent.univ-bpclermont.fr
2014-04-24 13:44:20,ent.univ-bpclermont.fr
2014-04-24 13:44:20,www.univ-bpclermont.fr
2014-04-24 13:44:23,www.google.com
2014-04-24 13:44:23,clients1.google.com
2014-04-24 13:44:24,www.google.com
2014-04-24 13:44:24,ent.univ-bpclermont.fr
2014-04-24 13:44:25,www.univ-bpclermont.fr
2014-04-24 13:44:25,ent.univ-bpclermont.fr
2014-04-24 13:44:26,ent.univ-bpclermont.fr
2014-04-24 13:44:39,www.univ-bpclermont.fr
2014-04-24 13:44:39,ent.univ-bpclermont.fr
2014-04-24 13:44:51,ent.univ-bpclermont.fr
2014-04-24 13:44:51,www.univ-bpclermont.fr
2014-04-24 13:44:56,clients1.google.com
2014-04-24 13:44:56,www.google.com
2014-04-24 13:44:58,www.univ-bpclermont.fr
2014-04-24 13:44:58,www.google.com
2014-04-24 13:44:58,ent.univ-bpclermont.fr
2014-04-24 13:45:00,ent.univ-bpclermont.fr
2014-04-24 13:45:05,www.google.com
2014-04-24 13:45:05,clients1.google.com
2014-04-24 13:45:07,www.google.com
2014-04-24 13:45:07,ent.univ-bpclermont.fr
2014-04-24 13:45:07,www.univ-bpclermont.fr
2014-04-24 13:45:12,clients1.google.com
2014-04-24 13:45:12,www.google.com
2014-04-24 13:45:13,ent.univ-bpclermont.fr
2014-04-24 13:45:13,www.google.com
2014-04-24 13:45:34,ent.univ-bpclermont.fr
2014-04-24 13:46:20,ent.univ-bpclermont.fr
2014-04-24 13:46:20,claroline.univ-bpclermont.fr
2014-04-24 13:46:20,www.univ-bpclermont.fr
2014-04-24 13:46:21,claroline.univ-bpclermont.fr
2014-04-24 13:46:22,claroline.univ-bpclermont.fr
2014-04-24 13:46:25,claroline.univ-bpclermont.fr
2014-04-24 13:46:26,claroline.univ-bpclermont.fr
2014-04-24 13:46:35,claroline.univ-bpclermont.fr
2014-04-24 13:46:37,claroline.univ-bpclermont.fr
2014-04-24 13:46:44,claroline.univ-bpclermont.fr
2014-04-24 13:46:47,claroline.univ-bpclermont.fr
2014-04-24 13:46:48,claroline.univ-bpclermont.fr
2014-04-24 13:46:49,claroline.univ-bpclermont.fr
2014-04-24 13:47:07,claroline.univ-bpclermont.fr
2014-04-24 13:47:09,claroline.univ-bpclermont.fr
2014-04-24 13:47:11,claroline.univ-bpclermont.fr
2014-04-24 13:47:14,claroline.univ-bpclermont.fr
2014-04-24 13:47:47,ent.univ-bpclermont.fr
2014-04-24 13:47:49,www.univ-bpclermont.fr
2014-04-24 13:47:49,ent.univ-bpclermont.fr
2014-04-24 13:47:50,ent.univ-bpclermont.fr
2014-04-24 13:47:50,claroline.univ-bpclermont.fr
2014-04-24 13:47:53,claroline.univ-bpclermont.fr
2014-04-24 13:47:55,claroline.univ-bpclermont.fr
2014-04-24 13:48:35,www.univ-bpclermont.fr
2014-04-24 13:48:35,ent.univ-bpclermont.fr
2014-04-24 13:48:36,claroline.univ-bpclermont.fr
2014-04-24 13:48:54,fxfeeds.mozilla.com
2014-04-24 13:48:55,newsrss.bbc.co.uk
2014-04-24 13:48:55,feeds.bbci.co.uk
2014-04-24 13:49:16,ent.univ-bpclermont.fr
2014-04-24 13:49:16,claroline.univ-bpclermont.fr
2014-04-24 13:49:16,www.univ-bpclermont.fr
2014-04-24 13:50:09,www.google.fr
2014-04-24 13:50:09,www.google.com
2014-04-24 13:50:10,clients1.google.fr
2014-04-24 13:50:10,claroline.univ-bpclermont.fr
2014-04-24 13:50:11,clients1.google.fr
2014-04-24 13:50:12,clients1.google.fr
2014-04-24 13:50:13,www.google.fr
2014-04-24 13:50:13,clients1.google.fr
2014-04-24 13:50:14,www.google.fr
2014-04-24 13:50:15,ent.univ-bpclermont.fr
2014-04-24 13:50:15,clients1.google.com
2014-04-24 13:50:15,gtglobal-ocsp.geotrust.com
2014-04-24 13:50:15,ocsp.tcs.terena.org
2014-04-24 13:50:15,ocsp.usertrust.com
2014-04-24 13:50:16,www.univ-bpclermont.fr
2014-04-24 13:50:16,ocsp.comodoca.com
2014-04-24 13:50:17,www.univ-bpclermont.fr
2014-04-24 13:50:18,www.univ-bpclermont.fr
2014-04-24 13:50:26,ent.univ-bpclermont.fr
2014-04-24 13:50:27,www.univ-bpclermont.fr
2014-04-24 13:50:27,ent.univ-bpclermont.fr
2014-04-24 13:50:32,claroline.univ-bpclermont.fr
2014-04-24 13:50:32,www.univ-bpclermont.fr
2014-04-24 13:50:32,ent.univ-bpclermont.fr
2014-04-24 13:50:33,claroline.univ-bpclermont.fr
2014-04-24 13:50:38,claroline.univ-bpclermont.fr
2014-04-24 13:50:40,claroline.univ-bpclermont.fr
2014-04-24 13:50:42,claroline.univ-bpclermont.fr
2014-04-24 13:50:44,claroline.univ-bpclermont.fr
2014-04-24 13:50:50,claroline.univ-bpclermont.fr
2014-04-24 13:50:52,claroline.univ-bpclermont.fr
2014-04-24 13:50:53,claroline.univ-bpclermont.fr
2014-04-24 13:50:56,ent.univ-bpclermont.fr
2014-04-24 13:50:56,www.univ-bpclermont.fr
2014-04-24 13:50:57,claroline.univ-bpclermont.fr
2014-04-24 13:50:59,ent.univ-bpclermont.fr
2014-04-24 13:51:00,www.univ-bpclermont.fr
2014-04-24 13:51:00,ent.univ-bpclermont.fr
2014-04-24 13:52:10,clients1.google.com
2014-04-24 13:52:10,safebrowsing.clients.google.com
2014-04-24 13:52:10,safebrowsing-cache.google.com
2014-04-24 13:52:11,safebrowsing-cache.google.com
2014-04-24 13:52:11,claroline.univ-bpclermont.fr
2014-04-24 13:52:12,safebrowsing-cache.google.com
2014-04-24 13:52:13,claroline.univ-bpclermont.fr
2014-04-24 13:52:13,safebrowsing-cache.google.com
2014-04-24 13:52:14,claroline.univ-bpclermont.fr
2014-04-24 13:52:14,safebrowsing-cache.google.com
2014-04-24 13:52:16,claroline.univ-bpclermont.fr
2014-04-24 13:52:24,ent.univ-bpclermont.fr
2014-04-24 13:52:24,www.univ-bpclermont.fr
2014-04-24 13:52:29,claroline.univ-bpclermont.fr
2014-04-24 13:52:34,claroline.univ-bpclermont.fr
2014-04-24 13:52:37,claroline.univ-bpclermont.fr
2014-04-24 13:52:40,claroline.univ-bpclermont.fr
2014-04-24 13:52:42,claroline.univ-bpclermont.fr
2014-04-24 13:53:11,claroline.univ-bpclermont.fr
2014-04-24 13:53:13,claroline.univ-bpclermont.fr
2014-04-24 13:53:15,safebrowsing-cache.google.com
2014-04-24 13:53:16,safebrowsing-cache.google.com
2014-04-24 13:53:49,ent.univ-bpclermont.fr
2014-04-24 13:53:50,www.univ-bpclermont.fr
2014-04-24 13:53:50,ent.univ-bpclermont.fr
2014-04-24 13:53:50,claroline.univ-bpclermont.fr
2014-04-24 13:53:53,ent.univ-bpclermont.fr
2014-04-24 13:53:54,ent.univ-bpclermont.fr
2014-04-24 13:53:55,ent.univ-bpclermont.fr
2014-04-24 13:53:55,claroline.univ-bpclermont.fr
2014-04-24 13:53:55,www.univ-bpclermont.fr
2014-04-24 13:53:57,claroline.univ-bpclermont.fr
2014-04-24 13:53:59,claroline.univ-bpclermont.fr
2014-04-24 13:54:00,claroline.univ-bpclermont.fr
2014-04-24 13:54:01,claroline.univ-bpclermont.fr
2014-04-24 13:54:09,ent.univ-bpclermont.fr
2014-04-24 13:54:10,ent.univ-bpclermont.fr
2014-04-24 13:54:10,www.univ-bpclermont.fr
2014-04-24 13:54:33,www.univ-bpclermont.fr
2014-04-24 13:54:33,ent.univ-bpclermont.fr
2014-04-24 13:54:34,ent.univ-bpclermont.fr
2014-04-24 13:54:41,ent.univ-bpclermont.fr
2014-04-24 13:54:42,ent.univ-bpclermont.fr
2014-04-24 13:54:42,www.univ-bpclermont.fr
2014-04-24 13:56:10,sb-ssl.google.com
2014-04-24 13:56:33,ent.univ-bpclermont.fr
2014-04-24 13:56:40,ent.univ-bpclermont.fr
2014-04-24 13:57:12,ent.univ-bpclermont.fr
2014-04-24 14:24:30,safebrowsing.clients.google.com
2014-04-24 14:24:30,safebrowsing-cache.google.com
2014-04-24 14:24:31,safebrowsing-cache.google.com
2014-04-24 14:24:32,safebrowsing-cache.google.com
2014-04-24 14:24:33,safebrowsing-cache.google.com
2014-04-24 14:24:34,safebrowsing-cache.google.com
2014-04-24 14:24:35,safebrowsing-cache.google.com
2014-04-24 14:25:36,safebrowsing-cache.google.com
2014-04-24 14:57:26,safebrowsing.clients.google.com
2014-04-24 14:57:26,safebrowsing-cache.google.com
2014-04-24 14:57:27,safebrowsing-cache.google.com
2014-04-24 14:57:28,safebrowsing-cache.google.com
2014-04-24 14:57:29,safebrowsing-cache.google.com
2014-04-24 14:57:30,safebrowsing-cache.google.com
2014-04-24 14:57:31,safebrowsing-cache.google.com
2014-04-24 15:00:00,ent.univ-bpclermont.fr
2014-04-24 15:00:02,ent.univ-bpclermont.fr
2014-04-24 15:01:08,ent.univ-bpclermont.fr
2014-04-24 15:05:02,newsrss.bbc.co.uk
2014-04-24 15:05:02,feeds.bbci.co.uk
2014-04-24 15:05:02,fxfeeds.mozilla.com
