timestamp,site
2014-01-17 13:15:46,www.bing.com
2014-01-17 13:15:53,www.bing.com
2014-01-17 13:15:54,www.bing.com
2014-01-17 13:15:54,cms.abmr.net
2014-01-17 13:15:54,go.microsoft.com
2014-01-17 13:15:54,windows.microsoft.com
2014-01-17 13:15:54,res1.windows.microsoft.com
2014-01-17 13:15:54,js.microsoft.com
2014-01-17 13:15:54,res2.windows.microsoft.com
2014-01-17 13:15:54,ajax.microsoft.com
2014-01-17 13:15:55,res2.windows.microsoft.com
2014-01-17 13:15:55,res1.windows.microsoft.com
2014-01-17 13:15:56,res2.windows.microsoft.com
2014-01-17 13:15:57,res1.windows.microsoft.com
2014-01-17 13:15:57,res2.windows.microsoft.com
2014-01-17 13:15:57,windows.microsoft.com
2014-01-17 13:15:58,js.microsoft.com
2014-01-17 13:15:58,res1.windows.microsoft.com
2014-01-17 13:15:58,www.bing.com
2014-01-17 13:16:03,www.bing.com
2014-01-17 13:16:08,login.live.com
2014-01-17 13:16:22,ssl.bing.com
2014-01-17 13:16:22,www.bing.com
2014-01-17 13:17:13,ieonline.microsoft.com
2014-01-17 13:18:31,ssl.bing.com
2014-01-17 15:22:42,www.iegallery.com
2014-01-17 15:22:42,go.microsoft.com
2014-01-17 15:22:43,www.iegallery.com
2014-01-17 15:22:44,www.iegallery.com
2014-01-17 15:22:45,www.iegallery.com
2014-01-22 08:13:16,office14client.microsoft.com
2014-01-22 08:13:16,office.microsoft.com
2014-01-22 08:13:19,office.microsoft.com
2014-01-22 08:58:34,api.bing.com
2014-01-22 08:58:36,api.bing.com
2014-01-22 08:58:37,api.bing.com
2014-01-22 08:58:39,api.bing.com
2014-01-22 08:58:40,api.bing.com
2014-01-22 08:58:41,www.bing.com
2014-01-22 08:58:42,www.bing.com
2014-01-22 08:58:43,cms.abmr.net
2014-01-22 08:58:43,www.bing.com
2014-01-22 08:58:44,www.bing.com
2014-01-22 08:58:45,www.bing.com
2014-01-22 08:58:45,login.live.com
2014-01-22 08:58:45,ssl.bing.com
2014-01-22 08:58:52,www.bing.com
2014-01-22 08:58:59,www.bing.com
2014-01-22 08:59:09,www.bing.com
2014-01-22 08:59:09,ssl.bing.com
2014-01-22 08:59:12,www.bing.com
2014-01-22 08:59:12,login.live.com
2014-01-22 08:59:20,www.bing.com
2014-01-22 09:00:15,ssl.bing.com
2014-01-22 09:01:52,www.bing.com
2014-01-22 09:01:54,login.live.com
2014-01-22 09:01:55,www.bing.com
2014-01-22 09:02:00,www.inet.jeunesse-sports.gouv.fr
2014-01-22 09:02:00,www.bing.com
2014-01-22 09:02:47,www.inet.jeunesse-sports.gouv.fr
2014-01-22 09:02:59,ssl.bing.com
2014-02-19 08:09:39,api.bing.com
2014-02-19 08:09:42,www.bing.com
2014-02-19 08:09:43,www.bing.com
2014-02-19 08:09:44,cms.abmr.net
2014-02-19 08:09:44,www.bing.com
2014-02-19 08:09:50,www.bing.com
2014-02-19 08:09:51,www.bing.com
2014-02-19 08:09:51,login.live.com
2014-02-19 08:09:51,ssl.bing.com
2014-02-19 08:09:54,www.bing.com
2014-02-19 08:09:57,www.bing.com
2014-02-19 08:09:57,ssl.bing.com
2014-02-19 08:10:25,player.vimeo.com
2014-02-19 08:10:36,fpdownload2.macromedia.com
2014-02-19 08:15:49,addons.foxitsoftware.com
2014-02-19 08:15:50,addons.foxitsoftware.com
2014-02-19 09:13:41,api.bing.com
2014-02-19 09:13:43,api.bing.com
2014-02-19 09:13:44,www.bing.com
2014-02-19 09:13:44,api.bing.com
2014-02-19 09:13:46,login.live.com
2014-02-19 09:13:46,ssl.bing.com
2014-02-19 09:13:46,www.bing.com
2014-02-19 09:13:47,www.bing.com
2014-02-19 09:13:47,www.google.fr
2014-02-19 09:13:48,ssl.bing.com
2014-02-19 09:13:48,www.google.com
2014-02-19 09:13:48,www.google.fr
2014-02-19 09:13:48,www.bing.com
2014-02-19 09:13:49,www.google.fr
2014-02-19 09:14:00,www.google.com
2014-02-19 09:14:00,www.google.fr
2014-02-19 09:14:02,www.google.fr
2014-02-19 09:14:02,www.kopodium.com
2014-02-19 09:14:03,www.kopodium.com
2014-02-19 09:14:09,media-cache-ec0.pinimg.com
2014-02-19 09:14:10,s.gravatar.com
2014-02-19 09:14:10,www.kopodium.com
2014-02-19 09:14:10,media-cache-ec0.pinimg.com
2014-02-19 09:14:10,media-cache-ak0.pinimg.com
2014-02-19 09:14:10,farm4.staticflickr.com
2014-02-19 09:14:10,s0.wp.com
2014-02-19 09:14:11,www.kopodium.com
2014-02-19 09:14:11,s.gravatar.com
2014-02-19 09:14:11,connect.facebook.net
2014-02-19 09:14:11,platform.twitter.com
2014-02-19 09:14:12,www.kopodium.com
2014-02-19 09:14:12,www.facebook.com
2014-02-19 09:14:12,static.ak.facebook.com
2014-02-19 09:14:12,twitter.com
2014-02-19 09:14:12,platform.twitter.com
2014-02-19 09:14:12,s-static.ak.facebook.com
2014-02-19 09:14:14,platform.twitter.com
2014-02-19 09:14:43,twitter.com
2014-02-19 09:14:52,www.google.fr
2014-02-19 09:15:14,platform.twitter.com
2014-02-19 09:32:01,api.bing.com
2014-02-19 09:32:02,api.bing.com
2014-02-19 09:32:05,api.bing.com
2014-02-19 09:32:06,api.bing.com
2014-02-19 09:32:07,www.bing.com
2014-02-19 09:32:07,api.bing.com
2014-02-19 09:32:10,login.live.com
2014-02-19 09:32:10,ssl.bing.com
2014-02-19 09:32:10,www.bing.com
2014-02-19 09:32:11,ts3.mm.bing.net
2014-02-19 09:32:13,www.bing.com
2014-02-19 09:32:14,bits.wikimedia.org
2014-02-19 09:32:14,fr.wikipedia.org
2014-02-19 09:32:14,meta.wikimedia.org
2014-02-19 09:32:14,ssl.bing.com
2014-02-19 09:32:14,login.wikimedia.org
2014-02-19 09:32:15,fr.wikipedia.org
2014-02-19 09:32:15,bits.wikimedia.org
2014-02-19 09:33:38,www.bing.com
2014-02-19 09:33:39,ts1.mm.bing.net
2014-02-19 09:33:49,www.bing.com
2014-02-19 09:34:03,www.bing.com
2014-02-19 09:34:05,login.live.com
2014-02-19 09:34:05,www.bing.com
2014-02-19 09:34:13,www.bing.com
2014-02-19 09:34:16,www.bing.com
2014-02-19 09:34:18,www.bing.com
2014-02-19 09:34:18,login.live.com
2014-02-19 09:34:19,ts2.mm.bing.net
2014-02-19 09:34:19,ssl.bing.com
2014-02-19 09:34:19,www.bing.com
2014-02-19 09:34:26,www.bing.com
2014-02-19 09:34:31,www.bing.com
2014-02-19 09:34:33,login.live.com
2014-02-19 09:34:33,www.bing.com
2014-02-19 09:34:33,fr.wikipedia.org
2014-02-19 09:34:34,bits.wikimedia.org
2014-02-19 09:34:34,meta.wikimedia.org
2014-02-19 09:36:19,www.bing.com
2014-02-19 09:36:20,ts2.mm.bing.net
2014-02-19 09:36:21,login.live.com
2014-02-19 09:36:22,www.bing.com
2014-02-19 09:36:25,api.bing.com
2014-02-19 09:36:26,api.bing.com
2014-02-19 09:36:28,www.bing.com
2014-02-19 09:36:29,www.bing.com
2014-02-19 09:36:30,login.live.com
2014-02-19 09:36:31,www.bing.com
2014-02-19 09:36:31,ssl.bing.com
2014-02-19 09:36:33,www.bing.com
2014-02-19 09:36:34,bits.wikimedia.org
2014-02-19 09:36:34,fr.wikipedia.org
2014-02-19 09:36:34,ssl.bing.com
2014-02-19 09:36:34,meta.wikimedia.org
2014-02-19 09:37:01,www.bing.com
2014-02-19 09:37:04,www.bing.com
2014-02-19 09:37:05,www.bing.com
2014-02-19 09:37:05,api.bing.com
2014-02-19 09:37:05,login.live.com
2014-02-19 09:37:07,api.bing.com
2014-02-19 09:37:08,api.bing.com
2014-02-19 09:37:09,api.bing.com
2014-02-19 09:37:11,www.bing.com
2014-02-19 09:37:13,www.bing.com
2014-02-19 09:37:13,login.live.com
2014-02-19 09:37:21,www.bing.com
2014-02-19 09:37:23,www.bing.com
2014-02-19 09:37:26,api.bing.com
2014-02-19 09:37:27,api.bing.com
2014-02-19 09:37:28,www.bing.com
2014-02-19 09:37:28,api.bing.com
2014-02-19 09:37:29,www.bing.com
2014-02-19 09:37:31,www.bing.com
2014-02-19 09:37:31,login.live.com
2014-02-19 09:37:34,www.bing.com
2014-02-19 09:37:35,ssl.bing.com
2014-02-19 09:37:35,moncava.com
2014-02-19 09:37:35,openx.cavadeos.com
2014-02-19 09:37:35,www.gravatar.com
2014-02-19 09:37:36,moncava.com
2014-02-19 09:37:36,www.gravatar.com
2014-02-19 09:37:36,videos.cavadeos.tv
2014-02-19 09:37:36,openx.cavadeos.com
2014-02-19 09:37:37,pagesinxt.com
2014-02-19 09:37:37,mypageresults.com
2014-02-19 09:37:38,videos.cavadeos.tv
2014-02-19 09:37:38,pagesinxt.com
2014-02-19 09:37:38,openx.cavadeos.com
2014-02-19 09:37:38,moncava.com
2014-02-19 09:37:38,mypageresults.com
2014-02-19 09:37:39,pagesinxt.com
2014-02-19 09:37:39,moncava.com
2014-02-19 09:38:45,ts1.mm.bing.net
2014-02-19 09:38:45,www.bing.com
2014-02-19 09:38:50,ssl.bing.com
2014-02-19 09:38:52,www.bing.com
2014-02-19 09:38:55,api.bing.com
2014-02-19 09:38:56,api.bing.com
2014-02-19 09:38:57,api.bing.com
2014-02-19 09:39:07,api.bing.com
2014-02-19 09:39:08,api.bing.com
2014-02-19 09:39:09,api.bing.com
2014-02-19 09:39:12,api.bing.com
2014-02-19 09:39:14,api.bing.com
2014-02-19 09:39:15,api.bing.com
2014-02-19 09:39:15,www.bing.com
2014-02-19 09:39:16,www.bing.com
2014-02-19 09:39:18,login.live.com
2014-02-19 09:39:18,www.bing.com
2014-02-19 09:39:26,www.bing.com
2014-02-19 09:39:35,api.bing.com
2014-02-19 09:39:36,api.bing.com
2014-02-19 09:39:37,api.bing.com
2014-02-19 09:39:38,api.bing.com
2014-02-19 09:39:39,api.bing.com
2014-02-19 09:39:42,api.bing.com
2014-02-19 09:39:43,www.bing.com
2014-02-19 09:39:45,login.live.com
2014-02-19 09:39:45,www.bing.com
2014-02-19 09:39:49,www.bing.com
2014-02-19 09:39:51,ssl.bing.com
2014-02-19 09:40:43,www.bing.com
2014-02-19 09:40:44,www.bing.com
2014-02-19 09:40:45,www.bing.com
2014-02-19 09:40:46,www.bing.com
2014-02-19 09:40:47,ts4.mm.bing.net
2014-02-19 09:40:47,ts1.mm.bing.net
2014-02-19 09:40:47,www.bing.com
2014-02-19 09:40:47,ts3.mm.bing.net
2014-02-19 09:40:47,ts1.explicit.bing.net
2014-02-19 09:40:47,ts2.mm.bing.net
2014-02-19 09:40:48,ts3.mm.bing.net
2014-02-19 09:40:48,ts1.mm.bing.net
2014-02-19 09:40:48,ts2.mm.bing.net
2014-02-19 09:40:48,ts4.mm.bing.net
2014-02-19 09:40:49,ts4.mm.bing.net
2014-02-19 09:40:49,ts2.explicit.bing.net
2014-02-19 09:40:49,ts1.mm.bing.net
2014-02-19 09:40:49,ts2.mm.bing.net
2014-02-19 09:40:49,ts3.mm.bing.net
2014-02-19 09:40:50,ts4.mm.bing.net
2014-02-19 09:40:50,www.bing.com
2014-02-19 09:40:50,ts3.mm.bing.net
2014-02-19 09:40:50,ts1.mm.bing.net
2014-02-19 09:40:51,ts1.mm.bing.net
2014-02-19 09:40:51,ts4.mm.bing.net
2014-02-19 09:40:51,ts2.mm.bing.net
2014-02-19 09:40:51,www.bing.com
2014-02-19 09:40:52,login.live.com
2014-02-19 09:40:52,ts4.mm.bing.net
2014-02-19 09:40:52,ts3.mm.bing.net
2014-02-19 09:40:52,ts2.mm.bing.net
2014-02-19 09:40:52,ts1.mm.bing.net
2014-02-19 09:40:52,www.bing.com
2014-02-19 09:40:52,ssl.bing.com
2014-02-19 09:40:53,ts2.mm.bing.net
2014-02-19 09:40:53,ts1.mm.bing.net
2014-02-19 09:40:53,ts4.mm.bing.net
2014-02-19 09:40:53,www.bing.com
2014-02-19 09:40:54,ts1.mm.bing.net
2014-02-19 09:40:54,www.bing.com
2014-02-19 09:40:55,www.bing.com
2014-02-19 09:40:58,ts1.mm.bing.net
2014-02-19 09:40:59,ts1.mm.bing.net
2014-02-19 09:41:00,www.bing.com
2014-02-19 09:41:01,www.ouest-france.fr
2014-02-19 09:41:01,ts2.mm.bing.net
2014-02-19 09:41:01,www.bing.com
2014-02-19 09:41:02,www.linfo.re
2014-02-19 09:41:02,www.otemounoir.re
2014-02-19 09:41:03,www.ipreunion.com
2014-02-19 09:41:03,www.ffkarate.fr
2014-02-19 09:41:03,respire-lemag.fr
2014-02-19 09:41:03,reunion.la1ere.fr
2014-02-19 09:41:03,www.otemounoir.re
2014-02-19 09:41:04,www.karatebushido.com
2014-02-19 09:41:07,ts1.mm.bing.net
2014-02-19 09:41:07,www.bing.com
2014-02-19 09:41:08,ts1.mm.bing.net
2014-02-19 09:41:09,ts1.mm.bing.net
2014-02-19 09:41:10,ts1.mm.bing.net
2014-02-19 09:41:11,ts4.mm.bing.net
2014-02-19 09:41:11,www.bing.com
2014-02-19 09:41:11,www.clicanoo.re
2014-02-19 09:41:12,www.ipreunion.com
2014-02-19 09:41:12,www.zinfos974.com
2014-02-19 09:41:14,www.seychellesweekly.com
2014-02-19 09:41:17,www.bing.com
2014-02-19 09:41:17,ts1.mm.bing.net
2014-02-19 09:41:18,ts1.mm.bing.net
2014-02-19 09:41:20,ts1.mm.bing.net
2014-02-19 09:41:21,www.bing.com
2014-02-19 09:41:32,api.bing.com
2014-02-19 09:41:33,api.bing.com
2014-02-19 09:41:35,api.bing.com
2014-02-19 09:41:36,api.bing.com
2014-02-19 09:41:37,www.bing.com
2014-02-19 09:41:39,login.live.com
2014-02-19 09:41:39,www.bing.com
2014-02-19 09:41:40,ssl.bing.com
2014-02-19 09:41:40,www.bing.com
2014-02-19 09:41:40,bits.wikimedia.org
2014-02-19 09:41:40,fr.wikipedia.org
2014-02-19 09:41:41,meta.wikimedia.org
2014-02-19 09:41:41,fr.wikipedia.org
2014-03-26 07:58:46,api.bing.com
2014-03-26 07:58:47,www.bing.com
2014-03-26 07:58:48,www.bing.com
2014-03-26 07:58:49,cms.abmr.net
2014-03-26 07:58:49,www.bing.com
2014-03-26 07:58:57,www.bing.com
2014-03-26 07:58:59,login.live.com
2014-03-26 07:59:01,www.bing.com
2014-03-26 07:59:03,ssl.bing.com
2014-03-26 07:59:03,www.bing.com
2014-03-26 07:59:04,login.live.com
2014-03-26 08:00:57,addons.foxitsoftware.com
2014-03-26 08:20:26,api.bing.com
2014-03-26 08:20:28,www.bing.com
2014-03-26 08:20:38,www.bing.com
2014-03-26 08:20:42,login.live.com
2014-03-26 08:20:42,www.bing.com
2014-03-26 08:21:16,www.bing.com
2014-03-26 08:21:28,www.bing.com
2014-03-26 08:21:28,login.live.com
2014-03-26 08:21:50,www.bing.com
2014-03-26 08:22:00,www.bing.com
2014-03-26 08:22:01,login.live.com
2014-03-26 08:22:01,www.bing.com
2014-03-26 08:22:11,www.bing.com
2014-03-26 08:22:11,fr.wikipedia.org
2014-03-26 08:22:11,bits.wikimedia.org
2014-03-26 08:22:11,ssl.bing.com
2014-03-26 08:22:12,bits.wikimedia.org
2014-03-26 08:22:12,meta.wikimedia.org
2014-03-26 08:22:12,fr.wikipedia.org
2014-03-26 08:22:12,login.wikimedia.org
2014-03-26 08:24:39,www.bing.com
2014-03-26 08:24:40,ts3.mm.bing.net
2014-03-26 08:24:41,www.bing.com
2014-03-26 08:24:46,api.bing.com
2014-03-26 08:24:46,www.bing.com
2014-03-26 08:24:48,www.bing.com
2014-03-26 08:24:48,www.google.fr
2014-03-26 08:24:49,clients1.google.fr
2014-03-26 08:24:49,www.google.fr
2014-03-26 08:24:54,clients1.google.fr
2014-03-26 08:24:56,clients1.google.fr
2014-03-26 08:24:57,login.live.com
2014-03-26 08:24:57,clients1.google.fr
2014-03-26 08:24:59,clients1.google.fr
2014-03-26 08:25:00,clients1.google.fr
2014-03-26 08:25:02,www.google.fr
2014-03-26 08:25:02,clients1.google.fr
2014-03-26 08:25:06,clients1.google.fr
2014-03-26 08:25:08,www.google.fr
2014-03-26 08:25:08,clients1.google.fr
2014-03-26 08:25:13,www.google.fr
2014-03-26 08:25:13,clients1.google.fr
2014-03-26 08:25:19,clients1.google.fr
2014-03-26 08:25:20,clients1.google.fr
2014-03-26 08:25:22,clients1.google.fr
2014-03-26 08:25:23,clients1.google.fr
2014-03-26 08:25:24,clients1.google.fr
2014-03-26 08:25:25,clients1.google.fr
2014-03-26 08:25:27,clients1.google.fr
2014-03-26 08:25:28,clients1.google.fr
2014-03-26 08:25:29,www.google.fr
2014-03-26 08:25:30,clients1.google.fr
2014-03-26 08:25:43,clients1.google.fr
2014-03-26 08:25:44,clients1.google.fr
2014-03-26 08:25:46,clients1.google.fr
2014-03-26 08:25:47,clients1.google.fr
2014-03-26 08:25:48,clients1.google.fr
2014-03-26 08:25:49,clients1.google.fr
2014-03-26 08:25:49,www.google.fr
2014-03-26 08:26:40,clients1.google.fr
2014-03-26 08:26:41,clients1.google.fr
2014-03-26 08:26:42,clients1.google.fr
2014-03-26 08:26:43,clients1.google.fr
2014-03-26 08:26:44,clients1.google.fr
2014-03-26 08:26:45,clients1.google.fr
2014-03-26 08:26:47,clients1.google.fr
2014-03-26 08:26:47,www.google.fr
2014-03-26 08:26:47,img.youtube.com
2014-03-26 08:26:48,www.google.fr
2014-03-26 08:26:48,fr.wikipedia.org
2014-03-26 08:26:48,bits.wikimedia.org
2014-03-26 08:26:49,bits.wikimedia.org
2014-03-26 08:26:54,meta.wikimedia.org
2014-03-26 08:26:55,meta.wikimedia.org
2014-03-26 08:28:25,clients1.google.fr
2014-03-26 08:28:29,clients1.google.fr
2014-03-26 08:28:30,clients1.google.fr
2014-03-26 08:28:31,clients1.google.fr
2014-03-26 08:28:41,www.google.fr
2014-03-26 08:28:41,clients1.google.fr
2014-03-26 08:28:46,www.google.fr
2014-03-26 08:28:48,ffboxe.fr
2014-03-26 08:29:37,armmf.adobe.com
2014-03-26 08:29:39,armmf.adobe.com
2014-03-26 08:33:23,clients1.google.fr
2014-03-26 08:33:24,clients1.google.fr
2014-03-26 08:33:25,clients1.google.fr
2014-03-26 08:33:26,clients1.google.fr
2014-03-26 08:33:27,www.google.fr
2014-03-26 08:33:27,img.youtube.com
2014-03-26 08:33:27,clients1.google.fr
2014-03-26 08:33:32,clients1.google.fr
2014-03-26 08:33:33,clients1.google.fr
2014-03-26 08:33:41,clients1.google.fr
2014-03-26 08:33:44,clients1.google.fr
2014-03-26 08:33:45,clients1.google.fr
2014-03-26 08:33:46,clients1.google.fr
2014-03-26 08:33:48,www.google.fr
2014-03-26 08:33:48,clients1.google.fr
2014-03-26 08:34:15,clients1.google.fr
2014-03-26 08:34:16,clients1.google.fr
2014-03-26 08:34:17,clients1.google.fr
2014-03-26 08:34:19,clients1.google.fr
2014-03-26 08:34:20,clients1.google.fr
2014-03-26 08:34:21,clients1.google.fr
2014-03-26 08:34:24,www.google.fr
2014-03-26 08:34:24,clients1.google.fr
2014-03-26 08:34:27,www.google.fr
2014-03-26 08:34:27,clerse.univ-lille1.fr
2014-03-26 08:34:29,addons.foxitsoftware.com
2014-03-26 08:34:30,addons.foxitsoftware.com
