timestamp,site
2014-01-27 08:14:16,go.microsoft.com
2014-01-27 08:14:16,www.iegallery.com
2014-01-27 08:14:18,www.iegallery.com
2014-01-27 08:14:19,www.bing.com
2014-01-27 08:14:19,www.iegallery.com
2014-01-27 08:14:20,www.iegallery.com
2014-01-27 08:14:38,api.bing.com
2014-01-27 08:14:39,api.bing.com
2014-01-27 08:14:43,api.bing.com
2014-01-27 08:14:44,www.bing.com
2014-01-27 08:14:45,www.bing.com
2014-01-27 08:14:45,logc258.at.pagesjaunes.fr
2014-01-27 08:14:45,www.pagesjaunes.fr
2014-01-27 08:14:45,ecn.api.tiles.virtualearth.net
2014-01-27 08:14:46,cms.abmr.net
2014-01-27 08:14:46,www.bing.com
2014-01-27 08:14:47,www.bing.com
2014-01-27 08:14:50,www.bing.com
2014-01-27 08:14:59,login.live.com
2014-01-27 08:15:24,logc258.at.pagesjaunes.fr
2014-01-27 08:15:24,www.bing.com
2014-01-27 08:15:32,ieonline.microsoft.com
2014-01-27 08:21:24,office14client.microsoft.com
2014-01-27 08:21:24,office.microsoft.com
2014-01-27 08:21:26,office.microsoft.com
2014-02-24 08:05:41,www.bing.com
2014-02-24 08:05:42,www.bing.com
2014-02-24 08:05:43,cms.abmr.net
2014-02-24 08:05:43,www.bing.com
2014-02-24 08:05:45,www.bing.com
2014-02-24 08:05:55,login.live.com
2014-02-24 08:06:50,player.vimeo.com
2014-02-24 08:06:52,fpdownload2.macromedia.com
2014-02-24 08:09:20,www.bing.com
2014-02-24 08:09:23,www.bing.com
2014-02-24 08:09:24,login.wikimedia.org
2014-02-24 08:09:24,bits.wikimedia.org
2014-02-24 08:09:24,fr.wikipedia.org
2014-02-24 08:09:25,bits.wikimedia.org
2014-02-24 08:09:32,meta.wikimedia.org
2014-02-24 08:09:33,meta.wikimedia.org
2014-02-24 08:09:33,bits.wikimedia.org
2014-02-24 08:09:33,fr.wikipedia.org
2014-02-24 08:09:34,login.live.com
2014-02-24 08:09:34,bits.wikimedia.org
2014-02-24 08:09:34,www.mediawiki.org
2014-02-24 08:09:34,login.wikimedia.org
2014-02-24 08:09:34,commons.wikimedia.org
2014-02-24 08:09:34,meta.wikimedia.org
2014-02-24 08:09:34,fr.wikipedia.org
2014-02-24 08:09:35,meta.wikimedia.org
2014-02-24 08:09:35,commons.wikimedia.org
2014-02-24 08:09:36,meta.wikimedia.org
2014-02-24 08:09:43,fr.wikipedia.org
2014-02-24 08:09:44,meta.wikimedia.org
2014-02-24 08:16:31,www.bing.com
2014-02-24 08:16:35,www.bing.com
2014-02-24 08:16:38,www.bing.com
2014-02-24 08:16:39,www.bing.com
2014-02-24 08:16:41,bits.wikimedia.org
2014-02-24 08:16:41,fr.wikipedia.org
2014-02-24 08:16:42,meta.wikimedia.org
2014-02-24 08:16:42,bits.wikimedia.org
2014-02-24 08:16:42,fr.wikipedia.org
2014-02-24 08:16:45,login.live.com
2014-02-24 08:16:46,login.live.com
2014-02-24 08:16:48,www.bing.com
2014-02-24 08:16:49,www.bing.com
2014-02-24 08:16:51,www.bing.com
2014-02-24 08:16:52,bits.wikimedia.org
2014-02-24 08:16:52,fr.wikipedia.org
2014-02-24 08:16:53,meta.wikimedia.org
2014-02-24 08:16:58,login.live.com
2014-02-24 08:17:00,ssl.bing.com
2014-02-24 08:19:02,www.bing.com
2014-02-24 08:19:07,www.bing.com
2014-02-24 08:19:15,login.live.com
2014-02-24 08:19:16,www.bing.com
2014-02-24 08:19:17,login.live.com
2014-02-24 08:19:19,histoire-nanomedecine.e-monsite.com
2014-02-24 08:19:19,static.e-monsite.com
2014-02-24 08:19:19,shea.swelen.com
2014-02-24 08:19:28,www.bing.com
2014-02-24 08:19:31,www.bing.com
2014-02-24 08:19:31,ssl.bing.com
2014-02-24 08:20:22,static.e-monsite.com
2014-02-24 08:20:23,banniere.reussissonsensemble.fr
2014-02-24 08:20:23,www.handicapinfos.com
2014-02-24 08:20:23,histoire-nanomedecine.e-monsite.com
2014-02-24 08:20:23,nb-commons.storage.googleapis.com
2014-02-24 08:20:24,www.quelforfait.com
2014-02-24 08:20:25,histoire-nanomedecine.e-monsite.com
2014-02-24 08:24:59,tracking.veoxa.com
2014-02-24 08:24:59,landing.auto-ies.com
2014-02-24 08:24:59,cd.mc-media.com
2014-02-24 08:24:59,ssl.bing.com
2014-02-24 08:25:00,musculahq.appspot.com
2014-02-24 08:25:13,histoire-nanomedecine.e-monsite.com
2014-02-24 08:25:14,img.auto-ies.com
2014-02-24 08:25:14,landing.auto-ies.com
2014-02-24 08:25:15,landing.auto-ies.com
2014-02-24 08:25:16,landing.auto-ies.com
2014-02-24 08:25:25,www.bing.com
2014-02-24 08:25:26,www.bing.com
2014-02-24 08:25:30,www.bing.com
2014-02-24 08:25:30,login.live.com
2014-02-24 08:25:36,www.bing.com
2014-02-24 08:26:17,www.quelforfait.com
2014-02-24 08:26:17,ea.numericable.fr
2014-02-24 08:26:17,nb-commons.storage.googleapis.com
2014-02-24 08:26:17,histoire-nanomedecine.e-monsite.com
2014-02-24 08:26:17,banniere.reussissonsensemble.fr
2014-02-24 08:26:40,ssl.bing.com
2014-02-24 08:28:26,www.bing.com
2014-02-24 08:28:27,www.bing.com
2014-02-24 08:28:28,www.bing.com
2014-02-24 08:28:28,www.google.fr
2014-02-24 08:28:29,www.bing.com
2014-02-24 08:28:29,login.live.com
2014-02-24 08:28:33,www.google.fr
2014-02-24 08:28:35,ssl.bing.com
2014-02-24 08:28:37,www.bing.com
2014-02-24 08:28:37,histoire-nanomedecine.e-monsite.com
2014-02-24 08:28:40,www.google.fr
2014-02-24 08:28:44,www.google.com
2014-02-24 08:28:50,www.google.com
2014-02-24 08:28:55,www.google.fr
2014-02-24 08:29:40,www.linternaute.com
2014-02-24 08:29:41,blogs.nature.com
2014-02-24 08:29:41,quantummechanics.ucsd.edu
2014-02-24 08:29:41,images.businessweek.com
2014-02-24 08:29:41,nb-commons.storage.googleapis.com
2014-02-24 08:30:10,www.google.fr
2014-02-24 08:34:03,www.google.fr
2014-02-24 08:34:05,www.google.fr
2014-02-24 08:34:05,platform.twitter.com
2014-02-24 08:34:05,www.econologie.com
2014-02-24 08:34:06,www.econologie.info
2014-02-24 08:34:06,www.google.fr
2014-02-24 08:34:06,www.econologie.com
2014-02-24 08:34:07,www.google.com
2014-02-24 08:34:07,www.econologie.com
2014-02-24 08:34:08,www.google.com
2014-02-24 08:34:08,www.isolation-chauffage.com
2014-02-24 08:34:08,www.econologie.com
2014-02-24 08:34:22,platform.twitter.com
2014-02-24 08:34:22,www.econologie.com
2014-02-24 08:34:32,twitter.com
2014-02-24 08:35:02,twitter.com
2014-02-24 08:41:48,histoire-nanomedecine.e-monsite.com
2014-02-24 08:42:51,nb-commons.storage.googleapis.com
2014-02-24 08:42:51,www.futura-sciences.com
2014-02-24 08:42:51,img.directindustry.fr
2014-02-24 08:42:51,www.proteogenix.fr
2014-02-24 08:42:52,www.proteogenix-antibody.com
2014-02-24 08:46:46,www.google.fr
2014-02-24 08:46:47,www.futura-sciences.com
2014-02-24 08:46:48,www.facebook.com
2014-02-24 08:46:49,www.futura-sciences.com
2014-02-24 08:46:50,www.futura-sciences.com
2014-02-24 08:46:52,hal9000.redintelligence.net
2014-02-24 08:46:53,www.futura-sciences.com
2014-02-24 08:46:54,platform.twitter.com
2014-02-24 08:46:54,apis.google.com
2014-02-24 08:46:54,connect.facebook.net
2014-02-24 08:47:05,platform.twitter.com
2014-02-24 08:47:05,twitter.com
2014-02-24 08:47:07,adventori.com
2014-02-24 08:47:07,www.facebook.com
2014-02-24 08:47:07,static.ak.facebook.com
2014-02-24 08:47:07,s-static.ak.facebook.com
2014-02-24 08:47:07,apis.google.com
2014-02-24 08:47:08,apis.google.com
2014-02-24 08:47:08,www.futura-sciences.com
2014-02-24 08:47:09,apis.google.com
2014-02-24 08:47:10,ecx.images-amazon.com
2014-02-24 08:47:10,platform.twitter.com
2014-02-24 08:47:11,apis.google.com
2014-02-24 08:47:11,twitter.com
2014-02-24 08:47:12,twitter.com
2014-02-24 08:47:12,apis.google.com
2014-02-24 08:47:13,apis.google.com
2014-02-24 08:47:16,twitter.com
2014-02-24 08:47:16,accounts.google.com
2014-02-24 08:48:17,accounts.google.com
2014-02-24 08:52:24,static.e-monsite.com
2014-02-24 08:52:24,nb-commons.storage.googleapis.com
2014-02-24 08:52:24,tpe.nanotechnologies.free.fr
2014-02-24 08:52:24,histoire-nanomedecine.e-monsite.com
2014-02-24 08:52:58,www.google.fr
2014-02-24 08:53:06,www.cea.fr
2014-02-24 08:53:06,www.google.fr
2014-02-24 08:53:07,www.cea.fr
2014-02-24 08:53:08,www.cea.fr
2014-02-24 08:53:22,www.cea.fr
2014-02-24 08:53:51,www.bing.com
2014-02-24 08:53:52,www.bing.com
2014-02-24 08:53:53,www.bing.com
2014-02-24 08:53:54,login.live.com
2014-02-24 08:53:54,www.google.fr
2014-02-24 08:54:02,www.bing.com
2014-02-24 08:54:08,www.google.fr
2014-02-24 08:54:10,histoire-nanomedecine.e-monsite.com
2014-02-24 08:54:12,www.cea.fr
2014-02-24 08:54:14,www.google.fr
2014-02-24 08:54:18,www.google.com
2014-02-24 08:54:37,s1.lemde.fr
2014-02-24 08:54:37,www.lemonde.fr
2014-02-24 08:54:37,www.google.fr
2014-02-24 08:54:38,s1.lemde.fr
2014-02-24 08:54:39,s1.lemde.fr
2014-02-24 08:54:40,s1.lemde.fr
2014-02-24 08:54:40,www.lemonde.fr
2014-02-24 08:54:41,live.lemde.fr
2014-02-24 08:54:41,s1.lemde.fr
2014-02-24 08:54:41,www.lemonde.fr
2014-02-24 08:54:42,videosfr.s3.amazonaws.com
2014-02-24 08:54:44,s1.lemde.fr
2014-02-24 08:54:47,s1.lemde.fr
2014-02-24 08:54:49,i1-js-14-3-01-10013-802402095-i.init.cedexis-radar.net
2014-02-24 08:54:50,level3.cedexis.com
2014-02-24 08:54:51,level3.cedexis.com
2014-02-24 08:54:53,live.lemde.fr
2014-02-24 08:54:54,ec2-us-west-1a.cedexis.com
2014-02-24 08:54:55,ec2-us-west-1a.cedexis.com
2014-02-24 08:54:56,ec2-us-west-2a.cedexis.com
2014-02-24 08:55:05,live.lemde.fr
2014-02-24 08:55:13,nb-commons.storage.googleapis.com
2014-02-24 08:55:13,www.google.com
2014-02-24 08:55:13,www.google.fr
2014-02-24 08:55:18,live.lemde.fr
2014-02-24 08:55:30,live.lemde.fr
2014-02-24 08:55:42,live.lemde.fr
2014-02-24 08:55:47,www.lemonde.fr
2014-02-24 08:55:48,s1.lemde.fr
2014-02-24 08:55:53,www.lemonde.fr
2014-02-24 08:55:54,www.lemonde.fr
2014-02-24 08:55:55,www.lemonde.fr
2014-02-24 08:55:55,pixel.alephd.com
2014-02-24 08:55:56,mm.eulerian.net
2014-02-24 08:55:56,its.tradelab.fr
2014-02-24 08:55:56,www.lemonde.fr
2014-02-24 08:56:01,listener.ezakus.net
2014-02-24 08:56:01,i1-js-14-3-01-10013-141385944-i.init.cedexis-radar.net
2014-02-24 08:56:01,us-west1.joyent.bench.cedexis.com
2014-02-24 08:56:02,us-west1.joyent.bench.cedexis.com
2014-02-24 08:56:03,live.lemde.fr
2014-02-24 08:56:04,probe.cedexis.org
2014-02-24 08:56:05,probe.cedexis.org
2014-02-24 08:56:05,onapp.cedexis.com
2014-02-24 08:56:06,onapp.cedexis.com
2014-02-24 08:56:06,www.lemonde.fr
2014-02-24 08:56:06,s1.lemde.fr
2014-02-24 08:56:07,s1.lemde.fr
2014-02-24 08:56:07,iad.rackspace.bench.cedexis.com
2014-02-24 08:56:08,www.lemonde.fr
2014-02-24 08:56:08,s1.lemde.fr
2014-02-24 08:56:09,kweb.videostep.com
2014-02-24 08:56:09,videosfr.s3.amazonaws.com
2014-02-24 08:56:09,static.videostep.com
2014-02-24 08:56:09,pixel.alephd.com
2014-02-24 08:56:09,s1.lemde.fr
2014-02-24 08:56:10,www.facebook.com
2014-02-24 08:56:10,static.videostep.com
2014-02-24 08:56:10,u.videostep.com
2014-02-24 08:56:10,pixel.alephd.com
2014-02-24 08:56:11,www.lemonde.fr
2014-02-24 08:56:13,www.lemonde.fr
2014-02-24 08:56:13,s1.lemde.fr
2014-02-24 08:56:13,u.videostep.com
2014-02-24 08:56:14,i1-js-14-3-01-10013-229874360-i.init.cedexis-radar.net
2014-02-24 08:56:14,s.videostep.com
2014-02-24 08:56:16,live.lemde.fr
2014-02-24 08:56:16,fastly.bench.cedexis.com.global.prod.fastly.net
2014-02-24 08:56:16,fastly.bench.cedexis.com
2014-02-24 08:56:18,s.videostep.com
2014-02-24 08:56:28,live.lemde.fr
2014-02-24 08:56:28,s.videostep.com
2014-02-24 08:56:30,s1.lemde.fr
2014-02-24 08:56:31,s1.lemde.fr
2014-02-24 08:56:40,live.lemde.fr
2014-02-24 08:56:48,s.videostep.com
2014-02-24 08:56:50,code.jquery.com
2014-02-24 08:56:50,ajax.googleapis.com
2014-02-24 08:56:50,cimg.leguide.com
2014-02-24 08:56:50,cshoppingbox.partner.leguide.com
2014-02-24 08:56:50,cdnjs.cloudflare.com
2014-02-24 08:56:52,live.lemde.fr
2014-02-24 08:56:58,www.google.fr
2014-02-24 08:57:05,live.lemde.fr
2014-02-24 08:57:17,www.google.fr
2014-02-24 08:57:22,histoire-nanomedecine.e-monsite.com
2014-02-24 08:57:39,www.google.fr
2014-02-24 08:57:40,code.jquery.com
2014-02-24 08:57:40,www.nanobiotix.eu
2014-02-24 08:57:41,www.nanobiotix.eu
2014-02-24 08:57:41,connect.facebook.net
2014-02-24 08:57:42,static.ak.facebook.com
2014-02-24 08:57:42,www.facebook.com
2014-02-24 08:57:42,s-static.ak.facebook.com
2014-02-24 08:58:26,nb-commons.storage.googleapis.com
2014-02-24 08:58:26,www4.ac-nancy-metz.fr
2014-02-24 08:58:26,www.ac-nancy-metz.fr
2014-02-24 09:00:29,histoire-nanomedecine.e-monsite.com
2014-02-24 09:01:32,www.handicapinfos.com
2014-02-24 09:01:32,nb-commons.storage.googleapis.com
2014-02-24 09:01:40,histoire-nanomedecine.e-monsite.com
2014-02-24 09:02:43,nb-commons.storage.googleapis.com
2014-02-24 09:02:43,www.ac-nancy-metz.fr
2014-02-24 09:02:43,www4.ac-nancy-metz.fr
2014-02-24 09:04:41,histoire-nanomedecine.e-monsite.com
2014-02-24 09:05:17,office14client.microsoft.com
2014-02-24 09:05:18,office.microsoft.com
2014-02-24 09:05:19,office.microsoft.com
2014-02-24 09:05:26,www.google.fr
2014-02-24 09:05:27,www.cea.fr
2014-02-24 09:05:28,www.cea.fr
2014-02-24 09:05:30,www.cea.fr
2014-02-24 09:05:39,www.cea.fr
2014-02-24 09:05:45,nb-commons.storage.googleapis.com
2014-02-24 09:05:45,www.handicapinfos.com
2014-02-24 09:12:43,player.vimeo.com
2014-02-24 09:24:44,tpe-nanomedecine.pagesperso-orange.fr
2014-02-24 09:24:45,www.dailymotion.com
2014-02-24 09:24:45,tpe-nanomedecine.pagesperso-orange.fr
2014-02-24 09:24:46,www.webtutoriaux.com
2014-02-24 09:24:46,tpe-nanomedecine.pagesperso-orange.fr
2014-02-24 09:24:52,tpe-nanomedecine.pagesperso-orange.fr
2014-02-24 09:24:53,tpe-nanomedecine.pagesperso-orange.fr
2014-02-24 09:25:01,apis.google.com
2014-02-24 09:25:02,apis.google.com
2014-02-24 09:25:03,apis.google.com
2014-02-24 09:25:03,tpe-nanomedecine.pagesperso-orange.fr
2014-02-24 09:25:06,accounts.google.com
2014-02-24 09:26:05,apis.google.com
2014-02-24 09:26:10,accounts.google.com
2014-02-24 09:26:54,tpe-nanomedecine.pagesperso-orange.fr
2014-02-24 09:26:55,tpe-nanomedecine.pagesperso-orange.fr
2014-02-24 09:27:29,www.google.fr
2014-02-24 09:27:38,www.usinenouvelle.com
2014-02-24 09:27:38,apis.google.com
2014-02-24 09:27:38,www.google.fr
2014-02-24 09:27:39,www.usinenouvelle.com
2014-02-24 09:27:39,platform.twitter.com
2014-02-24 09:27:40,www.facebook.com
2014-02-24 09:27:40,www.usinenouvelle.com
2014-02-24 09:27:41,www.usinenouvelle.com
2014-02-24 09:27:42,www.usinenouvelle.com
2014-02-24 09:27:42,publicite.gisi.fr
2014-02-24 09:27:43,www.usinenouvelle.com
2014-02-24 09:27:43,www.facebook.com
2014-02-24 09:27:44,player.mediabong.com
2014-02-24 09:27:44,www.usinenouvelle.com
2014-02-24 09:27:47,www.usinenouvelle.com
2014-02-24 09:27:48,www.usinenouvelle.com
2014-02-24 09:27:58,twitter.com
2014-02-24 09:28:29,twitter.com
2014-02-24 09:28:33,www.placegrenet.fr
2014-02-24 09:28:33,www.google.fr
2014-02-24 09:28:34,www.placegrenet.fr
2014-02-24 09:28:34,www.google.fr
2014-02-24 09:28:53,histoire-nanomedecine.e-monsite.com
2014-02-24 09:28:53,www.ac-nancy-metz.fr
2014-02-24 09:28:53,www4.ac-nancy-metz.fr
2014-02-24 09:28:53,nb-commons.storage.googleapis.com
2014-02-24 09:29:10,histoire-nanomedecine.e-monsite.com
2014-02-24 09:29:10,nb-commons.storage.googleapis.com
2014-02-24 09:29:17,www4.ac-nancy-metz.fr
2014-02-24 09:29:17,www.ac-nancy-metz.fr
2014-02-24 09:30:20,www.amisdelaterre.org
2014-02-24 09:30:21,www.amisdelaterre.org
2014-02-24 09:30:21,maps.google.com
2014-02-24 09:30:22,www.amisdelaterre.org
2014-02-24 09:30:33,www.google.fr
2014-02-24 09:30:33,tpe-nanomedecine.pagesperso-orange.fr
2014-02-24 09:30:34,tpe-nanomedecine.pagesperso-orange.fr
2014-02-24 09:30:36,tpe-nanomedecine.pagesperso-orange.fr
2014-02-24 09:30:48,www.placegrenet.fr
2014-02-24 09:30:49,www.placegrenet.fr
2014-02-24 09:30:49,maps.google.com
2014-02-24 09:30:50,www.placegrenet.fr
2014-02-24 09:30:56,platform.twitter.com
2014-02-24 09:30:56,www.placegrenet.fr
2014-02-24 09:30:57,platform.twitter.com
2014-02-24 09:30:57,maps.googleapis.com
2014-02-24 09:30:57,www.placegrenet.fr
2014-02-24 09:31:18,pbs.twimg.com
2014-02-24 09:31:27,twitter.com
2014-02-24 09:31:28,pbs.twimg.com
2014-02-24 09:31:42,pbs.twimg.com
2014-02-24 09:31:56,syndication.twitter.com
2014-02-24 09:31:58,twitter.com
2014-02-24 09:32:22,pbs.twimg.com
2014-02-24 09:32:27,syndication.twitter.com
2014-02-24 09:32:32,platform.twitter.com
2014-02-24 09:33:02,www.google.fr
2014-02-24 09:33:05,www.foxitsoftware.com
2014-02-24 09:33:06,www.nanobiotix.com
2014-02-24 09:33:06,ad.foxitsoftware.com
2014-02-24 09:33:42,syndication.twitter.com
2014-02-24 09:33:48,www.foxitsoftware.com
2014-02-24 09:34:02,apis.google.com
2014-02-24 09:34:25,histoire-nanomedecine.e-monsite.com
2014-02-24 09:34:30,www.google.fr
2014-02-24 09:34:36,tpe-nanomedecine.pagesperso-orange.fr
2014-02-24 09:34:38,tpe-nanomedecine.pagesperso-orange.fr
2014-02-24 09:34:39,tpe-nanomedecine.pagesperso-orange.fr
2014-02-24 09:34:40,tpe-nanomedecine.pagesperso-orange.fr
2014-02-24 09:34:44,tpe-nanomedecine.pagesperso-orange.fr
2014-02-24 09:34:44,apis.google.com
2014-02-24 09:34:45,www.dailymotion.com
2014-02-24 09:34:45,www.webtutoriaux.com
2014-02-24 09:34:46,tpe-nanomedecine.pagesperso-orange.fr
2014-02-24 09:34:53,tpe-nanomedecine.pagesperso-orange.fr
2014-02-24 09:34:54,apis.google.com
2014-02-24 09:34:54,tpe-nanomedecine.pagesperso-orange.fr
2014-02-24 09:35:11,tpe-nanomedecine.pagesperso-orange.fr
2014-02-24 09:35:28,img.directindustry.fr
2014-02-24 09:35:28,www.proteogenix.fr
2014-02-24 09:35:28,apis.google.com
2014-02-24 09:35:28,www.futura-sciences.com
2014-02-24 09:35:29,www.proteogenix-antibody.com
2014-02-24 09:35:29,nb-commons.storage.googleapis.com
2014-02-24 09:36:04,www.webtutoriaux.com
2014-02-24 09:36:04,www.dailymotion.com
2014-02-24 09:36:04,tpe-nanomedecine.pagesperso-orange.fr
2014-02-24 09:36:05,www.webtutoriaux.com
2014-02-24 09:36:05,tpe-nanomedecine.pagesperso-orange.fr
2014-02-24 09:36:11,tpe-nanomedecine.pagesperso-orange.fr
2014-02-24 09:36:12,tpe-nanomedecine.pagesperso-orange.fr
2014-02-24 09:36:17,tpe-nanomedecine.pagesperso-orange.fr
2014-02-24 09:36:19,tpe-nanomedecine.pagesperso-orange.fr
2014-02-24 09:36:20,tpe-nanomedecine.pagesperso-orange.fr
2014-02-24 09:36:20,apis.google.com
2014-02-24 09:36:21,apis.google.com
2014-02-24 09:36:21,tpe-nanomedecine.pagesperso-orange.fr
2014-02-24 09:36:22,tpe-nanomedecine.pagesperso-orange.fr
2014-02-24 09:36:24,accounts.google.com
2014-02-24 09:36:33,tpe-nanomedecine.pagesperso-orange.fr
2014-02-24 09:36:34,accounts.google.com
2014-02-24 09:37:02,tpe-nanomedecine.pagesperso-orange.fr
2014-02-24 09:38:32,www.google.fr
2014-02-24 09:38:33,www.google.fr
2014-02-24 09:39:09,apis.google.com
2014-02-24 09:39:54,tpe-nanomedecine.pagesperso-orange.fr
2014-02-24 09:39:56,apis.google.com
2014-02-24 09:39:56,www.ac-grenoble.fr
2014-02-24 09:39:57,www.ac-grenoble.fr
2014-02-24 09:39:59,www.ac-grenoble.fr
2014-02-24 09:40:13,www.ac-grenoble.fr
2014-02-24 09:40:14,www.ac-grenoble.fr
2014-02-24 09:42:17,www.bulletins-electroniques.com
2014-02-24 09:42:17,www.google.fr
2014-02-24 09:42:18,platform.twitter.com
2014-02-24 09:42:18,www.bulletins-electroniques.com
2014-02-24 09:42:19,www.bulletins-electroniques.com
2014-02-24 09:42:20,www.google.fr
2014-02-24 09:42:20,s-static.ak.facebook.com
2014-02-24 09:42:20,static.ak.facebook.com
2014-02-24 09:42:21,www.facebook.com
2014-02-24 09:42:22,platform.linkedin.com
2014-02-24 09:42:22,platform.twitter.com
2014-02-24 09:42:22,lecercle.lesechos.fr
2014-02-24 09:42:23,google.ezakus.net
2014-02-24 09:42:24,connect.facebook.net
2014-02-24 09:42:24,lecercle.lesechos.fr
2014-02-24 09:42:24,www.lesechos.fr
2014-02-24 09:42:25,lecercle.lesechos.fr
2014-02-24 09:42:25,www.facebook.com
2014-02-24 09:42:26,apis.google.com
2014-02-24 09:42:26,www.linkedin.com
2014-02-24 09:42:35,twitter.com
2014-02-24 09:43:06,twitter.com
2014-02-24 09:45:16,tpe-nanomedecine.pagesperso-orange.fr
2014-02-24 09:45:19,www.google.fr
2014-02-24 09:45:37,www.bulletins-electroniques.com
2014-02-24 09:46:14,accounts.google.com
2014-02-24 09:46:58,bibliotheque.clermont-universite.fr
2014-02-24 09:47:02,bibliotheque.clermont-universite.fr
2014-02-24 09:47:03,bibliotheque.clermont-universite.fr
2014-02-24 09:47:22,bibliotheque.clermont-universite.fr
2014-02-24 09:47:45,bibliotheque.clermont-universite.fr
2014-02-24 09:47:46,apis.google.com
2014-02-24 09:47:46,bibliotheque.clermont-universite.fr
2014-02-24 09:48:17,sicd.clermont-universite.fr
2014-02-24 09:48:17,apis.google.com
2014-02-24 09:48:17,accounts.google.com
2014-02-24 09:48:19,sicd.clermont-universite.fr
2014-02-24 09:48:35,landing.auto-ies.com
2014-02-24 09:48:37,sicd.clermont-universite.fr
2014-02-24 09:48:39,www.numeriquepremium.com.sicd.clermont-universite.fr
2014-02-24 09:48:40,cdnjs.cloudflare.com
2014-02-24 09:48:40,ajax.googleapis.com
2014-02-24 09:48:40,www.numeriquepremium.com.sicd.clermont-universite.fr
2014-02-24 09:48:41,www.numeriquepremium.com.sicd.clermont-universite.fr
2014-02-24 09:48:42,www.numeriquepremium.com.sicd.clermont-universite.fr
2014-02-24 09:48:43,www.numeriquepremium.com.sicd.clermont-universite.fr
2014-02-24 09:49:00,www.numeriquepremium.com.sicd.clermont-universite.fr
2014-02-24 09:49:14,bibliotheque.clermont-universite.fr
2014-02-24 09:49:15,bibliotheque.clermont-universite.fr
2014-02-24 09:49:22,bibliotheque.clermont-universite.fr
2014-02-24 09:49:23,bibliotheque.clermont-universite.fr
2014-02-24 09:49:40,bibliotheque.clermont-universite.fr
2014-02-24 09:49:45,bibliotheque.clermont-universite.fr
2014-02-24 09:49:46,bibliotheque.clermont-universite.fr
2014-02-24 09:49:47,bibliotheque.clermont-universite.fr
2014-02-24 09:49:49,bibliotheque.clermont-universite.fr
2014-02-24 09:49:50,tiny.cc
2014-02-24 09:49:50,tel.archives-ouvertes.fr
2014-02-24 09:49:50,apis.google.com
2014-02-24 09:49:51,tel.archives-ouvertes.fr
2014-02-24 09:49:51,bibliotheque.clermont-universite.fr
2014-02-24 09:49:52,eni.clermont-universite.fr
2014-02-24 09:49:52,feeds.feedburner.com
2014-02-24 09:49:52,feedburner.google.com
2014-02-24 09:49:52,tel.archives-ouvertes.fr
2014-02-24 09:49:52,piwik-hal.ccsd.cnrs.fr
2014-02-24 09:49:57,eni.clermont-universite.fr
2014-02-24 09:49:57,tel.archives-ouvertes.fr
2014-02-24 09:49:58,piwik-hal.ccsd.cnrs.fr
2014-02-24 09:50:07,piwik-hal.ccsd.cnrs.fr
2014-02-24 09:50:07,tel.archives-ouvertes.fr
2014-02-24 09:50:27,tel.archives-ouvertes.fr
2014-02-24 09:50:27,piwik-hal.ccsd.cnrs.fr
2014-02-24 09:50:38,tel.archives-ouvertes.fr
2014-02-24 09:50:39,piwik-hal.ccsd.cnrs.fr
2014-02-24 09:50:51,apis.google.com
2014-02-24 09:51:04,bibliotheque.clermont-universite.fr
2014-02-24 09:51:05,wifi.auversup.org
2014-02-24 09:51:05,crri.clermont-universite.fr
2014-02-24 09:51:05,ajax.googleapis.com
2014-02-24 09:51:06,crri.clermont-universite.fr
2014-02-24 09:51:20,crri.clermont-universite.fr
2014-02-24 09:51:21,crri.clermont-universite.fr
2014-02-24 09:51:39,crri.clermont-universite.fr
2014-02-24 09:51:40,crri.clermont-universite.fr
2014-02-24 09:51:43,crri.clermont-universite.fr
2014-02-24 09:51:43,www.foxitsoftware.com
2014-02-24 09:51:44,ad.foxitsoftware.com
2014-02-24 09:51:50,www.foxitsoftware.com
2014-02-24 09:51:50,ad.foxitsoftware.com
2014-02-24 09:52:26,bibliotheque.clermont-universite.fr
2014-02-24 09:52:33,bibliotheque.clermont-universite.fr
2014-02-24 09:52:46,sicd.clermont-universite.fr
2014-02-24 09:52:46,link.springer.com.sicd.clermont-universite.fr
2014-02-24 09:52:47,apis.google.com
2014-02-24 09:52:47,code.jquery.com
2014-02-24 09:52:47,link.springer.com.sicd.clermont-universite.fr
2014-02-24 09:52:48,rd.springer.com.sicd.clermont-universite.fr
2014-02-24 09:52:48,link.springer.com.sicd.clermont-universite.fr
2014-02-24 09:52:48,ajax.googleapis.com
2014-02-24 09:52:49,s3.amazonaws.com
2014-02-24 09:52:49,rd.springer.com.sicd.clermont-universite.fr
2014-02-24 09:52:49,link.springer.com.sicd.clermont-universite.fr
2014-02-24 09:52:50,s3.amazonaws.com
2014-02-24 09:52:50,springergmbh01.webtrekk.net
2014-02-24 09:52:50,link.springer.com.sicd.clermont-universite.fr
2014-02-24 09:52:50,rd.springer.com.sicd.clermont-universite.fr
2014-02-24 09:52:51,rd.springer.com.sicd.clermont-universite.fr
2014-02-24 09:52:52,link.springer.com.sicd.clermont-universite.fr
2014-02-24 09:52:56,link.springer.com.sicd.clermont-universite.fr
2014-02-24 09:53:01,springergmbh01.webtrekk.net
2014-02-24 09:53:04,link.springer.com.sicd.clermont-universite.fr
2014-02-24 09:53:06,link.springer.com.sicd.clermont-universite.fr
2014-02-24 09:53:07,link.springer.com.sicd.clermont-universite.fr
2014-02-24 09:53:08,link.springer.com.sicd.clermont-universite.fr
2014-02-24 09:53:08,code.jquery.com
2014-02-24 09:53:09,springergmbh01.webtrekk.net
2014-02-24 09:53:09,link.springer.com.sicd.clermont-universite.fr
2014-02-24 09:53:11,link.springer.com.sicd.clermont-universite.fr
2014-02-24 09:53:16,springergmbh01.webtrekk.net
2014-02-24 09:53:17,code.jquery.com
2014-02-24 09:53:17,springergmbh01.webtrekk.net
2014-02-24 09:53:17,link.springer.com.sicd.clermont-universite.fr
2014-02-24 09:53:18,link.springer.com.sicd.clermont-universite.fr
2014-02-24 09:53:19,springergmbh01.webtrekk.net
2014-02-24 09:53:19,link.springer.com.sicd.clermont-universite.fr
2014-02-24 09:54:49,www.covoiturageauvergne.net
2014-02-24 09:54:50,maps.google.com
2014-02-24 09:54:50,docs.laroueverte.com
2014-02-24 09:54:50,www.covoiturageauvergne.net
2014-02-24 09:54:51,www.covoiturageauvergne.net
2014-02-24 09:54:52,www.covoiturageauvergne.net
2014-02-24 09:54:52,maps.googleapis.com
2014-02-24 09:54:52,mt1.googleapis.com
2014-02-24 09:54:52,mt0.googleapis.com
2014-02-24 09:54:53,www.covoiturageauvergne.net
2014-02-24 09:54:53,mt0.googleapis.com
2014-02-24 09:54:53,maps.googleapis.com
2014-02-24 09:54:59,maps.googleapis.com
