timestamp,site
2013-11-12 19:16:37,fpdownload2.macromedia.com
2013-11-12 19:16:53,ieonline.microsoft.com
2013-11-12 19:16:57,www.google.fr
2013-11-12 19:16:57,www.google.com
2013-11-12 19:16:57,www.bing.com
2013-11-12 19:16:58,www.google.fr
2013-11-12 19:16:59,apis.google.com
2013-11-12 19:16:59,www.google.com
2013-11-12 19:17:03,drive.google.com
2013-11-12 19:17:03,accounts.google.com
2013-11-12 19:17:04,apis.google.com
2013-11-12 19:17:04,www.google.fr
2013-11-12 19:17:04,accounts.youtube.com
2013-11-12 19:17:23,accounts.google.fr
2013-11-12 19:17:23,www.google.fr
2013-11-12 19:17:24,www.google.fr
2013-11-12 19:17:24,www.google.com
2013-11-12 19:17:24,accounts.google.com
2013-11-12 19:17:24,accounts.youtube.com
2013-11-12 19:17:24,accounts.google.fr
2013-11-12 19:17:25,0.drive.google.com
2013-11-12 19:17:25,drive.google.com
2013-11-12 19:17:25,apis.google.com
2013-11-12 19:17:26,0.drive.google.com
2013-11-12 19:17:30,drive.google.com
2013-11-12 19:17:31,drive.google.com
2013-11-12 19:17:31,www.google.com
2013-11-12 19:17:31,docs.google.com
2013-11-12 19:17:42,docs.google.com
2013-11-12 19:17:43,docs.google.com
2013-11-12 19:17:44,drive.google.com
2013-11-12 19:17:45,docs.google.com
2013-11-12 19:17:59,docs.google.com
2013-11-12 19:17:59,drive.google.com
2013-11-12 19:18:24,gg.google.com
2013-11-12 19:18:53,ieonline.microsoft.com
2013-11-12 19:18:53,go.microsoft.com
2013-11-12 19:21:31,docs.google.com
2013-11-12 19:21:43,docs.google.com
2013-11-12 19:21:43,accounts.google.com
2013-11-12 19:21:43,www.google.com
2013-11-12 19:21:46,drive.google.com
2013-11-12 19:22:24,gg.google.com
2013-11-12 19:24:24,0.drive.google.com
2013-11-12 19:24:24,www.google.fr
2013-11-12 19:24:24,www.google.com
2013-11-12 19:24:25,accounts.youtube.com
2013-11-12 19:24:25,accounts.google.com
2013-11-12 19:24:25,www.google.com
2013-11-12 19:24:25,drive.google.com
2013-11-12 19:24:25,docs.google.com
2013-11-12 19:24:25,accounts.google.fr
2013-11-15 13:39:00,dl.javafx.com
2013-11-24 14:24:15,fpdownload2.macromedia.com
2013-11-24 14:24:20,www.google.com
2013-11-24 14:24:34,search.mywebs.pro
2013-11-24 14:24:35,fr.ask.com
2013-11-24 14:24:36,fr.ask.com
2013-11-24 14:24:36,sp.fr.ask.com
2013-11-24 14:24:40,fr.ask.com
2013-11-24 14:24:41,www.google.com
2013-11-24 14:24:42,apis.google.com
2013-11-24 14:24:43,accounts.google.com
2013-11-24 14:24:45,www.google.com
2013-11-24 14:24:45,apis.google.com
2013-11-24 14:24:46,www.google.com
2013-11-24 14:24:46,www.google.fr
2013-11-24 14:24:46,drive.google.com
2013-11-24 14:24:47,www.google.com
2013-11-24 14:24:48,accounts.youtube.com
2013-11-24 14:24:48,apis.google.com
2013-11-24 14:25:07,accounts.google.fr
2013-11-24 14:25:07,drive.google.com
2013-11-24 14:25:08,www.google.com
2013-11-24 14:25:10,drive.google.com
2013-11-24 14:25:10,accounts.google.fr
2013-11-24 14:25:10,accounts.google.com
2013-11-24 14:25:10,accounts.youtube.com
2013-11-24 14:25:11,0.drive.google.com
2013-11-24 14:25:11,apis.google.com
2013-11-24 14:25:11,drive.google.com
2013-11-24 14:25:13,0.drive.google.com
2013-11-24 14:25:16,www.google.com
2013-11-24 14:25:16,docs.google.com
2013-11-24 14:25:17,drive.google.com
2013-11-24 14:25:30,docs.google.com
2013-11-24 14:25:31,docs.google.com
2013-11-24 14:25:50,docs.google.com
2013-11-24 14:25:51,docs.google.com
2013-11-24 14:25:54,drive.google.com
2013-11-24 14:26:09,gg.google.com
2013-11-24 14:27:01,ieonline.microsoft.com
2013-11-24 14:27:06,go.microsoft.com
2013-11-24 14:27:11,drive.google.com
2013-11-24 14:27:13,www.google.fr
2013-11-24 14:27:13,drive.google.com
2013-11-24 14:27:16,www.google.com
2013-11-24 14:27:25,www.google.fr
2013-11-24 14:27:30,www.google.fr
2013-11-24 14:27:32,www.ni.com
2013-11-24 14:27:32,www.google.com
2013-11-24 14:27:32,www.google.fr
2013-11-24 14:27:33,www.google.fr
2013-11-24 14:27:33,digital.ni.com
2013-11-24 14:27:33,zone.ni.com
2013-11-24 14:27:33,www.ni.com
2013-11-24 14:27:34,www.ni.com
2013-11-24 14:27:34,digital.ni.com
2013-11-24 14:27:34,digital.natinst.com
2013-11-24 14:27:35,www.ni.com
2013-11-24 14:27:35,nsmetrics.ni.com
2013-11-24 14:28:37,zone.ni.com
2013-11-24 14:28:37,www.ni.com
2013-11-24 14:28:38,zone.ni.com
2013-11-24 14:28:39,zone.ni.com
2013-11-24 14:28:40,zone.ni.com
2013-11-24 14:28:41,zone.ni.com
2013-11-24 14:28:42,zone.ni.com
2013-11-24 14:28:42,nsmetrics.ni.com
2013-11-24 14:28:47,0.drive.google.com
2013-11-24 14:29:00,www.google.fr
2013-11-24 14:29:13,www.google.fr
2013-11-24 14:29:13,zone.ni.com
2013-11-24 14:29:13,drive.google.com
2013-11-24 14:29:13,www.google.com
2013-11-24 14:29:13,accounts.google.com
2013-11-24 14:29:13,docs.google.com
2013-11-24 14:29:13,gg.google.com
2013-11-24 14:29:14,zone.ni.com
2013-11-24 14:29:15,zone.ni.com
2013-11-24 14:29:16,zone.ni.com
2013-11-24 14:29:17,zone.ni.com
2013-11-24 14:29:18,nsmetrics.ni.com
2013-11-24 14:29:25,maps.google.com
2013-11-24 14:29:25,www.google.fr
2013-11-24 14:29:26,www.convertfiles.com
2013-11-24 14:29:27,connect.facebook.net
2013-11-24 14:29:27,apis.google.com
2013-11-24 14:29:27,www.convertfiles.com
2013-11-24 14:29:27,platform.twitter.com
2013-11-24 14:29:28,static.ak.facebook.com
2013-11-24 14:29:28,apis.google.com
2013-11-24 14:29:28,accounts.google.com
2013-11-24 14:29:28,s-static.ak.facebook.com
2013-11-24 14:29:28,www.facebook.com
2013-11-24 14:29:28,www.convertfiles.com
2013-11-24 14:29:29,www.facebook.com
2013-11-24 14:29:29,www.convertfiles.com
2013-11-24 14:29:30,platform.twitter.com
2013-11-24 14:29:30,twitter.com
2013-11-24 14:29:30,accounts.google.com
2013-11-24 14:29:31,platform.twitter.com
2013-11-24 14:29:31,twitter.com
2013-11-24 14:29:31,apis.google.com
2013-11-24 14:29:32,maps.googleapis.com
2013-11-24 14:29:32,www.convertfiles.com
2013-11-24 14:29:35,www.google.com
2013-11-24 14:29:35,platform.twitter.com
2013-11-24 14:29:47,accounts.google.com
2013-11-24 16:39:09,search.mywebs.pro
2013-11-24 16:39:10,fr.ask.com
2013-11-24 16:39:10,sp.fr.ask.com
2013-11-24 16:39:14,fr.ask.com
2013-11-24 16:39:14,www.google.com
2013-11-24 16:39:15,www.google.com
2013-11-24 16:39:17,apis.google.com
2013-11-24 16:39:18,apis.google.com
2013-11-24 16:39:18,accounts.google.com
2013-11-24 16:39:18,www.google.fr
2013-11-24 16:39:18,www.google.com
2013-11-24 16:39:19,drive.google.com
2013-11-24 16:39:20,accounts.youtube.com
2013-11-24 16:39:20,www.google.com
2013-11-24 16:39:20,apis.google.com
2013-11-24 16:40:08,drive.google.com
2013-11-24 16:40:08,accounts.google.fr
2013-11-24 16:40:09,www.google.com
2013-11-24 16:40:10,accounts.google.com
2013-11-24 16:40:10,accounts.youtube.com
2013-11-24 16:40:11,drive.google.com
2013-11-24 16:40:11,0.drive.google.com
2013-11-24 16:40:11,accounts.google.fr
2013-11-24 16:40:12,drive.google.com
2013-11-24 16:40:14,0.drive.google.com
2013-11-24 16:40:15,drive.google.com
2013-11-24 16:40:16,www.google.com
2013-11-24 16:40:16,apis.google.com
2013-11-24 16:40:17,drive.google.com
2013-11-24 16:40:17,docs.google.com
2013-11-24 16:40:19,docs.google.com
2013-11-24 16:40:22,docs.google.com
2013-11-24 16:40:37,docs.google.com
2013-11-24 16:40:38,docs.google.com
2013-11-24 16:40:40,drive.google.com
2013-11-24 16:41:10,gg.google.com
2013-11-24 16:41:45,drive.google.com
2013-11-24 16:41:45,ad.foxitsoftware.com
2013-11-24 16:41:46,ieonline.microsoft.com
2013-11-24 16:41:46,addons.foxitsoftware.com
2013-11-24 16:41:47,addons.foxitsoftware.com
2013-11-24 16:42:11,drive.google.com
2013-11-24 16:44:19,docs.google.com
2013-11-24 16:44:38,accounts.google.com
2013-11-24 16:44:38,www.google.com
2013-11-24 16:44:40,docs.google.com
2013-11-24 16:45:10,gg.google.com
2013-11-24 16:46:11,drive.google.com
2013-11-24 16:48:11,drive.google.com
2013-11-24 16:52:11,drive.google.com
2013-11-24 16:54:11,drive.google.com
2013-11-24 16:58:12,drive.google.com
2013-11-24 17:04:11,drive.google.com
2013-11-24 17:14:11,drive.google.com
2013-11-24 17:26:11,drive.google.com
2013-11-24 17:30:11,drive.google.com
2013-11-24 17:41:09,0.drive.google.com
2013-11-25 20:43:33,www.google.com
2013-11-25 20:44:11,search.mywebs.pro
2013-11-25 20:44:12,sp.fr.ask.com
2013-11-25 20:44:12,fr.ask.com
2013-11-25 20:44:13,fr.ask.com
2013-11-25 20:44:13,sp.fr.ask.com
2013-11-25 20:44:20,fr.ask.com
2013-11-25 20:44:20,www.google.com
2013-11-25 20:44:21,apis.google.com
2013-11-25 20:44:21,www.google.com
2013-11-25 20:44:22,accounts.google.com
2013-11-25 20:44:26,www.google.fr
2013-11-25 20:44:26,www.google.com
2013-11-25 20:44:26,apis.google.com
2013-11-25 20:44:27,www.google.com
2013-11-25 20:44:27,drive.google.com
2013-11-25 20:44:28,accounts.youtube.com
2013-11-25 20:44:28,apis.google.com
2013-11-25 20:44:46,accounts.google.fr
2013-11-25 20:44:47,drive.google.com
2013-11-25 20:44:48,accounts.youtube.com
2013-11-25 20:44:48,www.google.com
2013-11-25 20:44:48,drive.google.com
2013-11-25 20:44:48,accounts.google.fr
2013-11-25 20:44:48,accounts.google.com
2013-11-25 20:44:49,0.drive.google.com
2013-11-25 20:44:50,0.drive.google.com
2013-11-25 20:44:54,apis.google.com
2013-11-25 20:44:55,docs.google.com
2013-11-25 20:44:55,drive.google.com
2013-11-25 20:44:55,www.google.com
2013-11-25 20:45:09,docs.google.com
2013-11-25 20:45:10,docs.google.com
2013-11-25 20:45:12,drive.google.com
2013-11-25 20:45:13,docs.google.com
2013-11-25 20:45:48,gg.google.com
2013-11-25 20:46:23,docs.google.com
2013-11-25 20:46:23,drive.google.com
2013-11-25 20:46:25,go.microsoft.com
2013-11-25 20:46:25,ieonline.microsoft.com
2013-11-25 20:48:55,docs.google.com
2013-11-25 20:49:10,drive.google.com
2013-11-25 20:49:10,www.google.com
2013-11-25 20:49:10,docs.google.com
2013-11-25 20:49:10,accounts.google.com
2013-11-25 20:49:48,gg.google.com
2013-11-25 20:51:26,0.drive.google.com
2013-11-25 20:51:28,drive.google.com
2013-11-25 20:51:28,1.drive.google.com
2013-11-25 20:51:29,1.drive.google.com
2013-11-25 20:51:33,apis.google.com
2013-11-25 20:51:37,drive.google.com
2013-11-25 20:51:38,docs.google.com
2013-11-25 20:52:46,drive.google.com
2013-11-25 20:52:46,docs.google.com
2013-11-25 20:55:28,www.google.com
2013-11-25 20:55:28,drive.google.com
2013-11-25 20:55:33,docs.google.com
2013-11-25 20:55:48,drive.google.com
2013-11-25 20:56:27,gg.google.com
2013-11-25 20:59:28,drive.google.com
2013-11-25 21:03:28,drive.google.com
2013-11-25 21:05:16,1.drive.google.com
2013-11-25 21:05:16,drive.google.com
2013-11-29 13:37:38,javadl-esd.sun.com
2013-11-29 13:37:40,javadl-esd.sun.com
2013-12-12 17:39:45,www.google.com
2013-12-12 17:39:50,www.google.fr
2013-12-12 17:39:51,www.google.fr
2013-12-12 17:39:52,apis.google.com
2013-12-12 17:39:53,www.google.com
2013-12-12 17:40:00,drive.google.com
2013-12-12 17:40:01,www.google.fr
2013-12-12 17:40:01,accounts.youtube.com
2013-12-12 17:40:01,apis.google.com
2013-12-12 17:40:01,accounts.google.com
2013-12-12 17:40:02,www.google.fr
2013-12-12 17:40:19,accounts.google.fr
2013-12-12 17:40:19,www.google.fr
2013-12-12 17:40:20,www.google.com
2013-12-12 17:40:22,accounts.google.com
2013-12-12 17:40:22,accounts.google.fr
2013-12-12 17:40:22,accounts.youtube.com
2013-12-12 17:40:22,drive.google.com
2013-12-12 17:40:23,drive.google.com
2013-12-12 17:40:23,0.drive.google.com
2013-12-12 17:40:25,apis.google.com
2013-12-12 17:40:26,0.drive.google.com
2013-12-12 17:40:30,docs.google.com
2013-12-12 17:40:30,www.google.com
2013-12-12 17:40:30,drive.google.com
2013-12-12 17:40:36,docs.google.com
2013-12-12 17:41:03,docs.google.com
2013-12-12 17:41:03,clients2.google.com
2013-12-12 17:41:05,clients2.google.com
2013-12-12 17:41:05,docs.google.com
2013-12-12 17:41:06,drive.google.com
2013-12-12 17:41:06,clients2.google.com
2013-12-12 17:41:22,gg.google.com
2013-12-12 17:41:30,go.microsoft.com
2013-12-12 17:41:30,ieonline.microsoft.com
2013-12-12 17:42:25,drive.google.com
2013-12-12 17:42:37,ieonline.microsoft.com
2013-12-12 17:43:02,drive.google.com
2013-12-12 17:43:03,docs.google.com
2013-12-12 17:44:12,www.google.com
2013-12-12 17:44:13,accounts.google.com
2013-12-12 17:44:13,drive.google.com
2013-12-12 17:44:14,gg.google.com
2013-12-12 17:44:14,docs.google.com
2013-12-12 17:44:14,0.drive.google.com
2013-12-12 17:44:14,www.google.fr
2013-12-12 17:44:15,www.google.com
2013-12-12 17:44:15,www.google.fr
2013-12-12 17:45:02,drive.google.com
2013-12-12 17:45:02,docs.google.com
2013-12-12 17:45:30,accounts.google.fr
2013-12-12 17:45:30,docs.google.com
2013-12-12 17:45:30,accounts.youtube.com
2013-12-12 17:45:30,accounts.google.com
2013-12-12 17:45:30,www.google.com
2013-12-12 17:45:30,drive.google.com
2013-12-12 23:39:09,go.microsoft.com
2013-12-12 23:39:10,shell.windows.com
2013-12-12 23:39:11,shell.windows.com
2013-12-12 23:39:12,shell.windows.com
2013-12-12 23:39:13,cx.msn.com
2013-12-12 23:39:13,shell.windows.com
2013-12-13 14:12:30,www.google.com
2013-12-13 14:12:31,search.mywebs.pro
2013-12-13 14:12:32,www.google.com
2013-12-13 14:12:32,fr.ask.com
2013-12-13 14:12:32,sp.fr.ask.com
2013-12-13 14:12:33,sp.fr.ask.com
2013-12-13 14:12:33,fr.ask.com
2013-12-13 14:12:33,www.google.com
2013-12-13 14:12:39,www.google.fr
2013-12-13 14:12:40,www.google.com
2013-12-13 14:12:40,apis.google.com
2013-12-13 14:12:45,www.google.fr
2013-12-13 14:12:45,apis.google.com
2013-12-13 14:12:45,www.google.com
2013-12-13 14:14:20,go.microsoft.com
2013-12-13 14:15:26,ieonline.microsoft.com
2013-12-18 16:53:20,www.google.com
2013-12-18 16:53:27,search.mywebs.pro
2013-12-18 16:53:27,www.google.com
2013-12-18 16:53:27,fr.ask.com
2013-12-18 16:53:28,fr.ask.com
2013-12-18 16:53:28,sp.fr.ask.com
2013-12-18 16:53:28,www.google.com
2013-12-18 16:53:29,sp.fr.ask.com
2013-12-18 16:53:29,fr.ask.com
2013-12-18 16:53:37,www.google.fr
2013-12-18 16:53:38,www.google.fr
2013-12-18 16:53:39,www.google.com
2013-12-18 16:53:40,apis.google.com
2013-12-18 16:53:45,www.google.com
2013-12-18 16:53:45,www.google.fr
2013-12-18 16:53:46,apis.google.com
2013-12-18 16:53:46,www.google.fr
2013-12-18 16:55:15,ieonline.microsoft.com
2013-12-18 16:55:15,go.microsoft.com
2014-01-05 17:11:45,javadl-esd-secure.oracle.com
2014-01-05 17:19:19,javadl-esd-secure.oracle.com
2014-01-13 15:49:11,ieonline.microsoft.com
2014-01-13 15:49:20,www.google.com
2014-01-13 15:49:37,fpdownload2.macromedia.com
2014-01-13 15:49:43,www.google.fr
2014-01-13 15:49:45,apis.google.com
2014-01-13 15:49:45,www.google.com
2014-01-13 15:49:48,drive.google.com
2014-01-13 15:49:49,accounts.youtube.com
2014-01-13 15:49:49,apis.google.com
2014-01-13 15:49:49,accounts.google.com
2014-01-13 15:49:49,www.google.fr
2014-01-13 15:49:50,www.google.fr
2014-01-13 15:50:10,www.google.fr
2014-01-13 15:50:10,accounts.google.fr
2014-01-13 15:50:11,www.google.com
2014-01-13 15:50:12,drive.google.com
2014-01-13 15:50:12,accounts.google.fr
2014-01-13 15:50:12,accounts.youtube.com
2014-01-13 15:50:12,accounts.google.com
2014-01-13 15:50:13,apis.google.com
2014-01-13 15:50:13,0.drive.google.com
2014-01-13 15:50:14,0.drive.google.com
2014-01-13 15:50:18,www.google.com
2014-01-13 15:50:18,docs.google.com
2014-01-13 15:50:18,drive.google.com
2014-01-13 15:50:19,docs.google.com
2014-01-13 15:50:28,docs.google.com
2014-01-13 15:50:33,docs.google.com
2014-01-13 15:51:02,go.microsoft.com
2014-01-13 15:51:02,ieonline.microsoft.com
2014-01-13 15:51:12,gg.google.com
2014-01-13 15:51:12,docs.google.com
2014-01-13 15:51:33,docs.google.com
2014-01-13 15:51:33,drive.google.com
2014-01-13 15:51:34,dl.google.com
2014-01-13 15:53:16,support.google.com
2014-01-13 15:53:17,storage.googleapis.com
2014-01-13 15:53:17,apis.google.com
2014-01-13 15:53:17,www.google.com
2014-01-13 15:53:18,accounts.google.com
2014-01-13 15:53:18,storage.googleapis.com
2014-01-13 15:53:18,www.google.com
2014-01-13 15:53:18,clients6.google.com
2014-01-13 15:53:18,clients1.google.com
2014-01-13 15:54:13,drive.google.com
2014-01-13 15:55:12,gg.google.com
2014-01-13 15:55:16,support.google.com
2014-01-13 15:55:16,clients6.google.com
2014-01-13 15:55:16,apis.google.com
2014-01-13 15:55:16,clients1.google.com
2014-01-13 15:55:16,accounts.google.com
2014-01-13 15:55:45,clients2.google.com
2014-01-13 15:55:46,clients2.google.com
2014-01-13 15:55:47,clients2.google.com
2014-01-13 15:55:47,drive.google.com
2014-01-13 15:55:48,clients2.google.com
2014-01-13 15:55:49,drive.google.com
2014-01-13 15:55:49,clients2.google.com
2014-01-13 15:55:50,clients2.google.com
2014-01-13 15:55:52,clients2.google.com
2014-01-13 15:55:53,clients2.google.com
2014-01-13 15:55:55,clients2.google.com
2014-01-13 15:55:56,clients2.google.com
2014-01-13 15:55:57,clients2.google.com
2014-01-13 15:55:58,clients2.google.com
2014-01-13 15:55:59,clients2.google.com
2014-01-13 15:56:00,clients2.google.com
2014-01-13 15:56:01,clients2.google.com
2014-01-13 15:56:02,clients2.google.com
2014-01-13 15:56:03,clients2.google.com
2014-01-13 15:56:04,clients2.google.com
2014-01-13 15:56:05,clients2.google.com
2014-01-13 15:56:06,clients2.google.com
2014-01-13 15:56:07,clients2.google.com
2014-01-13 15:56:08,clients2.google.com
2014-01-13 15:56:09,clients2.google.com
2014-01-13 15:56:10,clients2.google.com
2014-01-13 15:56:11,clients2.google.com
2014-01-13 15:56:12,clients2.google.com
2014-01-13 15:56:13,clients2.google.com
2014-01-13 15:56:14,clients2.google.com
2014-01-13 15:56:15,clients2.google.com
2014-01-13 15:56:16,clients2.google.com
2014-01-13 15:56:17,clients2.google.com
2014-01-13 15:56:18,clients2.google.com
2014-01-13 15:56:19,clients2.google.com
2014-01-13 15:56:21,clients2.google.com
2014-01-13 15:56:22,clients2.google.com
2014-01-13 15:56:23,clients2.google.com
2014-01-13 15:56:24,clients2.google.com
2014-01-13 15:56:25,clients2.google.com
2014-01-13 15:56:26,clients2.google.com
2014-01-13 15:56:27,clients2.google.com
2014-01-13 15:56:28,clients2.google.com
2014-01-13 15:56:31,clients2.google.com
2014-01-13 15:56:33,clients2.google.com
2014-01-13 15:56:34,clients2.google.com
2014-01-13 15:56:35,clients2.google.com
2014-01-13 15:56:36,clients2.google.com
2014-01-13 15:56:37,clients2.google.com
2014-01-13 15:56:38,clients2.google.com
2014-01-13 15:56:39,clients2.google.com
2014-01-13 15:56:40,clients2.google.com
2014-01-13 15:56:41,clients2.google.com
2014-01-13 15:59:38,0.drive.google.com
2014-01-13 15:59:39,drive.google.com
2014-01-13 15:59:39,apis.google.com
2014-01-13 16:01:23,search.mywebs.pro
2014-01-13 16:01:24,fr.ask.com
2014-01-13 16:01:24,www.google.com
2014-01-13 16:01:25,www.google.com
2014-01-13 16:01:25,sp.fr.ask.com
2014-01-13 16:01:25,fr.ask.com
2014-01-13 16:01:34,www.google.fr
2014-01-13 16:01:36,www.google.com
2014-01-13 16:01:39,www.google.fr
2014-01-13 16:01:39,www.google.com
2014-01-13 16:01:39,apis.google.com
2014-01-13 16:01:40,www.google.com
2014-01-13 16:01:40,accounts.google.com
2014-01-13 16:01:40,apis.google.com
2014-01-13 16:01:41,accounts.google.com
2014-01-13 16:01:41,tools.google.com
2014-01-13 16:01:46,drive.google.com
2014-01-13 16:01:47,www.google.com
2014-01-13 16:01:47,tools.google.com
2014-01-13 16:01:48,0.drive.google.com
2014-01-13 16:01:48,www.google.fr
2014-01-13 16:01:48,accounts.google.com
2014-01-13 16:01:53,drive.google.com
2014-01-13 16:01:53,docs.google.com
2014-01-13 16:02:06,www.google.com
2014-01-13 16:02:47,gg.google.com
2014-01-13 16:02:47,docs.google.com
2014-01-13 16:02:52,docs.google.com
2014-01-13 16:02:53,clients2.google.com
2014-01-13 16:02:54,clients2.google.com
2014-01-13 16:02:54,docs.google.com
2014-01-13 16:02:55,clients2.google.com
2014-01-13 16:02:55,docs.google.com
2014-01-13 16:02:55,drive.google.com
2014-01-13 16:02:57,drive.google.com
2014-01-13 16:02:57,clients2.google.com
2014-01-13 16:02:58,clients2.google.com
2014-01-13 16:02:58,drive.google.com
2014-01-13 16:02:59,clients2.google.com
2014-01-13 16:02:59,gg.google.com
2014-01-13 16:03:01,clients2.google.com
2014-01-13 16:03:02,clients2.google.com
2014-01-13 16:03:03,clients2.google.com
2014-01-13 16:03:04,clients2.google.com
2014-01-13 16:03:05,clients2.google.com
2014-01-13 16:03:06,clients2.google.com
2014-01-13 16:03:06,drive.google.com
2014-01-13 16:03:07,clients2.google.com
2014-01-13 16:03:08,clients2.google.com
2014-01-13 16:03:09,clients2.google.com
2014-01-13 16:03:11,clients2.google.com
2014-01-13 16:03:12,clients2.google.com
2014-01-13 16:03:25,clients2.google.com
2014-01-13 16:03:26,clients2.google.com
2014-01-13 16:03:27,clients2.google.com
2014-01-13 16:03:29,clients2.google.com
2014-01-13 16:03:29,drive.google.com
2014-01-13 16:03:30,clients2.google.com
2014-01-13 16:03:32,clients2.google.com
2014-01-13 16:03:33,clients2.google.com
2014-01-13 16:03:34,clients2.google.com
2014-01-13 16:03:35,drive.google.com
2014-01-13 16:03:35,clients2.google.com
2014-01-13 16:03:36,clients2.google.com
2014-01-13 16:03:37,clients2.google.com
2014-01-13 16:03:38,clients2.google.com
2014-01-13 16:03:39,clients2.google.com
2014-01-13 16:03:40,clients2.google.com
2014-01-13 16:03:41,clients2.google.com
2014-01-13 16:03:43,clients2.google.com
2014-01-13 16:03:50,clients2.google.com
2014-01-13 16:03:52,clients2.google.com
2014-01-13 16:03:53,clients2.google.com
2014-01-13 16:03:54,clients2.google.com
2014-01-13 16:03:54,drive.google.com
2014-01-13 16:03:55,clients2.google.com
2014-01-13 16:03:56,drive.google.com
2014-01-13 16:03:56,clients2.google.com
2014-01-13 16:03:57,clients2.google.com
2014-01-13 16:03:57,drive.google.com
2014-01-13 16:03:58,clients2.google.com
2014-01-13 16:03:59,clients2.google.com
2014-01-13 16:04:00,clients2.google.com
2014-01-13 16:04:01,clients2.google.com
2014-01-13 16:04:02,clients2.google.com
2014-01-13 16:04:03,clients2.google.com
2014-01-13 16:04:04,clients2.google.com
2014-01-13 16:04:05,clients2.google.com
2014-01-13 16:04:06,clients2.google.com
2014-01-13 16:04:07,clients2.google.com
2014-01-13 16:04:08,clients2.google.com
2014-01-13 16:04:17,clients2.google.com
2014-01-13 16:04:18,clients2.google.com
2014-01-13 16:04:19,clients2.google.com
2014-01-13 16:04:20,clients2.google.com
2014-01-13 16:04:21,clients2.google.com
2014-01-13 16:04:21,drive.google.com
2014-01-13 16:04:23,clients2.google.com
2014-01-13 16:04:23,drive.google.com
2014-01-13 16:04:24,clients2.google.com
2014-01-13 16:04:25,clients2.google.com
2014-01-13 16:04:26,clients2.google.com
2014-01-13 16:04:27,clients2.google.com
2014-01-13 16:04:28,clients2.google.com
2014-01-13 16:04:28,drive.google.com
2014-01-13 16:04:29,clients2.google.com
2014-01-13 16:04:31,clients2.google.com
2014-01-13 16:04:32,clients2.google.com
2014-01-13 16:04:33,clients2.google.com
2014-01-13 16:04:34,clients2.google.com
2014-01-13 16:04:35,clients2.google.com
2014-01-13 16:04:46,clients2.google.com
2014-01-13 16:04:47,clients2.google.com
2014-01-13 16:04:48,clients2.google.com
2014-01-13 16:04:49,clients2.google.com
2014-01-13 16:04:50,clients2.google.com
2014-01-13 16:04:50,drive.google.com
2014-01-13 16:04:51,clients2.google.com
2014-01-13 16:04:52,clients2.google.com
2014-01-13 16:04:53,clients2.google.com
2014-01-13 16:04:54,clients2.google.com
2014-01-13 16:04:56,clients2.google.com
2014-01-13 16:04:57,clients2.google.com
2014-01-13 16:04:57,drive.google.com
2014-01-13 16:04:58,clients2.google.com
2014-01-13 16:05:00,clients2.google.com
2014-01-13 16:05:01,clients2.google.com
2014-01-13 16:05:02,clients2.google.com
2014-01-13 16:05:03,clients2.google.com
2014-01-13 16:05:04,clients2.google.com
2014-01-13 16:05:05,clients2.google.com
2014-01-13 16:05:06,clients2.google.com
2014-01-13 16:05:07,clients2.google.com
2014-01-13 16:05:08,clients2.google.com
2014-01-13 16:05:09,clients2.google.com
2014-01-13 16:05:10,clients2.google.com
2014-01-13 16:05:11,clients2.google.com
2014-01-13 16:05:11,drive.google.com
2014-01-13 16:05:12,clients2.google.com
2014-01-13 16:05:14,clients2.google.com
2014-01-13 16:05:15,clients2.google.com
2014-01-13 16:05:17,clients2.google.com
2014-01-13 16:05:18,clients2.google.com
2014-01-13 16:05:18,drive.google.com
2014-01-13 16:05:20,clients2.google.com
2014-01-13 16:05:21,clients2.google.com
2014-01-13 16:05:22,clients2.google.com
2014-01-13 16:05:24,clients2.google.com
2014-01-13 16:05:25,clients2.google.com
2014-01-13 16:05:27,clients2.google.com
2014-01-13 16:05:28,clients2.google.com
2014-01-13 16:05:29,clients2.google.com
2014-01-13 16:05:31,clients2.google.com
2014-01-13 16:05:32,clients2.google.com
2014-01-13 16:05:33,clients2.google.com
2014-01-13 16:05:34,clients2.google.com
2014-01-13 16:05:35,clients2.google.com
2014-01-13 16:05:37,drive.google.com
2014-01-13 16:05:38,clients2.google.com
2014-01-13 16:05:39,clients2.google.com
2014-01-13 16:05:39,drive.google.com
2014-01-13 16:05:40,clients2.google.com
2014-01-13 16:05:41,clients2.google.com
2014-01-13 16:05:42,clients2.google.com
2014-01-13 16:05:43,clients2.google.com
2014-01-13 16:05:44,clients2.google.com
2014-01-13 16:05:45,drive.google.com
2014-01-13 16:05:45,clients2.google.com
2014-01-13 16:05:47,clients2.google.com
2014-01-13 16:05:49,clients2.google.com
2014-01-13 16:05:50,clients2.google.com
2014-01-13 16:05:51,clients2.google.com
2014-01-13 16:05:52,clients2.google.com
2014-01-13 16:05:53,clients2.google.com
2014-01-13 16:05:54,clients2.google.com
2014-01-13 16:05:55,clients2.google.com
2014-01-13 16:05:57,clients2.google.com
2014-01-13 16:06:13,clients2.google.com
2014-01-13 16:06:14,clients2.google.com
2014-01-13 16:06:15,clients2.google.com
2014-01-13 16:06:16,clients2.google.com
2014-01-13 16:06:17,clients2.google.com
2014-01-13 16:06:17,drive.google.com
2014-01-13 16:06:18,clients2.google.com
2014-01-13 16:06:19,clients2.google.com
2014-01-13 16:06:20,clients2.google.com
2014-01-13 16:06:21,clients2.google.com
2014-01-13 16:06:22,clients2.google.com
2014-01-13 16:06:24,clients2.google.com
2014-01-13 16:06:26,clients2.google.com
2014-01-13 16:06:26,drive.google.com
2014-01-13 16:06:27,clients2.google.com
2014-01-13 16:06:29,clients2.google.com
2014-01-13 16:06:30,clients2.google.com
2014-01-13 16:06:31,clients2.google.com
2014-01-13 16:06:32,clients2.google.com
2014-01-13 16:06:34,clients2.google.com
2014-01-13 16:06:49,clients2.google.com
2014-01-13 16:06:50,clients2.google.com
2014-01-13 16:06:51,clients2.google.com
2014-01-13 16:06:54,clients2.google.com
2014-01-13 16:06:54,drive.google.com
2014-01-13 16:06:55,clients2.google.com
2014-01-13 16:06:59,clients2.google.com
2014-01-13 16:06:59,drive.google.com
2014-01-13 16:07:00,clients2.google.com
2014-01-13 16:07:02,clients2.google.com
2014-01-13 16:07:03,clients2.google.com
2014-01-13 16:07:04,clients2.google.com
2014-01-13 16:07:05,clients2.google.com
2014-01-13 16:07:06,clients2.google.com
2014-01-13 16:07:08,drive.google.com
2014-01-13 16:07:08,clients2.google.com
2014-01-13 16:07:09,clients2.google.com
2014-01-13 16:07:10,clients2.google.com
2014-01-13 16:07:11,clients2.google.com
2014-01-13 16:07:13,clients2.google.com
2014-01-13 16:07:14,clients2.google.com
2014-01-13 16:07:14,drive.google.com
2014-01-13 16:07:15,clients2.google.com
2014-01-13 16:07:17,clients2.google.com
2014-01-13 16:07:17,drive.google.com
2014-01-13 16:07:18,clients2.google.com
2014-01-13 16:07:19,clients2.google.com
2014-01-13 16:07:20,clients2.google.com
2014-01-13 16:07:22,clients2.google.com
2014-01-13 16:07:23,clients2.google.com
2014-01-13 16:07:24,clients2.google.com
2014-01-13 16:07:25,clients2.google.com
2014-01-13 16:07:26,clients2.google.com
2014-01-13 16:07:27,clients2.google.com
2014-01-13 16:07:29,clients2.google.com
2014-01-13 16:07:30,clients2.google.com
2014-01-13 16:07:31,clients2.google.com
2014-01-13 16:07:32,clients2.google.com
2014-01-13 16:07:33,clients2.google.com
2014-01-13 16:07:34,clients2.google.com
2014-01-13 16:07:36,clients2.google.com
2014-01-13 16:07:37,clients2.google.com
2014-01-13 16:07:39,clients2.google.com
2014-01-13 16:07:44,0.drive.google.com
2014-01-13 16:07:44,www.google.fr
2014-01-13 16:07:44,accounts.youtube.com
2014-01-13 16:07:45,accounts.google.fr
2014-01-13 16:07:45,www.google.com
2014-01-13 16:07:45,accounts.youtube.com
2014-01-13 16:07:45,accounts.google.com
2014-01-13 16:07:45,drive.google.com
2014-01-13 16:07:45,www.google.fr
2014-01-17 12:13:58,search.mywebs.pro
2014-01-17 12:13:58,fr.ask.com
2014-01-17 12:13:58,www.google.com
2014-01-17 12:13:59,fr.ask.com
2014-01-17 12:13:59,sp.fr.ask.com
2014-01-17 12:13:59,www.google.com
2014-01-17 12:14:06,fr.ask.com
2014-01-17 12:14:07,fr.ask.com
2014-01-17 12:14:07,www.google.com
2014-01-17 12:14:14,www.google.fr
2014-01-17 12:14:25,www.google.fr
2014-01-17 12:14:26,apis.google.com
2014-01-17 12:14:29,www.google.com
2014-01-17 12:14:36,www.google.fr
2014-01-17 12:14:36,www.clermontfoot.com
2014-01-17 12:14:36,www.google.com
2014-01-17 12:14:36,apis.google.com
2014-01-17 12:14:37,www.clermontfoot.com
2014-01-17 12:14:39,www.clermontfoot.com
2014-01-17 12:14:39,www.facebook.com
2014-01-17 12:14:39,platform.twitter.com
2014-01-17 12:14:40,apis.google.com
2014-01-17 12:14:41,billetterie.clermontfoot.dspsport.com
2014-01-17 12:14:41,www.clermontfoot.com
2014-01-17 12:14:41,apis.google.com
2014-01-17 12:14:42,billetterie.clermontfoot.dspsport.com
2014-01-17 12:14:49,twitter.com
2014-01-17 12:14:51,accounts.google.com
2014-01-17 12:14:53,billetterie.clermontfoot.dspsport.com
2014-01-17 12:14:53,maps.google.com
2014-01-17 12:14:53,connect.facebook.net
2014-01-17 12:14:54,static.ak.facebook.com
2014-01-17 12:14:54,www.facebook.com
2014-01-17 12:14:54,s-static.ak.facebook.com
2014-01-17 12:14:54,apis.google.com
2014-01-17 12:14:54,clermontfoot.billetterie.datasport.eu
2014-01-17 12:14:54,billetterie.clermontfoot.dspsport.com
2014-01-17 12:14:54,accounts.google.com
2014-01-17 12:14:54,platform.twitter.com
2014-01-17 12:14:55,twitter.com
2014-01-17 12:14:55,apis.google.com
2014-01-17 12:14:55,billetterie.clermontfoot.dspsport.com
2014-01-17 12:14:55,www.facebook.com
2014-01-17 12:15:01,maps.googleapis.com
2014-01-17 12:15:04,twitter.com
2014-01-17 12:15:04,billetterie.clermontfoot.dspsport.com
2014-01-17 12:15:11,billetterie.clermontfoot.dspsport.com
2014-01-17 12:15:12,billetterie.clermontfoot.dspsport.com
2014-01-17 12:15:13,billetterie.clermontfoot.dspsport.com
2014-01-17 12:15:14,maps.googleapis.com
2014-01-17 12:15:14,billetterie.clermontfoot.dspsport.com
2014-01-17 12:15:14,www.facebook.com
2014-01-17 12:15:14,s-static.ak.facebook.com
2014-01-17 12:15:14,maps.google.com
2014-01-17 12:15:14,static.ak.facebook.com
2014-01-17 12:15:15,billetterie.clermontfoot.dspsport.com
2014-01-17 12:15:15,www.facebook.com
2014-01-17 12:15:16,billetterie.clermontfoot.dspsport.com
2014-01-17 12:15:16,apis.google.com
2014-01-17 12:15:18,billetterie.clermontfoot.dspsport.com
2014-01-17 12:15:27,billetterie.clermontfoot.dspsport.com
2014-01-17 12:15:28,www.facebook.com
2014-01-17 12:15:28,static.ak.facebook.com
2014-01-17 12:15:28,billetterie.clermontfoot.dspsport.com
2014-01-17 12:15:28,twitter.com
2014-01-17 12:15:28,maps.googleapis.com
2014-01-17 12:15:28,s-static.ak.facebook.com
2014-01-17 12:15:28,maps.google.com
2014-01-17 12:15:29,www.facebook.com
2014-01-17 12:15:29,billetterie.clermontfoot.dspsport.com
2014-01-17 12:15:29,apis.google.com
2014-01-17 12:15:33,ieonline.microsoft.com
2014-01-17 12:15:33,maps.googleapis.com
2014-01-17 12:15:33,twitter.com
2014-01-17 12:18:44,office14client.microsoft.com
2014-01-17 12:18:45,office.microsoft.com
2014-01-17 12:18:46,office.microsoft.com
2014-01-17 12:20:34,www.google.fr
2014-01-17 12:20:43,www.google.fr
2014-01-17 12:20:44,www.google.fr
2014-01-29 12:04:26,search.mywebs.pro
2014-01-29 12:04:27,www.google.com
2014-01-29 12:04:27,fr.ask.com
2014-01-29 12:04:29,fr.ask.com
2014-01-29 12:04:29,sp.fr.ask.com
2014-01-29 12:04:29,www.google.com
2014-01-29 12:04:43,www.google.fr
2014-01-29 12:04:55,www.google.fr
2014-01-29 12:04:58,www.google.com
2014-01-29 12:05:08,www.google.fr
2014-01-29 12:05:09,www.google.com
2014-01-29 12:05:09,www.orange.fr
2014-01-29 12:05:09,www.google.fr
2014-01-29 12:05:09,c.woopic.com
2014-01-29 12:05:10,iapref.orange.fr
2014-01-29 12:05:10,images.orangepublicite.fr
2014-01-29 12:05:10,media.actu.woopic.com
2014-01-29 12:05:10,ap.orange.fr
2014-01-29 12:05:10,c.woopic.com
2014-01-29 12:05:11,test-v4.woopic.com
2014-01-29 12:05:11,test-ds.woopic.com
2014-01-29 12:05:11,c.orange.fr
2014-01-29 12:05:12,r.orange.fr
2014-01-29 12:05:12,id.orange.fr
2014-01-29 12:05:29,id.orange.fr
2014-01-29 12:05:31,id.orange.fr
2014-01-29 12:05:32,listener.ezakus.net
2014-01-29 12:05:32,pmu.eficiens-serving.com
2014-01-29 12:05:32,iapref.orange.fr
2014-01-29 12:05:32,id.orange.fr
2014-01-29 12:06:00,id.orange.fr
2014-01-29 12:06:01,www.orange.fr
2014-01-29 12:06:01,c.woopic.com
2014-01-29 12:06:01,id.orange.fr
2014-01-29 12:06:02,pushinternet.woopic.com
2014-01-29 12:06:02,iapref.orange.fr
2014-01-29 12:06:02,c.woopic.com
2014-01-29 12:06:02,images.orangepublicite.fr
2014-01-29 12:06:02,mdsp.orange.fr
2014-01-29 12:06:02,r.orange.fr
2014-01-29 12:06:03,test-ds.woopic.com
2014-01-29 12:06:03,rms.orange.fr
2014-01-29 12:06:03,webmail.orange.fr
2014-01-29 12:06:03,webmail1f.orange.fr
2014-01-29 12:06:03,r.orange.fr
2014-01-29 12:06:03,c.orange.fr
2014-01-29 12:06:03,test-v4.woopic.com
2014-01-29 12:06:04,webmail1f.orange.fr
2014-01-29 12:06:04,wassup.orange.fr
2014-01-29 12:06:06,iz.orange.fr
2014-01-29 12:06:06,static.wanadoo.fr
2014-01-29 12:06:06,c.woopic.com
2014-01-29 12:06:06,webmail1f.orange.fr
2014-01-29 12:06:06,js.wanadoo.fr
2014-01-29 12:06:07,www.facebook.com
2014-01-29 12:06:07,c.woopic.com
2014-01-29 12:06:07,iapref.orange.fr
2014-01-29 12:06:07,static.wanadoo.fr
2014-01-29 12:06:18,webmail1f.orange.fr
2014-01-29 12:06:19,js.wanadoo.fr
2014-01-29 12:06:19,iapref.orange.fr
2014-01-29 12:06:19,static.wanadoo.fr
2014-01-29 12:06:19,c.woopic.com
2014-01-29 12:06:19,iz.orange.fr
2014-01-29 12:06:19,webmail1f.orange.fr
2014-01-29 12:07:00,webmail1f.orange.fr
2014-01-29 12:07:00,iapref.orange.fr
2014-01-29 12:07:00,c.woopic.com
2014-01-29 12:07:00,js.wanadoo.fr
2014-01-29 12:07:18,static.wanadoo.fr
2014-01-29 12:07:18,iapref.orange.fr
2014-01-29 12:07:18,c.woopic.com
2014-01-29 12:07:18,webmail1f.orange.fr
2014-01-29 12:07:18,js.wanadoo.fr
2014-01-29 12:07:22,ieonline.microsoft.com
2014-01-29 12:07:28,webmail1f.orange.fr
2014-01-29 12:07:28,js.wanadoo.fr
2014-01-29 12:07:32,js.wanadoo.fr
2014-01-29 12:07:32,webmail1f.orange.fr
2014-01-29 12:08:43,webmail1f.orange.fr
2014-01-29 12:08:43,js.wanadoo.fr
2014-01-29 12:09:22,apnx-match.dotomi.com
2014-01-29 12:09:22,dtm.bonton.com
2014-01-29 12:09:24,adventori.com
2014-01-31 17:26:34,onlinestores.metaservices.microsoft.com
2014-01-31 17:26:35,go.microsoft.com
2014-01-31 17:32:35,www.google.com
2014-01-31 17:32:58,www.google.fr
2014-01-31 17:32:59,www.google.com
2014-01-31 17:32:59,apis.google.com
2014-01-31 17:33:05,translate.google.fr
2014-01-31 17:34:30,ieonline.microsoft.com
2014-01-31 17:34:30,go.microsoft.com
2014-01-31 17:36:09,www.google.fr
2014-01-31 17:36:09,translate.google.fr
2014-01-31 17:36:09,www.google.com
2014-01-31 17:36:09,apis.google.com
2014-01-31 17:53:41,onlinestores.metaservices.microsoft.com
2014-01-31 17:53:42,go.microsoft.com
2014-03-02 14:49:30,www.altera.com
2014-03-02 14:53:36,www.altera.com
2014-03-02 15:04:11,www.altera.com
2014-03-02 15:08:55,ieonline.microsoft.com
2014-03-02 15:09:00,www.google.com
2014-03-02 15:10:54,go.microsoft.com
2014-03-02 15:10:54,ieonline.microsoft.com
2014-03-02 15:10:57,www.google.fr
2014-03-02 15:11:00,www.google.com
2014-03-02 15:11:00,apis.google.com
2014-03-02 15:11:04,accounts.google.com
2014-03-02 15:11:04,drive.google.com
2014-03-02 15:11:05,apis.google.com
2014-03-02 15:11:05,accounts.youtube.com
2014-03-02 15:11:06,www.google.fr
2014-03-02 15:11:29,accounts.google.fr
2014-03-02 15:11:29,www.google.fr
2014-03-02 15:11:30,www.google.com
2014-03-02 15:11:30,www.google.fr
2014-03-02 15:11:31,accounts.google.com
2014-03-02 15:11:31,accounts.youtube.com
2014-03-02 15:11:31,accounts.google.fr
2014-03-02 15:11:31,drive.google.com
2014-03-02 15:11:32,0.drive.google.com
2014-03-02 15:11:32,drive.google.com
2014-03-02 15:11:32,apis.google.com
2014-03-02 15:11:36,drive.google.com
2014-03-02 15:11:36,0.drive.google.com
2014-03-02 15:11:38,drive.google.com
2014-03-02 15:11:38,docs.google.com
2014-03-02 15:11:38,www.google.com
2014-03-02 15:11:39,drive.google.com
2014-03-02 15:11:39,docs.google.com
2014-03-02 15:11:41,docs.google.com
2014-03-02 15:11:42,docs.google.com
2014-03-02 15:12:15,docs.google.com
2014-03-02 15:12:16,clients2.google.com
2014-03-02 15:12:16,docs.google.com
2014-03-02 15:12:18,docs.google.com
2014-03-02 15:12:18,clients2.google.com
2014-03-02 15:12:20,clients2.google.com
2014-03-02 15:12:21,clients2.google.com
2014-03-02 15:12:21,docs.google.com
2014-03-02 15:12:24,clients2.google.com
2014-03-02 15:12:24,docs.google.com
2014-03-02 15:12:25,clients2.google.com
2014-03-02 15:12:26,docs.google.com
2014-03-02 15:12:26,clients2.google.com
2014-03-02 15:12:28,clients2.google.com
2014-03-02 15:12:29,clients2.google.com
2014-03-02 15:12:30,clients2.google.com
2014-03-02 15:12:31,clients2.google.com
2014-03-02 15:12:31,gg.google.com
2014-03-02 15:12:37,0.drive.google.com
2014-03-02 15:12:37,gg.google.com
2014-03-02 15:12:37,drive.google.com
2014-03-02 15:45:13,www.google.fr
2014-03-02 15:45:14,www.google.fr
2014-03-02 15:45:15,apis.google.com
2014-03-02 15:45:15,www.google.com
2014-03-02 15:45:24,accounts.google.com
2014-03-02 15:45:24,drive.google.com
2014-03-02 15:45:25,www.google.fr
2014-03-02 15:45:25,apis.google.com
2014-03-02 15:45:25,accounts.youtube.com
2014-03-02 15:46:02,www.google.fr
2014-03-02 15:46:02,accounts.google.fr
2014-03-02 15:46:03,www.google.com
2014-03-02 15:46:03,www.google.fr
2014-03-02 15:46:04,apis.google.com
2014-03-02 15:46:04,0.drive.google.com
2014-03-02 15:46:04,drive.google.com
2014-03-02 15:46:04,accounts.google.fr
2014-03-02 15:46:04,accounts.youtube.com
2014-03-02 15:46:04,accounts.google.com
2014-03-02 15:46:05,0.drive.google.com
2014-03-02 15:46:09,drive.google.com
2014-03-02 15:46:09,www.google.com
2014-03-02 15:46:09,docs.google.com
2014-03-02 15:46:10,docs.google.com
2014-03-02 15:46:11,docs.google.com
2014-03-02 15:47:03,docs.google.com
2014-03-02 15:47:04,gg.google.com
2014-03-02 15:47:55,ieonline.microsoft.com
2014-03-02 15:50:11,docs.google.com
2014-03-02 15:50:24,drive.google.com
2014-03-02 15:51:04,gg.google.com
2014-03-02 15:52:09,drive.google.com
2014-03-02 15:52:19,drive.google.com
2014-03-02 15:52:23,drive.google.com
2014-03-02 15:52:45,www.google.com
2014-03-02 15:52:46,accounts.google.com
2014-03-02 15:52:47,drive.google.com
2014-03-02 15:52:47,0.drive.google.com
2014-03-02 15:52:47,docs.google.com
2014-03-02 15:52:47,apis.google.com
2014-03-02 15:52:47,www.google.com
2014-03-02 15:52:47,www.google.fr
2014-03-02 15:52:48,www.google.com
2014-03-02 15:52:48,accounts.google.com
2014-03-02 15:52:48,accounts.youtube.com
2014-03-02 15:52:48,docs.google.com
2014-03-02 15:52:48,drive.google.com
2014-03-02 15:52:48,accounts.google.fr
2014-03-02 15:53:14,addons.foxitsoftware.com
2014-03-02 15:53:14,ad.foxitsoftware.com
2014-03-02 15:53:15,addons.foxitsoftware.com
2014-03-02 17:26:36,www.google.fr
2014-03-02 17:26:48,www.google.fr
2014-03-02 17:26:49,apis.google.com
2014-03-02 17:26:51,www.google.com
2014-03-02 17:26:51,drive.google.com
2014-03-02 17:26:53,www.google.com
2014-03-02 17:26:54,accounts.google.com
2014-03-02 17:27:06,apis.google.com
2014-03-02 17:27:06,www.google.fr
2014-03-02 17:27:08,accounts.youtube.com
2014-03-02 17:27:37,accounts.google.fr
2014-03-02 17:27:38,www.google.fr
2014-03-02 17:27:38,www.google.com
2014-03-02 17:27:38,accounts.google.com
2014-03-02 17:27:38,accounts.youtube.com
2014-03-02 17:27:38,accounts.google.fr
2014-03-02 17:27:38,drive.google.com
2014-03-02 17:27:41,drive.google.com
2014-03-02 17:27:41,0.drive.google.com
2014-03-02 17:27:42,0.drive.google.com
2014-03-02 17:27:44,www.google.com
2014-03-02 17:27:46,apis.google.com
2014-03-02 17:27:46,docs.google.com
2014-03-02 17:27:46,www.google.com
2014-03-02 17:27:46,drive.google.com
2014-03-02 17:27:48,drive.google.com
2014-03-02 17:27:48,docs.google.com
2014-03-02 17:27:49,docs.google.com
2014-03-02 17:27:50,docs.google.com
2014-03-02 17:27:51,docs.google.com
2014-03-02 17:27:54,docs.google.com
2014-03-02 17:27:54,apis.google.com
2014-03-02 17:28:09,drive.google.com
2014-03-02 17:28:30,docs.google.com
2014-03-02 17:28:32,www.google.com
2014-03-02 17:28:35,accounts.google.com
2014-03-02 17:28:50,gg.google.com
2014-03-02 17:29:17,drive.google.com
2014-03-02 17:29:18,accounts.google.com
2014-03-02 17:29:18,www.google.fr
2014-03-02 17:29:18,gg.google.com
2014-03-02 17:29:18,drive.google.com
2014-03-02 17:29:18,www.google.com
2014-03-02 17:29:20,accounts.google.com
2014-03-02 17:29:20,www.google.com
2014-03-02 17:29:20,drive.google.com
2014-03-02 17:29:20,accounts.google.fr
2014-03-02 17:29:20,0.drive.google.com
2014-03-02 17:29:20,ieonline.microsoft.com
2014-03-02 17:29:20,accounts.youtube.com
2014-03-02 17:29:20,docs.google.com
2014-03-17 20:18:37,ieonline.microsoft.com
2014-03-17 20:19:07,ieonline.microsoft.com
2014-03-17 20:19:07,go.microsoft.com
2014-03-21 12:03:43,search.mywebs.pro
2014-03-21 12:03:43,www.google.com
2014-03-21 12:03:43,fr.ask.com
2014-03-21 12:03:44,fr.ask.com
2014-03-21 12:03:44,www.google.com
2014-03-21 12:03:45,sp.fr.ask.com
2014-03-21 12:03:45,fr.ask.com
2014-03-21 12:03:51,www.google.fr
2014-03-21 12:04:04,www.google.fr
2014-03-21 12:04:05,apis.google.com
2014-03-21 12:04:07,www.google.com
2014-03-21 12:04:45,www.orange.fr
2014-03-21 12:04:45,c.woopic.com
2014-03-21 12:04:45,www.google.com
2014-03-21 12:04:45,apis.google.com
2014-03-21 12:04:45,www.google.fr
2014-03-21 12:04:46,c.woopic.com
2014-03-21 12:04:46,media.actu.woopic.com
2014-03-21 12:04:47,iapref.orange.fr
2014-03-21 12:04:47,c.woopic.com
2014-03-21 12:04:48,r.orange.fr
2014-03-21 12:04:48,test-v4.woopic.com
2014-03-21 12:04:48,test-ds.woopic.com
2014-03-21 12:04:48,ap.orange.fr
2014-03-21 12:04:48,c.orange.fr
2014-03-21 12:04:49,iapref.orange.fr
2014-03-21 12:04:49,images.orangepublicite.fr
2014-03-21 12:04:49,listener.ezakus.net
2014-03-21 12:04:49,id.orange.fr
2014-03-21 12:04:49,pv.cofinoga.fr
2014-03-21 12:04:50,fpdownload2.macromedia.com
2014-03-21 12:05:32,id.orange.fr
2014-03-21 12:05:33,www.orange.fr
2014-03-21 12:05:33,c.woopic.com
2014-03-21 12:05:33,id.orange.fr
2014-03-21 12:05:34,pushinternet.woopic.com
2014-03-21 12:05:34,c.orange.fr
2014-03-21 12:05:34,iapref.orange.fr
2014-03-21 12:05:34,c.woopic.com
2014-03-21 12:05:34,mdsp.orange.fr
2014-03-21 12:05:34,r.orange.fr
2014-03-21 12:05:34,google.ezakus.net
2014-03-21 12:05:35,r.orange.fr
2014-03-21 12:05:35,test-v4.woopic.com
2014-03-21 12:05:35,webmail1j.orange.fr
2014-03-21 12:05:35,test-ds.woopic.com
2014-03-21 12:05:35,rms.orange.fr
2014-03-21 12:05:35,webmail.orange.fr
2014-03-21 12:05:36,webmail1j.orange.fr
2014-03-21 12:05:36,wassup.orange.fr
2014-03-21 12:05:37,webmail1j.orange.fr
2014-03-21 12:05:38,js.wanadoo.fr
2014-03-21 12:05:38,c.woopic.com
2014-03-21 12:05:38,webmail1j.orange.fr
2014-03-21 12:05:38,static.wanadoo.fr
2014-03-21 12:05:38,iz.orange.fr
2014-03-21 12:05:39,c.woopic.com
2014-03-21 12:05:39,static.wanadoo.fr
2014-03-21 12:05:39,iapref.orange.fr
2014-03-21 12:05:49,iz.orange.fr
2014-03-21 12:05:49,js.wanadoo.fr
2014-03-21 12:05:49,webmail1j.orange.fr
2014-03-21 12:05:49,c.woopic.com
2014-03-21 12:05:50,webmail1j.orange.fr
2014-03-21 12:05:50,static.wanadoo.fr
2014-03-21 12:05:50,iapref.orange.fr
2014-03-21 12:05:55,webmail1j.orange.fr
2014-03-21 12:05:55,c.woopic.com
2014-03-21 12:05:55,iz.orange.fr
2014-03-21 12:05:55,js.wanadoo.fr
2014-03-21 12:05:56,webmail1j.orange.fr
2014-03-21 12:05:56,iapref.orange.fr
2014-03-21 12:05:56,p.emailing.caf.fr
2014-03-21 12:05:56,static.wanadoo.fr
2014-03-21 12:06:07,iapref.orange.fr
2014-03-21 12:06:07,c.woopic.com
2014-03-21 12:06:07,static.wanadoo.fr
2014-03-21 12:06:07,webmail1j.orange.fr
2014-03-21 12:06:07,iz.orange.fr
2014-03-21 12:06:07,js.wanadoo.fr
2014-03-21 12:06:12,webmail1j.orange.fr
2014-03-21 12:06:43,ieonline.microsoft.com
2014-03-21 12:11:51,www.facebook.com
2014-03-21 12:11:51,images.orangepublicite.fr
2014-03-21 12:12:09,mm.eulerian.net
2014-03-21 12:15:01,iapref.orange.fr
2014-03-21 12:15:01,static.wanadoo.fr
2014-03-21 12:15:01,c.woopic.com
2014-03-21 12:15:01,iz.orange.fr
2014-03-21 12:15:01,js.wanadoo.fr
2014-03-21 12:15:01,webmail1j.orange.fr
2014-03-21 12:15:02,www.facebook.com
2014-03-21 12:15:03,js.wanadoo.fr
2014-03-21 12:15:03,iz.orange.fr
2014-03-21 12:15:03,c.woopic.com
2014-03-21 12:15:03,webmail1j.orange.fr
2014-03-21 12:15:04,apnx-match.dotomi.com
2014-03-21 12:15:04,static.wanadoo.fr
2014-03-21 12:15:04,iapref.orange.fr
2014-03-21 12:15:04,webmail1j.orange.fr
2014-03-21 12:15:04,um.simpli.fi
2014-03-21 12:15:05,apnx-match.dotomi.com
2014-03-21 12:15:05,dtm.venus.com
2014-03-21 12:15:05,js.wanadoo.fr
2014-03-21 12:15:05,webmail1j.orange.fr
2014-03-21 12:15:05,c.woopic.com
2014-03-21 12:15:05,iz.orange.fr
2014-03-21 12:15:05,iapref.orange.fr
2014-03-21 12:15:07,cm.adgrx.com
2014-03-21 12:15:07,apnx-match.dotomi.com
2014-03-21 12:15:08,c1.adform.net
2014-03-21 12:15:08,dtm.venus.com
2014-03-21 12:15:08,apnx-match.dotomi.com
2014-03-21 12:15:09,adventori.com
2014-03-21 12:15:25,c.woopic.com
2014-03-21 12:15:25,r.orange.fr
2014-03-21 12:15:26,r.orange.fr
2014-03-21 12:15:26,c.woopic.com
2014-03-21 12:15:26,id.orange.fr
2014-03-21 12:15:27,iapref.orange.fr
2014-04-04 14:18:37,www.google.fr
2014-04-04 14:18:50,www.google.fr
2014-04-04 14:18:51,apis.google.com
2014-04-04 14:18:53,www.google.com
2014-04-04 14:19:00,www.google.com
2014-04-04 14:19:00,apis.google.com
2014-04-04 14:19:00,c.woopic.com
2014-04-04 14:19:00,www.orange.fr
2014-04-04 14:19:00,www.google.fr
2014-04-04 14:19:01,c.woopic.com
2014-04-04 14:19:01,media.actu.woopic.com
2014-04-04 14:19:02,c.woopic.com
2014-04-04 14:19:02,iapref.orange.fr
2014-04-04 14:19:03,id.orange.fr
2014-04-04 14:19:03,r.orange.fr
2014-04-04 14:19:03,iapref.orange.fr
2014-04-04 14:19:03,pv.cofinoga.fr
2014-04-04 14:19:04,id.orange.fr
2014-04-04 14:19:04,fpdownload2.macromedia.com
2014-04-04 14:19:04,images.orangepublicite.fr
2014-04-04 14:19:33,id.orange.fr
2014-04-04 14:19:33,c.woopic.com
2014-04-04 14:19:33,www.orange.fr
2014-04-04 14:19:34,mdsp.orange.fr
2014-04-04 14:19:34,r.orange.fr
2014-04-04 14:19:34,iapref.orange.fr
2014-04-04 14:19:34,ap.orange.fr
2014-04-04 14:19:34,c.orange.fr
2014-04-04 14:19:34,listener.ezakus.net
2014-04-04 14:19:34,c.woopic.com
2014-04-04 14:19:35,test-v4.woopic.com
2014-04-04 14:19:35,test-ds.woopic.com
2014-04-04 14:19:36,webmail.orange.fr
2014-04-04 14:19:36,rms.orange.fr
2014-04-04 14:19:36,r.orange.fr
2014-04-04 14:19:36,webmail1k.orange.fr
2014-04-04 14:19:37,webmail1k.orange.fr
2014-04-04 14:19:37,wassup.orange.fr
2014-04-04 14:19:38,c.woopic.com
2014-04-04 14:19:38,js.wanadoo.fr
2014-04-04 14:19:38,iz.orange.fr
2014-04-04 14:19:38,static.wanadoo.fr
2014-04-04 14:19:38,webmail1k.orange.fr
2014-04-04 14:19:38,iapref.orange.fr
2014-04-04 14:19:39,static.wanadoo.fr
2014-04-04 14:19:39,google.ezakus.net
2014-04-04 14:19:39,c.woopic.com
2014-04-04 14:19:39,pv.cofinoga.fr
2014-04-04 14:19:42,webmail1k.orange.fr
2014-04-04 14:19:42,c.woopic.com
2014-04-04 14:19:42,iz.orange.fr
2014-04-04 14:19:42,static.wanadoo.fr
2014-04-04 14:19:42,iapref.orange.fr
2014-04-04 14:19:42,js.wanadoo.fr
2014-04-04 14:19:43,pv.cofinoga.fr
2014-04-04 14:19:46,webmail1k.orange.fr
2014-04-04 14:20:11,r.orange.fr
2014-04-04 14:20:11,c.woopic.com
2014-04-04 14:20:13,id.orange.fr
2014-04-04 14:20:13,r.orange.fr
2014-04-04 14:20:13,c.woopic.com
2014-04-04 14:20:35,iapref.orange.fr
2014-04-04 14:21:45,ieonline.microsoft.com
2014-04-30 15:58:08,javadl-esd-secure.oracle.com
2014-04-30 16:00:09,javadl-esd-secure.oracle.com
2014-04-30 18:24:35,javadl-esd-secure.oracle.com
2014-04-30 18:26:01,javadl-esd-secure.oracle.com
