timestamp,site
2013-06-12 08:07:17,cnfg.toolbarservices.com
2013-06-12 08:07:18,www.google.com
2013-06-12 08:07:18,ajax.googleapis.com
2013-06-12 08:07:18,fpdownload2.macromedia.com
2013-06-12 08:07:18,utils.delta-search.com
2013-06-12 08:07:19,ajax.googleapis.com
2013-06-12 08:07:19,img.babylon.com
2013-06-12 08:07:33,www.google.com
2013-06-12 08:07:38,1-50.completr.appspot.com
2013-06-12 08:07:39,1-50.completr.appspot.com
2013-06-12 08:07:41,1-50.completr.appspot.com
2013-06-12 08:07:42,1-50.completr.appspot.com
2013-06-12 08:07:43,1-50.completr.appspot.com
2013-06-12 08:07:44,1-50.completr.appspot.com
2013-06-12 08:07:45,1-50.completr.appspot.com
2013-06-12 08:07:46,1-50.completr.appspot.com
2013-06-12 08:07:47,1-50.completr.appspot.com
2013-06-12 08:07:48,utils.babylon.com
2013-06-12 08:07:48,www.delta-search.com
2013-06-12 08:07:49,www.delta-search.com
2013-06-12 08:07:49,kyuale.com
2013-06-12 08:10:18,go.microsoft.com
2013-06-12 08:10:18,ieonline.microsoft.com
2013-06-12 08:11:29,javadl-esd-secure.oracle.com
2013-06-12 08:16:08,javadl-esd-secure.oracle.com
2013-06-12 09:58:29,1-50.completr.appspot.com
2013-06-12 09:58:30,1-50.completr.appspot.com
2013-06-12 09:58:31,1-50.completr.appspot.com
2013-06-12 09:58:33,utils.babylon.com
2013-06-12 09:58:33,www.delta-search.com
2013-06-12 09:58:33,1-50.completr.appspot.com
2013-06-12 09:58:34,kyuale.com
2013-06-12 09:58:34,utils.babylon.com
2013-06-12 09:58:34,www.delta-search.com
2013-06-12 09:58:37,maps.google.fr
2013-06-12 09:58:37,www.google.com
2013-06-12 09:58:38,maps.google.fr
2013-06-12 09:58:39,maps.google.fr
2013-06-12 09:58:40,apis.google.com
2013-06-12 09:58:40,mts0.google.com
2013-06-12 09:58:40,mts1.google.com
2013-06-12 09:58:41,mts0.google.com
2013-06-12 09:58:41,mts1.google.com
2013-06-12 09:58:43,mts1.google.com
2013-06-12 09:58:44,mts1.google.com
2013-06-12 09:58:44,mts0.google.com
2013-06-12 10:00:01,mts1.google.com
2013-06-12 10:00:01,mts0.google.com
2013-06-12 10:00:01,apis.google.com
2013-06-12 10:00:02,maps.google.fr
2013-06-12 10:00:02,mts1.google.com
2013-06-12 10:00:03,mts0.google.com
2013-06-12 10:00:13,mts1.google.com
2013-06-12 10:00:13,mts0.google.com
2013-06-12 10:00:13,maps.google.fr
2013-06-12 10:00:14,mts1.google.com
2013-06-12 10:00:17,mts1.google.com
2013-06-12 10:00:17,maps.google.fr
2013-06-12 10:00:18,mts0.google.com
2013-06-12 10:00:18,maps.google.fr
2013-06-12 10:00:18,mts1.google.com
2013-06-12 10:00:19,khms0.google.fr
2013-06-12 10:00:19,khms1.google.fr
2013-06-12 10:00:19,mts1.google.com
2013-06-12 10:00:20,khms0.google.fr
2013-06-12 10:00:20,khms1.google.fr
2013-06-12 10:00:21,khms0.google.fr
2013-06-12 10:00:21,khms1.google.fr
2013-06-12 10:00:21,maps.google.fr
2013-06-12 10:00:21,mts0.google.com
2013-06-12 10:00:21,mts1.google.com
2013-06-12 10:00:22,mts0.google.com
2013-06-12 10:00:22,mts1.google.com
2013-06-12 10:00:22,khms1.google.fr
2013-06-12 10:00:22,khms0.google.fr
2013-06-12 10:00:23,khms0.google.fr
2013-06-12 10:00:23,khms1.google.fr
2013-06-12 10:00:23,mts0.google.com
2013-06-12 10:00:23,mts1.google.com
2013-06-12 10:00:24,khms0.google.fr
2013-06-12 10:00:32,khms0.google.fr
2013-06-12 10:00:46,mts1.google.com
2013-06-12 10:00:46,khms0.google.fr
2013-06-12 10:00:46,maps.google.fr
2013-06-12 10:00:52,khms1.google.fr
2013-06-12 10:00:56,mts0.google.com
2013-06-12 10:00:56,khms0.google.fr
2013-06-12 10:00:58,mts0.google.com
2013-06-12 10:02:02,mts0.google.com
2013-06-12 10:02:02,mts1.google.com
2013-06-12 10:02:02,maps.google.fr
2013-06-12 10:02:05,khms0.google.fr
2013-06-12 10:02:05,khms1.google.fr
2013-06-12 10:02:07,khms0.google.fr
2013-06-12 10:02:07,khms1.google.fr
2013-06-12 10:02:07,mts1.google.com
2013-06-12 10:02:07,mts0.google.com
2013-06-12 10:02:07,maps.google.fr
2013-06-12 10:02:08,mts1.google.com
2013-06-12 10:02:08,khms0.google.fr
2013-06-12 10:02:08,khms1.google.fr
2013-06-12 10:02:08,mts0.google.com
2013-06-12 10:02:09,khms0.google.fr
2013-06-12 10:02:09,khms1.google.fr
2013-06-12 10:02:31,khms0.google.fr
2013-06-12 10:02:31,mts0.google.com
2013-06-12 10:03:16,mts0.google.com
2013-06-12 10:03:16,khms1.google.fr
2013-06-12 10:03:16,mts1.google.com
2013-06-12 10:03:16,maps.google.fr
2013-06-12 10:03:18,khms0.google.fr
2013-06-12 10:03:18,mts1.google.com
2013-06-12 10:03:18,khms1.google.fr
2013-06-12 10:03:18,mts0.google.com
2013-06-12 10:03:19,mts1.google.com
2013-06-12 10:03:19,mts0.google.com
2013-06-12 10:03:20,khms1.google.fr
2013-06-12 10:03:20,mts1.google.com
2013-06-12 10:03:20,khms0.google.fr
2013-06-12 10:03:20,mts0.google.com
2013-06-12 10:03:21,khms0.google.fr
2013-06-12 10:03:21,khms1.google.fr
2013-06-12 10:03:22,khms1.google.fr
2013-06-12 10:03:22,mts0.google.com
2013-06-12 10:03:22,maps.google.fr
2013-06-12 10:03:22,khms0.google.fr
2013-06-12 10:03:22,mts1.google.com
2013-06-12 10:03:23,khms0.google.fr
2013-06-12 10:03:23,khms1.google.fr
2013-06-12 10:03:23,mts1.google.com
2013-06-12 10:03:23,mts0.google.com
2013-06-12 10:03:24,khms1.google.fr
2013-06-12 10:03:24,mts0.google.com
2013-06-12 10:03:24,maps.google.fr
2013-06-12 10:03:24,mts1.google.com
2013-06-12 10:03:24,khms0.google.fr
2013-06-12 10:03:25,mts1.google.com
2013-06-12 10:03:25,khms1.google.fr
2013-06-12 10:03:25,mts0.google.com
2013-06-12 10:03:25,khms0.google.fr
2013-06-12 10:03:26,maps.google.fr
2013-06-12 10:03:26,khms1.google.fr
2013-06-12 10:03:26,mts0.google.com
2013-06-12 10:03:26,khms0.google.fr
2013-06-12 10:03:26,mts1.google.com
2013-06-12 10:03:27,mts0.google.com
2013-06-12 10:03:27,mts1.google.com
2013-06-12 10:03:27,khms1.google.fr
2013-06-12 10:03:27,khms0.google.fr
2013-06-12 10:03:28,khms1.google.fr
2013-06-12 10:03:28,khms0.google.fr
2013-06-12 10:03:33,khms0.google.fr
2013-06-12 10:03:34,mts0.google.com
2013-06-12 10:03:34,maps.google.fr
2013-06-12 10:03:54,khms0.google.fr
2013-06-12 10:03:54,khms1.google.fr
2013-06-12 10:03:54,maps.google.fr
2013-06-12 10:03:55,mts0.google.com
2013-06-12 10:03:55,maps.google.fr
2013-06-12 10:03:55,mts1.google.com
2013-06-12 10:03:57,mts0.google.com
2013-06-12 10:03:57,mts1.google.com
2013-06-12 10:03:57,maps.google.fr
2013-06-12 10:03:58,mts1.google.com
2013-06-12 10:03:59,mts0.google.com
2013-06-12 10:03:59,maps.google.fr
2013-06-12 10:03:59,mts1.google.com
2013-06-12 10:04:00,mts0.google.com
2013-06-12 10:04:01,mts1.google.com
2013-06-12 10:04:01,mts0.google.com
2013-06-12 10:04:01,maps.google.fr
2013-06-12 10:04:02,mts1.google.com
2013-06-12 10:04:02,mts0.google.com
2013-06-12 10:04:31,mts0.google.com
2013-06-12 10:04:31,mts1.google.com
2013-06-12 10:04:31,maps.google.fr
2013-06-12 10:04:32,maps.google.fr
2013-06-12 10:04:32,mts1.google.com
2013-06-12 10:04:32,mts0.google.com
2013-06-12 10:04:32,khms0.google.fr
2013-06-12 10:04:32,khms1.google.fr
2013-06-12 10:04:33,mts0.google.com
2013-06-12 10:04:33,khms0.google.fr
2013-06-12 10:04:33,maps.google.fr
2013-06-12 10:04:33,khms1.google.fr
2013-06-12 10:04:33,mts1.google.com
2013-06-12 10:04:34,mts0.google.com
2013-06-12 10:04:34,mts1.google.com
2013-06-12 10:04:35,mts1.google.com
2013-06-12 10:04:35,mts0.google.com
2013-06-12 10:04:35,khms0.google.fr
2013-06-12 10:04:35,khms1.google.fr
2013-06-12 10:04:36,mts1.google.com
2013-06-12 10:04:36,maps.google.fr
2013-06-12 10:04:36,khms1.google.fr
2013-06-12 10:04:36,khms0.google.fr
2013-06-12 10:04:36,mts0.google.com
2013-06-12 10:04:37,khms1.google.fr
2013-06-12 10:04:37,khms0.google.fr
2013-06-12 10:04:37,mts1.google.com
2013-06-12 10:04:39,khms0.google.fr
2013-06-12 10:04:39,khms1.google.fr
2013-06-12 10:04:39,mts0.google.com
2013-06-12 10:04:39,maps.google.fr
2013-06-12 10:04:40,khms1.google.fr
2013-06-12 10:04:42,mts1.google.com
2013-06-12 10:04:44,khms0.google.fr
2013-06-12 10:04:44,mts1.google.com
2013-06-12 10:04:44,mts0.google.com
2013-06-12 10:04:44,khms1.google.fr
2013-06-12 10:04:47,khms0.google.fr
2013-06-12 10:04:47,mts0.google.com
2013-06-12 10:04:47,maps.google.fr
2013-06-12 10:04:47,mts1.google.com
2013-06-12 10:04:47,khms1.google.fr
2013-06-12 10:06:57,mts1.google.com
2013-06-12 10:06:57,khms1.google.fr
2013-06-12 10:06:57,khms0.google.fr
2013-06-12 10:06:57,mts0.google.com
2013-09-12 12:50:18,cnfg.toolbarservices.com
2013-09-12 12:50:20,utils.delta-search.com
2013-09-12 12:50:20,ajax.googleapis.com
2013-09-12 12:50:20,www.google.com
2013-09-12 12:50:21,img.babylon.com
2013-09-12 12:50:21,ajax.googleapis.com
2013-09-12 12:50:33,www.google.com
2013-09-12 12:50:40,1-50.completr.appspot.com
2013-09-12 12:50:41,1-50.completr.appspot.com
2013-09-12 12:50:42,1-50.completr.appspot.com
2013-09-12 12:50:43,www.delta-search.com
2013-09-12 12:50:43,1-50.completr.appspot.com
2013-09-12 12:50:44,utils.babylon.com
2013-09-12 12:50:44,www.delta-search.com
2013-09-12 12:50:45,www.delta-search.com
2013-09-12 12:50:45,kyuale.com
2013-09-12 12:51:36,1-50.completr.appspot.com
2013-09-12 12:51:37,1-50.completr.appspot.com
2013-09-12 12:51:38,1-50.completr.appspot.com
2013-09-12 12:51:39,1-50.completr.appspot.com
2013-09-12 12:51:40,utils.babylon.com
2013-09-12 12:51:40,www.delta-search.com
2013-09-12 12:51:44,www.outlook.com
2013-09-12 12:51:45,login.live.com
2013-09-12 12:51:47,login.live.com
2013-09-12 12:51:48,windowslive.tt.omtrdc.net
2013-09-12 12:51:48,www.outlook.com
2013-09-12 12:51:59,windowslive.tt.omtrdc.net
2013-09-12 12:52:07,login.live.com
2013-09-12 12:52:18,login.live.com
2013-09-12 12:52:19,login.live.com
2013-09-12 12:52:20,windowslive.tt.omtrdc.net
2013-09-12 12:52:21,mail.live.com
2013-09-12 12:52:22,cid-61cc5552e5cbc7fd.users.storage.live.com
2013-09-12 12:52:22,h.live.com
2013-09-12 12:52:23,dub114.mail.live.com
2013-09-12 12:52:23,windowslive.tt.omtrdc.net
2013-09-12 12:52:25,h.live.com
2013-09-12 12:52:25,people.directory.live.com
2013-09-12 12:52:26,dub114.mail.live.com
2013-09-12 12:52:27,dub114.mail.live.com
2013-09-12 12:52:28,h.live.com
2013-09-12 12:52:28,js.live.net
2013-09-12 12:52:28,secure.shared.live.com
2013-09-12 12:52:29,login.live.com
2013-09-12 12:52:30,secure.shared.live.com
2013-09-12 12:52:31,go.trouter.io
2013-09-12 12:52:31,storage.live.com
2013-09-12 12:52:31,prod.registrar.skype.com
2013-09-12 12:52:32,prod.registrar.skype.com
2013-09-12 12:52:32,api.skype.com
2013-09-12 12:52:34,secure.shared.live.com
2013-09-12 12:52:40,www.covoiturage.fr
2013-09-12 12:52:40,sndgd.blablacar.com
2013-09-12 12:52:41,www.covoiturage.fr
2013-09-12 12:52:46,www.covoiturage.fr
2013-09-12 12:52:46,connect.facebook.net
2013-09-12 12:52:46,www.facebook.com
2013-09-12 12:52:46,s-static.ak.facebook.com
2013-09-12 12:52:48,sndgd.blablacar.com
2013-09-12 12:52:48,www.covoiturage.fr
2013-09-12 12:52:49,www.facebook.com
2013-09-12 12:52:49,s-static.ak.facebook.com
2013-09-12 12:53:07,s-static.ak.facebook.com
2013-09-12 12:53:07,www.facebook.com
2013-09-12 12:53:08,www.facebook.com
2013-09-12 12:53:11,ieonline.microsoft.com
2013-09-12 12:53:12,go.microsoft.com
2013-09-12 12:53:14,g.live.com
2013-09-12 12:53:26,sndgd.blablacar.com
2013-09-12 12:53:26,h.live.com
2013-09-12 12:53:26,dub114.mail.live.com
2013-09-12 12:53:27,www.covoiturage.fr
2013-09-12 12:53:27,g.live.com
2013-09-12 12:53:28,www.covoiturage.fr
2013-09-12 12:53:29,connect.facebook.net
2013-09-12 12:53:29,www.covoiturage.fr
2013-09-12 12:53:29,www.facebook.com
2013-09-12 12:53:29,static.ak.facebook.com
2013-09-12 12:53:29,s-static.ak.facebook.com
2013-09-12 12:53:30,www.google.com
2013-09-12 12:53:30,www.facebook.com
2013-09-12 12:53:30,www.google.fr
2013-09-12 12:53:31,www.facebook.com
2013-09-12 12:53:34,connect.facebook.net
2013-09-12 12:53:38,www.covoiturage.fr
2013-09-12 12:53:38,dub114.mail.live.com
2013-09-12 12:53:39,s-static.ak.facebook.com
2013-09-12 12:53:39,www.facebook.com
2013-09-12 12:53:39,www.covoiturage.fr
2013-09-12 12:53:39,static.ak.facebook.com
2013-09-12 12:53:40,www.facebook.com
2013-09-12 12:53:42,www.covoiturage.fr
2013-09-12 12:53:46,www.covoiturage.fr
2013-09-12 12:53:49,www.covoiturage.fr
2013-09-12 12:53:49,bbcphotos.s3.amazonaws.com
2013-09-12 12:53:51,s-static.ak.facebook.com
2013-09-12 12:53:51,www.facebook.com
2013-09-12 12:53:51,www.covoiturage.fr
2013-09-12 12:53:51,static.ak.facebook.com
2013-09-12 12:54:02,www.covoiturage.fr
2013-09-12 12:54:03,s-static.ak.facebook.com
2013-09-12 12:54:03,www.facebook.com
2013-09-12 12:54:03,static.ak.facebook.com
2013-09-12 12:54:07,www.covoiturage.fr
2013-09-12 12:54:12,javadl-esd-secure.oracle.com
2013-09-12 12:54:13,www.facebook.com
2013-09-12 12:54:13,s-static.ak.facebook.com
2013-09-12 12:54:13,static.ak.facebook.com
2013-09-12 12:54:13,bbcphotos.s3.amazonaws.com
2013-09-12 12:54:13,www.covoiturage.fr
2013-09-12 12:54:17,www.covoiturage.fr
2013-09-12 12:54:17,s-static.ak.facebook.com
2013-09-12 12:54:17,www.facebook.com
2013-09-12 12:54:17,static.ak.facebook.com
2013-09-12 12:54:17,bbcphotos.s3.amazonaws.com
2013-09-12 12:55:29,dub114.mail.live.com
2013-09-12 12:56:13,www.facebook.com
2013-09-12 12:56:13,www.covoiturage.fr
2013-09-12 12:56:13,bbcphotos.s3.amazonaws.com
2013-09-12 12:56:14,www.facebook.com
2013-09-12 12:56:14,s-static.ak.facebook.com
2013-09-12 12:56:14,static.ak.facebook.com
2013-09-12 12:56:19,go.trouter.io
2013-09-12 12:56:21,javadl-esd-secure.oracle.com
2013-11-15 07:59:19,cnfg.toolbarservices.com
2013-11-15 07:59:20,www.google.com
2013-11-15 07:59:20,utils.delta-search.com
2013-11-15 07:59:20,ajax.googleapis.com
2013-11-15 07:59:21,img.babylon.com
2013-11-15 07:59:21,ajax.googleapis.com
2013-11-15 07:59:30,www.google.com
2013-11-15 07:59:57,1-50.completr.appspot.com
2013-11-15 07:59:58,1-50.completr.appspot.com
2013-11-15 07:59:59,1-50.completr.appspot.com
2013-11-15 08:00:00,1-50.completr.appspot.com
2013-11-15 08:00:01,1-50.completr.appspot.com
2013-11-15 08:00:02,www.delta-search.com
2013-11-15 08:00:02,www.yd.delta-search.com
2013-11-15 08:00:02,utils.babylon.com
2013-11-15 08:00:03,fr.yhs4.search.yahoo.com
2013-11-15 08:00:06,fr.yhs4.search.yahoo.com
2013-11-15 08:00:07,utils.babylon.com
2013-11-15 08:00:07,fr.yhs4.search.yahoo.com
2013-11-15 08:02:14,ieonline.microsoft.com
2013-11-15 08:02:14,go.microsoft.com
2013-11-15 08:02:21,img.babylon.com
2013-11-15 08:02:25,img.babylon.com
2013-11-15 08:03:49,javadl-esd-secure.oracle.com
2013-11-15 08:05:03,javadl-esd-secure.oracle.com
2013-11-22 09:10:58,javadl-esd-secure.oracle.com
2013-11-22 09:11:49,javadl-esd-secure.oracle.com
2013-11-22 09:11:53,cnfg.toolbarservices.com
2013-11-22 09:11:54,utils.delta-search.com
2013-11-22 09:11:54,ajax.googleapis.com
2013-11-22 09:11:54,www.google.com
2013-11-22 09:11:55,fpdownload2.macromedia.com
2013-11-22 09:11:56,img.babylon.com
2013-11-22 09:11:56,ajax.googleapis.com
2013-11-22 09:13:41,www.google.com
2013-11-22 09:13:42,1-50.completr.appspot.com
2013-11-22 09:13:44,1-50.completr.appspot.com
2013-11-22 09:13:45,1-50.completr.appspot.com
2013-11-22 09:13:46,1-50.completr.appspot.com
2013-11-22 09:13:47,utils.babylon.com
2013-11-22 09:13:47,1-50.completr.appspot.com
2013-11-22 09:13:47,www.delta-search.com
2013-11-22 09:13:47,www.yd.delta-search.com
2013-11-22 09:13:48,fr.yhs4.search.yahoo.com
2013-11-22 09:13:51,fr.yhs4.search.yahoo.com
2013-11-22 09:14:31,img.babylon.com
2013-11-22 09:15:42,go.microsoft.com
2013-11-22 09:15:42,ieonline.microsoft.com
2013-11-22 09:18:51,img.babylon.com
2013-11-22 11:17:22,www.google.com
2013-11-22 11:17:23,img.babylon.com
2013-11-22 11:17:31,1-50.completr.appspot.com
2013-11-22 11:17:32,1-50.completr.appspot.com
2013-11-22 11:17:33,1-50.completr.appspot.com
2013-11-22 11:17:34,fr.yhs4.search.yahoo.com
2013-11-22 11:17:34,www.yd.delta-search.com
2013-11-22 11:17:34,www.delta-search.com
2013-11-22 11:17:34,utils.babylon.com
2013-11-22 11:17:36,fr.yhs4.search.yahoo.com
2013-11-22 11:17:36,www.google.fr
2013-11-22 11:17:37,www.google.fr
2013-11-22 11:17:38,www.google.com
2013-11-22 11:17:38,apis.google.com
2013-11-22 11:19:02,www.google.fr
2013-11-22 11:20:35,www.google.fr
2013-11-22 11:21:20,www.google.fr
2013-11-22 11:21:38,apis.google.com
2013-11-22 11:21:38,www.google.com
2013-11-22 11:22:21,www.google.fr
2013-11-22 11:24:06,img.babylon.com
2013-11-22 11:24:24,img.babylon.com
2013-11-29 09:03:19,cnfg.toolbarservices.com
2013-11-29 09:03:20,www.google.com
2013-11-29 09:03:20,ajax.googleapis.com
2013-11-29 09:03:20,utils.delta-search.com
2013-11-29 09:03:22,img.babylon.com
2013-11-29 09:03:22,ajax.googleapis.com
2013-11-29 09:03:30,www.google.com
2013-11-29 09:03:31,1-50.completr.appspot.com
2013-11-29 09:03:32,1-50.completr.appspot.com
2013-11-29 09:03:33,1-50.completr.appspot.com
2013-11-29 09:03:34,1-50.completr.appspot.com
2013-11-29 09:03:35,www.delta-search.com
2013-11-29 09:03:35,utils.babylon.com
2013-11-29 09:03:36,www.yd.delta-search.com
2013-11-29 09:03:37,fr.yhs4.search.yahoo.com
2013-11-29 09:03:52,fr.yhs4.search.yahoo.com
2013-11-29 09:05:32,img.babylon.com
2013-11-29 09:05:41,img.babylon.com
2013-11-29 09:05:49,img.babylon.com
2013-11-29 09:05:57,img.babylon.com
2013-11-29 09:06:04,img.babylon.com
2013-11-29 09:06:12,ieonline.microsoft.com
2013-11-29 09:06:12,go.microsoft.com
2013-11-29 09:07:52,javadl-esd-secure.oracle.com
2013-11-29 09:08:24,javadl-esd-secure.oracle.com
2013-11-29 09:22:27,img.babylon.com
2013-11-29 09:22:30,ad.foxitsoftware.com
2013-11-29 09:22:50,img.babylon.com
2013-11-29 09:23:25,img.babylon.com
2013-11-29 09:23:41,img.babylon.com
2013-11-29 09:24:49,img.babylon.com
2013-11-29 09:25:11,img.babylon.com
2014-01-23 15:04:56,cnfg.toolbarservices.com
2014-01-23 15:04:58,www.google.com
2014-01-23 15:04:58,ajax.googleapis.com
2014-01-23 15:04:58,utils.delta-search.com
2014-01-23 15:04:58,fpdownload2.macromedia.com
2014-01-23 15:04:59,ajax.googleapis.com
2014-01-23 15:04:59,img.babylon.com
2014-01-23 15:05:16,www.google.com
2014-01-23 15:05:19,1-50.completr.appspot.com
2014-01-23 15:05:27,1-50.completr.appspot.com
2014-01-23 15:05:29,1-50.completr.appspot.com
2014-01-23 15:05:30,1-50.completr.appspot.com
2014-01-23 15:05:31,1-50.completr.appspot.com
2014-01-23 15:05:32,1-50.completr.appspot.com
2014-01-23 15:05:32,www.delta-search.com
2014-01-23 15:05:32,utils.babylon.com
2014-01-23 15:05:33,www.delta-search.com
2014-01-23 15:05:33,kyuale.com
2014-01-23 15:05:54,ac.babsrv.com
2014-01-23 15:05:55,ac.babsrv.com
2014-01-23 15:05:56,ac.babsrv.com
2014-01-23 15:05:57,ac.babsrv.com
2014-01-23 15:05:59,www.delta-search.com
2014-01-23 15:06:46,img.babylon.com
2014-01-23 15:06:46,www.whoi.edu
2014-01-23 15:06:54,www.whoi.edu
2014-01-23 15:06:55,ad.foxitsoftware.com
2014-01-23 15:06:55,www.whoi.edu
2014-01-23 15:07:50,ieonline.microsoft.com
2014-01-23 15:07:50,go.microsoft.com
2014-01-31 13:23:21,cnfg.toolbarservices.com
2014-01-31 13:23:22,ajax.googleapis.com
2014-01-31 13:23:22,www.google.com
2014-01-31 13:23:22,utils.delta-search.com
2014-01-31 13:23:23,ajax.googleapis.com
2014-01-31 13:23:23,img.babylon.com
2014-01-31 13:23:45,www.google.com
2014-01-31 13:23:47,1-50.completr.appspot.com
2014-01-31 13:23:48,1-50.completr.appspot.com
2014-01-31 13:23:49,1-50.completr.appspot.com
2014-01-31 13:23:52,kyuale.com
2014-01-31 13:23:52,www.delta-search.com
2014-01-31 13:23:52,utils.babylon.com
2014-01-31 13:23:53,www.delta-search.com
2014-01-31 13:23:57,fr-fr.facebook.com
2014-01-31 13:23:57,img.babylon.com
2014-01-31 13:24:04,fr-fr.facebook.com
2014-01-31 13:24:04,img.babylon.com
2014-01-31 13:24:09,img.babylon.com
2014-01-31 13:24:20,1-50.completr.appspot.com
2014-01-31 13:24:21,1-50.completr.appspot.com
2014-01-31 13:24:23,1-50.completr.appspot.com
2014-01-31 13:24:24,1-50.completr.appspot.com
2014-01-31 13:24:30,1-50.completr.appspot.com
2014-01-31 13:24:31,1-50.completr.appspot.com
2014-01-31 13:24:32,1-50.completr.appspot.com
2014-01-31 13:24:33,1-50.completr.appspot.com
2014-01-31 13:24:34,1-50.completr.appspot.com
2014-01-31 13:24:35,1-50.completr.appspot.com
2014-01-31 13:24:36,www.delta-search.com
2014-01-31 13:24:36,utils.babylon.com
2014-01-31 13:24:39,img.babylon.com
2014-01-31 13:25:54,ac.babsrv.com
2014-01-31 13:25:56,ac.babsrv.com
2014-01-31 13:25:57,ac.babsrv.com
2014-01-31 13:26:01,ac.babsrv.com
2014-01-31 13:26:02,ac.babsrv.com
2014-01-31 13:26:04,ac.babsrv.com
2014-01-31 13:26:05,ac.babsrv.com
2014-01-31 13:26:08,www.delta-search.com
2014-01-31 13:26:14,go.microsoft.com
2014-01-31 13:26:14,ieonline.microsoft.com
2014-01-31 13:26:19,flv-player.net
2014-01-31 13:26:20,img.babylon.com
2014-01-31 13:28:39,www.squid-cache.org
2014-01-31 13:29:01,ac.babsrv.com
2014-01-31 13:29:02,ac.babsrv.com
2014-01-31 13:29:04,ac.babsrv.com
2014-01-31 13:29:05,ac.babsrv.com
2014-01-31 13:29:06,ac.babsrv.com
2014-01-31 13:29:07,ac.babsrv.com
2014-01-31 13:29:10,ac.babsrv.com
2014-01-31 13:29:11,ac.babsrv.com
2014-01-31 13:29:13,www.delta-search.com
2014-01-31 13:29:13,kyuale.com
2014-01-31 13:29:16,img.babylon.com
2014-01-31 13:29:17,www.musicsonglyrics.com
2014-01-31 13:29:17,wwwimages.adobe.com
2014-01-31 13:29:18,p.jango.com
2014-01-31 13:29:18,www.musicsonglyrics.com
2014-01-31 13:29:18,jmn.jangonetwork.com
2014-01-31 13:29:18,cd02.static.jango.com
2014-01-31 13:29:19,fpdownload2.macromedia.com
2014-01-31 13:29:19,www.youtube.com
2014-01-31 13:29:19,s.ytimg.com
2014-01-31 13:29:19,gdata.youtube.com
2014-01-31 13:29:19,i1.ytimg.com
2014-01-31 13:29:20,www.musicsonglyrics.com
2014-01-31 13:29:20,www.facebook.com
2014-01-31 13:30:35,ac.babsrv.com
2014-01-31 13:30:36,ac.babsrv.com
2014-01-31 13:30:37,ac.babsrv.com
2014-01-31 13:30:38,ac.babsrv.com
2014-01-31 13:30:39,ac.babsrv.com
2014-01-31 13:30:41,www.delta-search.com
2014-01-31 13:30:46,www.outlook.com
2014-01-31 13:30:46,img.babylon.com
2014-01-31 13:30:47,login.live.com
2014-01-31 13:30:49,www.outlook.com
2014-01-31 13:30:49,login.live.com
2014-01-31 13:30:50,windowslive.tt.omtrdc.net
2014-01-31 13:31:02,windowslive.tt.omtrdc.net
2014-01-31 13:31:12,login.live.com
2014-01-31 13:31:13,login.live.com
2014-01-31 13:31:14,mail.live.com
2014-01-31 13:31:15,dub115.mail.live.com
2014-01-31 13:31:16,people.directory.live.com
2014-01-31 13:31:18,windowslive.tt.omtrdc.net
2014-01-31 13:31:18,dub115.mail.live.com
2014-01-31 13:31:19,h.live.com
2014-01-31 13:31:19,people.directory.live.com
2014-01-31 13:31:19,cid-57f240bcfa149670.users.storage.live.com
2014-01-31 13:31:20,h.live.com
2014-01-31 13:31:20,dub115.mail.live.com
2014-01-31 13:31:20,secure.shared.live.com
2014-01-31 13:31:21,blufiles.storage.msn.com
2014-01-31 13:31:21,secure.shared.live.com
2014-01-31 13:31:21,h.live.com
2014-01-31 13:31:22,login.live.com
2014-01-31 13:31:22,go.trouter.io
2014-01-31 13:31:22,h.live.com
2014-01-31 13:31:23,h.live.com
2014-01-31 13:31:23,dub115.mail.live.com
2014-01-31 13:31:23,go.trouter.io
2014-01-31 13:31:24,prod.registrar.skype.com
2014-01-31 13:31:24,storage.live.com
2014-01-31 13:31:28,api.skype.com
2014-01-31 13:31:29,js.live.net
2014-01-31 13:31:29,secure.shared.live.com
2014-01-31 13:31:30,dub115.mail.live.com
2014-01-31 13:31:30,login.live.com
2014-01-31 13:31:31,cid-57f240bcfa149670.users.storage.live.com
2014-01-31 13:31:31,dub115.mail.live.com
2014-01-31 13:31:31,h.live.com
2014-01-31 13:31:32,g.live.com
2014-01-31 13:31:32,login.skype.com
2014-01-31 13:31:32,go.trouter.io
2014-01-31 13:31:34,windowslive.tt.omtrdc.net
2014-01-31 13:31:34,img1.video.s-msn.com
2014-01-31 13:31:34,api.bing.com
2014-01-31 13:31:34,c.fr.msn.com
2014-01-31 13:31:34,fr.msn.com
2014-01-31 13:31:34,h2.msn.com
2014-01-31 13:31:34,www.bing.com
2014-01-31 13:31:35,img2.video.s-msn.com
2014-01-31 13:31:35,picda.ilius.net
2014-01-31 13:31:35,platform.twitter.com
2014-01-31 13:31:35,img1.video.s-msn.com
2014-01-31 13:31:35,spot.static.meetic.com
2014-01-31 13:31:35,c.fr.msn.com
2014-01-31 13:31:35,hub.video.msn.com
2014-01-31 13:31:35,connect.facebook.net
2014-01-31 13:31:36,platform.twitter.com
2014-01-31 13:31:36,picda.ilius.net
2014-01-31 13:31:36,static.ak.facebook.com
2014-01-31 13:31:36,s-static.ak.facebook.com
2014-01-31 13:31:36,fr.msn.com
2014-01-31 13:31:36,hub.video.msn.com
2014-01-31 13:31:36,video.msn.com
2014-01-31 13:31:36,www.facebook.com
2014-01-31 13:31:37,login.live.com
2014-01-31 13:31:37,picda.ilius.net
2014-01-31 13:31:37,login.secure.emea.msn.com
2014-01-31 13:31:37,pbs.twimg.com
2014-01-31 13:31:37,www.facebook.com
2014-01-31 13:31:37,platform.twitter.com
2014-01-31 13:31:37,windowslive.tt.omtrdc.net
2014-01-31 13:31:37,fr.msn.com
2014-01-31 13:31:38,twitter.com
2014-01-31 13:31:38,pbs.twimg.com
2014-01-31 13:31:38,www.facebook.com
2014-01-31 13:31:41,platform.twitter.com
2014-01-31 13:31:41,twitter.com
2014-01-31 13:31:45,g.msn.com
2014-01-31 13:31:48,g.msn.com
2014-01-31 13:31:50,g.msn.com
2014-01-31 13:31:55,g.msn.com
2014-01-31 13:31:57,g.msn.com
2014-01-31 13:32:00,g.msn.com
2014-01-31 13:32:04,g.msn.com
2014-01-31 13:32:08,g.msn.com
2014-01-31 13:32:08,syndication.twitter.com
2014-01-31 13:32:10,g.msn.com
2014-01-31 13:32:12,g.msn.com
2014-01-31 13:32:13,g.msn.com
2014-01-31 13:32:16,g.msn.com
2014-01-31 13:32:19,g.msn.com
2014-01-31 13:32:21,g.msn.com
2014-01-31 13:32:27,g.msn.com
2014-01-31 13:32:31,g.msn.com
2014-01-31 13:32:33,g.msn.com
2014-01-31 13:32:36,g.msn.com
2014-01-31 13:32:38,syndication.twitter.com
2014-01-31 13:32:38,g.msn.com
2014-01-31 13:32:39,g.msn.com
2014-01-31 13:32:46,g.msn.com
2014-01-31 13:33:56,www.facebook.com
2014-01-31 13:34:08,syndication.twitter.com
2014-01-31 13:35:09,img.babylon.com
2014-01-31 13:35:20,ac.babsrv.com
2014-01-31 13:35:22,ac.babsrv.com
2014-01-31 13:35:23,ac.babsrv.com
2014-01-31 13:35:24,ac.babsrv.com
2014-01-31 13:35:25,ac.babsrv.com
2014-01-31 13:35:26,ac.babsrv.com
2014-01-31 13:35:27,ac.babsrv.com
2014-01-31 13:35:31,ac.babsrv.com
2014-01-31 13:35:35,www.delta-search.com
2014-01-31 13:35:38,img.babylon.com
2014-01-31 16:08:08,www.google.com
2014-01-31 16:08:08,img.babylon.com
2014-01-31 16:08:22,1-50.completr.appspot.com
2014-01-31 16:08:23,1-50.completr.appspot.com
2014-01-31 16:08:24,1-50.completr.appspot.com
2014-01-31 16:08:25,1-50.completr.appspot.com
2014-01-31 16:08:26,1-50.completr.appspot.com
2014-01-31 16:08:27,1-50.completr.appspot.com
2014-01-31 16:08:28,utils.babylon.com
2014-01-31 16:08:28,www.delta-search.com
2014-01-31 16:08:29,kyuale.com
2014-01-31 16:08:29,www.delta-search.com
2014-01-31 16:08:33,img.babylon.com
2014-01-31 16:09:36,img.babylon.com
2014-01-31 16:49:36,img.babylon.com
2014-02-20 10:11:13,www.google.com
2014-02-20 10:11:13,www.bing.com
2014-02-20 10:11:20,www.google.fr
2014-02-20 10:11:25,www.google.fr
2014-02-20 10:11:28,www.google.com
2014-02-20 10:11:29,apis.google.com
2014-02-20 10:11:46,apis.google.com
2014-02-20 10:11:46,www.google.fr
2014-02-20 10:11:46,www.google.com
2014-02-20 10:12:10,player.vimeo.com
2014-02-20 10:12:13,livepassdl.conviva.com
2014-02-20 10:12:14,livepassdl.conviva.com
2014-02-20 10:12:16,pings.conviva.com
2014-02-20 10:12:23,pings.conviva.com
2014-02-20 10:13:13,go.microsoft.com
2014-02-20 10:13:13,ieonline.microsoft.com
2014-02-20 10:13:35,www.google.fr
2014-02-20 10:13:36,www.google.fr
2014-02-20 10:13:43,outlook.com
2014-02-20 10:13:43,www.google.fr
2014-02-20 10:13:43,www.outlook.com
2014-02-20 10:13:44,login.live.com
2014-02-20 10:13:46,www.google.fr
2014-02-20 10:13:46,login.live.com
2014-02-20 10:13:48,www.outlook.com
2014-02-20 10:13:48,windowslive.tt.omtrdc.net
2014-02-20 10:13:59,windowslive.tt.omtrdc.net
2014-02-20 10:14:00,login.live.com
2014-02-20 10:14:01,login.live.com
2014-02-20 10:14:05,mail.live.com
2014-02-20 10:14:06,people.directory.live.com
2014-02-20 10:14:06,dub114.mail.live.com
2014-02-20 10:14:06,windowslive.tt.omtrdc.net
2014-02-20 10:14:07,cid-61cc5552e5cbc7fd.users.storage.live.com
2014-02-20 10:14:07,h2.msn.com
2014-02-20 10:14:07,h.live.com
2014-02-20 10:14:08,people.directory.live.com
2014-02-20 10:14:08,h.live.com
2014-02-20 10:14:08,h2.msn.com
2014-02-20 10:14:11,h2.msn.com
2014-02-20 10:14:12,g.msn.com
2014-02-20 10:14:14,h.live.com
2014-02-20 10:14:14,secure.shared.live.com
2014-02-20 10:14:15,h.live.com
2014-02-20 10:14:15,dub114.mail.live.com
2014-02-20 10:14:17,js.live.net
2014-02-20 10:15:02,go.trouter.io
2014-02-20 10:15:17,storage.live.com
2014-02-20 10:15:44,secure.shared.live.com
2014-02-20 10:16:07,h.live.com
2014-02-20 10:16:07,g.msn.com
2014-02-20 10:16:07,go.trouter.io
2014-02-20 10:16:07,dub114.mail.live.com
2014-02-21 18:18:39,ieonline.microsoft.com
2014-02-21 18:27:04,ieonline.microsoft.com
2014-02-21 18:27:08,www.google.com
2014-02-21 18:27:31,www.google.fr
2014-02-21 18:27:33,www.google.fr
2014-02-21 18:27:35,apis.google.com
2014-02-21 18:27:35,www.google.com
2014-02-21 18:28:07,www.google.fr
2014-02-21 18:28:07,www.google.com
2014-02-21 18:28:07,apis.google.com
2014-02-21 18:28:08,www.google.fr
2014-02-21 18:28:18,www.google.fr
2014-02-21 18:28:25,www.google.fr
2014-02-21 18:28:44,www.google.fr
2014-02-21 18:28:45,outlook.com
2014-02-21 18:28:45,www.outlook.com
2014-02-21 18:28:46,login.live.com
2014-02-21 18:28:47,www.google.fr
2014-02-21 18:28:47,login.live.com
2014-02-21 18:28:48,www.outlook.com
2014-02-21 18:28:49,windowslive.tt.omtrdc.net
2014-02-21 18:29:00,windowslive.tt.omtrdc.net
2014-02-21 18:29:03,ieonline.microsoft.com
2014-02-21 18:29:03,go.microsoft.com
2014-02-21 18:29:19,login.live.com
2014-02-21 18:29:20,login.live.com
2014-02-21 18:29:21,mail.live.com
2014-02-21 18:29:22,people.directory.live.com
2014-02-21 18:29:23,dub114.mail.live.com
2014-02-21 18:29:26,dub114.mail.live.com
2014-02-21 18:29:27,windowslive.tt.omtrdc.net
2014-02-21 18:29:28,secure.shared.live.com
2014-02-21 18:29:29,cid-61cc5552e5cbc7fd.users.storage.live.com
2014-02-21 18:29:29,go.trouter.io
2014-02-21 18:29:29,h.live.com
2014-02-21 18:29:29,js.live.net
2014-02-21 18:29:29,secure.shared.live.com
2014-02-21 18:29:30,dub114.mail.live.com
2014-02-21 18:29:30,people.directory.live.com
2014-02-21 18:29:30,storage.live.com
2014-02-21 18:29:31,h.live.com
2014-02-21 18:30:27,h.live.com
2014-02-21 18:30:30,h.live.com
2014-02-21 18:30:31,h.live.com
2014-02-21 18:31:49,h.live.com
2014-02-21 18:32:31,go.trouter.io
2014-02-21 18:32:42,dub114.mail.live.com
2014-02-21 18:32:56,secure.shared.live.com
2014-02-21 18:32:56,h2.msn.com
2014-02-21 18:33:26,g.msn.com
2014-02-21 18:33:58,dub114.mail.live.com
2014-02-21 18:34:52,go.trouter.io
2014-02-21 18:34:58,people.directory.live.com
2014-02-21 18:34:58,h2.msn.com
2014-02-23 17:25:38,www.google.fr
2014-02-23 17:25:43,www.google.fr
2014-02-23 17:25:44,www.google.com
2014-02-23 17:25:44,apis.google.com
2014-02-23 17:25:49,www.google.fr
2014-02-23 17:25:50,outlook.com
2014-02-23 17:25:50,www.outlook.com
2014-02-23 17:25:51,login.live.com
2014-02-23 17:25:52,login.live.com
2014-02-23 17:25:54,www.google.fr
2014-02-23 17:25:54,www.google.com
2014-02-23 17:25:54,apis.google.com
2014-02-23 17:25:55,www.google.fr
2014-02-23 17:25:55,www.outlook.com
2014-02-23 17:25:56,windowslive.tt.omtrdc.net
2014-02-23 17:26:06,windowslive.tt.omtrdc.net
2014-02-23 17:26:09,login.live.com
2014-02-23 17:26:10,login.live.com
2014-02-23 17:26:12,mail.live.com
2014-02-23 17:26:13,people.directory.live.com
2014-02-23 17:26:15,windowslive.tt.omtrdc.net
2014-02-23 17:26:15,dub114.mail.live.com
2014-02-23 17:26:16,js.live.net
2014-02-23 17:26:16,people.directory.live.com
2014-02-23 17:26:16,cid-61cc5552e5cbc7fd.users.storage.live.com
2014-02-23 17:26:16,dub114.mail.live.com
2014-02-23 17:26:16,h.live.com
2014-02-23 17:26:19,secure.shared.live.com
2014-02-23 17:26:19,h.live.com
2014-02-23 17:26:20,h.live.com
2014-02-23 17:26:20,dub114.mail.live.com
2014-02-23 17:26:20,secure.shared.live.com
2014-02-23 17:26:28,h.live.com
2014-02-23 17:26:29,h.live.com
2014-02-23 17:26:29,dub114.mail.live.com
2014-02-23 17:26:29,go.trouter.io
2014-02-23 17:27:09,storage.live.com
2014-02-23 17:27:09,h2.msn.com
2014-02-23 17:27:13,secure.shared.live.com
2014-02-23 17:27:16,login.live.com
2014-02-23 17:27:16,h2.msn.com
2014-02-23 17:27:18,g.live.com
2014-02-23 17:27:18,h.live.com
2014-02-23 17:27:18,g.msn.com
2014-02-23 17:27:18,cid-61cc5552e5cbc7fd.users.storage.live.com
2014-02-23 17:27:18,dub114.mail.live.com
2014-02-23 17:27:20,go.trouter.io
2014-02-23 17:27:21,fr.msn.com
2014-02-23 17:27:21,windowslive.tt.omtrdc.net
2014-02-23 17:27:22,www.bing.com
2014-02-23 17:27:27,ieonline.microsoft.com
2014-02-23 18:21:42,www.google.fr
2014-02-23 18:21:47,www.google.fr
2014-02-23 18:21:48,www.google.com
2014-02-23 18:21:48,apis.google.com
2014-02-23 18:21:52,outlook.com
2014-02-23 18:21:52,www.google.fr
2014-02-23 18:21:53,login.live.com
2014-02-23 18:21:53,www.outlook.com
2014-02-23 18:21:54,apis.google.com
2014-02-23 18:21:54,www.google.com
2014-02-23 18:21:54,www.google.fr
2014-02-23 18:21:54,login.live.com
2014-02-23 18:21:55,www.google.fr
2014-02-23 18:21:55,www.outlook.com
2014-02-23 18:21:56,windowslive.tt.omtrdc.net
2014-02-23 18:22:06,windowslive.tt.omtrdc.net
2014-02-23 18:22:09,login.live.com
2014-02-23 18:22:11,mail.live.com
2014-02-23 18:22:12,dub114.mail.live.com
2014-02-23 18:22:12,people.directory.live.com
2014-02-23 18:22:12,windowslive.tt.omtrdc.net
2014-02-23 18:22:13,h2.msn.com
2014-02-23 18:22:13,dub114.mail.live.com
2014-02-23 18:22:13,h.live.com
2014-02-23 18:22:13,people.directory.live.com
2014-02-23 18:22:14,dub114.mail.live.com
2014-02-23 18:22:14,g.msn.com
2014-02-23 18:22:14,h.live.com
2014-02-23 18:22:15,secure.shared.live.com
2014-02-23 18:22:15,js.live.net
2014-02-23 18:22:16,cid-61cc5552e5cbc7fd.users.storage.live.com
2014-02-23 18:22:16,secure.shared.live.com
2014-02-23 18:22:17,h.live.com
2014-02-23 18:22:18,go.trouter.io
2014-02-23 18:22:19,h.live.com
2014-02-23 18:22:25,h.live.com
2014-02-23 18:22:50,h.live.com
2014-02-23 18:22:51,storage.live.com
2014-02-23 18:22:55,go.trouter.io
2014-02-23 18:22:55,dub114.mail.live.com
2014-02-23 18:22:55,h.live.com
2014-02-23 18:22:55,secure.shared.live.com
2014-02-23 18:23:00,ieonline.microsoft.com
2014-02-25 09:10:00,ieonline.microsoft.com
