timestamp,site
2013-11-18 15:59:12,sb-ssl.google.com
2013-11-18 15:59:14,apis.google.com
2013-11-18 15:59:15,www.google.com
2013-11-18 15:59:16,www.google.fr
2013-11-20 13:37:58,gtssl-ocsp.geotrust.com
2013-11-20 13:38:01,gtssl-ocsp.geotrust.com
2013-11-20 13:38:07,geo.mozilla.org
2013-11-20 13:38:15,gtglobal-ocsp.geotrust.com
2013-11-20 13:38:15,clients1.google.com
2013-11-20 13:38:16,clients1.google.com
2013-11-20 13:38:19,www.google.fr
2013-11-20 13:38:20,ocsp.tcs.terena.org
2013-11-20 13:38:20,clients1.google.com
2013-11-20 13:38:20,ocsp.usertrust.com
2013-11-20 13:39:03,safebrowsing.clients.google.com
2013-11-20 13:39:03,safebrowsing-cache.google.com
2013-11-20 13:39:04,safebrowsing-cache.google.com
2013-11-20 13:41:11,www.google.com
2013-11-20 13:41:13,www.google.fr
2013-11-20 13:43:45,ocsp.thawte.com
2013-11-20 13:45:45,ocsp.verisign.com
2013-11-20 13:47:45,ocsp.digicert.com
2013-11-20 14:08:01,safebrowsing.clients.google.com
2013-11-20 14:08:01,safebrowsing-cache.google.com
2013-11-20 14:13:55,gtssl-ocsp.geotrust.com
2013-11-20 14:38:17,safebrowsing-cache.google.com
2013-11-20 14:38:17,safebrowsing.clients.google.com
2013-11-20 14:43:57,ocsp.tcs.terena.org
2013-11-20 14:43:57,ocsp.usertrust.com
2013-11-20 14:59:06,clients1.google.com
2013-11-20 14:59:06,gtglobal-ocsp.geotrust.com
2013-11-20 14:59:08,www.google.fr
2013-11-20 14:59:08,caml.inria.fr
2013-11-20 14:59:09,caml.inria.fr
2013-11-20 15:00:21,www.google.fr
2013-11-20 15:00:21,caml.inria.fr
2013-11-20 15:02:02,www.google.com
2013-11-20 15:02:04,www.google.fr
2013-11-20 15:02:39,www.google.fr
2013-11-20 15:02:40,caml.inria.fr
2013-11-20 15:04:23,www.google.fr
2013-11-20 15:07:07,www.google.fr
2013-11-20 15:09:12,www.google.fr
2013-11-20 15:09:13,fr.wikipedia.org
2013-11-20 15:09:13,bits.wikimedia.org
2013-11-20 15:09:14,meta.wikimedia.org
2013-11-20 15:09:14,fr.wikipedia.org
2013-11-20 15:09:14,ocsp.digicert.com
2013-11-20 15:09:38,safebrowsing.clients.google.com
2013-11-20 15:09:38,safebrowsing-cache.google.com
2013-11-20 15:09:39,safebrowsing-cache.google.com
2013-11-20 15:10:14,login.wikimedia.org
2013-11-20 15:10:14,bits.wikimedia.org
2013-11-20 15:10:15,fr.wikipedia.org
2013-11-20 15:10:44,www.chargueraud.org
2013-11-20 15:10:44,www.google.fr
2013-11-20 15:10:45,www.chargueraud.org
2013-11-20 15:10:46,www.chargueraud.org
2014-01-04 13:32:00,ocsp.tcs.terena.org
2014-01-04 13:32:00,gtglobal-ocsp.geotrust.com
2014-01-04 13:32:00,ocsp.usertrust.com
2014-01-04 13:32:00,clients1.google.com
2014-01-04 13:32:01,clients1.google.com
2014-01-04 13:32:58,gtssl-ocsp.geotrust.com
2014-01-04 13:33:09,safebrowsing.clients.google.com
2014-01-04 13:33:09,clients1.google.com
2014-01-04 13:33:09,safebrowsing-cache.google.com
2014-01-04 13:36:05,sb-ssl.google.com
2014-01-04 13:37:55,ocsp.thawte.com
2014-01-04 13:39:55,ocsp.verisign.com
2014-01-04 13:41:55,ocsp.digicert.com
2014-01-04 13:43:09,clients1.google.com
2014-01-04 13:43:13,s.ytimg.com
2014-01-04 13:43:13,www.google.fr
2014-01-04 13:43:14,i1.ytimg.com
2014-01-04 13:43:14,www.youtube.com
2014-01-04 13:43:14,s.ytimg.com
2014-01-04 13:43:15,i1.ytimg.com
2014-01-04 13:43:15,s.ytimg.com
2014-01-04 13:43:16,s.youtube.com
2014-01-04 13:43:16,clients1.google.com
2014-01-04 13:43:16,www.youtube.com
2014-01-04 13:43:16,i1.ytimg.com
2014-01-04 13:43:16,s.ytimg.com
2014-01-04 13:43:17,clients1.google.com
2014-01-04 13:43:18,clients1.google.com
2014-01-04 13:43:19,clients1.google.com
2014-01-04 13:43:20,clients1.google.com
2014-01-04 13:43:21,clients1.google.com
2014-01-04 13:43:22,i1.ytimg.com
2014-01-04 13:43:22,s.ytimg.com
2014-01-04 13:43:22,www.youtube.com
2014-01-04 13:43:23,ea.numericable.fr
2014-01-04 13:43:24,i1.ytimg.com
2014-01-04 13:43:24,s.ytimg.com
2014-01-04 13:43:24,www.youtube.com
2014-01-04 13:43:24,r1---sn-gxo5uxg-jqbe.googlevideo.com
2014-01-04 13:43:25,s.ytimg.com
2014-01-04 13:43:25,i1.ytimg.com
2014-01-04 13:43:25,www.youtube.com
2014-01-04 13:43:25,r1---sn-gxo5uxg-jqbe.googlevideo.com
2014-01-04 13:43:26,r1---sn-gxo5uxg-jqbe.googlevideo.com
2014-01-04 13:43:26,www.google.com
2014-01-04 13:43:26,s.youtube.com
2014-01-04 13:43:27,s.youtube.com
2014-01-04 13:43:27,www.youtube.com
2014-01-04 13:43:28,www.youtube.com
2014-01-04 13:43:28,i1.ytimg.com
2014-01-04 13:43:29,i1.ytimg.com
2014-01-04 13:43:30,i1.ytimg.com
2014-01-04 13:43:31,r5---sn-cg07lued.googlevideo.com
2014-01-04 13:43:31,www.youtube.com
2014-01-04 13:43:34,s.youtube.com
2014-01-04 13:43:42,i1.ytimg.com
2014-01-04 13:43:44,s.youtube.com
2014-01-04 13:43:48,clients1.google.com
2014-01-04 13:43:54,s.youtube.com
2014-01-04 13:43:55,s.youtube.com
2014-01-04 13:44:09,s.youtube.com
2014-01-04 13:46:08,www.google.com
2014-01-04 13:46:09,www.google.fr
2014-01-04 13:46:14,accounts.google.com
2014-01-04 13:46:20,apis.google.com
2014-01-04 13:46:23,yt3.ggpht.com
2014-01-04 13:47:20,plus.googleapis.com
2014-01-04 13:50:02,www.google.fr
2014-01-04 13:50:03,quantumfuture.net
2014-01-04 13:50:03,www.quantumfuture.net
2014-01-04 13:51:22,www.google.com
2014-01-04 13:52:42,www.google.fr
2014-01-04 13:58:57,fr.wikipedia.org
2014-01-04 13:58:57,www.google.fr
2014-01-04 13:58:57,bits.wikimedia.org
2014-01-04 13:58:58,login.wikimedia.org
2014-01-04 13:58:58,meta.wikimedia.org
2014-01-04 13:58:58,bits.wikimedia.org
2014-01-04 13:58:59,fr.wikipedia.org
2014-01-04 14:01:38,www.google.com
2014-01-04 14:04:12,www.google.fr
2014-01-04 14:04:41,safebrowsing.clients.google.com
2014-01-04 14:04:41,safebrowsing-cache.google.com
2014-01-04 14:35:32,safebrowsing.clients.google.com
2014-01-04 14:35:32,safebrowsing-cache.google.com
2014-01-04 14:53:39,ocsp.tcs.terena.org
2014-01-04 14:53:40,ocsp.usertrust.com
2014-01-04 15:06:39,safebrowsing.clients.google.com
2014-01-04 15:06:39,safebrowsing-cache.google.com
2014-01-04 15:06:40,safebrowsing-cache.google.com
2014-01-04 15:08:24,clients1.google.com
2014-01-04 15:08:24,gtglobal-ocsp.geotrust.com
2014-01-04 15:08:27,www.google.fr
2014-01-04 15:08:27,www.youtube.com
2014-01-04 15:08:27,i1.ytimg.com
2014-01-04 15:08:28,i1.ytimg.com
2014-01-04 15:08:28,www.youtube.com
2014-01-04 15:08:29,s.youtube.com
2014-01-04 15:08:31,clients1.google.com
2014-01-04 15:08:34,clients1.google.com
2014-01-04 15:08:35,clients1.google.com
2014-01-04 15:08:36,clients1.google.com
2014-01-04 15:08:42,clients1.google.com
2014-01-04 15:08:43,clients1.google.com
2014-01-04 15:08:44,clients1.google.com
2014-01-04 15:08:46,clients1.google.com
2014-01-04 15:08:47,clients1.google.com
2014-01-04 15:08:48,clients1.google.com
2014-01-04 15:08:49,clients1.google.com
2014-01-04 15:08:50,clients1.google.com
2014-01-04 15:08:51,clients1.google.com
2014-01-04 15:08:51,www.google.com
2014-01-04 15:08:52,s.ytimg.com
2014-01-04 15:08:52,www.youtube.com
2014-01-04 15:08:52,i1.ytimg.com
2014-01-04 15:08:53,s.youtube.com
2014-01-04 15:08:53,www.youtube.com
2014-01-04 15:08:55,r1---sn-gxo5uxg-jqbe.googlevideo.com
2014-01-04 15:08:55,s.ytimg.com
2014-01-04 15:08:55,www.youtube.com
2014-01-04 15:08:56,i1.ytimg.com
2014-01-04 15:08:56,www.youtube.com
2014-01-04 15:08:56,s.youtube.com
2014-01-04 15:08:57,s.youtube.com
2014-01-04 15:08:58,s.youtube.com
2014-01-04 15:08:58,www.youtube.com
2014-01-04 15:08:59,www.youtube.com
2014-01-04 15:08:59,i1.ytimg.com
2014-01-04 15:09:00,i1.ytimg.com
2014-01-04 15:09:00,r1---sn-gxo5uxg-jqbe.googlevideo.com
2014-01-04 15:09:02,www.youtube.com
2014-01-04 15:09:05,s.youtube.com
2014-01-04 15:09:06,s.youtube.com
2014-01-04 15:09:11,clients1.google.com
2014-01-04 15:09:15,s.youtube.com
2014-01-04 15:09:25,s.youtube.com
2014-01-04 15:09:34,s.youtube.com
2014-01-04 15:09:36,s.youtube.com
2014-01-04 15:11:21,www.google.com
2014-01-04 15:11:22,www.google.fr
2014-01-04 15:11:55,yt3.ggpht.com
2014-01-04 15:12:33,plus.googleapis.com
2014-01-04 15:24:46,ocsp.tcs.terena.org
2014-01-04 15:24:46,clients1.google.com
2014-01-04 15:24:46,ocsp.usertrust.com
2014-01-04 15:24:46,gtglobal-ocsp.geotrust.com
2014-01-04 15:24:47,clients1.google.com
2014-01-04 15:25:44,gtssl-ocsp.geotrust.com
2014-01-04 15:26:23,clients1.google.com
2014-01-04 15:26:23,safebrowsing.clients.google.com
2014-01-04 15:26:23,safebrowsing-cache.google.com
2014-01-04 15:29:18,sb-ssl.google.com
2014-01-04 15:30:38,ocsp.thawte.com
2014-01-04 15:32:38,ocsp.verisign.com
2014-02-25 13:25:24,player.vimeo.com
2014-02-25 13:27:49,ieonline.microsoft.com
2014-02-25 14:40:21,office14client.microsoft.com
2014-02-25 14:40:22,integrate.factiva.com
2014-02-25 14:40:22,services.highbeam.com
2014-02-25 14:40:22,office.microsoft.com
2014-02-25 14:40:22,api.bing.com
2014-02-25 14:40:22,rr.office.microsoft.com
2014-02-25 14:40:23,www.microsofttranslator.com
2014-02-25 14:40:26,www.worldlingo.com
2014-02-25 15:19:43,player.vimeo.com
2014-03-18 13:53:20,www.google.fr
2014-03-18 13:56:18,apis.google.com
2014-03-18 13:56:28,www.google.com
2014-03-18 13:58:04,gg.google.com
2014-03-18 13:58:04,s-static.ak.facebook.com
2014-03-18 13:58:07,www.facebook.com
2014-03-18 13:58:15,s-static.ak.facebook.com
2014-03-18 13:58:22,www.facebook.com
2014-03-18 13:58:26,sites.google.com
2014-03-18 13:58:33,s-static.ak.facebook.com
2014-03-18 13:58:38,www.facebook.com
2014-03-18 13:58:51,twitter.com
2014-03-18 13:59:06,platform.twitter.com
2014-03-18 13:59:19,s-static.ak.facebook.com
2014-03-18 13:59:23,www.facebook.com
2014-03-18 13:59:41,www.google.fr
2014-03-18 13:59:41,apis.google.com
2014-03-18 13:59:41,twitter.com
2014-03-18 13:59:41,platform.twitter.com
2014-03-18 13:59:41,accounts.google.com
2014-03-18 13:59:41,d1xnn692s7u6t6.cloudfront.net
2014-04-15 13:28:28,www.google.com
2014-04-15 13:28:28,clients1.google.com
2014-04-15 13:28:28,gtglobal-ocsp.geotrust.com
2014-04-15 13:28:29,clients1.google.com
2014-04-15 13:28:40,clients1.google.com
2014-04-15 13:28:53,clients1.google.com
2014-04-15 13:28:57,www.google.fr
2014-04-15 13:28:57,www.goldenmoustache.com
2014-04-15 13:28:57,connect.facebook.net
2014-04-15 13:28:58,www.goldenmoustache.com
2014-04-15 13:28:58,static.ak.facebook.com
2014-04-15 13:28:58,pixel.alephd.com
2014-04-15 13:28:58,s-static.ak.facebook.com
2014-04-15 13:28:59,www.goldenmoustache.com
2014-04-15 13:28:59,gtssl-ocsp.geotrust.com
2014-04-15 13:28:59,pixel.alephd.com
2014-04-15 13:28:59,mm.eulerian.net
2014-04-15 13:28:59,platform.twitter.com
2014-04-15 13:28:59,www.facebook.com
2014-04-15 13:29:00,pixel.alephd.com
2014-04-15 13:29:00,evsecure-ocsp.verisign.com
2014-04-15 13:29:00,www.goldenmoustache.com
2014-04-15 13:29:00,www.facebook.com
2014-04-15 13:29:01,dps.bing.com
2014-04-15 13:29:02,www.goldenmoustache.com
2014-04-15 13:29:03,www.goldenmoustache.com
2014-04-15 13:29:04,www.goldenmoustache.com
2014-04-15 13:29:05,www.goldenmoustache.com
2014-04-15 13:29:08,www.goldenmoustache.com
2014-04-15 13:29:14,www.goldenmoustache.com
2014-04-15 13:29:15,www.goldenmoustache.com
2014-04-15 13:29:16,www.goldenmoustache.com
2014-04-15 13:29:25,gtssl-ocsp.geotrust.com
2014-04-15 13:29:30,twitter.com
2014-04-15 13:29:52,www.youtube.com
2014-04-15 13:29:52,s.ytimg.com
2014-04-15 13:29:52,www.google.fr
2014-04-15 13:29:52,r3---sn-gxo5uxg-jqbe.googlevideo.com
2014-04-15 13:29:52,www.youtube-nocookie.com
2014-04-15 13:29:53,s.youtube.com
2014-04-15 13:29:53,www.youtube.com
2014-04-15 13:29:53,i1.ytimg.com
2014-04-15 13:29:53,s.ytimg.com
2014-04-15 13:29:53,www.google.com
2014-04-15 13:29:54,s.ytimg.com
2014-04-15 13:29:54,clients1.google.com
2014-04-15 13:29:54,www.youtube.com
2014-04-15 13:29:54,s.youtube.com
2014-04-15 13:29:54,i1.ytimg.com
2014-04-15 13:29:55,s.youtube.com
2014-04-15 13:29:55,r1---sn-gxo5uxg-jqbe.googlevideo.com
2014-04-15 13:29:55,clients1.google.com
2014-04-15 13:29:55,www.youtube.com
2014-04-15 13:29:55,ocsp.godaddy.com
2014-04-15 13:29:56,www.youtube.com
2014-04-15 13:29:57,i1.ytimg.com
2014-04-15 13:29:57,s.ytimg.com
2014-04-15 13:29:57,s.youtube.com
2014-04-15 13:30:01,s.youtube.com
2014-04-15 13:30:01,r7---sn-cg07luee.googlevideo.com
2014-04-15 13:30:01,r3---sn-gxo5uxg-jqbe.googlevideo.com
2014-04-15 13:30:01,www.youtube.com
2014-04-15 13:30:01,www.google.com
2014-04-15 13:30:02,www.youtube.com
2014-04-15 13:30:02,s.youtube.com
2014-04-15 13:30:03,i1.ytimg.com
2014-04-15 13:30:03,s.youtube.com
2014-04-15 13:30:04,s.youtube.com
2014-04-15 13:30:06,www.youtube.com
2014-04-15 13:30:07,s.youtube.com
2014-04-15 13:30:10,s.youtube.com
2014-04-15 13:30:17,s.youtube.com
2014-04-15 13:30:20,s.youtube.com
2014-04-15 13:30:30,s.youtube.com
2014-04-15 13:30:33,s.youtube.com
2014-04-15 13:30:33,i1.ytimg.com
2014-04-15 13:30:34,www.youtube.com
2014-04-15 13:30:43,i1.ytimg.com
2014-04-15 13:30:43,s.ytimg.com
2014-04-15 13:30:43,www.youtube.com
2014-04-15 13:30:43,s.youtube.com
2014-04-15 13:30:50,s.youtube.com
2014-04-15 13:30:55,pbs.twimg.com
2014-04-15 13:30:56,pbs.twimg.com
2014-04-15 13:30:56,platform.twitter.com
2014-04-15 13:31:12,safebrowsing-cache.google.com
2014-04-15 13:31:12,safebrowsing.clients.google.com
2014-04-15 13:31:13,safebrowsing-cache.google.com
2014-04-15 13:31:49,www.google.com
2014-04-15 13:32:45,www.google.fr
2014-04-15 13:32:48,gdata.youtube.com
2014-04-15 13:32:52,plus.googleapis.com
2014-04-15 13:33:19,www.youtube.com
2014-04-15 13:33:19,i1.ytimg.com
2014-04-15 13:33:20,s.ytimg.com
2014-04-15 13:33:20,apis.google.com
2014-04-15 13:33:20,yt3.ggpht.com
2014-04-15 13:34:06,sb-ssl.google.com
2014-04-15 13:34:22,ocsp.thawte.com
2014-04-15 13:36:12,www.google.fr
2014-04-15 13:36:22,ocsp.verisign.com
2014-04-15 13:36:25,www.google.fr
2014-04-15 13:36:26,apis.google.com
2014-04-15 13:36:28,www.google.com
2014-04-15 13:37:05,apis.google.com
2014-04-15 13:37:05,www.google.fr
2014-04-15 13:37:05,www.google.com
2014-04-15 13:38:20,ieonline.microsoft.com
2014-04-15 13:38:22,ocsp.digicert.com
2014-04-15 13:47:13,www.google.fr
2014-04-15 13:47:23,www.google.fr
2014-04-15 13:47:35,www.google.fr
2014-04-15 13:47:35,clients1.google.fr
2014-04-15 13:47:36,clients1.google.fr
2014-04-15 13:47:36,www.google.fr
2014-04-15 13:47:41,www.google.fr
2014-04-15 13:47:42,www.google.fr
2014-04-15 13:47:42,www.deguisetoi.fr
2014-04-15 13:47:43,apis.google.com
2014-04-15 13:47:44,www.google.fr
2014-04-15 13:47:45,ajax.googleapis.com
2014-04-15 13:47:52,code.jquery.com
2014-04-15 13:47:57,connect.ekomi.de
2014-04-15 13:47:57,www.deguisetoi.fr
2014-04-15 13:47:57,code.jquery.com
2014-04-15 13:47:57,apis.google.com
2014-04-15 13:47:57,ajax.googleapis.com
2014-04-15 13:48:01,www.google.fr
2014-04-15 13:48:01,clients1.google.fr
2014-04-15 13:48:12,www.google.fr
2014-04-15 13:48:12,www.belldandy.fr
2014-04-15 13:48:13,www.belldandy.fr
2014-04-15 13:48:13,www.google.fr
2014-04-15 13:48:13,www.facebook.com
2014-04-15 13:48:18,www.belldandy.fr
2014-04-15 13:48:25,www.google.fr
2014-04-15 13:48:25,clients1.google.fr
2014-04-15 13:48:25,www.deguisetoi.fr
2014-04-15 13:48:26,www.google.fr
2014-04-15 13:48:31,www.deguisetoi.fr
2014-04-15 13:48:33,www.belldandy.fr
2014-04-15 13:48:33,www.google.fr
2014-04-15 13:48:34,www.belldandy.fr
2014-04-15 13:48:37,www.google.fr
2014-04-15 13:48:37,clients1.google.fr
2014-04-15 13:48:48,www.google.fr
2014-04-15 13:48:55,www.google.fr
2014-04-15 13:48:57,www.funfou.com
2014-04-15 13:48:57,www.google.fr
2014-04-15 13:48:59,www.funfou.com
2014-04-15 13:49:00,www.funfou.com
2014-04-15 13:49:01,www.funfou.com
2014-04-15 13:49:07,www.funfou.com
2014-04-15 13:49:27,clients1.google.fr
2014-04-15 13:49:27,www.google.fr
2014-04-15 13:49:30,recettessimples.fr
2014-04-15 13:49:30,www.google.fr
2014-04-15 13:49:31,a.nonstoppartner.net
2014-04-15 13:49:31,badge.facebook.com
2014-04-15 13:49:31,dico-cuisine.fr
2014-04-15 13:49:31,recettes.de
2014-04-15 13:49:31,banniere.reussissonsensemble.fr
2014-04-15 13:49:31,banner.nonstoppartner.net
2014-04-15 13:49:31,recettessimples.fr
2014-04-15 13:49:31,recettesdecrevettes.fr
2014-04-15 13:49:32,apis.google.com
2014-04-15 13:49:32,banniere.reussissonsensemble.fr
2014-04-15 13:49:32,a.nonstoppartner.net
2014-04-15 13:49:32,banner.nonstoppartner.net
2014-04-15 13:49:32,recettessimples.fr
2014-04-15 13:49:32,www.sexyavenue.com
2014-04-15 13:49:32,connect.facebook.net
2014-04-15 13:49:32,image.esecure-transaction.com
2014-04-15 13:49:32,static.ak.facebook.com
2014-04-15 13:49:32,s-static.ak.facebook.com
2014-04-15 13:49:33,www.facebook.com
2014-04-15 13:49:33,banniere.reussissonsensemble.fr
2014-04-15 13:49:33,hal9000.redintelligence.net
2014-04-15 13:49:33,apis.google.com
2014-04-15 13:49:34,hal9000.redintelligence.net
2014-04-15 13:49:34,fpdownload2.macromedia.com
2014-04-15 13:49:34,www.squid-cache.org
2014-04-15 13:49:34,www.google.fr
2014-04-15 13:49:34,recettessimples.fr
2014-04-15 13:49:34,apis.google.com
2014-04-15 13:49:35,accounts.google.com
2014-04-15 13:49:37,platform.twitter.com
2014-04-15 13:58:16,www.google.fr
2014-04-15 13:58:17,www.google.fr
2014-04-15 13:58:17,www.sound-fishing.net
2014-04-15 13:58:18,www.google.com
2014-04-15 13:58:18,www.sound-fishing.net
2014-04-15 13:58:19,www.google.com
2014-04-15 13:58:40,www.sound-fishing.net
2014-04-15 13:58:49,www.sound-fishing.net
2014-04-15 13:58:51,www.sound-fishing.net
2014-04-15 13:58:54,www.sound-fishing.net
2014-04-15 14:00:54,www.sound-fishing.net
2014-04-15 14:00:57,www.sound-fishing.net
2014-04-15 14:02:01,www.google.fr
2014-04-15 14:02:07,www.google.fr
2014-04-15 14:02:11,clients1.google.fr
2014-04-15 14:02:11,www.google.fr
2014-04-15 14:02:12,www.google.fr
2014-04-15 14:02:17,www.clipart-gif.com
2014-04-15 14:02:17,www.google.fr
2014-04-15 14:02:17,www.clipart-fr.com
2014-04-15 14:02:18,www.clipart-gif.com
2014-04-15 14:02:18,www.clipart-fr.com
2014-04-15 14:02:21,www.clipart-fr.com
2014-04-15 14:02:21,www.google.fr
2014-04-15 14:02:26,www.commentfaireca.fr
2014-04-15 14:02:26,clients1.google.fr
2014-04-15 14:02:26,www.google.fr
2014-04-15 14:02:27,www.google.fr
2014-04-15 14:02:27,html5shim.googlecode.com
2014-04-15 14:02:27,www.commentfaireca.fr
2014-04-15 14:02:28,banners.adinlive.com
2014-04-15 14:02:28,www.commentfaireca.fr
2014-04-15 14:02:28,www.google.fr
2014-04-15 14:02:31,www.google.fr
2014-04-15 14:02:31,www.icone-gif.com
2014-04-15 14:02:32,www.google.fr
2014-04-15 14:02:32,clients1.google.fr
2014-04-15 14:02:32,recom.hiwit.org
2014-04-15 14:02:32,www.icone-gif.com
2014-04-15 14:02:32,www.mini-jeux.com
2014-04-15 14:02:32,cnt.hiwit.org
2014-04-15 14:02:33,forcepositive.fr
2014-04-15 14:02:33,wtpn.twenga.fr
2014-04-15 14:02:33,hipub.hiwit.org
2014-04-15 14:02:33,www.icone-gif.com
2014-04-15 14:02:33,rbx-cdn-tpn.c4tw.net
2014-04-15 14:02:34,www.icone-gif.com
2014-04-15 14:02:34,www.google.fr
2014-04-15 14:02:45,www.google.fr
2014-04-15 14:02:46,www.google.fr
2014-04-15 14:02:46,espacelafarealais.free.fr
2014-04-15 14:02:46,clients1.google.fr
2014-04-15 14:02:46,www.cyrildelairemagicien.com
2014-04-15 14:02:47,www.cyrildelairemagicien.com
2014-04-15 14:02:47,www.google.fr
2014-04-15 14:02:51,espacelafarealais.free.fr
2014-04-15 14:02:51,www.google.fr
2014-04-15 14:02:54,www.google.fr
2014-04-15 14:02:54,corigif.free.fr
2014-04-15 14:02:55,corigif.free.fr
2014-04-15 14:03:06,www.google.fr
2014-04-15 14:03:07,www.tumblr.com
2014-04-15 14:03:07,clients1.google.fr
2014-04-15 14:03:07,www.google.fr
2014-04-15 14:03:07,assets.tumblr.com
2014-04-15 14:03:08,24.media.tumblr.com
2014-04-15 14:03:08,31.media.tumblr.com
2014-04-15 14:03:08,assets.tumblr.com
2014-04-15 14:03:08,www.tumblr.com
2014-04-15 14:03:09,assets.tumblr.com
2014-04-15 14:03:09,24.media.tumblr.com
2014-04-15 14:03:09,31.media.tumblr.com
2014-04-15 14:03:21,www.tumblr.com
2014-04-15 14:03:24,www.tumblr.com
2014-04-15 14:03:27,www.google.fr
2014-04-15 14:03:27,corigif.free.fr
2014-04-15 14:03:28,corigif.free.fr
2014-04-15 14:04:25,www.google.fr
2014-04-15 14:04:26,www.01gif-anime.com
2014-04-15 14:04:26,www.audienceinsights.net
2014-04-15 14:04:26,www.google.fr
2014-04-15 14:04:28,www.01gif-anime.com
2014-04-15 14:04:30,www.01gif-anime.com
2014-04-15 14:04:32,www.01gif-anime.com
2014-04-15 14:04:33,www.audienceinsights.net
2014-04-15 14:04:36,www.audienceinsights.net
2014-04-15 14:04:38,www.telmaniac.com
2014-04-15 14:04:44,www.01gif-anime.com
2014-04-15 14:04:49,www.01gif-anime.com
2014-04-15 14:04:50,www.audienceinsights.net
2014-04-15 14:04:55,www.audienceinsights.net
2014-04-15 14:04:56,www.mobifiesta.com
2014-04-15 14:04:57,mpp2.vindicosuite.com
2014-04-15 14:04:57,www.mobifiesta.com
2014-04-15 14:05:02,b12.myspace.com
2014-04-15 14:05:23,www.01gif-anime.com
2014-04-15 14:05:23,www.audienceinsights.net
2014-04-15 14:05:23,media.conforama.fr
2014-04-15 14:05:24,www.01gif-anime.com
2014-04-15 14:05:24,www.audienceinsights.net
2014-04-15 14:05:25,www.01gif-anime.com
2014-04-15 14:05:26,hal9000.redintelligence.net
2014-04-15 14:05:26,www.audienceinsights.net
2014-04-15 14:05:27,banniere.reussissonsensemble.fr
2014-04-15 14:05:27,hal9000.redintelligence.net
2014-04-15 14:05:27,www.effiliation-hebergement.com
2014-04-15 14:05:27,www.01gif-anime.com
2014-04-15 14:05:28,www.01gif-anime.com
2014-04-15 14:05:29,www.audienceinsights.net
2014-04-15 14:05:31,www.01gif-anime.com
2014-04-15 14:05:31,www.audienceinsights.net
2014-04-15 14:05:33,www.01gif-anime.com
2014-04-15 14:05:33,www.audienceinsights.net
2014-04-15 14:05:34,www.eficiens-serving2.com
2014-04-15 14:05:35,www.01gif-anime.com
2014-04-15 14:05:35,www.audienceinsights.net
2014-04-15 14:05:36,www.01gif-anime.com
2014-04-15 14:05:37,www.audienceinsights.net
2014-04-15 14:05:38,www.01gif-anime.com
2014-04-15 14:05:47,www.google.fr
2014-04-15 14:05:51,www.google.fr
2014-04-15 14:05:51,clients1.google.fr
2014-04-15 14:05:53,www.google.fr
2014-04-15 14:05:54,mashable.com
2014-04-15 14:05:54,www.google.fr
2014-04-15 14:05:54,www.youtube.com
2014-04-15 14:05:55,mashable.com
2014-04-15 14:05:55,apis.google.com
2014-04-15 14:05:55,www.youtube.com
2014-04-15 14:05:55,s.ytimg.com
2014-04-15 14:05:56,s.ytimg.com
2014-04-15 14:05:56,mashable.com
2014-04-15 14:05:56,apis.google.com
2014-04-15 14:05:57,user-disp.tidaltv.com
2014-04-15 14:05:58,accounts.google.com
2014-04-15 14:06:03,accounts.google.com
2014-04-15 14:06:03,apis.google.com
2014-04-15 14:06:03,macinpoche.fr
2014-04-15 14:06:03,www.google.fr
2014-04-15 14:06:06,macinpoche.fr
2014-04-15 14:06:06,www.google.fr
2014-04-15 14:06:11,jserror.newrelic.com
2014-04-15 14:06:14,b12.myspace.com
2014-04-15 14:10:02,www.google.fr
2014-04-15 14:10:02,clients1.google.fr
2014-04-15 14:10:03,www.google.fr
2014-04-15 14:25:34,www.google.fr
2014-04-15 14:25:34,clients1.google.fr
2014-04-15 14:25:40,www.google.fr
2014-04-15 14:25:42,www.google.fr
2014-04-15 14:25:42,melusine.eu.org
2014-04-15 14:25:43,www.google.fr
2014-04-15 14:25:43,melusine.eu.org
2014-04-15 14:25:44,www.google.fr
2014-04-15 14:25:44,melusine.eu.org
2014-04-15 14:25:52,melusine.eu.org
2014-04-15 14:25:58,www.google.fr
2014-04-15 14:25:58,clients1.google.fr
2014-04-15 14:25:59,www.google.fr
2014-04-15 14:26:00,melusine.eu.org
2014-04-15 14:26:00,www.google.fr
2014-04-15 14:26:01,melusine.eu.org
2014-04-15 14:26:02,melusine.eu.org
2014-04-15 14:26:07,images-00.delcampe-static.net
2014-04-15 14:26:07,www.google.fr
2014-04-15 14:26:08,images-02.delcampe-static.net
2014-04-15 14:26:08,images-01.delcampe-static.net
2014-04-15 14:26:08,images-00.delcampe-static.net
2014-04-15 14:26:08,www.delcampe.net
2014-04-15 14:26:08,www.google.fr
2014-04-15 14:26:08,clients1.google.fr
2014-04-15 14:26:08,www.delcampe-static.net
2014-04-15 14:26:08,code.jquery.com
2014-04-15 14:26:08,ajax.googleapis.com
2014-04-15 14:26:09,www.google.fr
2014-04-15 14:26:11,images-00.delcampe-static.net
2014-04-15 14:26:11,www.delcampe-static.net
2014-04-15 14:26:26,www.delcampe.net
2014-04-15 14:26:27,images-02.delcampe-static.net
2014-04-15 14:26:27,www.delcampe.net
2014-04-15 14:26:27,images-00.delcampe-static.net
2014-04-15 14:26:27,images-01.delcampe-static.net
2014-04-15 14:26:27,www.delcampe-static.net
2014-04-15 14:26:30,jeuxstrategieter.free.fr
2014-04-15 14:26:30,www.google.fr
2014-04-15 14:26:31,jeuxstrategieter.free.fr
2014-04-15 14:26:31,www.google.fr
2014-04-15 14:26:31,clients1.google.fr
2014-04-15 14:26:32,www.google.fr
2014-04-15 14:26:33,jeuxstrategie.free.fr
2014-04-15 14:26:33,jeuxstrategieter.free.fr
2014-04-15 14:30:15,vianney.fr
2014-04-15 14:30:15,www.google.fr
2014-04-15 14:30:17,vianney.fr
2014-04-15 14:30:17,clients1.google.fr
2014-04-15 14:30:17,www.google.fr
2014-04-15 14:30:18,vianney.fr
2014-04-15 14:30:18,w.sharethis.com
2014-04-15 14:30:18,0.gravatar.com
2014-04-15 14:30:18,www.facebook.com
2014-04-15 14:30:18,www.vianney.fr
2014-04-15 14:30:18,ajax.googleapis.com
2014-04-15 14:30:18,www.silverfox.fr
2014-04-15 14:30:19,img585.imageshack.us
2014-04-15 14:30:19,img574.imageshack.us
2014-04-15 14:30:20,vianney.fr
2014-04-15 14:30:20,connect.facebook.net
2014-04-15 14:30:20,w.sharethis.com
2014-04-15 14:30:20,www.facebook.com
2014-04-15 14:30:20,s-static.ak.facebook.com
2014-04-15 14:30:20,edge.sharethis.com
2014-04-15 14:30:21,vianney.fr
2014-04-15 14:30:21,www.vianney.fr
2014-04-15 14:30:45,www.google.fr
2014-04-15 14:30:45,accounts.google.com
2014-04-15 14:30:45,apis.google.com
2014-04-15 14:30:47,clients1.google.fr
2014-04-15 14:30:48,www.google.fr
2014-04-15 14:30:50,www.google.fr
2014-04-15 14:30:50,danstaclasse.free.fr
2014-04-15 14:30:50,pp.free.fr
2014-04-15 14:30:51,audienceinsights.net
2014-04-15 14:30:51,casale-match.dotomi.com
2014-04-15 14:30:51,www.facebook.com
2014-04-15 14:30:51,www.google.fr
2014-04-15 14:30:52,ce.lijit.com
2014-04-15 14:30:52,dtm.gap.com
2014-04-15 14:30:53,www.google.fr
2014-04-15 14:30:53,danstaclasse.free.fr
2014-04-22 13:31:21,sb-ssl.google.com
2014-04-22 13:35:23,sb-ssl.google.com
2014-04-24 13:27:22,sci.sciences.univ-bpclermont.fr
2014-04-24 13:27:22,ocsp.thawte.com
2014-04-24 13:27:25,sci.sciences.univ-bpclermont.fr
2014-04-24 13:27:29,ent.univ-bpclermont.fr
2014-04-24 13:27:29,www.univ-bpclermont.fr
2014-04-24 13:27:30,ent.univ-bpclermont.fr
2014-04-24 13:27:30,clients1.google.com
2014-04-24 13:27:30,ocsp.tcs.terena.org
2014-04-24 13:27:30,gtglobal-ocsp.geotrust.com
2014-04-24 13:27:31,www.univ-bpclermont.fr
2014-04-24 13:27:31,ocsp.usertrust.com
2014-04-24 13:27:31,ent.univ-bpclermont.fr
2014-04-24 13:27:38,ent.univ-bpclermont.fr
2014-04-24 13:27:39,www.univ-bpclermont.fr
2014-04-24 13:27:39,ent.univ-bpclermont.fr
2014-04-24 13:27:43,ent.univ-bpclermont.fr
2014-04-24 13:27:43,claroline.univ-bpclermont.fr
2014-04-24 13:27:43,www.univ-bpclermont.fr
2014-04-24 13:27:44,claroline.univ-bpclermont.fr
2014-04-24 13:27:45,claroline.univ-bpclermont.fr
2014-04-24 13:27:47,claroline.univ-bpclermont.fr
2014-04-24 13:27:48,c2i.univ-bpclermont.fr
2014-04-24 13:27:48,o2i.univ-bpclermont.fr
2014-04-24 13:27:56,o2i.univ-bpclermont.fr
2014-04-24 13:28:03,o2i.univ-bpclermont.fr
2014-04-24 13:28:19,o2i.univ-bpclermont.fr
2014-04-24 13:28:25,gtssl-ocsp.geotrust.com
2014-04-24 13:28:42,o2i.univ-bpclermont.fr
2014-04-24 13:28:43,o2i.univ-bpclermont.fr
2014-04-24 13:28:51,o2i.univ-bpclermont.fr
2014-04-24 13:29:34,o2i.univ-bpclermont.fr
2014-04-24 13:29:35,o2i.univ-bpclermont.fr
2014-04-24 13:29:36,o2i.univ-bpclermont.fr
2014-04-24 13:29:58,o2i.univ-bpclermont.fr
2014-04-24 13:29:59,ent.univ-bpclermont.fr
2014-04-24 13:30:02,o2i.univ-bpclermont.fr
2014-04-24 13:30:03,o2i.univ-bpclermont.fr
2014-04-24 13:30:04,o2i.univ-bpclermont.fr
2014-04-24 13:30:29,o2i.univ-bpclermont.fr
2014-04-24 13:30:30,o2i.univ-bpclermont.fr
2014-04-24 13:30:31,o2i.univ-bpclermont.fr
2014-04-24 13:30:34,ent.univ-bpclermont.fr
2014-04-24 13:30:36,ent.univ-bpclermont.fr
2014-04-24 13:30:38,o2i.univ-bpclermont.fr
2014-04-24 13:31:12,clients1.google.com
2014-04-24 13:31:13,safebrowsing.clients.google.com
2014-04-24 13:31:14,safebrowsing-cache.google.com
2014-04-24 13:31:14,o2i.univ-bpclermont.fr
2014-04-24 13:31:15,safebrowsing-cache.google.com
2014-04-24 13:31:17,o2i.univ-bpclermont.fr
2014-04-24 13:31:18,o2i.univ-bpclermont.fr
2014-04-24 13:31:21,o2i.univ-bpclermont.fr
2014-04-24 13:31:24,o2i.univ-bpclermont.fr
2014-04-24 13:31:25,o2i.univ-bpclermont.fr
2014-04-24 13:31:26,o2i.univ-bpclermont.fr
2014-04-24 13:31:27,o2i.univ-bpclermont.fr
2014-04-24 13:31:28,o2i.univ-bpclermont.fr
2014-04-24 13:31:29,o2i.univ-bpclermont.fr
2014-04-24 13:31:30,o2i.univ-bpclermont.fr
2014-04-24 13:31:33,o2i.univ-bpclermont.fr
2014-04-24 13:32:07,o2i.univ-bpclermont.fr
2014-04-24 13:32:15,o2i.univ-bpclermont.fr
2014-04-24 13:32:17,o2i.univ-bpclermont.fr
2014-04-24 13:32:18,o2i.univ-bpclermont.fr
2014-04-24 13:32:30,o2i.univ-bpclermont.fr
2014-04-24 13:32:41,o2i.univ-bpclermont.fr
2014-04-24 13:32:47,o2i.univ-bpclermont.fr
2014-04-24 13:34:09,sb-ssl.google.com
2014-04-24 13:35:21,ocsp.verisign.com
2014-04-24 13:37:21,ocsp.digicert.com
2014-04-24 13:55:56,o2i.univ-bpclermont.fr
2014-04-24 13:56:01,o2i.univ-bpclermont.fr
2014-04-24 14:02:57,safebrowsing.clients.google.com
2014-04-24 14:02:57,safebrowsing-cache.google.com
2014-04-25 09:49:22,ocsp.thawte.com
2014-04-25 09:49:29,sci.sciences.univ-bpclermont.fr
2014-04-25 09:49:36,ent.univ-bpclermont.fr
2014-04-25 09:49:36,www.univ-bpclermont.fr
2014-04-25 09:49:36,ocsp.usertrust.com
2014-04-25 09:49:36,clients1.google.com
2014-04-25 09:49:36,ocsp.tcs.terena.org
2014-04-25 09:49:36,gtglobal-ocsp.geotrust.com
2014-04-25 09:49:37,clients1.google.com
2014-04-25 09:49:39,www.univ-bpclermont.fr
2014-04-25 09:49:40,www.univ-bpclermont.fr
2014-04-25 09:49:52,ent.univ-bpclermont.fr
2014-04-25 09:49:53,ent.univ-bpclermont.fr
2014-04-25 09:49:53,www.univ-bpclermont.fr
2014-04-25 09:50:00,ent.univ-bpclermont.fr
2014-04-25 09:50:01,claroline.univ-bpclermont.fr
2014-04-25 09:50:01,www.univ-bpclermont.fr
2014-04-25 09:50:02,claroline.univ-bpclermont.fr
2014-04-25 09:50:03,claroline.univ-bpclermont.fr
2014-04-25 09:50:07,claroline.univ-bpclermont.fr
2014-04-25 09:50:08,claroline.univ-bpclermont.fr
2014-04-25 09:50:13,safebrowsing.clients.google.com
2014-04-25 09:50:13,claroline.univ-bpclermont.fr
2014-04-25 09:50:14,safebrowsing-cache.google.com
2014-04-25 09:50:21,claroline.univ-bpclermont.fr
2014-04-25 09:50:24,claroline.univ-bpclermont.fr
2014-04-25 09:50:27,claroline.univ-bpclermont.fr
2014-04-25 09:50:28,claroline.univ-bpclermont.fr
2014-04-25 09:50:31,claroline.univ-bpclermont.fr
2014-04-25 09:50:36,claroline.univ-bpclermont.fr
2014-04-25 09:50:39,claroline.univ-bpclermont.fr
2014-04-25 09:50:43,claroline.univ-bpclermont.fr
2014-04-25 09:50:46,claroline.univ-bpclermont.fr
2014-04-25 09:50:50,claroline.univ-bpclermont.fr
2014-04-25 09:50:52,claroline.univ-bpclermont.fr
2014-04-25 09:50:53,claroline.univ-bpclermont.fr
2014-04-25 09:50:54,claroline.univ-bpclermont.fr
2014-04-25 09:50:55,claroline.univ-bpclermont.fr
2014-04-25 09:50:56,claroline.univ-bpclermont.fr
2014-04-25 09:51:13,claroline.univ-bpclermont.fr
2014-04-25 09:51:20,ent.univ-bpclermont.fr
