timestamp,site
2014-03-04 09:17:13,api.bing.com
2014-03-04 09:17:14,api.bing.com
2014-03-04 09:17:15,api.bing.com
2014-03-04 09:17:16,www.google.fr
2014-03-04 09:17:16,www.google.com
2014-03-04 09:17:16,google.com
2014-03-04 09:17:25,www.google.fr
2014-03-04 09:17:31,apis.google.com
2014-03-04 09:17:53,www.google.fr
2014-03-04 09:17:53,apis.google.com
2014-03-04 09:17:54,www.google.fr
2014-03-04 09:17:54,translate.google.fr
2014-03-04 09:17:55,translate.google.fr
2014-03-04 09:17:56,translate.google.fr
2014-03-04 09:17:57,www.google.fr
2014-03-04 09:17:57,www.google.com
2014-03-04 09:17:57,fpdownload2.macromedia.com
2014-03-04 09:17:57,translate.google.fr
2014-03-04 09:17:58,translate.google.fr
2014-03-04 09:18:00,translate.google.fr
2014-03-04 09:18:01,translate.google.fr
2014-03-04 09:18:02,translate.google.fr
2014-03-04 09:18:03,translate.google.fr
2014-03-04 09:18:04,translate.google.fr
2014-03-04 09:18:09,translate.google.fr
2014-03-04 09:18:54,www.google.fr
2014-03-04 09:19:11,translate.google.fr
2014-03-04 09:19:18,translate.google.fr
2014-03-04 09:19:19,translate.google.fr
2014-03-04 09:19:20,translate.google.fr
2014-03-04 09:19:21,translate.google.fr
2014-03-04 09:19:24,translate.google.fr
2014-03-04 09:19:29,translate.google.fr
2014-03-04 09:19:31,translate.google.fr
2014-03-04 09:19:32,inputtools.google.com
2014-03-04 09:19:32,translate.google.fr
2014-03-04 09:19:33,translate.google.fr
2014-03-04 09:19:34,translate.google.fr
2014-03-04 09:19:37,translate.google.fr
2014-03-04 09:19:39,translate.google.fr
2014-03-04 09:19:41,translate.google.fr
2014-03-04 09:19:42,translate.google.fr
2014-03-04 09:19:46,translate.google.fr
2014-03-04 09:19:47,translate.google.fr
2014-03-04 09:19:48,translate.google.fr
2014-03-04 09:19:49,translate.google.fr
2014-03-04 09:19:51,translate.google.fr
2014-03-04 09:19:53,translate.google.fr
2014-03-04 09:19:55,translate.google.fr
2014-03-04 09:19:57,translate.google.fr
2014-03-04 09:19:58,ieonline.microsoft.com
2014-03-04 09:19:59,translate.google.fr
2014-03-04 09:20:05,translate.google.fr
2014-03-04 09:20:06,translate.google.fr
2014-03-04 09:20:09,translate.google.fr
2014-03-04 09:20:11,translate.google.fr
2014-03-04 09:20:12,translate.google.fr
2014-03-04 09:20:13,translate.google.fr
2014-03-04 09:20:14,translate.google.fr
2014-03-04 09:20:15,translate.google.fr
2014-03-04 09:20:16,translate.google.fr
2014-03-04 09:20:18,translate.google.fr
2014-03-04 09:20:19,translate.google.fr
2014-03-04 09:20:24,translate.google.fr
2014-03-04 09:20:26,translate.google.fr
2014-03-04 09:20:31,translate.google.fr
2014-03-04 09:20:33,translate.google.fr
2014-03-04 09:20:37,inputtools.google.com
2014-03-04 09:20:37,translate.google.fr
2014-03-04 09:20:39,translate.google.fr
2014-03-04 09:20:40,translate.google.fr
2014-03-04 09:20:41,translate.google.fr
2014-03-04 09:20:43,translate.google.fr
2014-03-04 09:20:44,translate.google.fr
2014-03-04 09:20:45,translate.google.fr
2014-03-04 09:20:46,translate.google.fr
2014-03-04 09:20:47,translate.google.fr
2014-03-04 09:20:48,translate.google.fr
2014-03-04 09:20:49,translate.google.fr
2014-03-04 09:20:51,translate.google.fr
2014-03-04 09:20:52,translate.google.fr
2014-03-04 09:20:53,translate.google.fr
2014-03-04 09:20:55,translate.google.fr
2014-03-04 09:20:56,translate.google.fr
2014-03-04 09:20:57,translate.google.fr
2014-03-04 09:20:58,translate.google.fr
2014-03-04 09:21:01,translate.google.fr
2014-03-04 09:21:03,translate.google.fr
2014-03-04 09:21:05,translate.google.fr
2014-03-04 09:21:06,translate.google.fr
2014-03-04 09:21:11,translate.google.fr
2014-03-04 09:23:33,translate.google.fr
2014-03-04 09:23:35,translate.google.fr
2014-03-04 09:23:36,translate.google.fr
2014-03-04 09:23:37,translate.google.fr
2014-03-04 09:23:38,translate.google.fr
2014-03-04 09:23:39,translate.google.fr
2014-03-04 09:23:44,translate.google.fr
2014-03-04 09:32:08,translate.google.fr
2014-03-04 09:32:09,translate.google.fr
2014-03-04 09:32:11,translate.google.fr
2014-03-04 09:32:12,translate.google.fr
2014-03-04 09:32:13,translate.google.fr
2014-03-04 09:32:15,translate.google.fr
2014-03-04 09:32:16,translate.google.fr
2014-03-04 09:32:17,translate.google.fr
2014-03-04 09:32:19,translate.google.fr
2014-03-04 09:32:20,translate.google.fr
2014-03-04 09:32:21,translate.google.fr
2014-03-04 09:32:22,translate.google.fr
2014-03-04 09:32:23,translate.google.fr
2014-03-04 09:32:28,translate.google.fr
2014-03-04 09:40:43,translate.google.fr
2014-03-04 09:40:44,translate.google.fr
2014-03-04 09:40:48,translate.google.fr
2014-03-04 09:40:49,translate.google.fr
2014-03-04 09:40:54,translate.google.fr
2014-03-04 09:40:55,translate.google.fr
2014-03-04 09:41:00,translate.google.fr
2014-03-04 09:44:48,translate.google.fr
2014-03-04 09:44:49,translate.google.fr
2014-03-04 09:44:51,translate.google.fr
2014-03-04 09:44:52,translate.google.fr
2014-03-04 09:44:56,translate.google.fr
2014-03-04 09:44:58,translate.google.fr
2014-03-04 09:45:01,translate.google.fr
2014-03-04 09:46:48,inputtools.google.com
2014-03-04 13:13:22,us-request.foxitservice.com
2014-03-19 10:18:50,go.microsoft.com
2014-03-19 10:18:51,windows.microsoft.com
2014-03-19 10:18:51,res2.windows.microsoft.com
2014-03-19 10:18:51,res1.windows.microsoft.com
2014-03-19 10:18:51,ajax.microsoft.com
2014-03-19 10:18:51,js.microsoft.com
2014-03-19 10:18:52,res2.windows.microsoft.com
2014-03-19 10:18:55,www.bing.com
2014-03-19 10:20:49,ieonline.microsoft.com
2014-03-19 10:20:49,go.microsoft.com
2014-03-19 10:25:44,api.bing.com
2014-03-19 10:25:45,api.bing.com
2014-03-19 10:25:46,api.bing.com
2014-03-19 10:25:47,cdn2.reverso.net
2014-03-19 10:25:47,www.reverso.net
2014-03-19 10:25:48,api.conduit.com
2014-03-19 10:25:48,ajax.googleapis.com
2014-03-19 10:25:48,cdn2.reverso.net
2014-03-19 10:25:49,cdn2.reverso.net
2014-03-19 10:25:51,cdn2.reverso.net
2014-03-19 10:25:52,s-static.ak.facebook.com
2014-03-19 10:25:52,connect.facebook.net
2014-03-19 10:25:52,cdn2.reverso.net
2014-03-19 10:25:52,ajax.googleapis.com
2014-03-19 10:25:52,static.ak.facebook.com
2014-03-19 10:25:53,www.google.com
2014-03-19 10:25:56,cdn2.reverso.net
2014-03-19 10:25:59,i1-js-14-3-01-12160-414581172-i.init.cedexis-radar.net
2014-03-19 10:26:01,level3.cedexis.com
2014-03-19 10:26:02,level3.cedexis.com
2014-03-19 10:26:03,cdn2.reverso.net
2014-03-19 10:26:04,www.reverso.net
2014-03-19 10:26:04,cdn2.reverso.net
2014-03-19 10:26:05,www.reverso.net
2014-03-19 10:26:22,www.reverso.net
2014-03-19 10:26:22,cdn2.reverso.net
2014-03-19 10:26:23,cdn2.reverso.net
2014-03-19 10:26:24,cdn2.reverso.net
2014-03-19 10:26:25,s-static.ak.facebook.com
2014-03-19 10:26:25,static.ak.facebook.com
2014-03-19 10:26:26,www.facebook.com
2014-03-19 10:26:29,i1-js-14-3-01-12160-637071775-i.init.cedexis-radar.net
2014-03-19 10:26:33,cdn2.reverso.net
2014-03-19 10:26:34,cdn2.reverso.net
2014-03-19 10:26:34,www.reverso.net
2014-03-19 10:26:35,www.reverso.net
2014-03-19 10:26:45,www.reverso.net
2014-03-19 10:26:46,api.bing.com
2014-03-19 10:26:49,www.bing.com
2014-03-19 10:26:50,www.bing.com
2014-03-19 10:26:51,www.bing.com
2014-03-19 10:26:51,cms.abmr.net
2014-03-19 10:26:51,translate.google.fr
2014-03-19 10:26:53,apis.google.com
2014-03-19 10:26:53,translate.google.fr
2014-03-19 10:26:54,translate.google.fr
2014-03-19 10:26:55,translate.google.fr
2014-03-19 10:26:56,translate.google.fr
2014-03-19 10:26:57,translate.google.fr
2014-03-19 10:26:57,www.google.com
2014-03-19 10:26:58,translate.google.fr
2014-03-19 10:27:00,translate.google.fr
2014-03-19 10:27:01,translate.google.fr
2014-03-19 10:27:02,translate.google.fr
2014-03-19 10:27:03,translate.google.fr
2014-03-19 10:27:04,translate.google.fr
2014-03-19 10:27:06,translate.google.fr
2014-03-19 10:27:08,translate.google.fr
2014-03-19 10:27:09,translate.google.fr
2014-03-19 10:27:10,translate.google.fr
2014-03-19 10:27:12,translate.google.fr
2014-03-19 10:27:20,translate.google.fr
2014-03-19 10:27:21,translate.google.fr
2014-03-19 10:27:22,translate.google.fr
2014-03-19 10:27:23,translate.google.fr
2014-03-19 10:28:01,apis.google.com
2014-03-19 10:28:02,translate.google.fr
2014-03-19 10:28:03,translate.google.fr
2014-03-19 10:28:04,translate.google.fr
2014-03-19 10:28:09,translate.google.fr
2014-03-19 10:28:17,translate.google.fr
2014-03-19 10:28:18,translate.google.fr
2014-03-19 10:28:19,translate.google.fr
2014-03-19 10:28:20,translate.google.fr
2014-03-19 10:28:22,translate.google.fr
2014-03-19 10:28:25,translate.google.fr
2014-03-19 10:28:40,translate.google.fr
2014-03-19 10:28:42,translate.google.fr
2014-03-19 10:28:43,translate.google.fr
2014-03-19 10:28:44,translate.google.fr
2014-03-19 10:28:45,translate.google.fr
2014-03-19 10:28:46,translate.google.fr
2014-03-19 10:28:48,translate.google.fr
2014-03-19 10:28:52,translate.google.fr
2014-03-19 10:28:57,translate.google.fr
2014-03-19 10:30:10,translate.google.fr
2014-03-19 10:30:11,translate.google.fr
2014-03-19 10:30:13,translate.google.fr
2014-03-19 10:30:14,translate.google.fr
2014-03-19 10:30:15,translate.google.fr
2014-03-19 10:30:17,translate.google.fr
2014-03-19 10:30:18,translate.google.fr
2014-03-19 10:30:19,translate.google.fr
2014-03-19 10:30:24,translate.google.fr
2014-03-19 10:30:39,translate.google.fr
2014-03-19 10:30:40,translate.google.fr
2014-03-19 10:30:41,translate.google.fr
2014-03-19 10:30:43,translate.google.fr
2014-03-19 10:30:45,translate.google.fr
2014-03-19 10:30:46,translate.google.fr
2014-03-19 10:30:47,translate.google.fr
2014-03-19 10:30:48,translate.google.fr
2014-03-19 10:30:51,translate.google.fr
2014-03-19 10:30:53,translate.google.fr
2014-03-19 10:30:54,translate.google.fr
2014-03-19 10:30:55,translate.google.fr
2014-03-19 10:30:56,translate.google.fr
2014-03-19 10:30:57,translate.google.fr
2014-03-19 10:31:04,translate.google.fr
2014-03-19 10:31:07,translate.google.fr
2014-03-19 10:32:09,translate.google.fr
2014-03-19 10:32:11,translate.google.fr
2014-03-19 10:32:12,translate.google.fr
2014-03-19 10:32:17,translate.google.fr
2014-03-19 10:32:28,translate.google.fr
2014-03-19 10:32:31,translate.google.fr
2014-03-19 10:32:34,translate.google.fr
2014-03-19 10:32:36,translate.google.fr
2014-03-19 10:32:40,translate.google.fr
2014-03-19 10:32:46,translate.google.fr
2014-03-19 10:33:29,translate.google.fr
2014-03-19 10:33:30,translate.google.fr
2014-03-19 10:33:31,translate.google.fr
2014-03-19 10:33:36,translate.google.fr
2014-03-19 10:34:23,translate.google.fr
2014-03-19 10:34:24,translate.google.fr
2014-03-19 10:34:26,translate.google.fr
2014-03-19 10:34:28,translate.google.fr
2014-03-19 10:34:29,translate.google.fr
2014-03-19 10:34:34,translate.google.fr
2014-03-19 10:34:42,translate.google.fr
2014-03-19 10:34:43,translate.google.fr
2014-03-19 10:34:44,translate.google.fr
2014-03-19 10:34:46,translate.google.fr
2014-03-19 10:34:47,translate.google.fr
2014-03-19 10:34:48,translate.google.fr
2014-03-19 10:34:49,translate.google.fr
2014-03-19 10:34:50,translate.google.fr
2014-03-19 10:34:51,translate.google.fr
2014-03-19 10:34:52,translate.google.fr
2014-03-19 10:34:53,translate.google.fr
2014-03-19 10:34:54,translate.google.fr
2014-03-19 10:34:57,translate.google.fr
2014-03-19 10:34:58,translate.google.fr
2014-03-19 10:35:03,translate.google.fr
2014-03-19 10:35:08,translate.google.fr
2014-03-19 10:35:18,translate.google.fr
2014-03-19 10:35:20,translate.google.fr
2014-03-19 10:35:22,translate.google.fr
2014-03-19 10:35:23,translate.google.fr
2014-03-19 10:35:24,translate.google.fr
2014-03-19 10:35:25,translate.google.fr
2014-03-19 10:35:26,translate.google.fr
2014-03-19 10:35:30,translate.google.fr
2014-03-19 10:35:31,translate.google.fr
2014-03-19 10:35:49,translate.google.fr
2014-03-19 10:36:49,translate.google.fr
2014-03-19 10:37:22,translate.google.fr
2014-03-19 10:37:24,translate.google.fr
2014-03-19 10:37:29,translate.google.fr
2014-03-19 10:39:44,translate.google.fr
2014-03-19 10:39:45,translate.google.fr
2014-03-19 10:39:47,translate.google.fr
2014-03-19 10:39:48,translate.google.fr
2014-03-19 10:39:49,translate.google.fr
2014-03-19 10:39:50,translate.google.fr
2014-03-19 10:39:55,translate.google.fr
2014-03-19 10:40:36,translate.google.fr
2014-03-19 10:40:37,translate.google.fr
2014-03-19 10:40:40,translate.google.fr
2014-03-19 10:40:41,translate.google.fr
2014-03-19 10:40:42,translate.google.fr
2014-03-19 10:40:43,translate.google.fr
2014-03-19 10:40:44,translate.google.fr
2014-03-19 10:40:45,translate.google.fr
2014-03-19 10:40:47,translate.google.fr
2014-03-19 10:40:49,translate.google.fr
2014-03-19 10:40:50,translate.google.fr
2014-03-19 10:40:51,translate.google.fr
2014-03-19 10:40:52,translate.google.fr
2014-03-19 10:40:53,translate.google.fr
2014-03-19 10:40:54,translate.google.fr
2014-03-19 10:40:56,translate.google.fr
2014-03-19 10:40:57,translate.google.fr
2014-03-19 10:40:58,translate.google.fr
2014-03-19 10:41:01,translate.google.fr
2014-03-19 10:41:03,translate.google.fr
2014-03-19 10:42:35,translate.google.fr
2014-03-19 10:42:36,translate.google.fr
2014-03-19 10:42:37,translate.google.fr
2014-03-19 10:42:39,translate.google.fr
2014-03-19 10:42:41,translate.google.fr
2014-03-19 10:42:42,translate.google.fr
2014-03-19 10:42:47,translate.google.fr
2014-03-19 10:49:07,translate.google.fr
2014-03-19 10:49:08,translate.google.fr
2014-03-19 10:49:10,translate.google.fr
2014-03-19 10:49:11,translate.google.fr
2014-03-19 10:49:12,translate.google.fr
2014-03-19 10:49:13,translate.google.fr
2014-03-19 10:49:18,translate.google.fr
2014-03-19 10:49:19,translate.google.fr
2014-03-19 10:49:28,translate.google.fr
2014-03-19 10:49:29,translate.google.fr
2014-03-19 10:49:30,translate.google.fr
2014-03-19 10:49:32,translate.google.fr
2014-03-19 10:49:33,translate.google.fr
2014-03-19 10:49:34,translate.google.fr
2014-03-19 10:49:35,translate.google.fr
2014-03-19 10:49:36,translate.google.fr
2014-03-19 10:49:41,translate.google.fr
2014-03-19 10:49:43,translate.google.fr
2014-03-19 10:49:44,translate.google.fr
2014-03-19 10:49:49,translate.google.fr
2014-03-19 10:49:56,translate.google.fr
2014-03-19 10:49:57,translate.google.fr
2014-03-19 10:49:59,translate.google.fr
2014-03-19 10:50:04,translate.google.fr
2014-03-19 10:50:31,translate.google.fr
2014-03-19 10:50:33,translate.google.fr
2014-03-19 10:50:34,translate.google.fr
2014-03-19 10:50:35,translate.google.fr
2014-03-19 10:50:37,translate.google.fr
2014-03-19 10:50:42,translate.google.fr
2014-03-19 10:51:40,translate.google.fr
2014-03-19 10:51:41,translate.google.fr
2014-03-19 10:51:44,translate.google.fr
2014-03-19 10:51:45,translate.google.fr
2014-03-19 10:51:46,translate.google.fr
2014-03-19 10:51:48,translate.google.fr
2014-03-19 10:51:53,translate.google.fr
2014-03-19 10:51:58,translate.google.fr
2014-03-19 10:52:00,translate.google.fr
2014-03-19 10:52:01,translate.google.fr
2014-03-19 10:52:02,translate.google.fr
2014-03-19 10:52:04,translate.google.fr
2014-03-19 10:52:06,translate.google.fr
2014-03-19 10:52:08,translate.google.fr
2014-03-19 10:52:10,translate.google.fr
2014-03-19 10:52:12,translate.google.fr
2014-03-19 10:52:15,translate.google.fr
2014-03-19 10:53:44,translate.google.fr
2014-03-19 10:53:46,translate.google.fr
2014-03-19 10:53:48,translate.google.fr
2014-03-19 10:53:49,translate.google.fr
2014-03-19 10:53:50,translate.google.fr
2014-03-19 10:53:51,translate.google.fr
2014-03-19 10:53:54,translate.google.fr
2014-03-19 10:53:57,translate.google.fr
2014-03-19 10:54:06,translate.google.fr
2014-03-19 10:54:08,translate.google.fr
2014-03-19 10:54:11,translate.google.fr
2014-03-19 10:54:14,translate.google.fr
2014-03-19 10:54:15,translate.google.fr
2014-03-19 10:54:16,translate.google.fr
2014-03-19 10:54:17,translate.google.fr
2014-03-19 10:54:18,translate.google.fr
2014-03-19 10:54:19,translate.google.fr
2014-03-19 10:54:21,translate.google.fr
2014-03-19 10:54:23,translate.google.fr
2014-03-19 10:54:25,translate.google.fr
2014-03-19 10:54:28,translate.google.fr
2014-03-19 10:54:31,translate.google.fr
2014-03-19 10:56:14,api.bing.com
2014-03-19 10:56:18,www.bing.com
2014-03-19 10:56:18,dev.virtualearth.net
2014-03-19 10:56:33,logc258.at.pagesjaunes.fr
2014-03-19 10:56:33,www.u-clermont1.fr
2014-03-19 10:56:33,www.pagesjaunes.fr
2014-03-19 10:56:33,ent.u-clermont1.fr
2014-03-19 10:56:33,www.bing.com
2014-03-19 10:56:34,ent.u-clermont1.fr
2014-03-19 10:56:36,www.bing.com
2014-03-19 10:56:37,www.bing.com
2014-03-19 10:56:37,logc258.at.pagesjaunes.fr
2014-03-19 10:56:38,entauvergne.fr
2014-03-19 10:56:38,code.jquery.com
2014-03-19 10:56:40,entauvergne.fr
2014-03-19 10:58:17,statics.itslearning.com
2014-03-19 10:58:19,api.bing.com
2014-03-19 10:58:22,www.google.fr
2014-03-19 10:58:24,www.google.fr
2014-03-19 10:58:26,www.google.com
2014-03-19 11:00:07,www.google.fr
2014-03-19 11:00:07,www.google.com
2014-03-19 11:12:18,www.google.fr
2014-03-19 11:13:55,translate.google.fr
2014-03-19 11:13:58,translate.google.fr
2014-03-19 11:13:59,translate.google.fr
2014-03-19 11:14:00,translate.google.fr
2014-03-19 11:14:03,translate.google.fr
2014-03-19 11:14:06,translate.google.fr
2014-03-19 11:15:10,translate.google.fr
2014-03-19 11:15:11,translate.google.fr
2014-03-19 11:15:15,translate.google.fr
2014-03-19 11:17:55,translate.google.fr
2014-03-19 11:17:56,translate.google.fr
2014-03-19 11:17:57,translate.google.fr
2014-03-19 11:17:58,translate.google.fr
2014-03-19 11:17:59,translate.google.fr
2014-03-19 11:18:00,translate.google.fr
2014-03-19 11:18:05,translate.google.fr
2014-03-19 11:18:07,translate.google.fr
2014-03-19 11:18:08,translate.google.fr
2014-03-19 11:18:12,translate.google.fr
2014-03-19 11:18:13,translate.google.fr
2014-03-19 11:18:14,translate.google.fr
2014-03-19 11:18:19,translate.google.fr
2014-03-19 11:21:07,onlinestores.metaservices.microsoft.com
2014-03-19 11:21:08,go.microsoft.com
2014-03-19 11:23:20,translate.google.fr
2014-03-19 11:23:21,translate.google.fr
2014-03-19 11:23:22,translate.google.fr
2014-03-19 11:23:23,translate.google.fr
2014-03-19 11:23:24,translate.google.fr
2014-03-19 11:23:26,translate.google.fr
2014-03-19 11:23:29,translate.google.fr
2014-03-19 12:26:47,api.bing.com
2014-03-19 12:26:51,www.bing.com
2014-03-19 12:26:51,dev.virtualearth.net
2014-03-19 12:26:52,www.bing.com
2014-03-19 12:26:54,www.bing.com
2014-03-19 12:26:54,cms.abmr.net
2014-03-19 12:26:57,www.bing.com
2014-03-19 12:27:03,www.bing.com
2014-03-19 12:27:04,dev.virtualearth.net
2014-03-19 12:27:05,www.bing.com
2014-03-19 12:27:09,www.bing.com
2014-03-19 12:27:09,www.pagesjaunes.fr
2014-03-19 12:27:10,logc258.at.pagesjaunes.fr
2014-03-19 12:29:28,ieonline.microsoft.com
2014-03-19 12:30:38,office14client.microsoft.com
2014-03-19 12:31:12,office14client.microsoft.com
2014-03-19 12:31:14,office.microsoft.com
2014-03-19 12:31:19,office.microsoft.com
2014-03-19 12:31:24,office.microsoft.com
2014-03-19 12:35:16,api.bing.com
2014-03-19 12:35:17,api.bing.com
2014-03-19 12:35:18,api.bing.com
2014-03-19 12:35:21,www.bing.com
2014-03-19 12:35:22,www.bing.com
2014-03-19 12:35:23,www.bing.com
2014-03-19 12:35:26,www.bing.com
2014-03-19 12:35:26,translate.google.fr
2014-03-19 12:35:27,translate.google.fr
2014-03-19 12:35:31,apis.google.com
2014-03-19 12:35:35,translate.google.fr
2014-03-19 12:35:36,translate.google.fr
2014-03-19 12:35:37,translate.google.fr
2014-03-19 12:35:38,translate.google.fr
2014-03-19 12:36:56,translate.google.fr
2014-03-19 12:36:56,apis.google.com
2014-03-19 12:36:57,translate.google.fr
2014-03-19 12:36:58,translate.google.fr
2014-03-19 12:36:59,translate.google.fr
2014-03-19 12:37:02,www.google.com
2014-03-19 12:37:02,translate.google.fr
2014-03-19 12:37:03,www.google.com
2014-03-19 12:37:06,translate.google.fr
2014-03-19 12:37:07,translate.google.fr
2014-03-19 12:37:08,translate.google.fr
2014-03-19 12:37:09,translate.google.fr
2014-03-19 12:37:10,translate.google.fr
2014-03-19 12:37:11,translate.google.fr
2014-03-19 12:37:12,translate.google.fr
2014-03-19 12:37:14,translate.google.fr
2014-03-19 12:37:15,translate.google.fr
2014-03-19 12:37:18,translate.google.fr
2014-03-19 12:37:19,translate.google.fr
2014-03-19 12:37:20,translate.google.fr
2014-03-19 12:37:23,translate.google.fr
2014-03-19 12:37:24,translate.google.fr
2014-03-19 12:37:25,translate.google.fr
2014-03-19 12:37:28,translate.google.fr
2014-03-19 12:37:29,translate.google.fr
2014-03-19 12:37:30,translate.google.fr
2014-03-19 12:37:31,translate.google.fr
2014-03-19 12:37:32,translate.google.fr
2014-03-19 12:37:34,translate.google.fr
2014-03-19 12:37:39,translate.google.fr
2014-03-19 12:37:41,translate.google.fr
2014-03-19 12:37:42,translate.google.fr
2014-03-19 12:37:43,translate.google.fr
2014-03-19 12:37:44,translate.google.fr
2014-03-19 12:37:45,translate.google.fr
2014-03-19 12:37:46,translate.google.fr
2014-03-19 12:37:51,translate.google.fr
2014-03-19 12:37:59,translate.google.fr
2014-03-19 12:38:01,translate.google.fr
2014-03-19 12:38:06,translate.google.fr
2014-03-19 12:38:08,translate.google.fr
2014-03-19 12:38:09,translate.google.fr
2014-03-19 12:38:12,translate.google.fr
2014-03-19 12:38:17,translate.google.fr
2014-03-19 12:38:25,translate.google.fr
2014-03-19 12:39:38,translate.google.fr
2014-03-19 12:39:41,translate.google.fr
2014-03-19 12:39:42,translate.google.fr
2014-03-19 12:39:43,translate.google.fr
2014-03-19 12:39:49,translate.google.fr
2014-03-19 12:51:13,api.bing.com
2014-03-19 12:51:15,www.google.fr
2014-03-19 12:51:18,www.google.com
2014-03-19 12:51:46,www.google.fr
2014-03-19 12:51:49,translate.google.fr
2014-03-19 12:51:50,translate.google.fr
2014-03-19 12:51:51,translate.google.fr
2014-03-19 12:51:52,translate.google.fr
2014-03-19 12:51:53,translate.google.fr
2014-03-19 12:51:54,translate.google.fr
2014-03-19 12:51:56,translate.google.fr
2014-03-19 12:52:01,translate.google.fr
2014-03-19 12:52:15,translate.google.fr
2014-03-19 12:52:17,translate.google.fr
2014-03-19 12:52:18,translate.google.fr
2014-03-19 12:52:19,translate.google.fr
2014-03-19 12:52:20,translate.google.fr
2014-03-19 12:52:21,translate.google.fr
2014-03-19 12:52:22,translate.google.fr
2014-03-19 12:52:23,translate.google.fr
2014-03-19 12:52:25,translate.google.fr
2014-03-19 12:52:26,translate.google.fr
2014-03-19 12:52:27,translate.google.fr
2014-03-19 12:52:29,translate.google.fr
2014-03-19 12:52:30,translate.google.fr
2014-03-19 12:52:31,translate.google.fr
2014-03-19 12:52:32,translate.google.fr
2014-03-19 12:52:34,translate.google.fr
2014-03-19 12:52:35,translate.google.fr
2014-03-19 12:52:36,translate.google.fr
2014-03-19 12:52:37,translate.google.fr
2014-03-19 12:52:38,translate.google.fr
2014-03-19 12:52:39,translate.google.fr
2014-03-19 12:52:42,translate.google.fr
2014-03-19 12:52:44,translate.google.fr
2014-03-19 12:52:50,translate.google.fr
2014-03-19 12:53:11,translate.google.fr
2014-03-19 12:53:13,www.google.com
2014-03-19 12:53:13,www.google.fr
2014-03-19 12:53:19,translate.google.fr
2014-03-19 15:25:26,api.bing.com
2014-03-19 15:25:28,api.bing.com
2014-03-19 15:25:31,api.bing.com
2014-03-19 15:25:32,api.bing.com
2014-03-19 15:25:37,www.google.fr
2014-03-19 15:25:48,www.google.fr
2014-03-19 15:25:56,www.google.fr
2014-03-19 15:26:05,www.google.com
2014-03-19 15:26:09,apis.google.com
2014-03-19 15:26:51,www.google.fr
2014-03-19 15:26:53,www.google.fr
2014-03-19 15:26:53,apis.google.com
2014-03-19 15:26:53,www.google.com
2014-03-19 15:29:13,api.bing.com
2014-03-19 15:29:16,www.google.fr
2014-03-19 15:29:19,www.google.fr
2014-03-19 15:30:11,www.google.fr
2014-03-19 15:30:14,www.google.fr
2014-03-19 15:30:14,clients1.google.fr
2014-03-19 15:30:15,www.google.fr
2014-03-19 15:30:15,fr.wikipedia.org
2014-03-19 15:30:16,bits.wikimedia.org
2014-03-19 15:30:16,www.google.fr
2014-03-19 15:30:16,clients1.google.fr
2014-03-19 15:30:17,bits.wikimedia.org
2014-03-19 15:30:18,login.wikimedia.org
2014-03-19 15:30:18,bits.wikimedia.org
2014-03-19 15:30:19,fr.wikipedia.org
2014-03-19 15:30:19,meta.wikimedia.org
2014-03-19 15:30:19,bits.wikimedia.org
2014-03-19 15:30:20,bits.wikimedia.org
2014-03-19 15:30:20,www.google.fr
2014-03-19 15:30:37,www.google.fr
2014-03-19 15:30:39,clients1.google.fr
2014-03-19 15:30:45,clients1.google.fr
2014-03-19 15:30:48,www.google.fr
2014-03-19 15:32:28,svt.ac-dijon.fr
2014-03-19 15:32:28,www.google.fr
2014-03-19 15:32:35,www.google.fr
2014-03-19 15:34:00,go.microsoft.com
2014-03-19 15:34:01,res1.windows.microsoft.com
2014-03-19 15:34:01,res2.windows.microsoft.com
2014-03-19 15:34:01,windows.microsoft.com
2014-03-19 15:34:02,res2.windows.microsoft.com
2014-03-19 15:34:04,ajax.microsoft.com
2014-03-19 15:34:04,res1.windows.microsoft.com
2014-03-19 15:34:04,windows.microsoft.com
2014-03-19 15:34:04,res2.windows.microsoft.com
2014-03-19 15:34:04,js.microsoft.com
2014-03-19 15:34:05,windows.microsoft.com
2014-03-19 15:34:05,res1.windows.microsoft.com
2014-03-19 15:34:05,www.facebook.com
2014-03-19 15:34:05,login.live.com
2014-03-19 15:34:11,www.facebook.com
2014-03-19 15:34:11,res2.windows.microsoft.com
2014-03-19 15:34:11,js.microsoft.com
2014-03-19 15:34:14,windows.microsoft.com
2014-03-19 15:59:50,onlinestores.metaservices.microsoft.com
2014-03-19 15:59:52,go.microsoft.com
2014-03-27 12:07:41,api.bing.com
2014-03-27 12:07:43,www.google.de
2014-03-27 12:07:46,www.google.de
2014-03-27 12:07:48,apis.google.com
2014-03-27 12:07:48,www.google.com
2014-03-27 12:08:30,www.google.com
2014-03-27 12:08:30,www.google.de
2014-03-27 12:08:30,apis.google.com
2014-03-27 12:08:36,clients1.google.de
2014-03-27 12:08:41,clients1.google.de
2014-03-27 12:08:42,www.google.de
2014-03-27 12:08:43,www.google.de
2014-03-27 12:08:45,www.google.de
2014-03-27 12:08:58,ieonline.microsoft.com
2014-03-27 12:08:59,www.google.de
2014-03-27 12:09:00,www.google.de
2014-03-27 12:09:00,www-ijpb.versailles.inra.fr
2014-03-27 12:09:01,www.google.de
2014-03-27 12:09:01,www-ijpb.versailles.inra.fr
2014-03-27 12:09:03,www-ijpb.versailles.inra.fr
2014-03-27 12:09:39,clients1.google.de
2014-03-27 12:09:39,www.google.de
2014-03-27 12:09:45,www.google.de
2014-03-27 12:09:48,www.google.de
2014-03-27 12:09:50,www.google.de
2014-03-27 12:11:39,www.google.de
2014-04-15 09:54:58,sqm.telemetry.microsoft.com
2014-04-15 09:54:59,sqm.telemetry.microsoft.com
2014-04-15 09:55:20,api.bing.com
2014-04-15 09:55:22,www.gmail.com
2014-04-15 09:55:27,mail.google.com
2014-04-15 09:55:27,accounts.google.com
2014-04-15 09:55:35,accounts.youtube.com
2014-04-15 09:57:04,accounts.google.fr
2014-04-15 09:57:05,ieonline.microsoft.com
2014-04-15 09:57:20,www.google.com
2014-04-15 09:57:20,mail.google.com
2014-04-15 09:57:20,accounts.google.com
2014-04-15 09:57:20,accounts.youtube.com
2014-04-15 09:57:20,clients2.google.com
2014-04-15 09:57:23,apis.google.com
2014-04-15 09:57:23,plus.google.com
2014-04-15 09:57:24,mail.google.com
2014-04-15 09:57:24,plus.google.com
2014-04-15 09:57:24,www.google.com
2014-04-15 09:57:25,clients2.google.com
2014-04-15 09:57:25,clients6.google.com
2014-04-15 09:57:27,plus.google.com
2014-04-15 09:57:27,accounts.google.com
2014-04-15 09:57:28,apis.google.com
2014-04-15 09:57:28,drive.google.com
2014-04-15 09:57:28,clients6.google.com
2014-04-15 09:57:32,chatenabled.mail.google.com
2014-04-15 09:57:32,mail.google.com
2014-04-15 09:57:33,mail.google.com
2014-04-15 09:57:41,drive.google.com
2014-04-15 09:58:22,plus.google.com
2014-04-15 09:58:25,chatenabled.mail.google.com
2014-04-15 09:58:25,clients6.google.com
2014-04-15 09:58:38,apis.google.com
2014-04-15 09:58:47,apis.google.com
2014-04-15 09:58:52,clients6.google.com
2014-04-15 09:58:52,mail.google.com
2014-04-15 09:58:53,mail.google.com
2014-04-15 09:58:53,apis.google.com
2014-04-15 09:58:53,plus.google.com
2014-04-15 10:02:52,mail.google.com
2014-04-15 10:02:53,drive.google.com
2014-04-15 10:02:53,clients6.google.com
2014-04-15 10:03:02,clients6.google.com
2014-04-15 10:03:23,plus.google.com
2014-04-15 10:11:57,plus.google.com
2014-04-15 10:11:59,api.bing.com
2014-04-15 10:12:29,www.google.fr
2014-04-15 10:12:50,www.google.com
2014-04-15 10:12:56,apis.google.com
2014-04-15 10:14:07,www.google.com
2014-04-15 10:14:07,apis.google.com
2014-04-15 10:14:42,www.google.fr
2014-04-15 10:14:48,www.google.fr
2014-04-15 10:15:10,clients1.google.fr
2014-04-15 10:15:11,www.google.fr
2014-04-15 10:15:12,clients1.google.fr
2014-04-15 10:15:17,www.google.fr
2014-04-15 10:15:23,www.google.fr
2014-04-15 10:15:23,www.dinosoria.com
2014-04-15 10:15:27,www.dinosoria.com
2014-04-15 10:15:27,www.google.fr
2014-04-15 10:15:30,www.dinosoria.com
2014-04-15 10:15:34,www.google.fr
2014-04-15 10:15:35,www.google.com
2014-04-15 10:15:36,accounts.google.com
2014-04-15 10:17:48,accounts.google.com
2014-04-15 10:19:38,clients1.google.fr
2014-04-15 10:19:38,www.google.fr
2014-04-15 10:20:29,api.bing.com
2014-04-15 10:20:52,clients1.google.fr
2014-04-15 10:20:52,www.google.fr
2014-04-15 10:20:57,www.google.fr
2014-04-15 10:21:18,www.google.fr
2014-04-15 10:21:19,dtournassat.free.fr
2014-04-15 10:21:20,www.google.fr
2014-04-15 10:21:20,dtournassat.free.fr
2014-04-15 10:21:21,dtournassat.free.fr
2014-04-15 10:21:21,maps.google.fr
2014-04-15 10:21:22,dtournassat.free.fr
2014-04-15 10:21:22,maps.google.fr
2014-04-15 10:21:29,maps.google.fr
2014-04-15 10:21:29,www.google.fr
2014-04-15 10:21:29,fpdownload2.macromedia.com
2014-04-15 10:21:30,khms0.google.fr
2014-04-15 10:21:30,khms1.google.fr
2014-04-15 10:21:31,mts0.google.com
2014-04-15 10:21:31,mts1.google.com
2014-04-15 10:21:31,khms1.google.fr
2014-04-15 10:21:31,maps.google.fr
2014-04-15 10:21:32,khms1.google.fr
2014-04-15 10:21:32,khms0.google.fr
2014-04-15 10:21:32,mts1.google.com
2014-04-15 10:21:32,mts0.google.com
2014-04-15 10:21:33,maps.google.fr
2014-04-15 10:21:33,dtournassat.free.fr
2014-04-15 10:21:35,clients1.google.fr
2014-04-15 10:21:40,www.google.fr
2014-04-15 10:21:40,mail.google.com
2014-04-15 10:21:48,dtournassat.free.fr
2014-04-15 10:21:48,mail.google.com
2014-04-15 10:21:48,maps.google.fr
2014-04-15 10:21:53,dtournassat.free.fr
2014-04-15 10:22:11,www.google.fr
2014-04-15 10:22:11,clients1.google.fr
2014-04-15 10:22:14,www.google.fr
2014-04-15 10:22:22,www.google.fr
2014-04-15 10:22:26,www.google.fr
2014-04-15 10:22:38,mail.google.com
2014-04-15 10:22:38,www.google.fr
2014-04-15 10:22:38,www.plancton-du-monde.org
2014-04-15 10:22:39,www.plancton-du-monde.org
2014-04-15 10:22:40,www.plancton-du-monde.org
2014-04-15 10:22:41,www.plancton-du-monde.org
2014-04-15 10:22:51,www.google.fr
2014-04-15 10:22:51,clients1.google.fr
2014-04-15 10:22:56,clients1.google.fr
2014-04-15 10:23:05,www.google.fr
2014-04-15 10:23:42,aquariocatss.free.fr
2014-04-15 10:23:42,www.google.fr
2014-04-15 10:23:43,aquariocatss.free.fr
2014-04-15 10:23:43,mail.google.com
2014-04-15 10:23:43,www.google.fr
2014-04-15 10:23:56,www.google.fr
2014-04-15 10:23:56,clients1.google.fr
2014-04-15 10:23:58,www.google.fr
2014-04-15 10:24:10,www.google.fr
2014-04-15 10:24:16,www.google.fr
2014-04-15 10:24:16,www.kazeo.com
2014-04-15 10:24:16,chaudslescoraux.kazeo.com
2014-04-15 10:24:17,platform.twitter.com
2014-04-15 10:24:17,goutte.a.goutte.free.fr
2014-04-15 10:24:17,www.kazeo.com
2014-04-15 10:24:17,chaudslescoraux.kazeo.com
2014-04-15 10:24:17,connect.facebook.net
2014-04-15 10:24:18,static.ak.facebook.com
2014-04-15 10:24:18,chaudslescoraux.kazeo.com
2014-04-15 10:24:19,chaudslescoraux.kazeo.com
2014-04-15 10:24:19,www.kazeo.com
2014-04-15 10:24:19,apis.google.com
2014-04-15 10:24:19,s-static.ak.facebook.com
2014-04-15 10:24:23,ajax.googleapis.com
2014-04-15 10:24:23,cdnjs.cloudflare.com
2014-04-15 10:24:23,platform.twitter.com
2014-04-15 10:24:24,apis.google.com
2014-04-15 10:24:26,js.socialike-me.com
2014-04-15 10:24:26,www.facebook.com
2014-04-15 10:24:26,chaudslescoraux.kazeo.com
2014-04-15 10:24:26,apis.google.com
2014-04-15 10:24:27,apis.google.com
2014-04-15 10:24:29,accounts.google.com
2014-04-15 10:24:30,twitter.com
2014-04-15 10:24:30,code.jquery.com
2014-04-15 10:24:30,cdnjs.cloudflare.com
2014-04-15 10:24:30,apis.google.com
2014-04-15 10:24:31,twitter.com
2014-04-15 10:24:31,mail.google.com
2014-04-15 10:24:32,chaudslescoraux.kazeo.com
2014-04-15 10:24:32,twitter.com
2014-04-15 10:24:34,www.google.fr
2014-04-15 10:24:34,platform.twitter.com
2014-04-15 10:24:35,chaudslescoraux.kazeo.com
2014-04-15 10:24:35,platform.twitter.com
2014-04-15 10:24:36,chaudslescoraux.kazeo.com
2014-04-15 10:24:37,s-static.ak.facebook.com
2014-04-15 10:24:41,www.facebook.com
2014-04-15 10:24:42,js.socialike-me.com
2014-04-15 10:24:42,social.socialike-me.com
2014-04-15 10:24:43,boutique-online.orange.fr
2014-04-15 10:24:45,js.socialike-me.com
2014-04-15 10:24:45,chaudslescoraux.kazeo.com
2014-04-15 10:24:46,chaudslescoraux.kazeo.com
2014-04-15 10:24:47,s-static.ak.facebook.com
2014-04-15 10:24:47,chaudslescoraux.kazeo.com
2014-04-15 10:24:47,www.kazeo.com
2014-04-15 10:24:49,apis.google.com
2014-04-15 10:24:49,mail.google.com
2014-04-15 10:24:53,www.facebook.com
2014-04-15 10:24:56,apis.google.com
2014-04-15 10:24:57,twitter.com
2014-04-15 10:24:58,twitter.com
2014-04-15 10:24:59,twitter.com
2014-04-15 10:24:59,mail.google.com
2014-04-15 10:25:00,apis.google.com
2014-04-15 10:25:01,apis.google.com
2014-04-15 10:25:02,apis.google.com
2014-04-15 10:25:03,edito.madame.lefigaro.fr
2014-04-15 10:25:03,chaudslescoraux.kazeo.com
2014-04-15 10:25:04,madame.lefigaro.fr
2014-04-15 10:25:04,assets3.lefigaro.fr
2014-04-15 10:25:04,www.lefigaro.fr
2014-04-15 10:25:04,plus.lefigaro.fr
2014-04-15 10:25:04,assets2.lefigaro.fr
2014-04-15 10:25:05,madame.lefigaro.fr
2014-04-15 10:25:06,ea.numericable.fr
2014-04-15 10:25:06,assets-pub.lefigaro.fr
2014-04-15 10:25:06,assets4.lefigaro.fr
2014-04-15 10:25:06,assets1.lefigaro.fr
2014-04-15 10:25:06,plus.lefigaro.fr
2014-04-15 10:25:06,www.lefigaro.fr
2014-04-15 10:25:07,madame.lefigaro.fr
2014-04-15 10:25:09,www.lefigaro.fr
2014-04-15 10:25:09,assets-pub.lefigaro.fr
2014-04-15 10:25:10,chaudslescoraux.kazeo.com
2014-04-15 10:25:10,www.google.com
2014-04-15 10:25:11,apis.google.com
2014-04-15 10:25:11,www.facebook.com
2014-04-15 10:25:12,ce.lijit.com
2014-04-15 10:25:13,plus.google.com
2014-04-15 10:25:18,www.google.com
2014-04-15 10:25:18,plus.google.com
2014-04-15 10:25:18,drive.google.com
2014-04-15 10:25:18,clients2.google.com
2014-04-15 10:25:19,plus.google.com
2014-04-15 10:25:33,mail.google.com
2014-04-15 10:25:33,chatenabled.mail.google.com
2014-04-15 10:25:33,clients6.google.com
2014-04-15 10:25:35,assets3.lefigaro.fr
2014-04-15 10:25:36,user-disp.tidaltv.com
2014-04-15 10:25:36,apis.google.com
2014-04-15 10:25:37,dtm.crocs.com
2014-04-15 10:25:37,contextweb-match.dotomi.com
2014-04-15 10:25:42,plus.google.com
2014-04-15 10:25:42,clients2.google.com
2014-04-15 10:25:42,drive.google.com
2014-04-15 10:25:42,ea.achatdesign.com
2014-04-15 10:25:42,www.google.com
2014-04-15 10:25:43,chatenabled.mail.google.com
2014-04-15 10:25:43,cm.adgrx.com
2014-04-15 10:25:43,www.achatdesign.com
2014-04-15 10:25:43,www.facebook.com
2014-04-15 10:25:43,um.simpli.fi
2014-04-15 10:25:43,mail.google.com
2014-04-15 10:25:43,platform.twitter.com
2014-04-15 10:25:44,cm.adgrx.com
2014-04-15 10:25:44,match.rtbidder.net
2014-04-15 10:25:44,www.achatdesign.com
2014-04-15 10:25:48,www.google.fr
2014-04-15 10:25:49,mail.google.com
2014-04-15 10:25:52,cdnjs.cloudflare.com
2014-04-15 10:26:05,mail.google.com
2014-04-15 10:26:05,www.google.fr
2014-04-15 10:26:05,clients1.google.fr
2014-04-15 10:26:08,clients1.google.fr
2014-04-15 10:26:08,www.google.fr
2014-04-15 10:26:09,www.australie-guidebackpackers.com
2014-04-15 10:26:10,www.australie-guidebackpackers.com
2014-04-15 10:26:11,www.australie-guidebackpackers.com
2014-04-15 10:26:12,www.facebook.com
2014-04-15 10:26:12,www.australie-guidebackpackers.com
2014-04-15 10:26:12,www.youtube.com
2014-04-15 10:26:12,connect.facebook.net
2014-04-15 10:26:13,www.youtube.com
2014-04-15 10:26:13,www.australie-guidebackpackers.com
2014-04-15 10:26:13,media-cache-ec3.pinimg.com
2014-04-15 10:26:13,widgets.twimg.com
2014-04-15 10:26:13,media-cache-ak1.pinimg.com
2014-04-15 10:26:13,media-cache-ec2.pinimg.com
2014-04-15 10:26:13,media-cache-ec4.pinimg.com
2014-04-15 10:26:13,media-cache-ak0.pinimg.com
2014-04-15 10:26:15,www.youtube.com
2014-04-15 10:26:15,gdata.youtube.com
2014-04-15 10:26:15,www.australie-guidebackpackers.com
2014-04-15 10:26:15,i.ytimg.com
2014-04-15 10:26:15,apis.google.com
2014-04-15 10:26:16,www.youtube.com
2014-04-15 10:26:16,apis.google.com
2014-04-15 10:26:17,accounts.google.com
2014-04-15 10:26:17,s.ytimg.com
2014-04-15 10:26:17,ajax.googleapis.com
2014-04-15 10:26:17,www.youtube.com
2014-04-15 10:26:17,apis.google.com
2014-04-15 10:26:18,s.ytimg.com
2014-04-15 10:26:18,yt3.ggpht.com
2014-04-15 10:26:18,apis.google.com
2014-04-15 10:26:19,ajax.googleapis.com
2014-04-15 10:26:19,www.facebook.com
2014-04-15 10:26:19,s.ytimg.com
2014-04-15 10:26:19,s-static.ak.facebook.com
2014-04-15 10:26:20,www.facebook.com
2014-04-15 10:26:20,plusone.google.com
2014-04-15 10:26:20,s.ytimg.com
2014-04-15 10:26:21,www.facebook.com
2014-04-15 10:26:21,yt3.ggpht.com
2014-04-15 10:26:21,apis.google.com
2014-04-15 10:26:21,s.ytimg.com
2014-04-15 10:26:21,chaudslescoraux.kazeo.com
2014-04-15 10:26:22,s.ytimg.com
2014-04-15 10:26:23,twitter.com
2014-04-15 10:26:23,www.google.com
2014-04-15 10:26:25,apis.google.com
2014-04-15 10:26:25,s.ytimg.com
2014-04-15 10:26:25,accounts.google.com
2014-04-15 10:26:25,plusone.google.com
2014-04-15 10:26:26,ad.publicidees.com
2014-04-15 10:26:29,i1.ytimg.com
2014-04-15 10:26:29,twitter.com
2014-04-15 10:26:29,plusone.google.com
2014-04-15 10:26:56,s.ytimg.com
2014-04-15 10:26:57,i1.ytimg.com
2014-04-15 10:26:57,platform.twitter.com
2014-04-15 10:26:57,www.australie-guidebackpackers.com
2014-04-15 10:27:12,clients1.google.fr
2014-04-15 10:27:12,www.google.fr
2014-04-15 10:27:12,apis.google.com
2014-04-15 10:27:12,plusone.google.com
2014-04-15 10:27:13,www.google.fr
2014-04-15 10:27:19,www.google.fr
2014-04-15 10:27:20,static.ak.facebook.com
2014-04-15 10:27:20,platform.twitter.com
2014-04-15 10:27:20,static.hautetfort.com
2014-04-15 10:27:20,baladesnaturalistes.hautetfort.com
2014-04-15 10:27:21,www.wikio.fr
2014-04-15 10:27:21,baladesnaturalistes.hautetfort.com
2014-04-15 10:27:21,static.hautetfort.com
2014-04-15 10:27:21,www.gravatar.com
2014-04-15 10:27:22,twitter.com
2014-04-15 10:27:28,www.google.fr
2014-04-15 10:27:29,vieoceane.free.fr
2014-04-15 10:27:29,clients1.google.fr
2014-04-15 10:27:29,www.google.fr
2014-04-15 10:27:29,twitter.com
2014-04-15 10:27:46,clients1.google.fr
2014-04-15 10:27:46,www.google.fr
2014-04-15 10:27:51,chaudslescoraux.kazeo.com
2014-04-15 10:27:53,www.facebook.com
2014-04-15 10:27:55,www.facebook.com
2014-04-15 10:27:55,www.rvty.net
2014-04-15 10:28:11,www.google.fr
2014-04-15 10:29:19,www.google.fr
2014-04-15 10:29:22,chaudslescoraux.kazeo.com
2014-04-15 10:30:11,api.bing.com
2014-04-15 10:30:12,mail.google.com
2014-04-15 10:30:12,www.gmail.com
2014-04-15 10:30:19,clients2.google.com
2014-04-15 10:30:20,mail.google.com
2014-04-15 10:30:21,www.google.com
2014-04-15 10:30:22,clients2.google.com
2014-04-15 10:30:22,mail.google.com
2014-04-15 10:30:23,apis.google.com
2014-04-15 10:30:23,plus.google.com
2014-04-15 10:30:25,www.google.com
2014-04-15 10:30:25,plus.google.com
2014-04-15 10:30:26,accounts.google.com
2014-04-15 10:30:26,clients6.google.com
2014-04-15 10:30:27,plus.google.com
2014-04-15 10:30:27,clients6.google.com
2014-04-15 10:30:27,mail.google.com
2014-04-15 10:30:28,apis.google.com
2014-04-15 10:30:30,mail.google.com
2014-04-15 10:30:30,chatenabled.mail.google.com
2014-04-15 10:30:38,sqm.telemetry.microsoft.com
2014-04-15 10:30:39,sqm.telemetry.microsoft.com
2014-04-15 10:30:48,accounts.google.com
2014-04-15 10:31:01,plus.google.com
2014-04-15 10:31:11,chatenabled.mail.google.com
2014-04-15 10:31:11,clients6.google.com
2014-04-15 10:31:11,apis.google.com
2014-04-15 10:31:13,drive.google.com
2014-04-15 10:31:16,mail.google.com
2014-04-15 10:31:17,mail.google.com
2014-04-15 10:31:17,plus.google.com
2014-04-15 10:31:17,clients6.google.com
2014-04-15 10:31:17,drive.google.com
