timestamp,site
2013-06-12 16:41:55,fpdownload2.macromedia.com
2013-06-12 16:42:14,www.google.fr
2013-06-12 16:42:18,www.google.fr
2013-06-12 16:42:25,www.google.fr
2013-06-12 16:42:27,www.google.fr
2013-06-12 16:42:31,www.google.fr
2013-06-12 16:42:34,apis.google.com
2013-06-12 16:42:34,www.google.fr
2013-06-12 16:42:41,www.google.com
2013-06-12 16:42:43,apis.google.com
2013-06-12 16:42:43,www.google.com
2013-06-12 16:42:43,www.google.fr
2013-06-12 17:10:50,www.google.fr
2013-06-12 17:10:51,www.google.com
2013-06-12 17:10:51,apis.google.com
2013-06-12 17:10:52,www.bing.com
2013-06-12 17:10:52,www.google.com
2013-06-12 17:10:56,www.google.fr
2013-06-12 17:10:59,www.google.com
2013-06-12 17:10:59,www.google.fr
2013-06-12 17:10:59,apis.google.com
2013-06-12 17:13:44,ieonline.microsoft.com
2013-06-12 17:13:45,go.microsoft.com
2013-06-12 17:14:29,registration2.services.openoffice.org
2013-06-12 17:14:30,registration2.services.openoffice.org
2013-06-12 17:14:31,registration2.services.openoffice.org
2013-06-12 17:15:27,javadl-esd-secure.oracle.com
2013-06-12 17:22:44,shell.windows.com
2013-06-12 17:22:44,go.microsoft.com
2013-06-12 17:22:45,shell.windows.com
2013-06-12 17:22:46,shell.windows.com
2013-06-12 17:22:52,javadl-esd-secure.oracle.com
2013-11-12 08:17:47,api.bing.com
2013-11-12 08:17:48,www.bing.com
2013-11-12 08:17:49,www.bing.com
2013-11-12 08:17:49,www.google.fr
2013-11-12 08:17:50,cms.abmr.net
2013-11-12 08:17:50,www.bing.com
2013-11-12 08:17:54,www.google.fr
2013-11-12 08:17:59,www.google.fr
2013-11-12 08:18:00,login.live.com
2013-11-12 08:18:00,www.google.fr
2013-11-12 08:18:01,www.google.fr
2013-11-12 08:18:02,www.google.fr
2013-11-12 08:18:03,www.google.fr
2013-11-12 08:18:04,www.google.fr
2013-11-12 08:18:07,www.google.com
2013-11-12 08:18:12,www.google.fr
2013-11-12 08:18:12,www.google.com
2013-11-12 08:18:13,www.google.fr
2013-11-12 08:18:18,www.google.fr
2013-11-12 08:19:19,www.google.fr
2013-11-12 08:29:01,api.bing.com
2013-11-12 08:29:02,api.bing.com
2013-11-12 08:29:03,api.bing.com
2013-11-12 08:29:03,www.bing.com
2013-11-12 08:29:04,www.bing.com
2013-11-12 08:29:05,www.bing.com
2013-11-12 08:29:05,www.google.fr
2013-11-12 08:29:08,www.google.fr
2013-11-12 08:29:15,www.google.fr
2013-11-12 08:29:18,login.live.com
2013-11-12 08:29:19,www.google.fr
2013-11-12 08:29:20,www.google.fr
2013-11-12 08:29:21,www.google.fr
2013-11-12 08:29:24,www.google.com
2013-11-12 08:30:29,www.google.com
2013-11-12 08:30:29,www.google.fr
2013-11-12 08:30:47,fr.wikipedia.org
2013-11-12 08:30:47,bits.wikimedia.org
2013-11-12 08:30:47,www.google.fr
2013-11-12 08:30:48,meta.wikimedia.org
2013-11-12 08:30:48,login.wikimedia.org
2013-11-12 08:30:48,bits.wikimedia.org
2013-11-12 08:30:48,fr.wikipedia.org
2013-11-12 08:31:04,bits.wikimedia.org
2013-11-12 08:31:05,bits.wikimedia.org
2013-11-12 08:31:05,fr.wikipedia.org
2013-11-12 08:32:00,www.bing.com
2013-11-12 08:32:01,www.bing.com
2013-11-12 08:32:02,login.live.com
2013-11-12 08:32:02,www.google.fr
2013-11-12 08:32:02,www.bing.com
2013-11-12 08:32:05,bits.wikimedia.org
2013-11-12 08:33:03,www.google.fr
2013-11-12 08:38:35,www.google.com
2013-11-12 08:38:35,www.google.fr
2013-11-12 08:38:49,www.google.com
2013-11-12 08:38:49,www.google.fr
2013-11-12 08:38:50,www.google.com
2013-11-12 08:38:50,www.google.fr
2013-11-12 08:38:52,rlz-server.appspot.com
2013-11-12 08:38:57,www.google.fr
2013-11-12 08:39:01,www.google.com
2013-11-12 08:39:01,www.google.fr
2013-11-12 08:39:01,rlz-server.appspot.com
2013-11-12 08:39:04,www.google.com
2013-11-12 08:39:04,www.google.fr
2013-11-12 08:39:05,www.google.com
2013-11-12 08:39:05,www.google.fr
2013-11-12 08:39:08,www.google.com
2013-11-12 08:39:08,www.google.fr
2013-11-12 08:39:10,www.bing.com
2013-11-12 08:39:10,www.google.fr
2013-11-12 08:39:11,www.google.com
2013-11-12 08:39:14,login.live.com
2013-11-12 08:39:14,www.bing.com
2013-11-12 08:39:14,www.google.fr
2013-11-12 08:40:09,www.google.com
2013-11-12 08:40:11,www.google.com
2013-11-12 08:40:14,www.google.fr
2013-11-12 09:30:34,rr.office.microsoft.com
2013-11-12 09:30:34,office14client.microsoft.com
2013-11-12 09:30:34,api.bing.com
2013-11-12 09:30:35,office.microsoft.com
2013-11-12 09:30:35,services.highbeam.com
2013-11-12 09:30:35,integrate.factiva.com
2013-11-12 09:30:35,www.worldlingo.com
2013-11-12 09:30:36,www.microsofttranslator.com
2013-11-12 09:39:38,www.bing.com
2013-11-12 09:39:39,www.google.fr
2013-11-12 09:39:39,www.bing.com
2013-11-12 09:40:44,www.google.fr
2013-11-12 09:40:44,www.pedagogie.ac-nantes.fr
2013-11-12 09:40:45,www.google.fr
2013-11-12 09:40:57,www.google.fr
2013-11-12 09:40:57,www.supportsfoad.com
2013-11-12 09:40:58,www.supportsfoad.com
2013-11-12 09:41:28,www.supportsfoad.com
2013-11-12 09:42:19,www.supportsfoad.com
2013-11-12 09:42:49,www.supportsfoad.com
2013-11-12 09:43:17,www.bing.com
2013-11-12 09:43:18,www.bing.com
2013-11-12 09:43:19,www.google.fr
2013-11-12 09:43:19,www.bing.com
2013-11-12 09:44:26,www.google.fr
2013-11-12 10:08:09,fr.wikipedia.org
2013-11-12 10:08:09,www.google.fr
2013-11-12 10:08:09,bits.wikimedia.org
2013-11-12 10:08:09,meta.wikimedia.org
2013-11-12 10:08:12,meta.wikimedia.org
2013-11-12 10:08:26,fr.wikipedia.org
2013-11-12 10:08:26,bits.wikimedia.org
2013-11-12 10:08:41,bits.wikimedia.org
2013-11-12 10:09:26,bits.wikimedia.org
2013-11-12 10:25:03,fr.wikipedia.org
2013-11-12 10:25:04,www.bing.com
2013-11-12 10:25:05,www.bing.com
2013-11-12 10:25:05,login.live.com
2013-11-12 10:25:05,www.google.fr
2013-11-12 10:25:24,fr-fr.facebook.com
2013-11-12 10:26:13,www.google.fr
2013-11-12 11:04:26,mail.google.com
2013-11-12 11:04:26,www.google.fr
2013-11-12 11:04:41,accounts.google.com
2013-11-12 11:04:41,www.google.fr
2013-11-12 11:04:43,accounts.youtube.com
2013-11-12 11:04:46,mail.google.com
2013-11-12 11:04:57,accounts.google.com
2013-11-12 11:04:58,accounts.google.fr
2013-11-12 11:04:59,accounts.google.com
2013-11-12 11:04:59,accounts.youtube.com
2013-11-12 11:04:59,accounts.google.fr
2013-11-12 11:05:00,mail.google.com
2013-11-12 11:05:01,mail.google.com
2013-11-12 11:05:02,www.google.com
2013-11-12 11:05:02,mail.google.com
2013-11-12 11:05:02,clients2.google.com
2013-11-12 11:05:02,apis.google.com
2013-11-12 11:05:03,mail.google.com
2013-11-12 11:05:03,accounts.google.com
2013-11-12 11:05:03,plus.google.com
2013-11-12 11:05:03,apis.google.com
2013-11-12 11:05:04,mail.google.com
2013-11-12 11:05:05,docs.google.com
2013-11-12 11:05:05,mail.google.com
2013-11-12 11:05:05,apis.google.com
2013-11-12 11:05:05,plus.google.com
2013-11-12 11:05:05,chatenabled.mail.google.com
2013-11-12 11:05:06,plus.google.com
2013-11-12 11:05:06,chatenabled.mail.google.com
2013-11-12 11:05:06,b.mail.google.com
2013-11-12 11:05:07,mail.google.com
2013-11-12 11:05:18,plus.google.com
2013-11-12 11:05:51,b.mail.google.com
2013-11-12 11:05:57,docs.google.com
2013-11-12 11:06:01,accounts.google.com
2013-11-12 11:06:02,mail.google.com
2013-11-12 11:06:02,chatenabled.mail.google.com
2013-11-12 11:06:06,mail.google.com
2013-11-12 11:06:08,mail.google.com
2013-11-12 11:10:08,plus.google.com
2013-11-12 11:15:48,plus.google.com
2013-11-12 11:19:18,b.mail.google.com
2013-11-12 11:20:13,plus.google.com
2013-11-12 11:22:27,b.mail.google.com
2013-11-12 11:22:28,accounts.youtube.com
2013-11-12 11:22:28,accounts.google.fr
2013-11-12 11:22:28,www.google.fr
2013-11-12 11:22:28,accounts.google.com
2013-11-12 11:22:28,www.google.com
2013-11-12 11:22:32,accounts.youtube.com
2013-11-12 11:22:32,mail.google.com
2013-12-12 13:02:31,www.bing.com
2013-12-12 13:02:32,www.bing.com
2013-12-12 13:02:33,www.bing.com
2013-12-12 13:02:34,www.bing.com
2013-12-12 13:02:43,www.bing.com
2013-12-12 13:02:43,www.google.fr
2013-12-12 13:02:44,login.live.com
2013-12-12 13:02:45,www.google.fr
2013-12-12 13:02:55,www.google.fr
2013-12-12 13:02:57,www.google.fr
2013-12-12 13:03:00,www.google.com
2013-12-12 13:03:04,www.google.fr
2013-12-12 13:03:05,www.google.fr
2013-12-12 13:03:05,www.google.com
2013-12-12 13:03:21,www.bing.com
2013-12-12 13:03:33,login.live.com
2013-12-12 13:03:34,www.bing.com
2013-12-12 13:03:34,www.google.fr
2013-12-12 13:03:46,www.google.fr
2013-12-12 13:03:47,ssl.bing.com
2013-12-12 13:05:07,www.google.fr
2013-12-12 13:05:19,www.google.com
2013-12-12 13:05:22,www.google.com
2013-12-12 13:06:14,www.euromov.eu
2013-12-12 13:06:14,www.google.fr
2013-12-12 13:06:24,www.google.fr
2013-12-12 13:13:09,www.bing.com
2013-12-12 13:13:10,www.google.fr
2013-12-12 13:13:10,www.bing.com
2013-12-12 13:13:20,login.live.com
2013-12-12 13:13:22,www.google.fr
2013-12-12 13:13:25,www.google.com
2013-12-12 13:13:35,ssl.bing.com
2013-12-12 13:13:49,www.google.fr
2013-12-12 13:13:49,www.google.com
2013-12-12 13:13:53,www.google.fr
2013-12-12 13:13:55,www.google.fr
2013-12-12 13:14:01,apis.google.com
2013-12-12 13:14:01,clients1.google.fr
2013-12-12 13:14:02,clients1.google.fr
2013-12-12 13:14:03,clients1.google.fr
2013-12-12 13:14:04,id.google.fr
2013-12-12 13:14:04,clients1.google.fr
2013-12-12 13:14:05,apis.google.com
2013-12-12 13:14:05,id.google.fr
2013-12-12 13:14:05,clients1.google.fr
2013-12-12 13:14:05,www.google.fr
2013-12-12 13:14:06,www.google.fr
2013-12-12 13:14:07,www.google.fr
2013-12-12 13:14:07,clients1.google.fr
2013-12-12 13:14:08,www.google.fr
2013-12-12 13:14:13,www.google.fr
2013-12-12 13:14:14,chezsarah737.centerblog.net
2013-12-12 13:14:14,www.summilux.net
2013-12-12 13:14:14,admin.centerblog.net
2013-12-12 13:14:14,ww12.centerblog.net
2013-12-12 13:14:14,c2.ad6media.fr
2013-12-12 13:14:15,www.beead.fr
2013-12-12 13:14:15,ww12.centerblog.net
2013-12-12 13:14:15,f5a9bmz6g6.s.ad6media.fr
2013-12-12 13:14:15,www.tuxboard.com
2013-12-12 13:14:15,chezsarah737.centerblog.net
2013-12-12 13:14:15,static.ebz.io
2013-12-12 13:14:16,www.artsalive.ca
2013-12-12 13:14:19,ajax.googleapis.com
2013-12-12 13:14:21,ajax.googleapis.com
2013-12-12 13:14:49,ww12.centerblog.net
2013-12-12 13:14:49,www.google.fr
2013-12-12 13:14:49,chezsarah737.centerblog.net
2013-12-12 13:14:49,admin.centerblog.net
2013-12-12 13:14:49,a6galp618m.s.ad6media.fr
2013-12-12 13:14:49,fr.primary.affinitad.com
2013-12-12 13:14:49,hjyza3n53l.s.ad6media.fr
2013-12-12 13:14:49,style2.ad6.fr
2013-12-12 13:14:50,s3-eu-west-1.amazonaws.com
2013-12-12 13:14:50,tracker.affility.com
2013-12-12 13:14:50,ww12.centerblog.net
2013-12-12 13:14:50,rbx-cdn-tpn.c4tw.net
2013-12-12 13:14:50,style2.ad6.fr
2013-12-12 13:14:50,fr.primary.affinitad.com
2013-12-12 13:14:50,trk-fr.makazi.com
2013-12-12 13:14:50,hjyza3n53l.s.ad6media.fr
2013-12-12 13:14:50,wtpn.twenga.fr
2013-12-12 13:14:50,trk.adbutter.net
2013-12-12 13:14:51,www.facebook.com
2013-12-12 13:14:54,hjyza3n53l.s.ad6media.fr
2013-12-12 13:14:55,fr.primary.affinitad.com
2013-12-12 13:14:55,rbx-cdn-tpn.c4tw.net
2013-12-12 13:14:55,ea.online.carrefour.fr
2013-12-12 13:14:55,online.carrefour.fr
2013-12-12 13:14:56,ajax.googleapis.com
2013-12-12 13:14:56,html5shim.googlecode.com
2013-12-12 13:14:56,code.jquery.com
2013-12-12 13:14:56,brain.pan.e-merchant.com
2013-12-12 13:14:56,online.carrefour.fr
2013-12-12 13:14:57,brain.pan.e-merchant.com
2013-12-12 13:14:57,ea.online.carrefour.fr
2013-12-12 13:14:57,code.jquery.com
2013-12-12 13:14:57,www.google.com
2013-12-12 13:14:57,medserv.carrefour.fr
2013-12-12 13:14:57,apis.google.com
2013-12-12 13:14:58,api.zanox.ws
2013-12-12 13:14:58,dc1w54.wysistat.com
2013-12-12 13:15:02,accounts.google.com
2013-12-12 13:15:05,accounts.google.com
2013-12-12 13:15:05,online.carrefour.fr
2013-12-12 13:15:05,clients1.google.com
2013-12-12 13:15:30,style2.ad6.fr
2013-12-12 13:15:49,ww12.centerblog.net
2013-12-12 13:16:49,ww12.centerblog.net
2013-12-12 13:17:05,hjyza3n53l.s.ad6media.fr
2013-12-12 13:17:12,pixel2368.everesttech.net
2013-12-12 13:17:14,fr.primary.affinitad.com
2013-12-12 13:17:15,www.bing.com
2013-12-12 13:17:16,www.bing.com
2013-12-12 13:17:16,www.google.fr
2013-12-12 13:17:41,www.google.fr
2013-12-12 13:17:42,www.google.fr
2013-12-12 13:17:42,pixel2368.everesttech.net
2013-12-12 13:17:42,fr.wiktionary.org
2013-12-12 13:17:42,bits.wikimedia.org
2013-12-12 13:17:42,login.wikimedia.org
2013-12-12 13:17:42,meta.wikimedia.org
2013-12-12 13:17:43,bits.wikimedia.org
2013-12-12 13:17:56,bits.wikimedia.org
2013-12-12 13:18:02,www.google.fr
2013-12-12 13:18:03,morem.com
2013-12-12 13:18:03,www.google.fr
2013-12-12 13:18:04,morem.com
2013-12-12 13:18:55,www.google.fr
2013-12-12 13:18:55,fr.lipsum.com
2013-12-12 13:18:56,fr.lipsum.com
2013-12-12 13:52:01,fr.lipsum.com
2013-12-12 13:52:02,images.orangepublicite.fr
2013-12-12 13:52:02,fr.lipsum.com
2013-12-12 13:52:03,apnx-match.dotomi.com
2013-12-12 13:52:03,dtm.ccs.com
2013-12-12 13:52:05,fr.lipsum.com
2013-12-12 13:52:06,images.orangepublicite.fr
2013-12-12 13:52:06,pr.ybp.yahoo.com
2013-12-12 13:52:08,fr.lipsum.com
2013-12-12 13:52:08,pool-eu-ie.creative-serving.com
2013-12-12 13:52:09,rubicon-match.dotomi.com
2013-12-12 13:52:09,dtm.ccs.com
2013-12-12 13:52:44,www.bing.com
2013-12-12 13:52:45,www.bing.com
2013-12-12 13:52:45,www.google.fr
2013-12-12 13:52:49,www.google.com
2013-12-12 13:52:50,www.google.fr
2013-12-12 13:53:01,clients1.google.fr
2013-12-12 13:53:02,apis.google.com
2013-12-12 13:53:02,clients1.google.fr
2013-12-12 13:53:02,www.google.fr
2013-12-12 13:53:02,id.google.fr
2013-12-12 13:53:03,clients1.google.fr
2013-12-12 13:53:03,www.google.fr
2013-12-12 13:54:19,www.google.fr
2013-12-12 14:25:51,api.bing.com
2013-12-12 14:25:52,api.bing.com
2013-12-12 14:25:53,logc258.at.pagesjaunes.fr
2013-12-12 14:25:53,www.bing.com
2013-12-12 14:25:53,www.pagesjaunes.fr
2013-12-12 14:25:53,ecn.api.tiles.virtualearth.net
2013-12-13 07:59:27,www.bing.com
2013-12-13 07:59:28,www.bing.com
2013-12-13 07:59:28,www.google.fr
2013-12-13 07:59:41,login.live.com
2013-12-13 07:59:42,www.google.fr
2013-12-13 07:59:46,www.google.com
2013-12-13 07:59:55,ssl.bing.com
2013-12-13 08:00:12,www.google.fr
2013-12-13 08:00:13,www.google.fr
2013-12-13 08:00:13,www.google.com
2013-12-13 08:07:26,www.bing.com
2013-12-13 08:07:27,www.bing.com
2013-12-13 08:07:28,www.bing.com
2013-12-13 08:07:29,www.google.fr
2013-12-13 08:07:29,www.bing.com
2013-12-13 08:07:31,www.google.fr
2013-12-13 08:07:39,www.google.fr
2013-12-13 08:07:41,login.live.com
2013-12-13 08:07:43,www.google.fr
2013-12-13 08:07:46,www.google.com
2013-12-13 08:11:44,www.google.fr
2013-12-13 08:11:46,www.google.com
2013-12-13 08:13:03,www.google.com
2013-12-13 08:13:04,www.google.fr
2013-12-13 08:13:17,clients1.google.fr
2013-12-13 08:13:18,apis.google.com
2013-12-13 08:13:18,clients1.google.fr
2013-12-13 08:13:19,apis.google.com
2013-12-13 08:13:19,clients1.google.fr
2013-12-13 08:13:19,www.google.fr
2013-12-13 08:13:27,clients1.google.fr
2013-12-13 08:13:27,www.google.fr
2013-12-13 08:13:28,www.google.fr
2013-12-13 08:13:54,clients1.google.fr
2013-12-13 08:13:54,www.google.fr
2013-12-13 08:14:05,www.google.fr
2013-12-13 08:14:11,clients1.google.fr
2013-12-13 08:14:11,www.google.fr
2013-12-13 08:14:12,www.google.fr
2013-12-13 08:14:22,clients1.google.fr
2013-12-13 08:14:22,www.google.fr
2013-12-13 08:14:23,www.google.fr
2013-12-13 08:14:28,clients1.google.fr
2013-12-13 08:14:28,www.google.fr
2013-12-13 08:14:29,www.google.fr
2013-12-13 08:14:35,id.google.fr
2013-12-13 08:14:47,www.google.fr
2013-12-13 08:14:49,www.all-dance.fr
2013-12-13 08:14:49,id.google.fr
2013-12-13 08:14:51,www.all-dance.fr
2013-12-13 08:14:51,www.google.fr
2013-12-13 08:14:52,www.all-dance.fr
2013-12-13 08:14:53,www.boutiquealldance.com
2013-12-13 08:14:53,www.all-dance.fr
2013-12-13 08:15:33,id.google.fr
2013-12-13 08:15:33,html5shim.googlecode.com
2013-12-13 08:15:33,www.dancedirect.fr
2013-12-13 08:15:33,www.google.fr
2013-12-13 08:15:34,www.dancedirect.fr
2013-12-13 08:15:34,www.google.com
2013-12-13 08:15:34,www.google.fr
2013-12-13 08:15:56,www.dancedirect.fr
2013-12-13 08:15:57,www.google.fr
2013-12-13 08:15:57,www.google.com
2013-12-13 08:15:57,www.dancedirect.fr
2013-12-13 08:16:24,www.dancedirect.fr
2013-12-13 08:16:24,apis.google.com
2013-12-13 08:16:24,html5shim.googlecode.com
2013-12-13 08:16:24,www.facebook.com
2013-12-13 08:16:24,assets.pinterest.com
2013-12-13 08:16:25,www.dancedirect.fr
2013-12-13 08:16:25,passets.pinterest.com
2013-12-13 08:16:25,platform.twitter.com
2013-12-13 08:16:25,widgets.pinterest.com
2013-12-13 08:16:25,www.google.com
2013-12-13 08:16:25,apis.google.com
2013-12-13 08:16:26,www.dancedirect.fr
2013-12-13 08:16:26,www.google.fr
2013-12-13 08:16:27,accounts.google.com
2013-12-13 08:16:28,accounts.google.com
2013-12-13 08:16:28,www.dancedirect.fr
2013-12-13 08:16:33,www.google.com
2013-12-13 08:16:33,www.google.fr
2013-12-13 08:16:35,twitter.com
2013-12-13 08:16:51,www.dancedirect.fr
2013-12-13 08:17:05,www.dancedirect.fr
2013-12-13 08:17:05,www.facebook.com
2013-12-13 08:17:05,widgets.pinterest.com
2013-12-13 08:17:05,www.google.com
2013-12-13 08:17:05,www.google.fr
2013-12-13 08:17:05,apis.google.com
2013-12-13 08:17:06,www.dancedirect.fr
2013-12-13 08:17:15,twitter.com
2013-12-13 08:17:16,www.dancedirect.fr
2013-12-13 08:17:17,www.dancedirect.fr
2013-12-13 08:17:17,www.google.com
2013-12-13 08:17:17,www.google.fr
2013-12-13 08:17:34,www.dancedirect.fr
2013-12-13 08:17:34,www.facebook.com
2013-12-13 08:17:35,apis.google.com
2013-12-13 08:17:35,www.dancedirect.fr
2013-12-13 08:17:35,www.google.fr
2013-12-13 08:17:35,www.google.com
2013-12-13 08:17:35,widgets.pinterest.com
2013-12-13 08:17:37,www.dancedirect.fr
2013-12-13 08:17:43,twitter.com
2013-12-13 08:18:14,twitter.com
2013-12-13 08:23:44,g.microsoft.com
2013-12-13 08:32:03,www.dancedirect.fr
2013-12-13 08:32:04,www.google.fr
2013-12-13 08:32:04,www.google.com
2013-12-13 08:32:07,apis.google.com
2013-12-13 08:32:07,widgets.pinterest.com
2013-12-13 08:32:07,www.google.fr
2013-12-13 08:32:07,www.google.com
2013-12-13 08:32:07,www.facebook.com
2013-12-13 08:32:07,www.dancedirect.fr
2013-12-13 08:32:07,html5shim.googlecode.com
2013-12-13 08:32:07,assets.pinterest.com
2013-12-13 08:32:09,www.google.com
2013-12-13 08:32:10,www.google.fr
2013-12-13 08:32:35,www.dancedirect.fr
2013-12-13 08:32:35,twitter.com
2013-12-13 08:32:41,apis.google.com
2013-12-13 08:32:41,www.dancedirect.fr
2013-12-13 08:32:41,www.facebook.com
2013-12-13 08:32:41,widgets.pinterest.com
2013-12-13 08:32:41,www.google.com
2013-12-13 08:32:41,www.google.fr
2013-12-13 08:32:57,twitter.com
2013-12-13 08:32:57,www.google.com
2013-12-13 08:32:57,www.google.fr
2013-12-13 08:32:58,www.google.fr
2013-12-13 08:33:04,www.dancedirect.fr
2013-12-13 08:33:04,www.facebook.com
2013-12-13 08:33:05,www.google.com
2013-12-13 08:33:05,widgets.pinterest.com
2013-12-13 08:33:05,www.google.fr
2013-12-13 08:33:05,apis.google.com
2013-12-13 08:33:05,www.dancedirect.fr
2013-12-13 08:33:09,www.google.com
2013-12-13 08:33:09,twitter.com
2013-12-13 08:33:09,www.google.fr
2013-12-13 08:34:27,www.bing.com
2013-12-13 08:34:29,www.bing.com
2013-12-13 08:34:29,www.google.fr
2013-12-13 08:34:31,www.google.fr
2013-12-13 08:34:34,www.google.fr
2013-12-13 08:34:41,login.live.com
2013-12-13 08:34:43,www.google.fr
2013-12-13 08:34:44,www.google.fr
2013-12-13 08:34:47,www.google.com
2013-12-13 08:35:09,www.google.com
2013-12-13 08:35:09,www.google.fr
2013-12-13 08:35:16,www.dansea.fr
2013-12-13 08:35:16,www.google.fr
2013-12-13 08:35:17,www.dansea.fr
2013-12-13 08:35:18,www.dansea.fr
2013-12-13 08:35:19,www.dansea.fr
2013-12-13 08:35:19,piwik.agencepix.com
2013-12-13 08:35:45,www.dancedirect.fr
2013-12-13 08:35:45,html5shim.googlecode.com
2013-12-13 08:35:46,www.google.fr
2013-12-13 08:35:46,www.google.com
2013-12-13 08:36:04,www.google.fr
2013-12-13 08:36:05,www.movedancewear.com
2013-12-13 08:36:05,www.google.fr
2013-12-13 08:36:06,www.movedancewear.com
2013-12-13 08:36:06,movedancewear.files.wordpress.com
2013-12-13 08:36:07,movedancewear.files.wordpress.com
2013-12-13 08:36:07,www.movedancewear.com
2013-12-13 08:36:14,www.movedancewear.com
2013-12-13 08:36:49,www.movedancewear.com
2013-12-13 08:36:50,www.movedancewear.com
2013-12-13 08:37:08,www.movedancewear.com
2013-12-13 08:37:39,www.dancedirect.fr
2013-12-13 08:37:39,html5shim.googlecode.com
2013-12-13 08:37:49,www.movedancewear.com
2013-12-13 08:38:04,www.movedancewear.com
2013-12-13 08:38:05,www.movedancewear.com
2013-12-13 08:38:18,www.dancedirect.fr
2013-12-13 08:38:19,www.google.com
2013-12-13 08:38:19,www.google.fr
2013-12-13 08:41:43,www.dancedirect.fr
2013-12-13 08:41:47,www.dancedirect.fr
2013-12-13 08:42:31,www.movedancewear.com
2013-12-13 08:45:46,www.google.com
2013-12-13 08:45:46,www.google.fr
2013-12-13 08:45:49,www.bing.com
2013-12-13 08:45:50,www.bing.com
2013-12-13 08:45:50,www.google.fr
2013-12-13 08:46:49,www.google.fr
2013-12-13 08:46:49,www.dansea.fr
2013-12-13 08:46:50,piwik.agencepix.com
2013-12-13 08:46:50,www.google.fr
2013-12-13 08:46:56,www.dansea.fr
2013-12-13 08:46:58,www.dansea.fr
2013-12-13 08:47:00,www.dansea.fr
2013-12-13 08:47:02,www.dansea.fr
2013-12-13 08:47:03,piwik.agencepix.com
2013-12-13 08:49:02,www.bing.com
2013-12-13 08:49:03,www.bing.com
2013-12-13 08:49:03,www.google.fr
2013-12-13 08:49:19,clients1.google.fr
2013-12-13 08:49:19,apis.google.com
2013-12-13 08:49:19,www.google.com
2013-12-13 08:49:57,www.dansea.fr
2013-12-13 08:49:57,connect.facebook.net
2013-12-13 08:49:58,s-static.ak.facebook.com
2013-12-13 08:49:58,static.ak.facebook.com
2013-12-13 08:49:58,piwik.agencepix.com
2013-12-13 08:49:58,www.dansea.fr
2013-12-13 08:49:58,www.facebook.com
2013-12-13 08:50:12,piwik.agencepix.com
2013-12-13 08:50:16,www.dansea.fr
2013-12-13 08:50:16,piwik.agencepix.com
2013-12-13 08:50:16,static.ak.facebook.com
2013-12-13 08:50:16,s-static.ak.facebook.com
2013-12-13 08:50:17,www.facebook.com
2013-12-13 08:50:21,piwik.agencepix.com
2013-12-13 08:50:44,www.dansea.fr
2013-12-13 08:50:45,www.facebook.com
2013-12-13 08:50:45,s-static.ak.facebook.com
2013-12-13 08:50:45,static.ak.facebook.com
2013-12-13 08:50:45,piwik.agencepix.com
2013-12-13 08:50:45,www.dansea.fr
2013-12-13 08:50:56,piwik.agencepix.com
2013-12-13 08:51:06,www.dansea.fr
2013-12-13 08:51:06,piwik.agencepix.com
2013-12-13 08:51:06,static.ak.facebook.com
2013-12-13 08:51:06,www.facebook.com
2013-12-13 08:51:06,s-static.ak.facebook.com
2013-12-13 08:51:10,piwik.agencepix.com
2013-12-13 08:51:13,s-static.ak.facebook.com
2013-12-13 08:51:13,www.facebook.com
2013-12-13 08:51:13,static.ak.facebook.com
2013-12-13 08:51:13,piwik.agencepix.com
2013-12-13 08:51:13,www.dansea.fr
2013-12-13 08:51:21,www.dansea.fr
2013-12-13 08:51:22,piwik.agencepix.com
2013-12-13 08:51:27,www.dansea.fr
2013-12-13 08:51:27,piwik.agencepix.com
2013-12-13 08:51:36,piwik.agencepix.com
2013-12-13 08:51:37,s-static.ak.facebook.com
2013-12-13 08:51:37,static.ak.facebook.com
2013-12-13 08:51:38,www.facebook.com
2013-12-13 08:51:38,piwik.agencepix.com
2013-12-13 08:51:59,www.dansea.fr
2013-12-13 08:52:00,www.dansea.fr
2013-12-13 08:52:00,piwik.agencepix.com
2013-12-13 08:52:01,www.dansea.fr
2013-12-13 08:52:01,piwik.agencepix.com
2013-12-13 08:52:03,www.dansea.fr
2013-12-13 08:52:05,www.dansea.fr
2013-12-13 08:52:07,www.dansea.fr
2013-12-13 08:52:10,www.dansea.fr
2013-12-13 08:52:14,www.dansea.fr
2013-12-13 08:52:15,piwik.agencepix.com
2013-12-13 08:52:19,www.dansea.fr
2013-12-13 08:52:22,www.dansea.fr
2013-12-13 08:52:26,www.dansea.fr
2013-12-13 08:52:26,piwik.agencepix.com
2013-12-13 08:52:35,www.dansea.fr
2013-12-13 08:52:35,piwik.agencepix.com
2013-12-13 08:52:36,www.dansea.fr
2013-12-13 08:52:38,www.dansea.fr
2013-12-13 08:52:39,www.dansea.fr
2013-12-13 08:52:43,www.dansea.fr
2013-12-13 08:52:46,www.google.fr
2013-12-13 08:52:46,clients1.google.fr
2013-12-13 08:52:46,apis.google.com
2013-12-13 08:52:47,www.dansea.fr
2013-12-13 08:52:52,www.dansea.fr
2013-12-13 08:52:55,www.dansea.fr
2013-12-13 08:52:56,www.dansea.fr
2013-12-13 08:52:59,www.dansea.fr
2013-12-13 08:53:01,www.dansea.fr
2013-12-13 08:53:09,piwik.agencepix.com
2013-12-13 08:53:09,www.dansea.fr
2013-12-13 08:53:24,www.dansea.fr
2013-12-13 08:53:25,s-static.ak.facebook.com
2013-12-13 08:53:25,www.facebook.com
2013-12-13 08:53:25,www.dansea.fr
2013-12-13 08:53:25,piwik.agencepix.com
2013-12-13 08:53:25,static.ak.facebook.com
2013-12-13 08:53:29,piwik.agencepix.com
2013-12-13 08:54:03,www.dansea.fr
2013-12-13 08:54:03,static.ak.facebook.com
2013-12-13 08:54:04,piwik.agencepix.com
2013-12-13 08:54:04,www.dansea.fr
2013-12-13 08:54:04,www.facebook.com
2013-12-13 08:54:04,s-static.ak.facebook.com
2013-12-13 08:54:09,piwik.agencepix.com
2013-12-13 08:55:44,s-static.ak.facebook.com
2013-12-13 08:55:44,piwik.agencepix.com
2013-12-13 08:55:44,www.facebook.com
2013-12-13 08:55:44,static.ak.facebook.com
2013-12-13 08:55:44,www.dansea.fr
2013-12-13 08:56:34,piwik.agencepix.com
2013-12-13 08:56:40,www.dansea.fr
2013-12-13 08:56:41,piwik.agencepix.com
2013-12-13 09:01:32,clients1.google.fr
2013-12-13 09:01:33,www.google.fr
2013-12-13 09:01:33,clients1.google.fr
2013-12-13 09:01:45,www.google.fr
2013-12-13 09:01:46,www.google.fr
2013-12-13 09:02:37,www.google.fr
2013-12-13 09:02:37,clients1.google.fr
2013-12-13 09:02:56,www.google.fr
2013-12-13 09:04:02,www.google.fr
2013-12-13 09:05:50,www.google.fr
2013-12-13 09:16:13,clients1.google.fr
2013-12-13 09:16:13,www.google.fr
2013-12-13 09:16:14,www.google.fr
2013-12-13 09:16:20,clients1.google.fr
2013-12-13 09:16:20,www.google.fr
2013-12-13 09:16:24,www.google.fr
2013-12-13 09:16:24,clients1.google.fr
2013-12-13 09:16:25,www.google.fr
2013-12-13 09:16:33,www.google.fr
2013-12-13 09:17:13,clients1.google.fr
2013-12-13 09:17:13,www.google.fr
2013-12-13 09:17:14,www.google.fr
2013-12-13 09:17:27,clients1.google.fr
2013-12-13 09:17:27,www.google.fr
2013-12-13 09:18:41,www.google.fr
2013-12-13 09:19:18,www.google.fr
2013-12-13 09:19:29,clients1.google.fr
2013-12-13 09:19:29,www.google.fr
2013-12-13 09:19:30,www.google.fr
2013-12-13 09:20:47,www.google.fr
2013-12-13 09:25:44,www.google.fr
2013-12-13 09:28:01,www.google.fr
2013-12-13 09:29:04,clients1.google.fr
2013-12-13 09:29:04,www.google.fr
2013-12-13 09:33:19,www.google.fr
2013-12-13 09:45:47,www.google.fr
2013-12-13 09:45:47,clients1.google.fr
2013-12-13 09:46:05,www.google.fr
2013-12-13 09:46:05,clients1.google.fr
2013-12-13 09:46:06,www.google.fr
2013-12-13 09:46:25,www.google.fr
2013-12-13 09:47:27,www.google.fr
2013-12-13 10:19:23,www.dansea.fr
2013-12-13 10:19:23,connect.facebook.net
2013-12-13 10:19:24,www.facebook.com
2013-12-13 10:19:24,piwik.agencepix.com
2013-12-13 10:19:24,static.ak.facebook.com
2013-12-13 10:19:24,www.dansea.fr
2013-12-13 10:19:24,s-static.ak.facebook.com
2013-12-13 10:19:30,piwik.agencepix.com
2013-12-13 10:19:38,www.dansea.fr
2013-12-13 10:19:39,s-static.ak.facebook.com
2013-12-13 10:19:39,www.facebook.com
2013-12-13 10:19:39,piwik.agencepix.com
2013-12-13 10:19:39,static.ak.facebook.com
2013-12-13 10:19:45,piwik.agencepix.com
2013-12-13 10:19:47,www.dansea.fr
2013-12-13 10:19:48,static.ak.facebook.com
2013-12-13 10:19:48,s-static.ak.facebook.com
2013-12-13 10:19:48,piwik.agencepix.com
2013-12-13 10:19:48,www.facebook.com
2013-12-13 10:19:53,piwik.agencepix.com
2013-12-13 10:20:20,piwik.agencepix.com
2013-12-13 10:20:23,piwik.agencepix.com
2013-12-13 10:20:25,www.bing.com
2013-12-13 10:20:26,www.bing.com
2013-12-13 10:20:27,www.google.fr
2013-12-13 10:21:29,www.google.fr
2013-12-13 10:21:30,www.dansea.fr
2013-12-13 10:21:30,www.google.fr
2013-12-13 10:21:31,static.ak.facebook.com
2013-12-13 10:21:31,piwik.agencepix.com
2013-12-13 10:21:31,www.dansea.fr
2013-12-13 10:21:31,s-static.ak.facebook.com
2013-12-13 10:21:37,www.dansea.fr
2013-12-13 10:21:38,www.dansea.fr
2013-12-13 10:21:38,www.facebook.com
2013-12-13 10:21:38,s-static.ak.facebook.com
2013-12-13 10:21:38,static.ak.facebook.com
2013-12-13 10:21:38,piwik.agencepix.com
2013-12-13 10:21:42,piwik.agencepix.com
2013-12-13 10:21:42,static.ak.facebook.com
2013-12-13 10:21:42,s-static.ak.facebook.com
2013-12-13 10:22:31,www.google.fr
2013-12-13 10:22:32,www.dancedirect.fr
2013-12-13 10:22:32,www.google.fr
2013-12-13 10:22:32,www.google.com
2013-12-13 10:22:32,html5shim.googlecode.com
2013-12-13 10:23:32,www.dancedirect.fr
2013-12-13 10:23:47,assets.pinterest.com
2013-12-13 10:23:47,www.dancedirect.fr
2013-12-13 10:23:48,www.facebook.com
2013-12-13 10:23:48,www.dancedirect.fr
2013-12-13 10:23:48,platform.twitter.com
2013-12-13 10:23:48,www.google.fr
2013-12-13 10:23:48,apis.google.com
2013-12-13 10:23:48,www.google.com
2013-12-13 10:23:48,widgets.pinterest.com
2013-12-13 10:23:50,www.dancedirect.fr
2013-12-13 10:23:58,www.dancedirect.fr
2013-12-13 10:23:59,www.dancedirect.fr
2013-12-13 10:23:59,www.google.fr
2013-12-13 10:23:59,www.google.com
2013-12-13 10:23:59,platform.twitter.com
2013-12-13 10:23:59,widgets.pinterest.com
2013-12-13 10:23:59,www.facebook.com
2013-12-13 10:23:59,assets.pinterest.com
2013-12-13 10:23:59,twitter.com
2013-12-13 10:23:59,apis.google.com
2013-12-13 10:24:11,twitter.com
2013-12-13 10:24:11,www.facebook.com
2013-12-13 10:24:11,widgets.pinterest.com
2013-12-13 10:24:11,www.google.com
2013-12-13 10:24:12,www.google.fr
2013-12-13 10:24:12,www.dancedirect.fr
2013-12-13 10:24:24,www.google.com
2013-12-13 10:24:24,twitter.com
2013-12-13 10:24:24,apis.google.com
2013-12-13 10:24:24,www.google.fr
2013-12-13 10:24:25,twitter.com
2013-12-13 10:24:35,www.google.fr
2013-12-13 10:24:36,www.google.fr
2013-12-13 10:24:36,www.google.com
2013-12-13 10:24:36,clients1.google.fr
2013-12-13 10:24:37,i01.i.aliimg.com
2013-12-13 10:24:37,www.google.fr
2013-12-13 10:24:38,style.aliunicorn.com
2013-12-13 10:24:38,fr.aliexpress.com
2013-12-13 10:24:38,i02.i.aliimg.com
2013-12-13 10:24:39,i00.i.aliimg.com
2013-12-13 10:24:39,i01.i.aliimg.com
2013-12-13 10:24:40,style.alibaba.com
2013-12-13 10:24:40,style.aliunicorn.com
2013-12-13 10:24:40,www.google.fr
2013-12-13 10:24:40,i01.i.aliimg.com
2013-12-13 10:24:40,i00.i.aliimg.com
2013-12-13 10:24:40,i02.i.aliimg.com
2013-12-13 10:24:41,fr.aliexpress.com
2013-12-13 10:24:41,style.aliunicorn.com
2013-12-13 10:24:41,i01.i.aliimg.com
2013-12-13 10:24:42,i00.i.aliimg.com
2013-12-13 10:24:42,i01.i.aliimg.com
2013-12-13 10:24:43,i01.i.aliimg.com
2013-12-13 10:24:43,i00.i.aliimg.com
2013-12-13 10:24:44,style.aliexpress.com
2013-12-13 10:24:44,style.alibaba.com
2013-12-13 10:24:44,img.alibaba.com
2013-12-13 10:24:44,fr.aliexpress.com
2013-12-13 10:24:44,i00.i.aliimg.com
2013-12-13 10:24:44,i01.i.aliimg.com
2013-12-13 10:24:45,i00.i.aliimg.com
2013-12-13 10:24:45,i02.i.aliimg.com
2013-12-13 10:24:45,i01.i.aliimg.com
2013-12-13 10:24:46,i01.i.aliimg.com
2013-12-13 10:24:46,style.aliunicorn.com
2013-12-13 10:24:46,img.alibaba.com
2013-12-13 10:24:48,id.google.fr
2013-12-13 10:25:01,fr.aliexpress.com
2013-12-13 10:25:01,www.squid-cache.org
2013-12-13 10:25:05,stat.alibaba.com
2013-12-13 10:25:19,style.aliunicorn.com
2013-12-13 10:25:19,fr.aliexpress.com
2013-12-13 10:25:19,i02.i.aliimg.com
2013-12-13 10:25:19,img.alibaba.com
2013-12-13 10:25:19,i01.i.aliimg.com
2013-12-13 10:25:20,style.alibaba.com
2013-12-13 10:25:20,i02.i.aliimg.com
2013-12-13 10:25:20,img.alibaba.com
2013-12-13 10:25:20,fr.aliexpress.com
2013-12-13 10:25:20,i01.i.aliimg.com
2013-12-13 10:25:21,www.aliexpress.com
2013-12-13 10:25:23,i02.i.aliimg.com
2013-12-13 10:25:27,stat.alibaba.com
2013-12-13 10:25:30,img.alibaba.com
2013-12-13 10:25:30,i01.i.aliimg.com
2013-12-13 10:25:30,i02.i.aliimg.com
2013-12-13 10:25:30,fr.aliexpress.com
2013-12-13 10:25:30,www.aliexpress.com
2013-12-13 10:25:32,i01.i.aliimg.com
2013-12-13 10:25:37,clients1.google.fr
2013-12-13 10:25:37,www.google.fr
2013-12-13 10:25:38,www.google.fr
2013-12-13 10:25:40,id.google.fr
2013-12-13 10:25:41,id.google.fr
2013-12-13 10:25:41,www.google.fr
2013-12-13 10:25:41,www.pointes.fr
2013-12-13 10:25:42,www.pointes.fr
2013-12-13 10:25:43,www.pointes.fr
2013-12-13 10:25:43,www.google.fr
2013-12-13 10:25:44,www.pointes.fr
2013-12-13 10:28:12,www.google.fr
2013-12-13 10:28:13,www.grishko.com
2013-12-13 10:28:13,www.google.fr
2013-12-13 10:28:14,www.grishko.com
2013-12-13 10:28:17,www.grishko.com
2013-12-13 10:28:18,www.grishko.com
2013-12-13 10:28:23,www.grishko.com
2013-12-13 10:28:24,www.grishko.com
2013-12-13 10:28:27,www.grishko.com
2013-12-13 10:28:37,www.grishko.com
2013-12-13 10:28:48,www.grishko.com
2013-12-13 10:29:14,www.grishko.com
2013-12-13 10:29:25,www.grishko.com
2013-12-13 10:30:08,www.bing.com
2013-12-13 10:30:09,www.bing.com
2013-12-13 10:30:09,www.google.fr
2013-12-13 10:30:41,www.google.fr
2013-12-13 10:30:42,www.melty.es
2013-12-13 10:30:42,www.melty.com.br
2013-12-13 10:30:42,www.melty.it
2013-12-13 10:30:42,ajax.googleapis.com
2013-12-13 10:30:42,www.google.fr
2013-12-13 10:30:42,media.melty.fr
2013-12-13 10:30:42,www.melty.fr
2013-12-13 10:30:43,www.melty.fr
2013-12-13 10:30:43,www.facebook.com
2013-12-13 10:30:43,s-static.ak.facebook.com
2013-12-13 10:30:43,ad.melty.fr
2013-12-13 10:30:43,static.ak.facebook.com
2013-12-13 10:30:44,rp.gwallet.com
2013-12-13 10:30:44,media-1.melty.fr
2013-12-13 10:30:44,media.melty.fr
2013-12-13 10:30:44,www.melty.fr
2013-12-13 10:30:48,www.melty.fr
2013-12-13 10:30:48,www.google.fr
2013-12-13 10:30:49,www.melty.fr
2013-12-13 10:30:51,www.google.fr
2013-12-13 10:30:51,www.melty.fr
2013-12-13 10:30:51,media.melty.fr
2013-12-13 10:30:52,tracking.melty.fr
2013-12-13 10:30:52,media.melty.fr
2013-12-13 10:30:52,www.ultimedia.com
2013-12-13 10:30:52,static.ak.facebook.com
2013-12-13 10:30:52,www.melty.fr
2013-12-13 10:30:52,www.facebook.com
2013-12-13 10:30:53,apis.google.com
2013-12-13 10:30:53,accounts.google.com
2013-12-13 10:30:53,s-static.ak.facebook.com
2013-12-13 10:30:53,www.melty.fr
2013-12-13 10:30:53,media.melty.fr
2013-12-13 10:30:54,media-1.melty.fr
2013-12-13 10:30:54,www.ultimedia.com
2013-12-13 10:30:54,www.melty.fr
2013-12-13 10:30:55,www.ultimedia.com
2013-12-13 10:31:00,clients1.google.fr
2013-12-13 10:31:00,www.google.fr
2013-12-13 10:31:01,www.google.fr
2013-12-13 10:31:02,css1.closermag.fr
2013-12-13 10:31:02,www.google.fr
2013-12-13 10:31:02,img3.closermag.fr
2013-12-13 10:31:02,ajax.googleapis.com
2013-12-13 10:31:02,static.coreg-feed.com
2013-12-13 10:31:02,src1.closermag.fr
2013-12-13 10:31:03,img2.closermag.fr
2013-12-13 10:31:03,img1.closermag.fr
2013-12-13 10:31:03,css1.closermag.fr
2013-12-13 10:31:04,css1.closermag.fr
2013-12-13 10:31:05,css1.closermag.fr
2013-12-13 10:31:08,css1.closermag.fr
2013-12-13 10:31:08,www.facebook.com
2013-12-13 10:31:08,cdns.gigya.com
2013-12-13 10:31:09,css1.closermag.fr
2013-12-13 10:31:09,static1.shopoon.fr
2013-12-13 10:31:09,src1.closermag.fr
2013-12-13 10:31:09,www.google.fr
2013-12-13 10:31:09,js1.closermag.fr
2013-12-13 10:31:12,clients1.google.fr
2013-12-13 10:31:12,www.google.fr
2013-12-13 10:31:15,www.google.fr
2013-12-13 10:31:17,www.google.fr
2013-12-13 10:31:17,media.melty.fr
2013-12-13 10:31:17,www.melty.fr
2013-12-13 10:31:17,tracking.melty.fr
2013-12-13 10:31:18,www.ultimedia.com
2013-12-13 10:31:18,www.melty.fr
2013-12-13 10:31:19,apis.google.com
2013-12-13 10:31:19,www.facebook.com
2013-12-13 10:31:19,media.melty.fr
2013-12-13 10:31:19,www.ultimedia.com
2013-12-13 10:31:19,static.ak.facebook.com
2013-12-13 10:31:19,s-static.ak.facebook.com
2013-12-13 10:31:20,i1.ytimg.com
2013-12-13 10:31:21,media.melty.fr
2013-12-13 10:31:21,ad.melty.fr
2013-12-13 10:31:21,um.simpli.fi
2013-12-13 10:31:21,www.melty.fr
2013-12-13 10:31:22,www.melty.fr
2013-12-13 10:31:22,media.melty.fr
2013-12-13 10:31:22,media-1.melty.fr
2013-12-13 10:31:23,www.melty.fr
2013-12-13 10:31:23,media.melty.fr
2013-12-13 10:31:25,us-east1.joyent.bench.cedexis.com
2013-12-13 10:31:25,i1-js-14-3-01-10077-276283836-i.init.cedexis-radar.net
2013-12-13 10:31:26,sfr.cedexis.com
2013-12-13 10:31:26,us-east1.joyent.bench.cedexis.com
2013-12-13 10:31:27,www.google.fr
2013-12-13 10:31:27,www.melty.fr
2013-12-13 10:31:27,sfr.cedexis.com
2013-12-13 10:31:28,www.melty.fr
2013-12-13 10:31:29,tracking.melty.fr
2013-12-13 10:31:29,www.melty.fr
2013-12-13 10:31:29,www.ultimedia.com
2013-12-13 10:31:29,static.ak.facebook.com
2013-12-13 10:31:29,www.facebook.com
2013-12-13 10:31:29,s-static.ak.facebook.com
2013-12-13 10:31:30,www.melty.fr
2013-12-13 10:31:30,www.facebook.com
2013-12-13 10:31:30,www.ultimedia.com
2013-12-13 10:31:30,apis.google.com
2013-12-13 10:31:31,ad.melty.fr
2013-12-13 10:31:32,www.melty.fr
2013-12-13 10:31:33,www.melty.fr
2013-12-13 10:31:33,h2.msn.com
2013-12-13 10:31:34,h1.msn.com
2013-12-13 10:31:34,www.facebook.com
2013-12-13 10:31:34,media-1.melty.fr
2013-12-13 10:31:34,rbp.mxptint.net
2013-12-13 10:31:35,h1.msn.com
2013-12-13 10:31:35,www.melty.fr
2013-12-13 10:31:35,media-1.melty.fr
2013-12-13 10:40:01,api.bing.com
2013-12-13 10:40:02,api.bing.com
2013-12-13 10:40:03,api.bing.com
2013-12-13 10:40:04,api.bing.com
2013-12-13 10:40:05,api.bing.com
2013-12-13 10:40:06,www.bing.com
2013-12-13 10:40:07,www.bing.com
2013-12-13 10:40:08,www.bing.com
2013-12-13 10:40:11,www.bing.com
2013-12-13 10:40:13,www.bing.com
2013-12-13 10:40:14,ts4.mm.bing.net
2013-12-13 10:40:14,ts2.mm.bing.net
2013-12-13 10:40:14,ts3.mm.bing.net
2013-12-13 10:40:14,www.bing.com
2013-12-13 10:40:14,g.microsoft.com
2013-12-13 10:40:15,ts3.mm.bing.net
2013-12-13 10:40:15,ts4.mm.bing.net
2013-12-13 10:40:15,ts1.mm.bing.net
2013-12-13 10:40:15,ts2.mm.bing.net
2013-12-13 10:40:15,www.bing.com
2013-12-13 10:40:16,ts4.mm.bing.net
2013-12-13 10:40:16,ts1.mm.bing.net
2013-12-13 10:40:16,ts3.mm.bing.net
2013-12-13 10:40:16,ts2.mm.bing.net
2013-12-13 10:40:17,ts3.mm.bing.net
2013-12-13 10:40:17,ts2.mm.bing.net
2013-12-13 10:40:17,www.bing.com
2013-12-13 10:40:17,ts4.mm.bing.net
2013-12-13 10:40:17,ts1.mm.bing.net
2013-12-13 10:40:18,ts4.mm.bing.net
2013-12-13 10:40:18,ts1.mm.bing.net
2013-12-13 10:40:18,www.bing.com
2013-12-13 10:40:18,ts3.mm.bing.net
2013-12-13 10:40:18,ts2.mm.bing.net
2013-12-13 10:40:19,login.live.com
2013-12-13 10:40:19,ts1.mm.bing.net
2013-12-13 10:40:19,photos.last-video.com
2013-12-13 10:40:19,www.beaute-femme.org
2013-12-13 10:40:19,imworld.aufeminin.com
2013-12-13 10:40:19,ts2.mm.bing.net
2013-12-13 10:40:19,ts3.mm.bing.net
2013-12-13 10:40:19,www.bing.com
2013-12-13 10:40:19,ts4.mm.bing.net
2013-12-13 10:40:19,up.sur-la-toile.com
2013-12-13 10:40:20,www.pipole.net
2013-12-13 10:40:20,ts1.mm.bing.net
2013-12-13 10:40:20,www.bing.com
2013-12-13 10:40:20,images.4ever.eu
2013-12-13 10:40:20,ts2.mm.bing.net
2013-12-13 10:40:20,d2.img.v4.skyrock.net
2013-12-13 10:40:20,images.ados.fr
2013-12-13 10:40:20,ts4.mm.bing.net
2013-12-13 10:40:20,images.fanpop.com
2013-12-13 10:40:21,login.live.com
2013-12-13 10:40:21,www.bing.com
2013-12-13 10:40:22,www.bing.com
2013-12-13 10:40:23,www.bing.com
2013-12-13 10:40:26,ts1.mm.bing.net
2013-12-13 10:40:27,ts1.mm.bing.net
2013-12-13 10:40:27,www.bing.com
2013-12-13 10:40:28,ts3.mm.bing.net
2013-12-13 10:40:28,ts4.mm.bing.net
2013-12-13 10:40:28,ts2.mm.bing.net
2013-12-13 10:40:28,www.bing.com
2013-12-13 10:40:29,ts4.mm.bing.net
2013-12-13 10:40:29,ts1.mm.bing.net
2013-12-13 10:40:29,ts3.mm.bing.net
2013-12-13 10:40:29,www.bing.com
2013-12-13 10:40:29,ts2.mm.bing.net
2013-12-13 10:40:30,ts3.mm.bing.net
2013-12-13 10:40:30,ts1.mm.bing.net
2013-12-13 10:40:30,ts4.mm.bing.net
2013-12-13 10:40:30,ts2.mm.bing.net
2013-12-13 10:40:31,ts3.mm.bing.net
2013-12-13 10:40:31,ts4.mm.bing.net
2013-12-13 10:40:31,ts2.mm.bing.net
2013-12-13 10:40:31,ts1.mm.bing.net
2013-12-13 10:40:32,ts3.mm.bing.net
2013-12-13 10:40:32,ts4.mm.bing.net
2013-12-13 10:40:32,www.bing.com
2013-12-13 10:40:32,ts1.mm.bing.net
2013-12-13 10:40:32,ts2.mm.bing.net
2013-12-13 10:40:33,ts3.mm.bing.net
2013-12-13 10:40:33,ts1.mm.bing.net
2013-12-13 10:40:33,www.bing.com
2013-12-13 10:40:33,ts2.mm.bing.net
2013-12-13 10:40:33,ts4.mm.bing.net
2013-12-13 10:40:34,www.bing.com
2013-12-13 10:40:34,ts3.mm.bing.net
2013-12-13 10:40:34,ts1.mm.bing.net
2013-12-13 10:40:35,ssl.bing.com
2013-12-13 10:40:35,www.bing.com
2013-12-13 10:40:36,www.bing.com
2013-12-13 10:40:36,ts1.mm.bing.net
2013-12-13 10:40:37,www.bing.com
2013-12-13 10:40:37,ts1.mm.bing.net
2013-12-13 10:40:38,www.bing.com
2013-12-13 10:40:38,ts1.mm.bing.net
2013-12-13 10:40:43,login.live.com
2013-12-13 10:40:46,www.bing.com
2013-12-13 10:40:47,www.bing.com
2013-12-13 10:40:47,ts1.mm.bing.net
2013-12-13 10:40:49,www.bing.com
2013-12-13 10:40:51,www.bing.com
2013-12-13 10:40:51,ts1.mm.bing.net
2013-12-13 10:40:57,ssl.bing.com
2013-12-13 10:40:57,www.bing.com
2013-12-13 10:41:14,ts1.mm.bing.net
2013-12-13 10:41:15,www.bing.com
2013-12-13 10:41:18,ts1.mm.bing.net
2013-12-13 10:41:18,www.bing.com
2013-12-13 10:41:19,ssl.bing.com
2013-12-13 10:41:19,ts1.mm.bing.net
2013-12-13 10:41:19,www.bing.com
2013-12-13 10:41:20,www.bing.com
2013-12-13 10:41:21,www.bing.com
2013-12-13 10:41:21,ts1.mm.bing.net
2013-12-13 10:41:21,ts3.mm.bing.net
2013-12-13 10:41:21,ts2.mm.bing.net
2013-12-13 10:41:21,ts4.mm.bing.net
2013-12-13 10:41:22,ts2.mm.bing.net
2013-12-13 10:41:22,ts4.mm.bing.net
2013-12-13 10:41:22,ts3.mm.bing.net
2013-12-13 10:41:22,ts1.mm.bing.net
2013-12-13 10:41:23,ts3.mm.bing.net
2013-12-13 10:41:23,ts1.mm.bing.net
2013-12-13 10:41:23,ts4.mm.bing.net
2013-12-13 10:41:23,www.bing.com
2013-12-13 10:41:23,ts2.mm.bing.net
2013-12-13 10:41:24,ts2.mm.bing.net
2013-12-13 10:41:24,ts4.mm.bing.net
2013-12-13 10:41:24,ts1.mm.bing.net
2013-12-13 10:41:24,ts3.mm.bing.net
2013-12-13 10:41:24,www.bing.com
2013-12-13 10:41:25,www.bing.com
2013-12-13 10:41:25,ts1.mm.bing.net
2013-12-13 10:41:27,www.bing.com
2013-12-13 10:41:27,ts1.mm.bing.net
2013-12-13 10:41:29,www.bing.com
2013-12-13 10:41:30,ts1.mm.bing.net
2013-12-13 10:41:30,www.bing.com
2013-12-13 10:41:31,www.bing.com
2013-12-13 10:41:33,www.bing.com
2013-12-13 10:41:35,www.bing.com
2013-12-13 10:41:35,ts1.mm.bing.net
2013-12-13 10:41:36,www.bing.com
2013-12-13 10:41:36,ts1.mm.bing.net
2013-12-13 10:41:37,www.bing.com
2013-12-13 10:41:39,www.bing.com
2013-12-13 10:41:39,ts1.mm.bing.net
2013-12-13 10:41:44,www.bing.com
2013-12-13 10:41:44,ts1.mm.bing.net
2013-12-13 10:41:44,ts4.mm.bing.net
2013-12-13 10:41:44,ts2.mm.bing.net
2013-12-13 10:41:44,ts3.mm.bing.net
2013-12-13 10:41:45,ts2.mm.bing.net
2013-12-13 10:41:45,ts3.mm.bing.net
2013-12-13 10:41:45,ts4.mm.bing.net
2013-12-13 10:41:45,www.bing.com
2013-12-13 10:41:45,ts1.mm.bing.net
2013-12-13 10:41:46,ts4.mm.bing.net
2013-12-13 10:41:46,ts2.mm.bing.net
2013-12-13 10:41:46,ts3.mm.bing.net
2013-12-13 10:41:46,www.bing.com
2013-12-13 10:41:46,ts1.mm.bing.net
2013-12-13 10:41:47,ts4.mm.bing.net
2013-12-13 10:41:47,www.bing.com
2013-12-13 10:41:47,ts1.mm.bing.net
2013-12-13 10:41:47,ts3.mm.bing.net
2013-12-13 10:41:47,ts2.mm.bing.net
2013-12-13 10:41:48,ts1.mm.bing.net
2013-12-13 10:41:48,www.bing.com
2013-12-13 10:41:49,www.bing.com
2013-12-13 10:41:50,www.bing.com
2013-12-13 10:41:50,ts1.mm.bing.net
2013-12-13 10:41:51,ts1.mm.bing.net
2013-12-13 10:41:51,www.bing.com
2013-12-13 10:41:53,ts1.mm.bing.net
2013-12-13 10:41:54,www.bing.com
2013-12-13 10:41:56,www.bing.com
2013-12-13 10:41:58,www.bing.com
2013-12-13 10:41:58,ts1.mm.bing.net
2013-12-13 10:42:00,www.bing.com
2013-12-13 10:42:01,www.bing.com
2013-12-13 10:42:01,ts1.mm.bing.net
2013-12-13 10:42:03,www.bing.com
2013-12-13 10:42:05,www.bing.com
2013-12-13 10:42:08,www.bing.com
2013-12-13 10:42:09,ts1.mm.bing.net
2013-12-13 10:42:09,www.bing.com
2013-12-13 10:42:10,ts1.mm.bing.net
2013-12-13 10:42:11,www.bing.com
2013-12-13 10:42:13,www.bing.com
2013-12-13 10:42:16,www.bing.com
2013-12-13 10:42:17,www.bing.com
2013-12-13 10:42:17,ts1.mm.bing.net
2013-12-13 10:42:17,ts3.mm.bing.net
2013-12-13 10:42:17,ts4.mm.bing.net
2013-12-13 10:42:18,ts2.mm.bing.net
2013-12-13 10:42:18,ts4.mm.bing.net
2013-12-13 10:42:18,ts1.mm.bing.net
2013-12-13 10:42:18,ts3.mm.bing.net
2013-12-13 10:42:19,ts1.mm.bing.net
2013-12-13 10:42:19,www.bing.com
2013-12-13 10:42:21,ts1.mm.bing.net
2013-12-13 10:42:22,www.bing.com
2013-12-13 10:42:22,ts1.mm.bing.net
2013-12-13 10:42:22,ts3.mm.bing.net
2013-12-13 10:42:22,ts2.mm.bing.net
2013-12-13 10:42:22,ts4.mm.bing.net
2013-12-13 10:42:23,ts1.mm.bing.net
2013-12-13 10:42:23,ts3.mm.bing.net
2013-12-13 10:42:23,www.bing.com
2013-12-13 10:42:23,ts2.mm.bing.net
2013-12-13 10:42:23,ts4.mm.bing.net
2013-12-13 10:42:24,ts3.mm.bing.net
2013-12-13 10:42:24,ts4.mm.bing.net
2013-12-13 10:42:24,ts2.mm.bing.net
2013-12-13 10:42:24,ts1.mm.bing.net
2013-12-13 10:42:24,www.bing.com
2013-12-13 10:42:25,ts1.mm.bing.net
2013-12-13 10:42:25,ts4.mm.bing.net
2013-12-13 10:42:25,www.bing.com
2013-12-13 10:42:26,www.bing.com
2013-12-13 10:42:27,www.bing.com
2013-12-13 10:42:30,www.bing.com
2013-12-13 10:42:30,ts4.mm.bing.net
2013-12-13 10:42:30,ts1.mm.bing.net
2013-12-13 10:42:31,shechive.files.wordpress.com
2013-12-13 10:42:31,www.renders-graphiques.fr
2013-12-13 10:42:32,cdn1.gossipcenter.com
2013-12-13 10:42:32,img1.browsebiography.com
2013-12-13 10:42:32,ts2.mm.bing.net
2013-12-13 10:42:32,www.bing.com
2013-12-13 10:42:32,www.uslanmam.com
2013-12-13 10:42:32,www.metello.com
2013-12-13 10:42:32,img.ibtimes.com
2013-12-13 10:42:32,1.bp.blogspot.com
2013-12-13 10:42:33,lost.fannook.com
2013-12-13 10:42:33,static1.get-the-look.fr
2013-12-13 10:42:33,media.paperblog.fr
2013-12-13 10:42:37,ts1.mm.bing.net
2013-12-13 10:42:37,www.bing.com
2013-12-13 10:42:38,ts1.mm.bing.net
2013-12-13 10:42:39,ts1.mm.bing.net
2013-12-13 10:42:45,ts1.mm.bing.net
2013-12-13 10:42:45,www.bing.com
2013-12-13 10:42:46,ts1.mm.bing.net
2013-12-13 10:42:46,www.bing.com
2013-12-13 10:42:46,2.bp.blogspot.com
2013-12-13 10:42:47,2.bp.blogspot.com
2013-12-13 10:42:47,3.bp.blogspot.com
2013-12-13 10:42:47,media.meltybuzz.fr
2013-12-13 10:42:48,imworld.aufeminin.com
2013-12-13 10:42:48,www.myhero.com
2013-12-13 10:42:48,ts1.mm.bing.net
2013-12-13 10:42:49,images4.fanpop.com
2013-12-13 10:42:49,vampirediaries.alloyentertainment.com
2013-12-13 10:42:50,www.bing.com
2013-12-13 10:46:52,api.bing.com
2013-12-13 10:46:53,api.bing.com
2013-12-13 10:46:54,api.bing.com
2013-12-13 10:46:54,www.bing.com
2013-12-13 10:46:55,www.bing.com
2013-12-13 10:46:59,www.bing.com
2013-12-13 10:47:02,www.bing.com
2013-12-13 10:47:03,www.bing.com
2013-12-13 10:47:06,login.live.com
2013-12-13 10:47:07,login.live.com
2013-12-13 10:47:07,www.bing.com
2013-12-13 10:47:10,www.bing.com
2013-12-13 10:47:13,ssl.bing.com
2013-12-13 10:47:13,ts3.mm.bing.net
2013-12-13 10:47:13,login.live.com
2013-12-13 10:47:13,www.bing.com
2013-12-13 10:47:14,ts2.mm.bing.net
2013-12-13 10:47:14,ts1.mm.bing.net
2013-12-13 10:47:14,www.bing.com
2013-12-13 10:47:14,ts3.mm.bing.net
2013-12-13 10:47:14,ts4.mm.bing.net
2013-12-13 10:47:15,ts1.mm.bing.net
2013-12-13 10:47:15,ts2.mm.bing.net
2013-12-13 10:47:15,ts4.mm.bing.net
2013-12-13 10:47:15,ts3.mm.bing.net
2013-12-13 10:47:15,www.bing.com
2013-12-13 10:47:16,ts2.mm.bing.net
2013-12-13 10:47:16,ts4.mm.bing.net
2013-12-13 10:47:16,ts1.mm.bing.net
2013-12-13 10:47:16,www.bing.com
2013-12-13 10:47:16,ts3.mm.bing.net
2013-12-13 10:47:16,4.bp.blogspot.com
2013-12-13 10:47:17,ts4.mm.bing.net
2013-12-13 10:47:17,ts3.mm.bing.net
2013-12-13 10:47:17,4.bp.blogspot.com
2013-12-13 10:47:17,ts2.mm.bing.net
2013-12-13 10:47:17,ts1.mm.bing.net
2013-12-13 10:47:18,www.aceshowbiz.com
2013-12-13 10:47:18,ts1.mm.bing.net
2013-12-13 10:47:18,www.bing.com
2013-12-13 10:47:18,ts4.mm.bing.net
2013-12-13 10:47:18,images4.fanpop.com
2013-12-13 10:47:19,static.cinemagia.ro
2013-12-13 10:47:19,images2.fanpop.com
2013-12-13 10:47:20,ts3.mm.bing.net
2013-12-13 10:47:20,ts4.mm.bing.net
2013-12-13 10:47:20,ts1.mm.bing.net
2013-12-13 10:47:20,www.aceshowbiz.com
2013-12-13 10:47:20,www.bing.com
2013-12-13 10:47:21,3.bp.blogspot.com
2013-12-13 10:47:21,www.bing.com
2013-12-13 10:47:21,ts4.mm.bing.net
2013-12-13 10:47:21,paulwesleyfans.com
2013-12-13 10:47:21,images4.fanpop.com
2013-12-13 10:47:21,ts1.mm.bing.net
2013-12-13 10:47:22,images4.fanpop.com
2013-12-13 10:47:23,login.live.com
2013-12-13 10:47:23,www.bing.com
2013-12-13 10:47:24,www.bing.com
2013-12-13 10:47:25,ts1.mm.bing.net
2013-12-13 10:47:27,sdcc.co
2013-12-13 10:47:29,www.bing.com
2013-12-13 10:47:37,www.bing.com
2013-12-13 10:47:39,www.bing.com
2013-12-13 10:47:39,ts1.mm.bing.net
2013-12-13 10:47:41,ts1.mm.bing.net
2013-12-13 10:47:41,www.bing.com
2013-12-13 10:47:42,www.bing.com
2013-12-13 10:47:43,www.bing.com
2013-12-13 10:47:44,ssl.bing.com
2013-12-13 10:47:44,images2.fanpop.com
2013-12-13 10:47:44,www.bing.com
2013-12-13 10:47:45,ts1.mm.bing.net
2013-12-13 10:47:45,www.aceshowbiz.com
2013-12-13 10:47:46,ts1.mm.bing.net
2013-12-13 10:47:46,www.contactmusic.com
2013-12-13 10:47:46,www.bing.com
2013-12-13 10:47:47,images2.fanpop.com
2013-12-13 10:47:47,www.bing.com
2013-12-13 10:47:47,www.aceshowbiz.com
2013-12-13 10:47:48,ts1.mm.bing.net
2013-12-13 10:47:48,media1.santabanta.com
2013-12-13 10:47:49,www.bing.com
2013-12-13 10:47:49,images2.fanpop.com
2013-12-13 10:47:51,www.bing.com
2013-12-13 10:47:51,ts1.mm.bing.net
2013-12-13 10:47:52,www.bing.com
2013-12-13 10:47:53,ts1.mm.bing.net
2013-12-13 10:47:53,beauxmecs.ca
2013-12-13 10:47:53,www.thewallpapers.org
2013-12-13 10:47:53,ts4.mm.bing.net
2013-12-13 10:47:54,www.bing.com
2013-12-13 10:47:54,entredamas.com
2013-12-13 10:47:56,www.bing.com
2013-12-13 10:47:57,ts1.mm.bing.net
2013-12-13 10:47:58,images2.fanpop.com
2013-12-13 10:48:01,www.bing.com
2013-12-13 10:48:03,ts1.mm.bing.net
2013-12-13 10:48:04,www.bing.com
2013-12-13 10:48:05,www.ligadanasdicas.com
2013-12-13 10:48:06,www.bing.com
2013-12-13 10:48:07,ts1.mm.bing.net
2013-12-13 10:48:07,www.waouo.com
2013-12-13 10:48:09,images5.fanpop.com
2013-12-13 10:48:12,www.bing.com
2013-12-13 10:48:13,ts1.mm.bing.net
2013-12-13 10:48:14,ts1.mm.bing.net
2013-12-13 10:48:14,ia.media-imdb.com
2013-12-13 10:48:17,www.bing.com
2013-12-13 10:48:20,www.bing.com
2013-12-13 10:48:21,ts1.mm.bing.net
2013-12-13 10:48:22,www.wallstock.fr
2013-12-13 10:48:25,www.bing.com
2013-12-13 10:48:29,www.bing.com
2013-12-13 10:48:30,ts1.mm.bing.net
2013-12-13 10:48:32,www.bing.com
2013-12-13 10:48:33,ts1.mm.bing.net
2013-12-13 10:48:33,media.meltystyle.fr
2013-12-13 10:48:34,www.bing.com
2013-12-13 10:48:35,www.thewallpapers.org
2013-12-13 10:48:35,www.bing.com
2013-12-13 10:48:36,ts1.mm.bing.net
2013-12-13 10:48:36,1.bp.blogspot.com
2013-12-13 10:48:40,www.bing.com
2013-12-13 10:49:34,www.bing.com
2013-12-13 10:49:35,www.ligadanasdicas.com
2013-12-13 10:49:35,www.bing.com
2013-12-13 10:49:36,www.bing.com
2013-12-13 10:49:37,www.waouo.com
2013-12-13 10:49:37,3.bp.blogspot.com
2013-12-13 10:49:37,ts1.mm.bing.net
2013-12-13 10:49:38,www.reellifewithjane.com
2013-12-13 10:49:39,www.bing.com
2013-12-13 10:50:32,www.bing.com
2013-12-13 10:50:33,www.bing.com
2013-12-13 10:50:34,ts1.mm.bing.net
2013-12-13 10:50:35,www.waouo.com
2013-12-13 10:50:36,www.bing.com
2013-12-13 10:50:37,www.bing.com
2013-12-13 10:50:38,www.bing.com
2013-12-13 10:50:39,www.bing.com
2013-12-13 10:50:40,www.bing.com
2013-12-13 10:50:40,ts1.mm.bing.net
2013-12-13 10:50:41,www.aceshowbiz.com
2013-12-13 10:50:41,ts1.mm.bing.net
2013-12-13 10:50:41,ts2.mm.bing.net
2013-12-13 10:50:41,www.bing.com
2013-12-13 10:50:41,2.bp.blogspot.com
2013-12-13 10:50:42,www.bing.com
2013-12-13 10:50:44,www.bing.com
2013-12-13 10:50:44,ts1.mm.bing.net
2013-12-13 10:50:45,www.bing.com
2013-12-13 10:50:47,ts1.mm.bing.net
2013-12-13 10:50:47,www.pikosky.sk
2013-12-13 10:50:47,images2.fanpop.com
2013-12-13 10:50:47,www.bing.com
2013-12-13 10:50:49,www.bing.com
2013-12-13 10:50:49,ts1.mm.bing.net
2013-12-13 10:50:50,www.bing.com
2013-12-13 10:50:50,entredamas.com
2013-12-13 10:51:02,www.bing.com
2013-12-13 10:51:03,www.bing.com
2013-12-13 10:51:05,ts1.mm.bing.net
2013-12-13 10:51:05,www.waouo.com
2013-12-13 10:51:05,www.bing.com
2013-12-13 10:51:06,www.bing.com
2013-12-13 10:51:07,www.thewallpapers.org
2013-12-13 10:51:07,ts1.mm.bing.net
2013-12-13 10:51:08,ts3.mm.bing.net
2013-12-13 10:51:08,www.bing.com
2013-12-13 10:51:09,ts1.mm.bing.net
2013-12-13 10:51:09,paulwesleyfans.com
2013-12-13 10:51:09,www.moviepilot.de
2013-12-13 10:51:10,www.bing.com
2013-12-13 10:51:11,www.bing.com
2013-12-13 10:51:12,www.aceshowbiz.com
2013-12-13 10:51:12,www.bing.com
2013-12-13 10:51:13,www.bing.com
2013-12-13 10:51:13,ts1.mm.bing.net
2013-12-13 10:51:14,ts1.mm.bing.net
2013-12-13 10:51:14,www.moviepilot.de
2013-12-13 10:51:14,www.bing.com
2013-12-13 10:51:15,www.bing.com
2013-12-13 10:51:15,www.magweb.com
2013-12-13 10:51:16,2.bp.blogspot.com
2013-12-13 10:51:16,ts1.mm.bing.net
2013-12-13 10:51:16,ts3.mm.bing.net
2013-12-13 10:51:16,ts2.mm.bing.net
2013-12-13 10:51:16,www.bing.com
2013-12-13 10:51:16,ts4.mm.bing.net
2013-12-13 10:51:17,ts2.mm.bing.net
2013-12-13 10:51:17,ts1.mm.bing.net
2013-12-13 10:51:17,ts4.mm.bing.net
2013-12-13 10:51:17,images4.fanpop.com
2013-12-13 10:51:17,ts3.mm.bing.net
2013-12-13 10:51:17,www.bing.com
2013-12-13 10:51:18,img.mypopulars.com
2013-12-13 10:51:18,www.bing.com
2013-12-13 10:51:19,www.bing.com
2013-12-13 10:51:20,www.bing.com
2013-12-13 10:51:20,www.thewallpapers.org
2013-12-13 10:51:21,ts1.mm.bing.net
2013-12-13 10:51:21,www.bing.com
2013-12-13 10:51:22,ts1.mm.bing.net
2013-12-13 10:51:22,www.bing.com
2013-12-13 10:51:23,www.magweb.com
2013-12-13 10:51:23,www.bing.com
2013-12-13 10:51:24,www.bing.com
2013-12-13 10:51:24,ts1.mm.bing.net
2013-12-13 10:51:25,www.bing.com
2013-12-13 10:51:25,img.mypopulars.com
2013-12-13 10:51:25,ts1.mm.bing.net
2013-12-13 10:51:26,3.bp.blogspot.com
2013-12-13 10:51:26,www.bing.com
2013-12-13 10:51:26,ts1.mm.bing.net
2013-12-13 10:51:27,ts1.mm.bing.net
2013-12-13 10:52:45,ts1.mm.bing.net
2013-12-13 10:52:46,www.bing.com
2013-12-13 10:56:01,ts1.mm.bing.net
2013-12-13 10:56:02,ts1.mm.bing.net
2014-03-25 14:06:24,www.bing.com
2014-03-25 14:06:24,api.bing.com
2014-03-25 14:06:25,www.bing.com
2014-03-25 14:06:26,www.bing.com
2014-03-25 14:06:27,www.bing.com
2014-03-25 14:06:27,www.google.fr
2014-03-25 14:06:28,www.bing.com
2014-03-25 14:06:28,cms.abmr.net
2014-03-25 14:06:28,login.live.com
2014-03-25 14:06:28,www.google.fr
2014-03-25 14:06:28,clients1.google.fr
2014-03-25 14:07:31,www.google.fr
2014-03-25 14:07:36,clients1.google.fr
2014-03-25 14:07:36,www.google.fr
2014-03-25 14:09:04,www.google.fr
2014-03-25 14:09:04,clients1.google.fr
2014-03-25 14:09:04,www2.cedarcrest.edu
2014-03-25 14:24:58,www.mtsac.edu
2014-03-25 14:28:59,api.bing.com
2014-03-25 14:29:00,api.bing.com
2014-03-25 14:29:00,www.bing.com
2014-03-25 14:29:02,www.google.fr
2014-03-25 14:29:02,www.bing.com
2014-03-25 14:29:03,login.live.com
2014-03-25 14:29:03,clients1.google.fr
2014-03-25 14:30:03,www.google.fr
2014-03-25 14:30:03,clients1.google.fr
2014-03-25 15:26:13,api.bing.com
2014-03-25 15:26:14,api.bing.com
2014-03-25 15:26:15,www.bing.com
2014-03-25 15:26:17,clients1.google.fr
2014-03-25 15:26:17,www.google.fr
2014-03-25 15:26:17,www.bing.com
2014-03-25 15:26:18,login.live.com
2014-03-25 15:26:29,clients1.google.fr
2014-03-25 15:26:29,www.google.fr
2014-03-25 15:26:51,static.avast.com
2014-04-25 10:10:01,sci.sciences.univ-bpclermont.fr
2014-04-25 10:10:02,sci.sciences.univ-bpclermont.fr
2014-04-25 10:10:03,sci.sciences.univ-bpclermont.fr
2014-04-25 10:10:07,api.bing.com
2014-04-25 10:10:08,www.bing.com
2014-04-25 10:10:08,api.bing.com
2014-04-25 10:10:09,www.bing.com
2014-04-25 10:10:10,www.google.fr
2014-04-25 10:10:10,www.bing.com
2014-04-25 10:10:10,cms.abmr.net
2014-04-25 10:10:19,www.bing.com
2014-04-25 10:10:20,www.bing.com
2014-04-25 10:10:20,login.live.com
2014-04-25 10:10:21,www.google.fr
2014-04-25 10:10:22,www.google.fr
2014-04-25 10:10:22,ssl.bing.com
2014-04-25 10:10:22,clients1.google.fr
2014-04-25 10:10:27,www.google.fr
2014-04-25 10:10:28,fr-fr.facebook.com
2014-04-25 10:10:39,ent.univ-bpclermont.fr
2014-04-25 10:10:39,clients1.google.fr
2014-04-25 10:10:39,www.google.fr
2014-04-25 10:10:40,ent.univ-bpclermont.fr
2014-04-25 10:10:42,www.univ-bpclermont.fr
2014-04-25 10:10:42,ent.univ-bpclermont.fr
2014-04-25 10:10:43,www.univ-bpclermont.fr
2014-04-25 10:10:43,ent.univ-bpclermont.fr
2014-04-25 10:10:54,www.univ-bpclermont.fr
2014-04-25 10:11:04,ent.univ-bpclermont.fr
2014-04-25 10:11:04,www.univ-bpclermont.fr
2014-04-25 10:11:05,www.univ-bpclermont.fr
2014-04-25 10:11:05,ent.univ-bpclermont.fr
2014-04-25 10:12:27,ent.univ-bpclermont.fr
2014-04-25 10:12:31,www.bing.com
2014-04-25 10:12:33,www.bing.com
2014-04-25 10:12:35,www.bing.com
2014-04-25 10:12:36,www.bing.com
2014-04-25 10:12:37,www.bing.com
2014-04-25 10:12:40,www.bing.com
2014-04-25 10:12:41,www.bing.com
2014-04-25 10:12:42,www.bing.com
2014-04-25 10:12:43,www.bing.com
2014-04-25 10:12:44,www.bing.com
2014-04-25 10:12:44,login.live.com
2014-04-25 10:12:45,www.bing.com
2014-04-25 10:12:47,www.bing.com
2014-04-25 10:12:47,login.live.com
2014-04-25 10:12:51,www.bing.com
2014-04-25 10:12:52,www.bing.com
2014-04-25 10:12:53,www.bing.com
2014-04-25 10:12:55,ssl.bing.com
2014-04-25 10:15:13,service-updates.adobe.com
2014-04-25 10:32:03,sci.sciences.univ-bpclermont.fr
2014-04-25 10:32:04,sci.sciences.univ-bpclermont.fr
2014-04-25 10:32:08,api.bing.com
2014-04-25 10:32:09,api.bing.com
2014-04-25 10:32:10,www.bing.com
2014-04-25 10:32:13,www.bing.com
2014-04-25 10:32:13,www.google.fr
2014-04-25 10:32:19,login.live.com
2014-04-25 10:32:20,www.google.fr
2014-04-25 10:32:20,www.bing.com
2014-04-25 10:32:27,www.google.fr
2014-04-25 10:32:29,www.google.fr
2014-04-25 10:32:30,clients1.google.fr
2014-04-25 10:33:30,www.google.fr
2014-04-25 10:33:30,clients1.google.fr
2014-04-25 10:43:06,clients1.google.fr
2014-04-25 10:43:06,www.google.fr
2014-04-25 10:43:17,clients1.google.fr
2014-04-25 10:43:17,www.bing.com
2014-04-25 10:43:22,www.bing.com
2014-04-25 10:43:22,www.google.fr
2014-04-25 10:43:24,login.live.com
2014-04-25 10:43:35,www.google.fr
2014-04-25 10:43:35,clients1.google.fr
2014-04-25 10:51:45,sci.sciences.univ-bpclermont.fr
2014-04-25 10:51:46,sci.sciences.univ-bpclermont.fr
2014-04-25 10:51:47,api.bing.com
2014-04-25 10:51:48,api.bing.com
2014-04-25 10:51:49,www.bing.com
2014-04-25 10:51:49,www.google.fr
2014-04-25 10:51:54,www.google.fr
2014-04-25 10:51:58,www.google.fr
2014-04-25 10:52:02,login.live.com
2014-04-25 10:52:02,www.bing.com
2014-04-25 10:52:04,www.google.fr
2014-04-25 10:52:05,clients1.google.fr
2014-04-25 10:52:05,www.google.fr
2014-04-25 10:52:54,www.google.fr
2014-04-25 10:52:54,clients1.google.fr
2014-04-25 10:52:55,static.ccmbg.com
2014-04-25 10:52:55,www.linternaute.com
2014-04-25 10:52:55,html5shim.googlecode.com
2014-04-25 10:52:55,eff.linternaute.com
2014-04-25 10:52:55,ba.ccmbg.net
2014-04-25 10:52:56,pixel.alephd.com
2014-04-25 10:52:56,www.linternaute.com
2014-04-25 10:52:56,sci.sciences.univ-bpclermont.fr
2014-04-25 10:52:56,fpdownload2.macromedia.com
2014-04-25 10:52:56,www.facebook.com
2014-04-25 10:52:57,www.linternaute.com
2014-04-25 10:52:57,i-cms.linternaute.com
2014-04-25 10:52:57,r.ccmbg.com
2014-04-25 10:52:57,ajax.googleapis.com
2014-04-25 10:52:57,www.beead.fr
2014-04-25 10:52:57,localisation.benchmark.fr
2014-04-25 10:52:57,static.ccmbg.com
2014-04-25 10:52:57,www.facebook.com
2014-04-25 10:52:58,eff.linternaute.com
2014-04-25 10:52:58,adventori.com
2014-04-25 10:52:58,static.ccmbg.com
2014-04-25 10:52:58,r.ccmbg.com
2014-04-25 10:52:59,connect.facebook.net
2014-04-25 10:52:59,platform.twitter.com
2014-04-25 10:53:00,platform.twitter.com
2014-04-25 10:53:00,static.ak.facebook.com
2014-04-25 10:53:00,www.facebook.com
2014-04-25 10:53:00,s-static.ak.facebook.com
2014-04-25 10:53:00,apis.google.com
2014-04-25 10:53:01,sci.sciences.univ-bpclermont.fr
2014-04-25 10:53:02,sci.sciences.univ-bpclermont.fr
2014-04-25 10:53:02,platform.twitter.com
2014-04-25 10:53:10,www.linkedin.com
2014-04-25 10:53:10,widgets.pinterest.com
2014-04-25 10:53:10,platform.twitter.com
2014-04-25 10:53:10,www.google.com
2014-04-25 10:53:10,twitter.com
2014-04-25 10:53:10,www.linternaute.com
2014-04-25 10:53:10,apis.google.com
2014-04-25 10:53:12,apis.google.com
2014-04-25 10:53:13,twitter.com
2014-04-25 10:53:14,accounts.google.com
2014-04-25 10:53:17,accounts.google.com
2014-04-25 10:53:17,www.linternaute.com
2014-04-25 10:53:30,platform.twitter.com
2014-04-25 10:53:30,www.facebook.com
2014-04-25 10:53:59,sci.sciences.univ-bpclermont.fr
2014-04-25 10:54:00,sci.sciences.univ-bpclermont.fr
2014-04-25 10:54:05,sci.sciences.univ-bpclermont.fr
2014-04-25 10:54:08,sci.sciences.univ-bpclermont.fr
2014-04-25 10:54:09,sci.sciences.univ-bpclermont.fr
2014-04-25 10:54:10,www.google.com
2014-04-25 10:54:11,www.bing.com
2014-04-25 10:54:12,www.google.fr
2014-04-25 10:54:12,www.bing.com
2014-04-25 10:54:17,www.google.fr
2014-04-25 10:54:17,clients1.google.fr
2014-04-25 10:54:22,clients1.google.fr
2014-04-25 10:54:22,www.google.fr
2014-04-25 10:54:22,www.top-citations.com
2014-04-25 10:54:23,ajax.googleapis.com
2014-04-25 10:54:23,www.top-citations.com
2014-04-25 10:54:23,conversionsbox.com
2014-04-25 10:54:23,apis.google.com
2014-04-25 10:54:23,bloggergadgets.googlecode.com
2014-04-25 10:54:24,www.webaholic.co.in
2014-04-25 10:54:25,img1.blogblog.com
2014-04-25 10:54:25,3.bp.blogspot.com
2014-04-25 10:54:25,apis.google.com
2014-04-25 10:54:25,s-static.ak.facebook.com
2014-04-25 10:54:25,sites.google.com
2014-04-25 10:54:25,www.blogger.com
2014-04-25 10:54:26,sci.sciences.univ-bpclermont.fr
2014-04-25 10:54:26,img1.blogblog.com
2014-04-25 10:54:26,apis.google.com
2014-04-25 10:54:26,www.blogger.com
2014-04-25 10:54:26,sites.google.com
2014-04-25 10:54:26,accounts.google.com
2014-04-25 10:54:26,www.top-citations.com
2014-04-25 10:54:26,3.bp.blogspot.com
2014-04-25 10:54:26,rilwis.googlecode.com
2014-04-25 10:54:26,2.bp.blogspot.com
2014-04-25 10:54:26,4.bp.blogspot.com
2014-04-25 10:54:27,apis.google.com
2014-04-25 10:54:27,sci.sciences.univ-bpclermont.fr
2014-04-25 10:54:27,www.facebook.com
2014-04-25 10:54:29,www.top-citations.com
2014-04-25 10:55:09,sci.sciences.univ-bpclermont.fr
2014-04-25 10:55:11,sci.sciences.univ-bpclermont.fr
2014-04-25 10:55:13,www.bing.com
2014-04-25 10:55:14,www.bing.com
2014-04-25 10:55:15,www.google.fr
2014-04-25 10:55:15,www.bing.com
2014-04-25 10:55:22,assets4.lefigaro.fr
2014-04-25 10:55:22,static.evene.fr
2014-04-25 10:55:22,assets2.lefigaro.fr
2014-04-25 10:55:22,evene.lefigaro.fr
2014-04-25 10:55:22,www.google.fr
2014-04-25 10:55:22,clients1.google.fr
2014-04-25 10:55:22,assets3.lefigaro.fr
2014-04-25 10:55:23,assets-data.lefigaro.fr
2014-04-25 10:55:23,assets1.lefigaro.fr
2014-04-25 10:55:24,static.evene.fr
2014-04-25 10:55:24,www.ultimedia.com
2014-04-25 10:55:24,image5.evene.fr
2014-04-25 10:55:24,evene.lefigaro.fr
2014-04-25 10:55:24,c1.adform.net
2014-04-25 10:55:25,static.evene.fr
2014-04-25 10:55:26,um.simpli.fi
2014-04-25 10:55:27,rbp.mxptint.net
2014-04-25 10:55:27,match.rtbidder.net
2014-04-25 10:55:28,pr.ybp.yahoo.com
2014-04-25 10:55:29,static.evene.fr
2014-04-25 10:55:29,apis.google.com
2014-04-25 10:55:29,evene.lefigaro.fr
2014-04-25 10:55:30,apis.google.com
2014-04-25 10:55:30,accounts.google.com
2014-04-25 10:55:30,evene.lefigaro.fr
2014-04-25 10:55:30,static.evene.fr
2014-04-25 10:55:31,evene.lefigaro.fr
2014-04-25 10:55:31,apis.google.com
2014-04-25 10:55:31,www.ultimedia.com
2014-04-25 10:55:32,sci.sciences.univ-bpclermont.fr
2014-04-25 10:55:32,s-static.ak.facebook.com
2014-04-25 10:55:32,www.facebook.com
2014-04-25 10:55:33,twitter.com
2014-04-25 10:55:34,www.facebook.com
2014-04-25 10:55:34,assets1.lefigaro.fr
2014-04-25 10:55:34,sci.sciences.univ-bpclermont.fr
2014-04-25 10:55:44,pixel2368.everesttech.net
2014-04-25 10:56:04,evene.lefigaro.fr
2014-04-25 10:56:09,videosfr.s3.amazonaws.com
2014-04-25 10:56:10,pixel2368.everesttech.net
2014-04-25 10:56:10,rp.gwallet.com
2014-04-25 10:56:11,rubicon-match.dotomi.com
2014-04-25 10:56:12,www.facebook.com
2014-04-25 10:56:13,user-disp.tidaltv.com
2014-04-25 10:56:13,www.facebook.com
2014-04-25 10:56:14,apis.google.com
2014-04-25 10:56:15,apis.google.com
2014-04-25 10:56:15,evene.lefigaro.fr
2014-04-25 10:56:15,www.ultimedia.com
2014-04-25 10:56:16,www.facebook.com
2014-04-25 10:56:16,s-static.ak.facebook.com
2014-04-25 10:56:16,sci.sciences.univ-bpclermont.fr
2014-04-25 10:56:17,twitter.com
2014-04-25 10:56:18,sci.sciences.univ-bpclermont.fr
2014-04-25 10:56:18,www.facebook.com
2014-04-25 10:56:34,sci.sciences.univ-bpclermont.fr
2014-04-25 10:56:36,sci.sciences.univ-bpclermont.fr
2014-04-25 10:56:38,www.bing.com
2014-04-25 10:56:42,www.bing.com
2014-04-25 10:56:43,www.bing.com
2014-04-25 10:56:43,www.google.fr
2014-04-25 10:56:48,twitter.com
2014-04-25 10:56:56,clients1.google.fr
2014-04-25 10:56:57,www.google.fr
2014-04-25 10:56:59,apis.google.com
2014-04-25 10:56:59,sci.sciences.univ-bpclermont.fr
2014-04-25 10:56:59,accounts.google.com
2014-04-25 10:56:59,clients1.google.fr
2014-04-25 10:56:59,www.google.fr
2014-04-25 10:56:59,www.facebook.com
2014-04-25 10:56:59,www.intoxitation.com
2014-04-25 10:57:00,www.intoxitation.com
2014-04-25 10:57:10,p4-abdx42bklib76-ebh57y7qt32t2lcc-100958-i1-v6exp3-ds.metric.ipv6test.com
2014-04-25 10:57:10,p4-abdx42bklib76-ebh57y7qt32t2lcc-100958-i2-v6exp3-ds.metric.ipv6test.net
2014-04-25 10:58:00,www.intoxitation.com
2014-04-25 10:58:01,sci.sciences.univ-bpclermont.fr
2014-04-25 10:59:00,apis.google.com
2014-04-25 10:59:00,www.intoxitation.com
2014-04-25 10:59:00,sci.sciences.univ-bpclermont.fr
2014-04-25 10:59:34,www.intoxitation.com
2014-04-25 10:59:34,apis.google.com
2014-04-25 10:59:35,sci.sciences.univ-bpclermont.fr
2014-04-25 10:59:35,n7.hal9000.redintelligence.net
2014-04-25 10:59:35,banniere.reussissonsensemble.fr
2014-04-25 10:59:35,hal9000.redintelligence.net
2014-04-25 10:59:35,apis.google.com
2014-04-25 10:59:35,www.outiror.com
2014-04-25 10:59:36,tag.yakarouler.com
2014-04-25 10:59:36,boutique-online.orange.fr
2014-04-25 10:59:36,banniere.reussissonsensemble.fr
2014-04-25 11:00:19,www.intoxitation.com
2014-04-25 11:00:20,sci.sciences.univ-bpclermont.fr
2014-04-25 11:01:23,apis.google.com
2014-04-25 11:02:15,www.intoxitation.com
2014-04-25 11:02:16,apis.google.com
2014-04-25 11:02:17,sci.sciences.univ-bpclermont.fr
2014-04-25 11:02:17,www.facebook.com
2014-04-25 11:02:17,s-static.ak.facebook.com
2014-04-25 11:02:19,sci.sciences.univ-bpclermont.fr
2014-04-25 11:02:21,sci.sciences.univ-bpclermont.fr
2014-04-25 11:02:47,twitter.com
