timestamp,site
2014-01-04 08:00:46,api.bing.com
2014-01-04 08:00:48,api.bing.com
2014-01-04 08:00:50,api.bing.com
2014-01-04 08:00:51,api.bing.com
2014-01-04 08:00:52,www.bing.com
2014-01-04 08:00:53,www.bing.com
2014-01-04 08:00:53,cms.abmr.net
2014-01-04 08:00:54,www.bing.com
2014-01-04 08:00:57,www.bing.com
2014-01-04 08:01:04,login.live.com
2014-01-04 08:45:05,office14client.microsoft.com
2014-01-04 08:45:06,rr.office.microsoft.com
2014-01-04 09:03:52,api.bing.com
2014-01-04 09:03:53,api.bing.com
2014-01-04 09:03:54,www.bing.com
2014-01-04 09:03:56,www.bing.com
2014-01-04 09:03:56,www.google.fr
2014-01-04 09:03:56,clients1.google.fr
2014-01-04 09:03:58,clients1.google.fr
2014-01-04 09:03:59,clients1.google.fr
2014-01-04 09:04:01,www.google.fr
2014-01-04 09:04:01,clients1.google.fr
2014-01-04 09:04:04,www.google.fr
2014-01-04 09:04:04,fr.wikipedia.org
2014-01-04 09:04:04,bits.wikimedia.org
2014-01-04 09:04:05,meta.wikimedia.org
2014-01-04 09:04:05,login.wikimedia.org
2014-01-04 09:04:05,bits.wikimedia.org
2014-01-04 09:04:06,meta.wikimedia.org
2014-01-04 09:04:06,clients1.google.fr
2014-01-04 09:04:06,bits.wikimedia.org
2014-01-04 09:04:06,fr.wikipedia.org
2014-01-04 09:04:07,clients1.google.fr
2014-01-04 09:04:09,www.google.fr
2014-01-04 09:04:09,clients1.google.fr
2014-01-04 09:04:11,clients1.google.fr
2014-01-04 09:04:13,clients1.google.fr
2014-01-04 09:04:15,clients1.google.fr
2014-01-04 09:04:17,clients1.google.fr
2014-01-04 09:04:17,www.google.fr
2014-01-04 09:04:21,www.google.fr
2014-01-04 09:04:21,yui.yahooapis.com
2014-01-04 09:04:21,www.futura-sciences.com
2014-01-04 09:04:21,forums.futura-sciences.com
2014-01-04 09:04:22,forums.futura-sciences.com
2014-01-04 09:04:22,legacy.futura-sciences.com
2014-01-04 09:04:26,forums.futura-sciences.com
2014-01-04 09:04:27,forums.futura-sciences.com
2014-01-04 09:04:27,www.google.fr
2014-01-04 09:04:27,www.futura-sciences.com
2014-01-04 09:04:27,legacy.futura-sciences.com
2014-01-04 09:04:30,www.google.com
2014-01-04 09:04:30,www.futura-sciences.com
2014-01-04 09:04:31,legacy.futura-sciences.com
2014-01-04 09:04:31,www.google.fr
2014-01-04 09:04:45,www.google.com
2014-01-04 09:04:46,www.google.com
2014-01-04 09:04:49,www.futura-sciences.com
2014-01-04 09:04:49,legacy.futura-sciences.com
2014-01-04 09:04:50,fpdownload2.macromedia.com
2014-01-04 09:04:50,forums.futura-sciences.com
2014-01-04 09:04:50,fr.intext.adfever.com
2014-01-04 09:04:52,apis.google.com
2014-01-04 09:04:52,connect.facebook.net
2014-01-04 09:04:52,platform.twitter.com
2014-01-04 09:04:52,forums.futura-sciences.com
2014-01-04 09:04:53,apis.google.com
2014-01-04 09:04:54,apis.google.com
2014-01-04 09:04:55,apis.google.com
2014-01-04 09:04:55,api.adtag.avazu.net
2014-01-04 09:04:55,static.ak.facebook.com
2014-01-04 09:04:57,accounts.google.com
2014-01-04 09:05:03,www.facebook.com
2014-01-04 09:05:03,accounts.google.com
2014-01-04 09:05:03,s-static.ak.facebook.com
2014-01-04 09:05:04,platform.twitter.com
2014-01-04 09:05:04,s-static.ak.facebook.com
2014-01-04 09:05:04,twitter.com
2014-01-04 09:05:07,platform.twitter.com
2014-01-04 09:05:09,www.facebook.com
2014-01-04 09:05:10,twitter.com
2014-01-04 09:05:11,www.facebook.com
2014-01-04 09:05:12,forums.futura-sciences.com
2014-01-04 09:05:43,www.techno-science.net
2014-01-04 09:05:44,www.google.fr
2014-01-04 09:05:57,apis.google.com
2014-01-04 09:05:58,apis.google.com
2014-01-04 09:05:58,www.facebook.com
2014-01-04 09:05:58,www.techno-science.net
2014-01-04 09:05:59,www.techno-science.net
2014-01-04 09:05:59,ecx.images-amazon.com
2014-01-04 09:06:00,www.techno-science.net
2014-01-04 09:06:01,apis.google.com
2014-01-04 09:06:01,i3.ytimg.com
2014-01-04 09:06:01,www.techno-science.net
2014-01-04 09:06:06,accounts.google.com
2014-01-04 09:06:08,www.facebook.com
2014-01-04 09:06:13,www.facebook.com
2014-01-04 09:06:13,twitter.com
2014-01-04 09:06:44,twitter.com
2014-01-04 09:07:09,accounts.google.com
2014-01-04 09:44:17,clients1.google.fr
2014-01-04 09:44:18,clients1.google.fr
2014-01-04 09:44:21,clients1.google.fr
2014-01-04 09:44:24,clients1.google.fr
2014-01-04 09:44:26,clients1.google.fr
2014-01-04 09:44:26,www.google.fr
2014-01-04 09:44:40,www.consostatic.com
2014-01-04 09:44:40,www.consoglobe.com
2014-01-04 09:44:40,www.google.fr
2014-01-04 09:44:40,ajax.googleapis.com
2014-01-04 09:44:41,www.facebook.com
2014-01-04 09:44:41,apis.google.com
2014-01-04 09:44:41,www.consostatic.com
2014-01-04 09:44:41,platform.twitter.com
2014-01-04 09:44:41,mktg.factosoft.com
2014-01-04 09:44:42,www.facebook.com
2014-01-04 09:44:42,mktg.factosoft.com
2014-01-04 09:44:42,www.consostatic.com
2014-01-04 09:44:43,enquete.consoglobe.com
2014-01-04 09:44:43,ctoc.consostatic.com
2014-01-04 09:44:43,www.consostatic.com
2014-01-04 09:44:44,users.dialogfeed.com
2014-01-04 09:44:44,www.consostatic.com
2014-01-04 09:44:44,ctoc.consostatic.com
2014-01-04 09:44:44,ecx.images-amazon.com
2014-01-04 09:44:45,users.dialogfeed.com
2014-01-04 09:44:46,users.dialogfeed.com
2014-01-04 09:44:47,users.dialogfeed.com
2014-01-04 09:44:48,users.dialogfeed.com
2014-01-04 09:44:50,users.dialogfeed.com
2014-01-04 09:44:51,users.dialogfeed.com
2014-01-04 09:44:52,www.consostatic.com
2014-01-04 09:44:52,autopromo.consoglobe.com
2014-01-04 09:44:53,users.dialogfeed.com
2014-01-04 09:44:53,www.consoglobe.com
2014-01-04 09:44:53,enquete.consoglobe.com
2014-01-04 09:44:56,platform.twitter.com
2014-01-04 09:44:56,users.dialogfeed.com
2014-01-04 09:44:57,www.facebook.com
2014-01-04 09:44:57,twitter.com
2014-01-04 09:45:00,www.facebook.com
2014-01-04 09:45:02,ajax.googleapis.com
2014-01-04 09:45:03,ajax.googleapis.com
2014-01-04 09:45:04,cm.adgrx.com
2014-01-04 09:45:04,adventori.com
2014-01-04 09:45:04,dps.bing.com
2014-01-04 09:45:04,ajax.googleapis.com
2014-01-04 09:45:06,www.facebook.com
2014-01-04 09:45:06,apnx-match.dotomi.com
2014-01-04 09:45:07,rubicon-match.dotomi.com
2014-01-04 09:45:07,c1.adform.net
2014-01-04 09:45:11,www.consoglobe.com
2014-01-04 09:45:13,www.facebook.com
2014-01-04 09:45:13,users.dialogfeed.com
2014-01-04 09:45:13,www.consostatic.com
2014-01-04 09:45:13,www.consoglobe.com
2014-01-04 09:45:13,enquete.consoglobe.com
2014-01-04 09:45:14,connect.facebook.net
2014-01-04 09:45:14,autopromo.consoglobe.com
2014-01-04 09:45:14,enquete.consoglobe.com
2014-01-04 09:45:14,users.dialogfeed.com
2014-01-04 09:45:15,enquete.consoglobe.com
2014-01-04 09:45:15,hal9000.redintelligence.net
2014-01-04 09:45:15,www.facebook.com
2014-01-04 09:45:16,hal9000.redintelligence.net
2014-01-04 09:45:16,ad.publicidees.com
2014-01-04 09:45:16,banniere.reussissonsensemble.fr
2014-01-04 09:45:17,banniere.reussissonsensemble.fr
2014-01-04 09:45:17,datayr.yves-rocher.fr
2014-01-04 09:45:17,images.yves-rocher.fr
2014-01-04 09:45:18,www.consoglobe.com
2014-01-04 09:45:18,banniere.reussissonsensemble.fr
2014-01-04 09:45:19,rp.gwallet.com
2014-01-04 09:45:28,pixel2368.everesttech.net
2014-01-04 09:46:20,fr.wikipedia.org
2014-01-04 09:47:36,www.facebook.com
2014-01-04 09:47:36,enquete.consoglobe.com
2014-01-04 09:47:36,users.dialogfeed.com
2014-01-04 09:47:37,users.dialogfeed.com
2014-01-04 09:47:40,enquete.consoglobe.com
2014-01-04 09:47:42,www.facebook.com
2014-01-04 09:47:46,accounts.google.com
2014-01-04 09:47:46,twitter.com
2014-01-04 09:47:46,apis.google.com
2014-01-04 09:49:40,www.google.fr
2014-01-04 09:49:41,www.slow-cosmetique.org
2014-01-04 09:49:41,static.parastorage.com
2014-01-04 09:49:41,static.wix.com
2014-01-04 09:49:42,static.parastorage.com
2014-01-04 09:49:43,static.parastorage.com
2014-01-04 09:49:43,static.wix.com
2014-01-04 09:49:44,frog.wix.com
2014-01-04 09:49:44,static.parastorage.com
2014-01-04 09:49:45,static.parastorage.com
2014-01-04 09:49:46,www.slow-cosmetique.org
2014-01-04 09:49:46,static.parastorage.com
2014-01-04 09:49:52,static.parastorage.com
2014-01-04 09:49:54,static.wix.com
2014-01-04 09:49:56,static.parastorage.com
2014-01-04 09:49:57,static.parastorage.com
2014-01-04 09:49:59,static.wixstatic.com
2014-01-04 09:49:59,static.parastorage.com
2014-01-04 09:50:00,static.parastorage.com
2014-01-04 09:50:00,static.wixstatic.com
2014-01-04 09:50:00,frog.wix.com
2014-01-04 09:50:01,static.wix.com
2014-01-04 09:50:11,static.parastorage.com
2014-01-04 09:50:14,static.parastorage.com
2014-01-04 09:50:17,static.parastorage.com
2014-01-04 09:50:21,static.parastorage.com
2014-01-04 09:50:24,static.parastorage.com
2014-01-28 08:19:00,fpdownload2.macromedia.com
2014-01-28 08:19:13,api.bing.com
2014-01-28 08:19:14,api.bing.com
2014-01-28 08:19:15,www.bing.com
2014-01-28 08:19:16,www.bing.com
2014-01-28 08:19:17,www.bing.com
2014-01-28 08:19:18,cms.abmr.net
2014-01-28 08:19:18,login.live.com
2014-01-28 08:19:18,www.bing.com
2014-01-28 08:24:46,www.foxitsoftware.com
2014-01-28 08:24:49,ad.foxitsoftware.com
2014-01-28 08:38:40,www.foxitsoftware.com
2014-01-28 08:38:40,ad.foxitsoftware.com
2014-01-28 08:57:15,api.bing.com
2014-01-28 08:57:17,www.bing.com
2014-01-28 08:57:18,www.bing.com
2014-01-28 08:57:23,www.bing.com
2014-01-28 08:57:27,www.bing.com
2014-01-28 08:57:32,login.live.com
2014-01-28 08:57:34,login.live.com
2014-01-28 09:04:42,api.bing.com
2014-01-28 09:04:44,www.bing.com
2014-01-28 09:04:48,api.bing.com
2014-01-28 09:04:49,api.bing.com
2014-01-28 09:04:50,api.bing.com
2014-01-28 09:04:50,www.bing.com
2014-01-28 09:04:51,www.bing.com
2014-01-28 09:04:52,www.bing.com
2014-01-28 09:04:59,login.live.com
2014-01-28 09:06:40,www.foxitsoftware.com
2014-01-28 09:06:41,ad.foxitsoftware.com
2014-01-28 09:07:44,office14client.microsoft.com
2014-01-28 09:07:45,office.microsoft.com
2014-01-28 09:07:49,office.microsoft.com
2014-01-28 09:33:33,api.bing.com
2014-01-28 09:33:34,www.bing.com
2014-01-28 09:33:36,www.bing.com
2014-01-28 09:35:18,www.foxitsoftware.com
2014-01-28 09:35:18,ad.foxitsoftware.com
2014-01-28 09:35:27,www.foxitsoftware.com
2014-01-28 09:35:29,www.foxitsoftware.com
2014-01-28 09:35:29,ad.foxitsoftware.com
2014-01-28 09:44:36,api.bing.com
2014-01-28 09:44:37,api.bing.com
2014-01-28 09:44:38,www.bing.com
2014-01-28 09:44:39,www.bing.com
2014-01-28 09:44:40,login.live.com
2014-01-28 09:50:49,api.bing.com
2014-01-28 09:50:50,api.bing.com
2014-01-28 09:50:51,www.bing.com
2014-01-28 09:50:52,www.bing.com
2014-02-25 08:00:22,api.bing.com
2014-02-25 08:00:23,api.bing.com
2014-02-25 08:00:25,api.bing.com
2014-02-25 08:00:26,api.bing.com
2014-02-25 08:00:27,www.bing.com
2014-02-25 08:00:28,cms.abmr.net
2014-02-25 08:00:28,www.bing.com
2014-02-25 08:00:29,login.live.com
2014-02-25 08:00:29,www.bing.com
2014-02-25 08:01:40,player.vimeo.com
2014-02-25 08:01:47,fpdownload2.macromedia.com
2014-02-25 08:02:33,www.foxitsoftware.com
2014-02-25 08:02:34,ad.foxitsoftware.com
2014-02-25 08:27:00,api.bing.com
2014-02-25 08:27:02,www.bing.com
2014-02-25 08:27:04,ad.foxitsoftware.com
2014-02-25 08:27:04,www.bing.com
2014-02-25 08:27:04,www.foxitsoftware.com
2014-02-25 08:27:06,www.bing.com
2014-02-25 08:27:06,www.google.fr
2014-02-25 08:27:06,login.live.com
2014-02-25 08:27:14,www.bing.com
2014-02-25 08:27:20,www.google.fr
2014-02-25 08:27:24,www.google.com
2014-02-25 08:28:22,www.google.com
2014-02-25 08:28:22,www.google.fr
2014-02-25 08:28:23,bits.wikimedia.org
2014-02-25 08:28:23,www.google.fr
2014-02-25 08:28:23,fr.wikipedia.org
2014-02-25 08:28:24,bits.wikimedia.org
2014-02-25 08:28:24,login.wikimedia.org
2014-02-25 08:28:25,meta.wikimedia.org
2014-02-25 08:28:26,fr.wikipedia.org
2014-02-25 08:28:26,bits.wikimedia.org
2014-02-25 08:28:26,meta.wikimedia.org
2014-02-25 08:37:01,www.google.fr
2014-02-25 08:37:02,assets.pinterest.com
2014-02-25 08:37:02,www.femininbio.com
2014-02-25 08:37:03,www.femininbio.com
2014-02-25 08:37:03,regie.palpix.com
2014-02-25 08:37:09,regie.palpix.com
2014-02-25 08:37:09,www.femininbio.com
2014-02-25 08:37:10,regie.palpix.com
2014-02-25 08:37:10,platform.twitter.com
2014-02-25 08:37:10,assets.pinterest.com
2014-02-25 08:37:10,connect.facebook.net
2014-02-25 08:37:10,www.femininbio.com
2014-02-25 08:37:11,static.ak.facebook.com
2014-02-25 08:37:11,www.femininbio.com
2014-02-25 08:37:12,s-static.ak.facebook.com
2014-02-25 08:37:12,widgets.pinterest.com
2014-02-25 08:37:12,www.facebook.com
2014-02-25 08:37:12,assets.pinterest.com
2014-02-25 08:37:14,passets.pinterest.com
2014-02-25 08:37:14,widgets.pinterest.com
2014-02-25 08:37:23,twitter.com
2014-02-25 08:37:25,apis.google.com
2014-02-25 08:37:25,twitter.com
2014-02-25 08:37:26,apis.google.com
2014-02-25 08:37:28,apis.google.com
2014-02-25 08:37:28,accounts.google.com
2014-02-25 08:38:31,accounts.google.com
2014-02-25 08:40:45,www.google.fr
2014-02-25 08:41:28,www.google.fr
2014-02-25 08:41:30,www.inpes.sante.fr
2014-02-25 08:41:30,www.foxitsoftware.com
2014-02-25 08:41:30,ad.foxitsoftware.com
2014-02-25 08:42:43,www.google.fr
2014-02-25 08:46:37,www.google.fr
2014-02-25 08:47:31,www.inrs.fr
2014-02-25 08:47:32,player.vimeo.com
2014-02-25 08:47:32,www.inrs.fr
2014-02-25 08:47:33,www.inrs.fr
2014-02-25 08:47:34,www.inrs.fr
2014-02-25 08:47:59,www.foxitsoftware.com
2014-02-25 08:48:00,ad.foxitsoftware.com
2014-02-25 08:48:50,www.inrs.fr
2014-02-25 08:48:54,www.inrs.fr
2014-02-25 08:48:55,www.squid-cache.org
2014-02-25 08:49:19,www.inrs.fr
2014-02-25 08:49:20,www.inrs.fr
2014-02-25 08:49:21,www.inrs.fr
2014-02-25 08:49:22,www.inrs.fr
2014-02-25 08:49:39,www.inrs.fr
2014-02-25 08:49:40,www.inrs.fr
2014-02-25 08:50:10,www.google.fr
2014-02-25 08:50:10,static.e-monsite.com
2014-02-25 08:50:10,shea.swelen.com
2014-02-25 08:50:10,cosmetique-yrs.e-monsite.com
2014-02-25 08:50:11,static.e-monsite.com
2014-02-25 08:50:12,www.google.fr
2014-02-25 08:50:13,www.foxitsoftware.com
2014-02-25 08:50:14,ad.foxitsoftware.com
2014-02-25 08:51:14,s2.e-monsite.com
2014-02-25 08:51:14,www.e-monsite.com
2014-02-25 08:51:15,cosmetique-yrs.e-monsite.com
2014-02-25 08:51:15,nb-commons.storage.googleapis.com
2014-02-25 08:51:17,hal9000.redintelligence.net
2014-02-25 08:51:18,hal9000.redintelligence.net
2014-02-25 08:51:18,banniere.reussissonsensemble.fr
2014-02-25 08:51:19,affiliation.service-voyages.com
2014-02-25 08:53:02,cosmetique-yrs.e-monsite.com
2014-02-25 08:53:03,cosmetique-yrs.e-monsite.com
2014-02-25 08:53:03,www.foxitsoftware.com
2014-02-25 08:54:14,www.google.fr
2014-02-25 08:54:15,www.toujours-belle.com
2014-02-25 08:54:15,platform.twitter.com
2014-02-25 08:54:16,www.facebook.com
2014-02-25 08:54:16,apis.google.com
2014-02-25 08:54:16,www.toujours-belle.com
2014-02-25 08:54:17,forms.aweber.com
2014-02-25 08:54:17,www.toujours-belle.com
2014-02-25 08:54:17,www.news-parfums.com
2014-02-25 08:54:17,www.nocibe.fr
2014-02-25 08:54:17,accounts.google.com
2014-02-25 08:54:17,apis.google.com
2014-02-25 08:54:18,images.yves-rocher.fr
2014-02-25 08:54:18,www.ysora.com
2014-02-25 08:54:18,img.loccitane.com
2014-02-25 08:54:18,www.toujours-belle.com
2014-02-25 08:54:50,twitter.com
2014-02-25 08:54:51,twitter.com
2014-02-25 08:55:32,www.google.fr
2014-02-25 08:55:42,www.google.fr
2014-02-25 08:55:43,www.cosmetic-valley.com
2014-02-25 08:55:44,www.cosmetic-valley.com
2014-02-25 08:55:45,www.cosmetic-valley.com
2014-02-25 08:55:45,preproduction.cosmetic-valley.com
2014-02-25 08:55:46,www.cosmetic-valley.com
2014-02-25 08:57:02,www.usipa.fr
2014-02-25 08:57:02,ajax.googleapis.com
2014-02-25 08:57:02,www.google.fr
2014-02-25 08:57:03,www.usipa.fr
2014-02-25 08:57:04,www.usipa.fr
2014-02-25 08:57:48,www.usipa.fr
2014-02-25 08:57:49,www.youtube.com
2014-02-25 08:57:49,www.usipa.fr
2014-02-25 08:57:50,s.ytimg.com
2014-02-25 08:57:50,www.google.com
2014-02-25 08:57:50,www.usipa.fr
2014-02-25 08:57:52,i1.ytimg.com
2014-02-25 08:57:52,s.ytimg.com
2014-02-25 08:58:37,www.usipa.fr
2014-02-25 08:59:22,www.google.fr
2014-02-25 08:59:24,www.google.fr
2014-02-25 08:59:24,tpe.madmagz.com
2014-02-25 08:59:24,jlpltpe.e-monsite.com
2014-02-25 08:59:25,tpe.madmagz.com
2014-02-25 08:59:25,1.gravatar.com
2014-02-25 08:59:25,jlpltpe.e-monsite.com
2014-02-25 08:59:26,tpe.madmagz.com
2014-02-25 08:59:26,madmagztpe.disqus.com
2014-02-25 08:59:26,go.disqus.com
2014-02-25 08:59:26,connect.facebook.net
2014-02-25 08:59:26,madmagz.com
2014-02-25 08:59:26,www.youtube.com
2014-02-25 08:59:27,platform.twitter.com
2014-02-25 08:59:27,static.madmagz.com
2014-02-25 08:59:27,www.facebook.com
2014-02-25 08:59:27,www.google.fr
2014-02-25 08:59:27,www.google.com
2014-02-25 08:59:27,disqus.com
2014-02-25 08:59:28,www.google.fr
2014-02-25 08:59:28,static.madmagz.com
2014-02-25 08:59:28,static.ak.facebook.com
2014-02-25 08:59:28,www.youtube.com
2014-02-25 08:59:28,tpecosmetique.canalblog.com
2014-02-25 08:59:28,s-static.ak.facebook.com
2014-02-25 08:59:28,twitter.com
2014-02-25 08:59:29,disqus.com
2014-02-25 08:59:29,tpecosmetique.canalblog.com
2014-02-25 08:59:29,static.madmagz.com
2014-02-25 08:59:29,static.canalblog.com
2014-02-25 08:59:29,ajax.googleapis.com
2014-02-25 08:59:29,s.ytimg.com
2014-02-25 08:59:29,i1.ytimg.com
2014-02-25 08:59:29,connect.facebook.net
2014-02-25 08:59:30,tpecosmetique.canalblog.com
2014-02-25 08:59:30,static.ak.facebook.com
2014-02-25 08:59:30,static.canalblog.com
2014-02-25 08:59:30,s-static.ak.facebook.com
2014-02-25 08:59:30,i1.ytimg.com
2014-02-25 08:59:30,storage.canalblog.com
2014-02-25 08:59:30,static.madmagz.com
2014-02-25 08:59:31,static.canalblog.com
2014-02-25 08:59:31,static.madmagz.com
2014-02-25 08:59:31,platform.twitter.com
2014-02-25 08:59:31,disqus.com
2014-02-25 08:59:31,www.facebook.com
2014-02-25 08:59:32,static.canalblog.com
2014-02-25 08:59:32,www.canalblog.com
2014-02-25 08:59:32,tpe.madmagz.com
2014-02-25 08:59:32,static.madmagz.com
2014-02-25 08:59:33,tpe.madmagz.com
2014-02-25 08:59:33,www.facebook.com
2014-02-25 08:59:33,static.madmagz.com
2014-02-25 08:59:34,disqus.com
2014-02-25 08:59:35,madmagz.com
2014-02-25 08:59:36,disqus.com
2014-02-25 08:59:36,madmagz.com
2014-02-25 08:59:37,madmagz.com
2014-02-25 08:59:38,madmagz.com
2014-02-25 08:59:39,madmagz.com
2014-02-25 08:59:40,madmagz.com
2014-02-25 08:59:40,www.google.fr
2014-02-25 08:59:41,www.google.fr
2014-02-25 08:59:41,tpe.madmagz.com
2014-02-25 08:59:41,www.pearltrees.com
2014-02-25 08:59:42,assets.pinterest.com
2014-02-25 08:59:44,tracker3.pearltrees.com
2014-02-25 08:59:46,www.pearltrees.com
2014-02-25 08:59:52,pbs.twimg.com
2014-02-25 08:59:53,assets.pinterest.com
2014-02-25 08:59:53,pbs.twimg.com
2014-02-25 08:59:59,apis.google.com
2014-02-25 09:00:01,apis.google.com
2014-02-25 09:00:02,tracker3.pearltrees.com
2014-02-25 09:00:02,static.ak.facebook.com
2014-02-25 09:00:02,www.facebook.com
2014-02-25 09:00:02,s-static.ak.facebook.com
2014-02-25 09:00:05,www.pearltrees.com
2014-02-25 09:00:08,tracker3.pearltrees.com
2014-02-25 09:00:09,www.pearltrees.com
2014-02-25 09:00:10,www.pearltrees.com
2014-02-25 09:00:11,apis.google.com
2014-02-25 09:00:11,www.pearltrees.com
2014-02-25 09:00:11,tracker3.pearltrees.com
2014-02-25 09:00:11,cdn-scraplogo.pearltrees.com
2014-02-25 09:00:11,cdn-thumblogo.pearltrees.com
2014-02-25 09:00:12,cdn-scraplogo.pearltrees.com
2014-02-25 09:00:12,cdn-avatar-ie.pearltrees.com
2014-02-25 09:00:12,cdn-thumblogo.pearltrees.com
2014-02-25 09:00:13,cdn-avatar-ie.pearltrees.com
2014-02-25 09:00:16,cdn-thumbshot-ie.pearltrees.com
2014-02-25 09:00:18,pbs.twimg.com
2014-02-25 09:00:18,cdn-thumbshot-ie.pearltrees.com
2014-02-25 09:00:18,cdn-scraplogo.pearltrees.com
2014-02-25 09:00:18,tpe.madmagz.com
2014-02-25 09:00:19,cdn-scraplogo.pearltrees.com
2014-02-25 09:00:19,cdn-thumbshot-ie.pearltrees.com
2014-02-25 09:00:20,cdn-thumbshot-ie.pearltrees.com
2014-02-25 09:00:21,cdn-scraplogo.pearltrees.com
2014-02-25 09:00:21,cdn-thumbshot-ie.pearltrees.com
2014-02-25 09:00:22,madmagz.com
2014-02-25 09:00:22,cdn-thumbshot-ie.pearltrees.com
2014-02-25 09:00:23,cdn-thumbshot-ie.pearltrees.com
2014-02-25 09:00:24,cdn-thumbshot-ie.pearltrees.com
2014-02-25 09:00:25,www.pearltrees.com
2014-02-25 09:00:25,cdn-thumbshot-ie.pearltrees.com
2014-02-25 09:00:26,cdn-thumbshot-ie.pearltrees.com
2014-02-25 09:00:27,cdn-thumbshot-ie.pearltrees.com
2014-02-25 09:00:28,cdn-thumbshot-ie.pearltrees.com
2014-02-25 09:00:29,nb-commons.storage.googleapis.com
2014-02-25 09:00:29,jlpltpe.e-monsite.com
2014-02-25 09:00:30,banniere.reussissonsensemble.fr
2014-02-25 09:00:30,www.quelforfait.com
2014-02-25 09:00:30,www.conforama.fr
2014-02-25 09:00:30,ea.numericable.fr
2014-02-25 09:00:32,syndication.twitter.com
2014-02-25 09:00:38,www.pearltrees.com
2014-02-25 09:00:48,twitter.com
2014-02-25 09:01:03,syndication.twitter.com
2014-02-25 09:01:23,platform.twitter.com
2014-02-25 09:02:18,syndication.twitter.com
2014-02-25 09:03:48,syndication.twitter.com
2014-02-25 09:05:19,syndication.twitter.com
2014-02-25 09:06:49,syndication.twitter.com
2014-02-25 09:08:18,syndication.twitter.com
2014-02-25 09:08:19,jlpltpe.e-monsite.com
2014-02-25 09:08:20,jlpltpe.e-monsite.com
2014-02-25 09:08:28,tracking.veoxa.com
2014-02-25 09:08:30,www.woodbrass.com
2014-02-25 09:08:31,html5shiv.googlecode.com
2014-02-25 09:08:31,www.woodbrass.com
2014-02-25 09:08:31,ajax.googleapis.com
2014-02-25 09:08:34,jlpltpe.e-monsite.com
2014-02-25 09:08:43,code.jquery.com
2014-02-25 09:08:44,im4.woodbrass.com
2014-02-25 09:08:44,im1.woodbrass.com
2014-02-25 09:08:44,im2.woodbrass.com
2014-02-25 09:08:44,im3.woodbrass.com
2014-02-25 09:08:44,ajax.googleapis.com
2014-02-25 09:08:44,code.jquery.com
2014-02-25 09:08:44,www.woodbrass.com
2014-02-25 09:08:45,im2.woodbrass.com
2014-02-25 09:08:45,im4.woodbrass.com
2014-02-25 09:08:45,www.lamusiqueestatoutlemonde.com
2014-02-25 09:08:45,www.woodbrass.com
2014-02-25 09:08:45,im3.woodbrass.com
2014-02-25 09:08:46,atout.email-match.com
2014-02-25 09:08:46,apis.google.com
2014-02-25 09:08:46,www.woodbrass.com
2014-02-25 09:08:46,trk.adbutter.net
2014-02-25 09:08:47,im4.woodbrass.com
2014-02-25 09:08:47,www.woodbrass.com
2014-02-25 09:08:48,im3.woodbrass.com
2014-02-25 09:08:48,im1.woodbrass.com
2014-02-25 09:08:48,im2.woodbrass.com
2014-02-25 09:08:48,im4.woodbrass.com
2014-02-25 09:08:48,atout.email-match.com
2014-02-25 09:08:48,asset.email-match.com
2014-02-25 09:08:48,www.woodbrass.com
2014-02-25 09:08:58,accounts.google.com
2014-02-25 09:09:00,ssl.trustpilot.com
2014-02-25 09:09:01,im3.woodbrass.com
2014-02-25 09:09:02,www.woodbrass.com
2014-02-25 09:09:06,www.woodbrass.com
2014-02-25 09:09:13,www.woodbrass.com
2014-02-25 09:09:20,www.woodbrass.com
2014-02-25 09:09:27,www.woodbrass.com
2014-02-25 09:09:34,www.woodbrass.com
2014-02-25 09:09:38,jlpltpe.e-monsite.com
2014-02-25 09:09:39,jlpltpe.e-monsite.com
2014-02-25 09:09:39,api.captchme.net
2014-02-25 09:09:39,ajax.googleapis.com
2014-02-25 09:09:39,nb-commons.storage.googleapis.com
2014-02-25 09:09:40,jlpltpe.e-monsite.com
2014-02-25 09:09:41,www.woodbrass.com
2014-02-25 09:09:41,ea.numericable.fr
2014-02-25 09:09:48,www.woodbrass.com
2014-02-25 09:09:55,www.woodbrass.com
2014-02-25 09:10:02,www.woodbrass.com
2014-02-25 09:10:04,jlpltpe.e-monsite.com
2014-02-25 09:10:09,www.woodbrass.com
2014-02-25 09:10:16,www.woodbrass.com
2014-02-25 09:10:23,www.woodbrass.com
2014-02-25 09:10:30,www.woodbrass.com
2014-02-25 09:10:37,www.woodbrass.com
2014-02-25 09:10:44,www.woodbrass.com
2014-02-25 09:10:51,www.woodbrass.com
2014-02-25 09:10:58,www.woodbrass.com
2014-02-25 09:11:00,ssl.trustpilot.com
2014-02-25 09:11:05,www.woodbrass.com
2014-02-25 09:11:08,nb-commons.storage.googleapis.com
2014-02-25 09:11:08,api.captchme.net
2014-02-25 09:11:12,www.woodbrass.com
2014-02-25 09:11:19,www.woodbrass.com
2014-02-25 09:11:26,www.woodbrass.com
2014-02-25 09:11:33,www.woodbrass.com
2014-02-25 09:11:40,www.woodbrass.com
2014-02-25 09:11:47,www.woodbrass.com
2014-02-25 09:11:54,www.woodbrass.com
2014-02-25 09:11:57,static.canalblog.com
2014-02-25 09:11:58,static.canalblog.com
2014-02-25 09:12:02,www.woodbrass.com
2014-02-25 09:12:08,www.woodbrass.com
2014-02-25 09:12:09,tracker3.pearltrees.com
2014-02-25 09:12:11,www.pearltrees.com
2014-02-25 09:12:13,tracker3.pearltrees.com
2014-02-25 09:12:15,www.woodbrass.com
2014-02-25 09:12:18,tracker3.pearltrees.com
2014-02-25 09:12:18,www.pearltrees.com
2014-02-25 09:12:18,cdn-avatar-ie.pearltrees.com
2014-02-25 09:12:19,tracker3.pearltrees.com
2014-02-25 09:12:22,www.woodbrass.com
2014-02-25 09:12:25,www.pearltrees.com
2014-02-25 09:12:25,blog.ayanature.com
2014-02-25 09:12:25,ajax.cloudflare.com
2014-02-25 09:12:25,html5shiv.googlecode.com
2014-02-25 09:12:26,media-cache-ak0.pinimg.com
2014-02-25 09:12:26,blog.ayanature.com
2014-02-25 09:12:26,widget.hellocoton.fr
2014-02-25 09:12:27,platform.twitter.com
2014-02-25 09:12:28,blog.ayanature.com
2014-02-25 09:12:29,s-static.ak.facebook.com
2014-02-25 09:12:29,blog.ayanature.com
2014-02-25 09:12:29,static.ak.facebook.com
2014-02-25 09:12:29,www.facebook.com
2014-02-25 09:12:29,www.woodbrass.com
2014-02-25 09:12:34,blog.ayanature.com
2014-02-25 09:12:36,www.woodbrass.com
2014-02-25 09:12:41,www.pearltrees.com
2014-02-25 09:12:43,www.woodbrass.com
2014-02-25 09:12:50,www.woodbrass.com
2014-02-25 09:12:57,www.woodbrass.com
2014-02-25 09:13:00,twitter.com
2014-02-25 09:13:04,www.woodbrass.com
2014-02-25 09:13:11,www.woodbrass.com
2014-02-25 09:13:18,www.woodbrass.com
2014-02-25 09:13:25,www.woodbrass.com
2014-02-25 09:13:32,www.woodbrass.com
2014-02-25 09:13:34,platform.twitter.com
2014-02-25 09:13:39,www.woodbrass.com
2014-02-25 09:13:46,www.woodbrass.com
2014-02-25 09:13:53,www.woodbrass.com
2014-02-25 09:13:55,cdn-logo-ie.pearltrees.com
2014-02-25 09:13:55,tracker3.pearltrees.com
2014-02-25 09:14:00,www.woodbrass.com
2014-02-25 09:14:01,www.pearltrees.com
2014-02-25 09:14:04,www.greenpeace.org
2014-02-25 09:14:04,www.foxitsoftware.com
2014-02-25 09:14:05,ad.foxitsoftware.com
2014-02-25 09:14:07,www.woodbrass.com
2014-02-25 09:14:11,www.pearltrees.com
2014-02-25 09:14:15,www.woodbrass.com
2014-02-25 09:14:21,www.woodbrass.com
2014-02-25 09:14:28,www.woodbrass.com
2014-02-25 09:14:35,www.woodbrass.com
2014-02-25 09:14:42,www.woodbrass.com
2014-02-25 09:14:49,www.woodbrass.com
2014-02-25 09:14:56,www.woodbrass.com
2014-02-25 09:15:03,www.woodbrass.com
2014-02-25 09:15:10,www.woodbrass.com
2014-02-25 09:15:17,www.woodbrass.com
2014-02-25 09:15:24,www.woodbrass.com
2014-02-25 09:15:31,www.woodbrass.com
2014-02-25 09:15:38,www.woodbrass.com
2014-02-25 09:15:45,www.woodbrass.com
2014-02-25 09:15:52,www.woodbrass.com
2014-02-25 09:15:59,www.woodbrass.com
2014-02-25 09:16:06,www.woodbrass.com
2014-02-25 09:16:13,www.woodbrass.com
2014-02-25 09:16:20,www.woodbrass.com
2014-02-25 09:16:27,www.woodbrass.com
2014-02-25 09:16:35,www.woodbrass.com
2014-02-25 09:16:42,www.woodbrass.com
2014-02-25 09:16:49,www.woodbrass.com
2014-02-25 09:16:56,www.woodbrass.com
2014-02-25 09:17:03,www.woodbrass.com
2014-02-25 09:17:10,www.woodbrass.com
2014-02-25 09:17:15,ad.foxitsoftware.com
2014-02-25 09:17:15,www.foxitsoftware.com
2014-02-25 09:17:16,tracker3.pearltrees.com
2014-02-25 09:17:17,www.woodbrass.com
2014-02-25 09:17:18,tracker3.pearltrees.com
2014-02-25 09:17:23,tracker3.pearltrees.com
2014-02-25 09:17:24,www.woodbrass.com
2014-02-25 09:17:26,tracker3.pearltrees.com
2014-02-25 09:17:26,cdn-logo-ie.pearltrees.com
2014-02-25 09:17:31,www.woodbrass.com
2014-02-25 09:17:32,www.pearltrees.com
2014-02-25 09:17:33,www.foxitsoftware.com
2014-02-25 09:17:33,img.fleurancenature.fr
2014-02-25 09:17:33,ad.foxitsoftware.com
2014-02-25 09:17:38,www.woodbrass.com
2014-02-25 09:17:41,www.pearltrees.com
2014-02-25 09:17:45,www.woodbrass.com
2014-02-25 09:17:52,www.woodbrass.com
2014-02-25 09:17:59,www.woodbrass.com
2014-02-25 09:18:06,www.woodbrass.com
2014-02-25 09:18:13,www.woodbrass.com
2014-02-25 09:18:20,www.woodbrass.com
2014-02-25 09:18:27,www.woodbrass.com
2014-02-25 09:18:34,www.woodbrass.com
2014-02-25 09:18:41,www.woodbrass.com
2014-02-25 09:18:48,www.woodbrass.com
2014-02-25 09:18:55,www.woodbrass.com
2014-02-25 09:19:02,www.woodbrass.com
2014-02-25 09:19:09,www.woodbrass.com
2014-02-25 09:19:16,www.woodbrass.com
2014-02-25 09:19:23,www.woodbrass.com
2014-02-25 09:19:26,www.foxitsoftware.com
2014-02-25 09:19:26,ad.foxitsoftware.com
2014-02-25 09:19:27,tracker3.pearltrees.com
2014-02-25 09:19:30,www.woodbrass.com
2014-02-25 09:19:37,www.woodbrass.com
2014-02-25 09:19:44,www.woodbrass.com
2014-02-25 09:19:51,www.woodbrass.com
2014-02-25 09:19:58,www.woodbrass.com
2014-02-25 09:20:05,www.woodbrass.com
2014-02-25 09:20:12,www.woodbrass.com
2014-02-25 09:20:19,www.woodbrass.com
2014-02-25 09:20:26,www.woodbrass.com
2014-02-25 09:20:33,www.woodbrass.com
2014-02-25 09:20:40,www.woodbrass.com
2014-02-25 09:20:47,www.woodbrass.com
2014-02-25 09:20:54,www.woodbrass.com
2014-02-25 09:21:01,www.woodbrass.com
2014-02-25 09:21:08,www.woodbrass.com
2014-02-25 09:21:15,www.woodbrass.com
2014-02-25 09:21:22,www.woodbrass.com
2014-02-25 09:21:29,www.woodbrass.com
2014-02-25 09:21:36,www.woodbrass.com
2014-02-25 09:21:43,www.woodbrass.com
2014-02-25 09:21:50,www.woodbrass.com
2014-02-25 09:21:57,www.woodbrass.com
2014-02-25 09:22:04,www.woodbrass.com
2014-02-25 09:22:06,api.bing.com
2014-02-25 09:22:09,api.bing.com
2014-02-25 09:22:10,www.bing.com
2014-02-25 09:22:11,www.woodbrass.com
2014-02-25 09:22:13,www.bing.com
2014-02-25 09:22:14,bibliotheque.clermont-universite.fr
2014-02-25 09:22:18,www.woodbrass.com
2014-02-25 09:22:21,www.google.fr
2014-02-25 09:22:22,login.live.com
2014-02-25 09:22:22,www.google.fr
2014-02-25 09:22:25,www.woodbrass.com
2014-02-25 09:22:33,www.woodbrass.com
2014-02-25 09:22:40,www.woodbrass.com
2014-02-25 09:22:47,www.woodbrass.com
2014-02-25 09:22:54,www.woodbrass.com
2014-02-25 09:23:01,www.woodbrass.com
2014-02-25 09:23:08,www.woodbrass.com
2014-02-25 09:23:15,www.woodbrass.com
2014-02-25 09:23:16,bibliotheque.clermont-universite.fr
2014-02-25 09:23:22,www.woodbrass.com
2014-02-25 09:23:29,www.woodbrass.com
2014-02-25 09:23:34,catalogue.clermont-universite.fr
2014-02-25 09:23:34,html5shim.googlecode.com
2014-02-25 09:23:35,bks7.books.google.com
2014-02-25 09:23:35,catalogue.clermont-universite.fr
2014-02-25 09:23:35,bibliotheque.clermont-universite.fr
2014-02-25 09:23:35,books.google.com
2014-02-25 09:23:36,www.woodbrass.com
2014-02-25 09:23:38,catalogue.clermont-universite.fr
2014-02-25 09:23:39,books.google.com
2014-02-25 09:23:39,bibliotheque.clermont-universite.fr
2014-02-25 09:23:39,catalogue.clermont-universite.fr
2014-02-25 09:23:43,www.woodbrass.com
2014-02-25 09:23:50,www.woodbrass.com
2014-02-25 09:23:57,www.woodbrass.com
2014-02-25 09:24:02,catalogue.clermont-universite.fr
2014-02-25 09:24:02,bibliotheque.clermont-universite.fr
2014-02-25 09:24:02,books.google.com
2014-02-25 09:24:03,bks0.books.google.com
2014-02-25 09:24:03,bks1.books.google.com
2014-02-25 09:24:03,bks3.books.google.com
2014-02-25 09:24:03,bks6.books.google.com
2014-02-25 09:24:04,www.woodbrass.com
2014-02-25 09:24:11,www.woodbrass.com
2014-02-25 09:24:11,catalogue.clermont-universite.fr
2014-02-25 09:24:12,bibliotheque.clermont-universite.fr
2014-02-25 09:24:12,catalogue.clermont-universite.fr
2014-02-25 09:24:12,books.google.com
2014-02-25 09:24:18,www.woodbrass.com
2014-02-25 09:24:22,catalogue.clermont-universite.fr
2014-02-25 09:24:22,books.google.com
2014-02-25 09:24:22,bibliotheque.clermont-universite.fr
2014-02-25 09:24:25,www.woodbrass.com
2014-02-25 09:24:27,catalogue.clermont-universite.fr
2014-02-25 09:24:27,bibliotheque.clermont-universite.fr
2014-02-25 09:24:27,books.google.com
2014-02-25 09:24:32,books.google.com
2014-02-25 09:24:32,www.woodbrass.com
2014-02-25 09:24:32,bibliotheque.clermont-universite.fr
2014-02-25 09:24:32,catalogue.clermont-universite.fr
2014-02-25 09:24:39,www.woodbrass.com
2014-02-25 09:24:46,www.woodbrass.com
2014-02-25 09:24:46,catalogue.clermont-universite.fr
2014-02-25 09:24:53,www.woodbrass.com
2014-02-25 09:25:00,www.woodbrass.com
2014-02-25 09:25:05,catalogue.clermont-universite.fr
2014-02-25 09:25:05,bibliotheque.clermont-universite.fr
2014-02-25 09:25:05,books.google.com
2014-02-25 09:25:06,catalogue.clermont-universite.fr
2014-02-25 09:25:07,www.woodbrass.com
2014-02-25 09:25:14,www.woodbrass.com
2014-02-25 09:25:20,bibliotheque.clermont-universite.fr
2014-02-25 09:25:20,catalogue.clermont-universite.fr
2014-02-25 09:25:20,books.google.com
2014-02-25 09:25:20,bks0.books.google.com
2014-02-25 09:25:21,www.woodbrass.com
2014-02-25 09:25:28,www.woodbrass.com
2014-02-25 09:25:30,catalogue.clermont-universite.fr
2014-02-25 09:25:31,bibliotheque.clermont-universite.fr
2014-02-25 09:25:31,books.google.com
2014-02-25 09:25:32,catalogue.clermont-universite.fr
2014-02-25 09:25:35,www.woodbrass.com
2014-02-25 09:25:42,www.woodbrass.com
2014-02-25 09:25:49,www.woodbrass.com
2014-02-25 09:25:56,www.woodbrass.com
2014-02-25 09:25:57,catalogue.clermont-universite.fr
2014-02-25 09:25:58,bibliotheque.clermont-universite.fr
2014-02-25 09:25:58,books.google.com
2014-02-25 09:25:58,catalogue.clermont-universite.fr
2014-02-25 09:25:58,bks9.books.google.com
2014-02-25 09:26:03,www.woodbrass.com
2014-02-25 09:26:08,catalogue.clermont-universite.fr
2014-02-25 09:26:08,html5shim.googlecode.com
2014-02-25 09:26:09,bibliotheque.clermont-universite.fr
2014-02-25 09:26:09,books.google.com
2014-02-25 09:26:09,catalogue.clermont-universite.fr
2014-02-25 09:26:10,www.woodbrass.com
2014-02-25 09:26:17,www.woodbrass.com
2014-02-25 09:26:24,www.woodbrass.com
2014-02-25 09:26:31,www.woodbrass.com
2014-02-25 09:26:38,www.woodbrass.com
2014-02-25 09:26:45,www.woodbrass.com
2014-02-25 09:26:52,www.woodbrass.com
2014-02-25 09:26:59,www.woodbrass.com
2014-02-25 09:27:06,www.woodbrass.com
2014-02-25 09:27:13,www.woodbrass.com
2014-02-25 09:27:20,www.woodbrass.com
2014-02-25 09:27:27,www.woodbrass.com
2014-02-25 09:27:34,www.woodbrass.com
2014-02-25 09:27:41,www.woodbrass.com
2014-02-25 09:27:48,www.woodbrass.com
2014-02-25 09:27:55,www.woodbrass.com
2014-02-25 09:28:03,www.woodbrass.com
2014-02-25 09:28:09,www.woodbrass.com
2014-02-25 09:28:17,www.woodbrass.com
2014-02-25 09:28:21,player.vimeo.com
2014-02-25 09:28:24,www.woodbrass.com
2014-02-25 09:28:32,www.woodbrass.com
2014-02-25 09:28:38,www.woodbrass.com
2014-02-25 09:28:45,www.woodbrass.com
2014-02-25 09:28:52,www.woodbrass.com
2014-02-25 09:28:59,www.woodbrass.com
2014-02-25 09:29:06,www.woodbrass.com
2014-02-25 09:29:13,www.woodbrass.com
2014-02-25 09:29:20,www.woodbrass.com
2014-02-25 09:29:27,www.woodbrass.com
2014-02-25 09:29:34,www.woodbrass.com
2014-02-25 09:29:41,www.woodbrass.com
2014-02-25 09:29:48,www.woodbrass.com
2014-02-25 09:29:55,www.woodbrass.com
2014-02-25 09:30:02,www.woodbrass.com
2014-02-25 09:30:09,www.woodbrass.com
2014-02-25 09:30:16,www.woodbrass.com
2014-02-25 09:30:23,www.woodbrass.com
2014-02-25 09:30:30,www.woodbrass.com
2014-02-25 09:30:37,www.woodbrass.com
2014-02-25 09:30:44,www.woodbrass.com
2014-02-25 09:30:51,www.woodbrass.com
2014-02-25 09:30:58,www.woodbrass.com
2014-02-25 09:31:05,www.woodbrass.com
2014-02-25 09:31:12,www.woodbrass.com
2014-02-25 09:31:19,www.woodbrass.com
2014-02-25 09:31:26,www.woodbrass.com
2014-02-25 09:31:33,www.woodbrass.com
2014-02-25 09:31:40,www.woodbrass.com
2014-02-25 09:31:47,www.woodbrass.com
2014-02-25 09:31:54,www.woodbrass.com
2014-02-25 09:32:01,www.woodbrass.com
2014-02-25 09:32:08,www.woodbrass.com
2014-02-25 09:32:15,www.woodbrass.com
2014-02-25 09:32:22,www.woodbrass.com
2014-02-25 09:32:29,www.woodbrass.com
2014-02-25 09:32:36,www.woodbrass.com
2014-02-25 09:32:43,www.woodbrass.com
2014-02-25 09:32:50,www.woodbrass.com
2014-02-25 09:32:57,www.woodbrass.com
2014-02-25 09:33:04,www.woodbrass.com
2014-02-25 09:33:11,www.woodbrass.com
2014-02-25 09:33:18,www.woodbrass.com
2014-02-25 09:33:25,www.woodbrass.com
2014-02-25 09:33:32,www.woodbrass.com
2014-02-25 09:33:39,www.woodbrass.com
2014-02-25 09:33:46,www.woodbrass.com
2014-02-25 09:33:53,www.woodbrass.com
2014-02-25 09:34:00,www.woodbrass.com
2014-02-25 09:34:08,www.woodbrass.com
2014-02-25 09:34:15,www.woodbrass.com
2014-02-25 09:34:22,www.woodbrass.com
2014-02-25 09:34:29,www.woodbrass.com
2014-02-25 09:34:36,www.woodbrass.com
2014-02-25 09:34:43,www.woodbrass.com
2014-02-25 09:34:50,www.woodbrass.com
2014-02-25 09:34:57,www.woodbrass.com
2014-02-25 09:35:04,www.woodbrass.com
2014-02-25 09:35:11,www.woodbrass.com
2014-02-25 09:35:18,www.woodbrass.com
2014-02-25 09:35:25,www.woodbrass.com
2014-02-25 09:35:32,www.woodbrass.com
2014-02-25 09:35:39,www.woodbrass.com
2014-02-25 09:35:46,www.woodbrass.com
2014-02-25 09:35:53,www.woodbrass.com
2014-02-25 09:36:00,www.woodbrass.com
2014-02-25 09:36:07,www.woodbrass.com
2014-02-25 09:36:14,www.woodbrass.com
2014-02-25 09:36:21,www.woodbrass.com
2014-02-25 09:36:28,www.woodbrass.com
2014-02-25 09:36:35,www.woodbrass.com
2014-02-25 09:36:42,www.woodbrass.com
2014-02-25 09:36:49,www.woodbrass.com
2014-02-25 09:36:56,www.woodbrass.com
2014-02-25 09:37:03,www.woodbrass.com
2014-02-25 09:37:10,www.woodbrass.com
2014-02-25 09:37:17,www.woodbrass.com
2014-02-25 09:37:24,www.woodbrass.com
2014-02-25 09:37:31,www.woodbrass.com
2014-02-25 09:37:38,www.woodbrass.com
2014-02-25 09:37:45,www.woodbrass.com
2014-02-25 09:37:51,office14client.microsoft.com
2014-02-25 09:37:51,rr.office.microsoft.com
2014-02-25 09:37:51,api.bing.com
2014-02-25 09:37:52,www.worldlingo.com
2014-02-25 09:37:52,office.microsoft.com
2014-02-25 09:37:52,integrate.factiva.com
2014-02-25 09:37:52,services.highbeam.com
2014-02-25 09:37:53,www.woodbrass.com
2014-02-25 09:37:53,www.microsofttranslator.com
2014-02-25 09:38:00,www.woodbrass.com
2014-02-25 09:38:07,www.woodbrass.com
2014-02-25 09:38:14,www.woodbrass.com
2014-02-25 09:38:21,www.woodbrass.com
2014-02-25 09:38:28,www.woodbrass.com
2014-02-25 09:38:35,www.woodbrass.com
2014-02-25 09:38:42,www.woodbrass.com
2014-02-25 09:38:49,www.woodbrass.com
2014-02-25 09:38:56,www.woodbrass.com
2014-02-25 09:39:03,www.woodbrass.com
2014-02-25 09:39:10,www.woodbrass.com
2014-02-25 09:39:17,www.woodbrass.com
2014-02-25 09:39:24,www.woodbrass.com
2014-02-25 09:39:31,www.woodbrass.com
2014-02-25 09:39:38,www.woodbrass.com
2014-02-25 09:39:45,www.woodbrass.com
2014-02-25 09:39:52,www.woodbrass.com
2014-02-25 09:39:59,www.woodbrass.com
2014-02-25 09:40:06,www.woodbrass.com
2014-02-25 09:40:13,www.woodbrass.com
2014-02-25 09:40:20,www.woodbrass.com
2014-02-25 09:40:27,www.woodbrass.com
2014-02-25 09:40:34,www.woodbrass.com
2014-02-25 09:40:41,www.woodbrass.com
2014-02-25 09:40:48,www.woodbrass.com
2014-02-25 09:40:56,www.woodbrass.com
2014-02-25 09:41:03,www.woodbrass.com
2014-02-25 09:41:10,www.woodbrass.com
2014-02-25 09:41:17,www.woodbrass.com
2014-02-25 09:41:24,www.woodbrass.com
2014-02-25 09:41:31,www.woodbrass.com
2014-02-25 09:41:38,www.woodbrass.com
2014-02-25 09:41:45,www.woodbrass.com
2014-02-25 09:41:52,www.woodbrass.com
2014-02-25 09:41:59,www.woodbrass.com
2014-02-25 09:42:06,www.woodbrass.com
2014-02-25 09:42:13,www.woodbrass.com
2014-02-25 09:42:20,www.woodbrass.com
2014-02-25 09:42:27,www.woodbrass.com
2014-02-25 09:42:34,www.woodbrass.com
2014-02-25 09:42:41,www.woodbrass.com
2014-02-25 09:42:48,www.woodbrass.com
2014-02-25 09:42:54,www.woodbrass.com
2014-02-25 09:43:01,www.woodbrass.com
2014-02-25 09:43:09,www.woodbrass.com
2014-02-25 09:43:16,www.woodbrass.com
2014-02-25 09:43:23,www.woodbrass.com
2014-02-25 09:43:30,www.woodbrass.com
2014-02-25 09:43:37,www.woodbrass.com
2014-02-25 09:43:44,www.woodbrass.com
2014-02-25 09:43:45,www.foxitsoftware.com
2014-02-25 09:43:45,ad.foxitsoftware.com
2014-02-25 09:43:51,www.woodbrass.com
2014-02-25 09:43:58,www.woodbrass.com
2014-02-25 09:44:05,www.woodbrass.com
2014-02-25 09:44:12,www.woodbrass.com
2014-02-25 09:44:19,www.woodbrass.com
2014-02-25 09:44:26,www.woodbrass.com
2014-02-25 09:44:33,www.woodbrass.com
2014-02-25 09:44:40,www.woodbrass.com
2014-02-25 09:44:47,www.woodbrass.com
2014-02-25 09:44:54,www.woodbrass.com
2014-02-25 09:45:01,www.woodbrass.com
2014-02-25 09:45:08,www.woodbrass.com
2014-02-25 09:45:15,www.woodbrass.com
2014-02-25 09:45:22,www.woodbrass.com
2014-02-25 09:45:29,www.woodbrass.com
2014-02-25 09:45:36,www.woodbrass.com
2014-02-25 09:45:43,www.woodbrass.com
2014-02-25 09:45:50,www.woodbrass.com
2014-02-25 09:45:57,www.woodbrass.com
2014-02-25 09:46:04,www.woodbrass.com
2014-02-25 09:46:11,www.woodbrass.com
2014-02-25 09:46:18,www.woodbrass.com
2014-02-25 09:46:21,ad.foxitsoftware.com
2014-02-25 09:46:21,www.foxitsoftware.com
2014-02-25 09:46:25,www.woodbrass.com
2014-02-25 09:46:32,www.woodbrass.com
2014-02-25 09:46:33,www.foxitsoftware.com
2014-02-25 09:46:34,ad.foxitsoftware.com
2014-02-25 09:46:39,www.woodbrass.com
2014-02-25 09:46:46,www.woodbrass.com
2014-02-25 09:46:53,www.woodbrass.com
2014-02-25 09:47:00,www.woodbrass.com
2014-02-25 09:47:07,www.woodbrass.com
2014-02-25 09:47:14,www.woodbrass.com
2014-02-25 09:47:21,www.woodbrass.com
2014-02-25 09:47:28,www.woodbrass.com
2014-02-25 09:47:35,www.woodbrass.com
2014-02-25 09:47:42,www.woodbrass.com
2014-02-25 09:47:49,www.woodbrass.com
2014-02-25 09:47:56,www.woodbrass.com
2014-02-25 09:48:03,www.woodbrass.com
2014-02-25 09:48:04,www.foxitsoftware.com
2014-02-25 09:48:04,ad.foxitsoftware.com
2014-02-25 09:48:10,www.woodbrass.com
2014-02-25 09:48:17,www.woodbrass.com
2014-02-25 09:48:24,www.woodbrass.com
2014-02-25 09:48:31,www.woodbrass.com
2014-02-25 09:48:38,www.woodbrass.com
2014-02-25 09:48:46,www.woodbrass.com
2014-02-25 09:48:52,www.woodbrass.com
2014-02-25 09:49:00,www.woodbrass.com
2014-02-25 09:49:07,www.woodbrass.com
2014-02-25 09:49:14,www.woodbrass.com
2014-02-25 09:49:21,www.woodbrass.com
2014-02-25 09:49:28,www.woodbrass.com
2014-02-25 09:49:35,www.woodbrass.com
2014-02-25 09:49:42,www.woodbrass.com
2014-02-25 09:49:49,www.woodbrass.com
2014-02-25 09:49:56,www.woodbrass.com
2014-02-25 09:50:03,www.woodbrass.com
2014-02-25 09:50:10,www.woodbrass.com
2014-02-25 09:50:17,www.woodbrass.com
2014-02-25 09:50:24,www.woodbrass.com
2014-02-25 09:50:31,www.woodbrass.com
2014-02-25 09:50:38,www.woodbrass.com
2014-02-25 09:50:45,www.woodbrass.com
2014-02-25 09:50:52,www.woodbrass.com
2014-02-25 09:50:59,www.woodbrass.com
2014-02-25 09:51:06,www.woodbrass.com
2014-02-25 09:51:13,www.woodbrass.com
2014-02-25 09:51:20,www.woodbrass.com
2014-02-25 09:51:27,www.woodbrass.com
2014-02-25 09:51:34,www.woodbrass.com
2014-02-25 09:51:41,www.woodbrass.com
2014-02-25 09:51:48,www.woodbrass.com
2014-02-25 09:51:55,www.woodbrass.com
2014-02-25 09:52:02,www.woodbrass.com
2014-02-25 09:52:09,www.woodbrass.com
2014-02-25 09:52:16,www.woodbrass.com
2014-02-25 09:52:23,www.woodbrass.com
2014-02-25 09:52:30,www.woodbrass.com
2014-02-25 09:52:37,www.woodbrass.com
2014-02-25 09:52:44,www.woodbrass.com
2014-02-25 09:52:51,www.woodbrass.com
2014-02-25 09:52:58,www.woodbrass.com
2014-03-18 08:00:38,api.bing.com
2014-03-18 08:00:39,api.bing.com
2014-03-18 08:00:40,www.bing.com
2014-03-18 08:00:41,www.bing.com
2014-03-18 08:00:42,www.bing.com
2014-03-18 08:00:43,cms.abmr.net
2014-03-18 08:00:43,login.live.com
2014-03-18 08:00:43,www.bing.com
2014-03-18 08:01:49,www.foxitsoftware.com
2014-03-18 08:01:50,ad.foxitsoftware.com
2014-03-18 08:02:06,api.bing.com
2014-03-18 08:02:07,api.bing.com
2014-03-18 08:02:08,api.bing.com
2014-03-18 08:02:08,www.bing.com
2014-03-18 08:02:09,www.bing.com
2014-03-18 08:02:13,www.bing.com
2014-03-18 08:02:13,11859.r.msn.com
2014-03-18 08:02:14,pdf-reader-creator.com
2014-03-18 08:02:15,pdf-reader-creator.com
2014-03-18 08:02:16,gate.upclick.com
2014-03-18 08:02:16,pdf-reader-creator.com
2014-03-18 08:02:16,www.bundlesmembersarea.com
2014-03-18 08:02:19,pdf-reader-creator.com
2014-03-18 08:02:20,gate.upclick.com
2014-03-18 08:02:20,pdf-reader-creator.com
2014-03-18 08:02:22,pdf-reader-creator.com
2014-03-18 08:02:23,gate.upclick.com
2014-03-18 08:02:23,pdf-reader-creator.com
2014-03-18 08:02:30,api.bing.com
2014-03-18 08:02:31,api.bing.com
2014-03-18 08:02:32,api.bing.com
2014-03-18 08:02:33,www.bing.com
2014-03-18 08:02:35,www.bing.com
2014-03-18 08:02:36,www.bing.com
2014-03-18 08:02:37,2911169.r.msn.com
2014-03-18 08:02:47,d.delivery49.com
2014-03-18 08:02:47,ajax.googleapis.com
2014-03-18 08:02:47,login.live.com
2014-03-18 08:03:26,img.tokoholapisa.com
2014-03-18 08:03:27,img.tokoholapisa.com
2014-03-18 08:03:52,d.delivery47.com
2014-03-18 08:03:52,ajax.googleapis.com
2014-03-18 08:09:34,go.microsoft.com
2014-03-18 08:09:34,www.iegallery.com
2014-03-18 08:09:35,www.iegallery.com
2014-03-18 08:09:36,www.iegallery.com
2014-03-18 08:09:38,www.bing.com
2014-03-18 08:09:40,www.bing.com
2014-03-18 08:09:45,api.bing.com
2014-03-18 08:09:47,www.bing.com
2014-03-18 08:09:47,api.bing.com
2014-03-18 08:09:49,www.bing.com
2014-03-18 08:10:42,www.bing.com
2014-03-18 08:10:43,ajax.googleapis.com
2014-03-18 08:11:02,ieonline.microsoft.com
2014-03-18 08:12:50,api.bing.com
2014-03-18 08:12:51,api.bing.com
2014-03-18 08:12:53,www.bing.com
2014-03-18 08:12:55,www.bing.com
2014-03-18 08:12:56,www.bing.com
2014-03-18 08:12:58,get.adobe.com
2014-03-18 08:12:58,wwwimages.adobe.com
2014-03-18 08:12:59,get.adobe.com
2014-03-18 08:13:05,get.adobe.com
2014-03-18 08:13:05,wwwimages.adobe.com
2014-03-18 08:13:06,get.adobe.com
2014-03-18 08:13:06,wwwimages.adobe.com
2014-03-18 08:13:08,get.adobe.com
2014-03-18 08:13:08,wwwimages.adobe.com
2014-03-18 08:13:09,wwwimages.adobe.com
2014-03-18 08:13:09,p.typekit.net
2014-03-18 08:13:29,get3.adobe.com
2014-03-18 08:13:44,get3.adobe.com
2014-03-18 08:13:44,get.adobe.com
2014-03-18 08:13:44,wwwimages.adobe.com
2014-03-18 08:13:45,wwwimages.adobe.com
2014-03-18 08:13:45,p.typekit.net
2014-03-18 08:13:45,www.adobe.com
2014-03-18 08:13:46,get.adobe.com
2014-03-18 08:13:46,p.typekit.net
2014-03-18 08:13:46,wwwimages.adobe.com
2014-03-18 08:13:47,get3.adobe.com
2014-03-18 08:13:47,wwwimages.adobe.com
2014-03-18 08:13:47,get.adobe.com
2014-03-18 08:13:52,get.adobe.com
2014-03-18 08:13:52,www.bing.com
2014-03-18 08:13:53,www.adobe.com
2014-03-18 08:13:53,get.adobe.com
2014-03-18 08:13:53,wwwimages.adobe.com
2014-03-18 08:13:53,p.typekit.net
2014-03-18 08:17:12,get.adobe.com
2014-03-18 08:17:12,wwwimages.adobe.com
2014-03-18 08:17:13,stats.adobe.com
2014-03-18 08:17:13,p.typekit.net
2014-03-18 08:17:13,wwwimages.adobe.com
2014-03-18 08:17:23,get.adobe.com
2014-03-18 08:17:23,wwwimages.adobe.com
2014-03-18 08:17:24,p.typekit.net
2014-03-18 08:17:24,wwwimages.adobe.com
2014-03-18 08:17:31,wwwimages.adobe.com
2014-03-18 08:17:31,get.adobe.com
2014-03-18 08:17:31,p.typekit.net
2014-03-18 08:17:33,wwwimages.adobe.com
2014-03-18 08:17:33,www.adobe.com
2014-03-18 08:17:34,www.adobe.com
2014-03-18 08:17:34,wwwimages.adobe.com
2014-03-18 08:17:35,wwwimages.adobe.com
2014-03-18 08:17:37,get3.adobe.com
2014-03-18 08:17:37,wwwimages.adobe.com
2014-03-18 08:17:37,p.typekit.net
2014-03-18 08:17:37,get.adobe.com
2014-03-18 08:17:38,wwwimages.adobe.com
2014-03-18 08:17:38,get.adobe.com
2014-03-18 08:17:41,get.adobe.com
2014-03-18 08:17:41,wwwimages.adobe.com
2014-03-18 08:17:55,wwwimages.adobe.com
2014-03-18 08:17:55,get.adobe.com
2014-03-18 08:17:57,get.adobe.com
2014-03-18 08:17:57,wwwimages.adobe.com
2014-03-18 08:17:59,get.adobe.com
2014-03-18 08:17:59,wwwimages.adobe.com
2014-03-18 08:18:00,www.bing.com
2014-03-18 08:18:01,www.bing.com
2014-03-18 08:18:02,wwwimages.adobe.com
2014-03-18 08:18:02,www.bing.com
2014-03-18 08:18:03,get.adobe.com
2014-03-18 08:18:03,wwwimages.adobe.com
2014-03-18 08:18:03,cms.abmr.net
2014-03-18 08:18:07,wwwimages.adobe.com
2014-03-18 08:18:07,get.adobe.com
2014-03-18 08:18:07,p.typekit.net
2014-03-18 08:18:14,get.adobe.com
2014-03-18 08:18:14,wwwimages.adobe.com
2014-03-18 08:18:16,get.adobe.com
2014-03-18 08:18:16,wwwimages.adobe.com
2014-03-18 08:18:21,api.bing.com
2014-03-18 08:18:22,api.bing.com
2014-03-18 08:18:23,api.bing.com
2014-03-18 08:18:24,api.bing.com
2014-03-18 08:18:25,api.bing.com
2014-03-18 08:18:26,api.bing.com
2014-03-18 08:18:27,api.bing.com
2014-03-18 08:18:30,www.bing.com
2014-03-18 08:18:31,www.bing.com
2014-03-18 08:18:32,www.bing.com
2014-03-18 08:18:35,www.bing.com
2014-03-18 08:18:36,www.01net.com
2014-03-18 08:18:37,www.bing.com
2014-03-18 08:18:37,www.01net.com
2014-03-18 08:18:38,www.01net.com
2014-03-18 08:18:38,connect.facebook.net
2014-03-18 08:18:38,platform.twitter.com
2014-03-18 08:18:38,www.facebook.com
2014-03-18 08:18:39,www.adobe.com
2014-03-18 08:18:39,wwwimages.adobe.com
2014-03-18 08:18:39,ad.referencement.01net.com
2014-03-18 08:18:41,www.bing.com
2014-03-18 08:18:41,www.01net.com
2014-03-18 08:18:42,www.01net.com
2014-03-18 08:18:42,platform.twitter.com
2014-03-18 08:18:42,www.facebook.com
2014-03-18 08:18:42,ad.referencement.01net.com
2014-03-18 08:18:43,www.01net.com
2014-03-18 08:18:45,login.live.com
2014-03-18 08:18:50,www.adobe.com
2014-03-18 08:18:50,wwwimages.adobe.com
2014-03-18 08:18:51,www.adobe.com
2014-03-18 08:18:51,wwwimages.adobe.com
2014-03-18 08:18:52,www.bing.com
2014-03-18 08:18:53,www.facebook.com
2014-03-18 08:18:53,www.01net.com
2014-03-18 08:18:53,platform.twitter.com
2014-03-18 08:18:54,ad.referencement.01net.com
2014-03-18 08:19:09,d2yp9b3a29g3i2.cloudfront.net
2014-03-18 08:19:09,www.01net.com
2014-03-18 08:19:10,platform.twitter.com
2014-03-18 08:19:10,www.01net.com
2014-03-18 08:19:10,www.facebook.com
2014-03-18 08:19:49,ssl.bing.com
2014-03-18 08:20:02,api.bing.com
2014-03-18 08:20:03,api.bing.com
2014-03-18 08:20:04,api.bing.com
2014-03-18 08:20:05,www.bing.com
2014-03-18 08:20:08,www.bing.com
2014-03-18 08:20:22,drive.google.com
2014-03-18 08:20:24,www.google.com
2014-03-18 08:20:25,www.google.com
2014-03-18 08:20:25,drive.google.com
2014-03-18 08:20:28,www.google.com
2014-03-18 08:20:29,www.google.com
2014-03-18 08:20:30,www.google.com
2014-03-18 08:20:32,www.google.com
2014-03-18 08:20:33,www.google.com
2014-03-18 08:20:34,www.google.com
2014-03-18 08:20:35,www.google.com
2014-03-18 08:20:41,www.google.com
2014-03-18 08:20:42,www.google.com
2014-03-18 08:20:43,www.google.com
2014-03-18 08:20:45,www.google.com
2014-03-18 08:20:50,www.google.com
2014-03-18 08:20:51,www.google.com
2014-03-18 08:20:56,www.google.com
2014-03-18 08:20:57,www.google.com
2014-03-18 08:20:58,www.google.com
2014-03-18 08:20:59,www.google.com
2014-03-18 08:21:00,www.google.com
2014-03-18 08:21:11,apis.google.com
2014-03-18 08:21:15,www.google.com
2014-03-18 08:21:15,apis.google.com
2014-03-18 08:21:16,www.google.com
2014-03-18 08:21:16,apis.google.com
2014-03-18 08:21:17,www.google.com
2014-03-18 08:21:18,www.google.com
2014-03-18 08:21:19,www.google.com
2014-03-18 08:21:19,apis.google.com
2014-03-18 08:21:35,apis.google.com
2014-03-18 08:27:03,api.bing.com
2014-03-18 08:27:04,api.bing.com
2014-03-18 08:27:04,www.bing.com
2014-03-18 08:27:05,www.bing.com
2014-03-18 08:27:06,www.bing.com
2014-03-18 08:27:08,www.bing.com
2014-03-18 08:27:19,login.live.com
2014-03-18 08:28:05,ad.foxitsoftware.com
2014-03-18 08:28:05,www.foxitsoftware.com
2014-03-18 08:28:22,www.bing.com
2014-03-18 08:28:24,www.bing.com
2014-03-18 08:28:24,login.live.com
2014-03-18 08:28:32,www.bing.com
2014-03-18 08:28:38,drive.google.com
2014-03-18 08:28:39,drive.google.com
2014-03-18 08:28:41,www.google.com
2014-03-18 08:28:52,api.bing.com
2014-03-18 08:28:53,accounts.google.com
2014-03-18 08:28:54,accounts.google.com
2014-03-18 08:28:54,www.google.com
2014-03-18 08:28:54,drive.google.com
2014-03-18 08:28:54,api.bing.com
2014-03-18 08:28:55,api.bing.com
2014-03-18 08:28:56,api.bing.com
2014-03-18 08:28:57,api.bing.com
2014-03-18 08:28:58,api.bing.com
2014-03-18 08:28:59,accounts.youtube.com
2014-03-18 08:28:59,api.bing.com
2014-03-18 08:29:00,www.bing.com
2014-03-18 08:29:01,www.bing.com
2014-03-18 08:29:02,www.bing.com
2014-03-18 08:29:05,www.bing.com
2014-03-18 08:29:06,fr.pdf24.org
2014-03-18 08:29:07,connect.facebook.net
2014-03-18 08:29:07,stx.pdf24.org
2014-03-18 08:29:07,en.pdf24.org
2014-03-18 08:29:07,accounts.youtube.com
2014-03-18 08:29:07,accounts.google.com
2014-03-18 08:29:07,platform.twitter.com
2014-03-18 08:29:08,s-static.ak.facebook.com
2014-03-18 08:29:08,www.google.com
2014-03-18 08:29:08,www.google.fr
2014-03-18 08:29:08,www.facebook.com
2014-03-18 08:29:08,en.pdf24.org
2014-03-18 08:29:08,stx.pdf24.org
2014-03-18 08:29:08,static.ak.facebook.com
2014-03-18 08:29:09,www.bing.com
2014-03-18 08:29:11,freewares-tutos.blogspot.fr
2014-03-18 08:29:12,login.live.com
2014-03-18 08:29:17,apis.google.com
2014-03-18 08:29:17,accounts.google.com
2014-03-18 08:29:20,twitter.com
2014-03-18 08:29:23,www.blogger.com
2014-03-18 08:29:23,apis.google.com
2014-03-18 08:29:23,www.bing.com
2014-03-18 08:29:24,apis.google.com
2014-03-18 08:29:24,ssl.bing.com
2014-03-18 08:29:24,www.bing.com
2014-03-18 08:29:24,www.blogger.com
2014-03-18 08:29:24,1.bp.blogspot.com
2014-03-18 08:29:24,4.bp.blogspot.com
2014-03-18 08:29:24,2.bp.blogspot.com
2014-03-18 08:29:24,img1.blogblog.com
2014-03-18 08:29:24,log.opentracker.net
2014-03-18 08:29:24,feeds2.feedburner.com
2014-03-18 08:29:24,sites.google.com
2014-03-18 08:29:24,www.wikio.fr
2014-03-18 08:29:24,i.imgur.com
2014-03-18 08:29:24,www.google.com
2014-03-18 08:29:25,img1.blogblog.com
2014-03-18 08:29:25,apis.google.com
2014-03-18 08:29:25,www.bing.com
2014-03-18 08:29:25,sites.google.com
2014-03-18 08:29:25,www.google.com
2014-03-18 08:29:26,www.bing.com
2014-03-18 08:29:26,www.google.com
2014-03-18 08:29:26,www.linkwithin.com
2014-03-18 08:29:26,apis.google.com
2014-03-18 08:29:27,img404.imageshack.us
2014-03-18 08:29:27,img1.blogblog.com
2014-03-18 08:29:28,www.bing.com
2014-03-18 08:29:28,img43.imageshack.us
2014-03-18 08:29:28,img12.imageshack.us
2014-03-18 08:29:28,i.imgur.com
2014-03-18 08:29:29,accounts.google.com
2014-03-18 08:29:29,wwwimages.adobe.com
2014-03-18 08:29:29,get.adobe.com
2014-03-18 08:29:29,img689.imageshack.us
2014-03-18 08:29:29,img685.imageshack.us
2014-03-18 08:29:29,www.linkwithin.com
2014-03-18 08:29:30,i32.servimg.com
2014-03-18 08:29:30,get.adobe.com
2014-03-18 08:29:30,sfx-images.mozilla.org
2014-03-18 08:29:30,i.imgur.com
2014-03-18 08:29:30,wwwimages.adobe.com
2014-03-18 08:29:30,widget5.linkwithin.com
2014-03-18 08:29:30,p.typekit.net
2014-03-18 08:29:31,www.blogger.com
2014-03-18 08:29:31,apis.google.com
2014-03-18 08:29:31,3.bp.blogspot.com
2014-03-18 08:29:31,www.box.net
2014-03-18 08:29:31,www.adobe.com
2014-03-18 08:29:31,1.bp.blogspot.com
2014-03-18 08:29:31,i.imgur.com
2014-03-18 08:29:32,apis.google.com
2014-03-18 08:29:32,accounts.google.com
2014-03-18 08:29:32,www.googleapis.com
2014-03-18 08:29:32,widget5.linkwithin.com
2014-03-18 08:29:32,ajax.googleapis.com
2014-03-18 08:29:32,images.linkwithin.com
2014-03-18 08:29:33,images.linkwithin.com
2014-03-18 08:29:33,images2.linkwithin.com
2014-03-18 08:29:33,www.google.com
2014-03-18 08:29:33,www.googleapis.com
2014-03-18 08:29:33,b12.myspace.com
2014-03-18 08:29:34,freewares-tutos.blogspot.fr
2014-03-18 08:29:34,www.google.com
2014-03-18 08:29:34,clients1.google.com
2014-03-18 08:29:35,www.google.com
2014-03-18 08:29:36,gg.google.com
2014-03-18 08:29:37,wwwimages.adobe.com
2014-03-18 08:29:37,get.adobe.com
2014-03-18 08:29:37,www.google.com
2014-03-18 08:29:38,wwwimages.adobe.com
2014-03-18 08:29:38,p.typekit.net
2014-03-18 08:29:38,get.adobe.com
2014-03-18 08:29:38,get3.adobe.com
2014-03-18 08:29:39,wwwimages.adobe.com
2014-03-18 08:29:40,get3.adobe.com
2014-03-18 08:29:40,login.live.com
2014-03-18 08:29:41,get3.adobe.com
2014-03-18 08:29:41,get.adobe.com
2014-03-18 08:29:41,wwwimages.adobe.com
2014-03-18 08:29:41,stats.adobe.com
2014-03-18 08:29:42,get.adobe.com
2014-03-18 08:29:42,wwwimages.adobe.com
2014-03-18 08:29:43,get.adobe.com
2014-03-18 08:29:43,wwwimages.adobe.com
2014-03-18 08:29:43,p.typekit.net
2014-03-18 08:29:44,stats.adobe.com
2014-03-18 08:29:44,wwwimages.adobe.com
2014-03-18 08:29:48,get3.adobe.com
2014-03-18 08:29:49,get.adobe.com
2014-03-18 08:29:49,wwwimages.adobe.com
2014-03-18 08:29:49,stats.adobe.com
2014-03-18 08:29:50,p.typekit.net
2014-03-18 08:29:50,twitter.com
2014-03-18 08:30:17,gg.google.com
2014-03-18 08:30:17,www.google.com
2014-03-18 08:30:18,www.google.com
2014-03-18 08:30:34,www.bing.com
2014-03-18 08:30:35,www.bing.com
2014-03-18 08:30:36,www.bing.com
2014-03-18 08:30:48,login.live.com
2014-03-18 08:32:28,accounts.google.com
2014-03-18 08:32:35,accounts.google.fr
2014-03-18 08:32:36,accounts.google.fr
2014-03-18 08:32:36,accounts.youtube.com
2014-03-18 08:32:37,drive.google.com
2014-03-18 08:32:38,drive.google.com
2014-03-18 08:32:38,apis.google.com
2014-03-18 08:32:39,drive.google.com
2014-03-18 08:32:40,drive.google.com
2014-03-18 08:32:40,lh5.google.com
2014-03-18 08:32:41,lh5.google.com
2014-03-18 08:32:41,lh3.google.com
2014-03-18 08:32:41,lh6.google.com
2014-03-18 08:32:41,lh4.google.com
2014-03-18 08:32:42,lh4.google.com
2014-03-18 08:32:42,lh3.google.com
2014-03-18 08:32:42,drive.google.com
2014-03-18 08:32:42,0.drive.google.com
2014-03-18 08:32:42,lh5.google.com
2014-03-18 08:32:43,lh5.google.com
2014-03-18 08:32:43,0.drive.google.com
2014-03-18 08:32:43,lh3.google.com
2014-03-18 08:32:43,docs.google.com
2014-03-18 08:32:44,docs.google.com
2014-03-18 08:32:44,drive.google.com
2014-03-18 08:32:45,docs.google.com
2014-03-18 08:32:45,drive.google.com
2014-03-18 08:32:46,lh3.google.com
2014-03-18 08:32:47,docs.google.com
2014-03-18 08:32:48,lh6.google.com
2014-03-18 08:32:48,docs.google.com
2014-03-18 08:32:48,lh3.google.com
2014-03-18 08:32:49,lh6.google.com
2014-03-18 08:32:49,lh4.google.com
2014-03-18 08:32:49,lh3.google.com
2014-03-18 08:33:37,gg.google.com
2014-03-18 08:36:28,drive.google.com
2014-03-18 08:36:44,drive.google.com
2014-03-18 08:36:45,lh3.google.com
2014-03-18 08:36:53,lh5.google.com
2014-03-18 08:36:53,gg.google.com
2014-03-18 08:36:53,drive.google.com
2014-03-18 08:36:54,lh3.google.com
2014-03-18 08:36:54,lh4.google.com
2014-03-18 08:36:54,lh6.google.com
2014-03-18 08:36:56,lh4.google.com
2014-03-18 08:36:56,lh6.google.com
2014-03-18 08:36:57,lh4.google.com
2014-03-18 08:36:57,lh5.google.com
2014-03-18 08:36:57,drive.google.com
2014-03-18 08:36:58,lh3.google.com
2014-03-18 08:36:58,lh5.google.com
2014-03-18 08:36:59,lh5.google.com
2014-03-18 08:36:59,drive.google.com
2014-03-18 08:36:59,0.drive.google.com
2014-03-18 08:37:00,lh3.google.com
2014-03-18 08:37:00,lh6.google.com
2014-03-18 08:37:01,lh4.google.com
2014-03-18 08:37:01,lh6.google.com
2014-03-18 08:37:02,lh4.google.com
2014-03-18 08:37:02,lh3.google.com
2014-03-18 08:37:10,lh5.google.com
2014-03-18 08:37:29,drive.google.com
2014-03-18 08:37:32,api.bing.com
2014-03-18 08:37:33,api.bing.com
2014-03-18 08:37:34,api.bing.com
2014-03-18 08:37:35,api.bing.com
2014-03-18 08:37:35,www.bing.com
2014-03-18 08:37:36,www.bing.com
2014-03-18 08:37:37,www.bing.com
2014-03-18 08:37:38,www.bing.com
2014-03-18 08:37:39,fr.mail.yahoo.com
2014-03-18 08:37:47,login.live.com
2014-03-18 08:37:54,fr.mail.yahoo.com
2014-03-18 08:37:55,fr.mail.yahoo.com
2014-03-18 08:37:56,fr.mail.yahoo.com
2014-03-18 08:38:10,login.yahoo.com
2014-03-18 08:38:11,login.yahoo.com
2014-03-18 08:38:14,login.yahoo.com
2014-03-18 08:38:15,login.yahoo.com
2014-03-18 08:38:16,login.yahoo.com
2014-03-18 08:38:26,login.yahoo.com
2014-03-18 08:38:39,fr-mg42.mail.yahoo.com
2014-03-18 08:38:40,fr-mg42.mail.yahoo.com
2014-03-18 08:38:44,drive.google.com
2014-03-18 08:38:53,fr-mg42.mail.yahoo.com
2014-03-18 08:38:54,fr-mg42.mail.yahoo.com
2014-03-18 08:38:55,fr-mg42.mail.yahoo.com
2014-03-18 08:38:59,fr-mg42.mail.yahoo.com
2014-03-18 08:39:00,fr-mg42.mail.yahoo.com
2014-03-18 08:39:06,lh5.google.com
2014-03-18 08:39:06,drive.google.com
2014-03-18 08:39:07,lh5.google.com
2014-03-18 08:39:07,lh4.google.com
2014-03-18 08:39:07,lh3.google.com
2014-03-18 08:39:07,lh6.google.com
2014-03-18 08:39:09,thumbp5-ir2.mail.yahoo.com
2014-03-18 08:39:11,lh4.google.com
2014-03-18 08:39:11,thumbp5-ir2.mail.yahoo.com
2014-03-18 08:39:12,ucs.query.yahoo.com
2014-03-18 08:39:14,ucs.query.yahoo.com
2014-03-18 08:39:45,thumbp5-ir2.mail.yahoo.com
2014-03-18 08:39:46,fr-mg42.mail.yahoo.com
2014-03-18 08:39:47,fr-mg42.mail.yahoo.com
2014-03-18 08:39:51,fr-mg42.mail.yahoo.com
2014-03-18 08:39:52,fr-mg42.mail.yahoo.com
2014-03-18 08:40:03,fr-mg42.mail.yahoo.com
2014-03-18 08:40:08,fr-mg42.mail.yahoo.com
2014-03-18 08:40:13,fr-mg42.mail.yahoo.com
2014-03-18 08:40:14,www.dropbox.com
2014-03-18 08:40:15,www.dropbox.com
2014-03-18 08:40:24,mg.mail.yahoo.com
2014-03-18 08:40:44,drive.google.com
2014-03-18 08:41:25,mg.mail.yahoo.com
2014-03-18 08:42:47,fr-mg42.mail.yahoo.com
2014-03-18 08:43:08,lh6.google.com
2014-03-18 08:43:08,lh5.google.com
2014-03-18 08:43:36,login.yahoo.com
2014-03-18 08:43:37,fr.yahoo.com
2014-03-18 08:43:38,fpdownload2.macromedia.com
2014-03-18 08:43:42,locdrop.query.yahoo.com
2014-03-18 08:43:43,fr.yahoo.com
2014-03-18 08:43:54,drive.google.com
2014-03-18 08:43:55,0.drive.google.com
2014-03-18 08:44:00,plus.google.com
2014-03-18 08:44:04,plus.google.com
2014-03-18 08:44:05,maps-api-ssl.google.com
2014-03-18 08:44:06,maps-api-ssl.google.com
2014-03-18 08:44:07,maps-api-ssl.google.com
2014-03-18 08:44:07,plus.google.com
2014-03-18 08:44:08,plus.google.com
2014-03-18 08:44:09,plus.google.com
2014-03-18 08:44:09,talkgadget.google.com
2014-03-18 08:44:12,apis.google.com
2014-03-18 08:44:12,talkgadget.google.com
2014-03-18 08:44:13,plus.google.com
2014-03-18 08:44:15,plus.google.com
2014-03-18 08:44:15,talkgadget.google.com
2014-03-18 08:44:16,talkgadget.google.com
2014-03-18 08:44:16,plus.google.com
2014-03-18 08:44:17,plus.google.com
2014-03-18 08:44:19,plus.google.com
2014-03-18 08:44:20,plus.google.com
2014-03-18 08:44:23,plus.google.com
2014-03-18 08:44:25,apis.google.com
2014-03-18 08:44:26,plus.google.com
2014-03-18 08:44:26,talkgadget.google.com
2014-03-18 08:44:27,plus.google.com
2014-03-18 08:44:36,plus.google.com
2014-03-18 08:44:36,talkgadget.google.com
2014-03-18 08:44:36,apis.google.com
2014-03-18 08:44:38,talkgadget.google.com
2014-03-18 08:44:42,plus.google.com
2014-03-18 08:44:42,talkgadget.google.com
2014-03-18 08:44:42,apis.google.com
2014-03-18 08:44:42,clients6.google.com
2014-03-18 08:44:42,accounts.google.com
2014-03-18 08:44:43,apis.google.com
2014-03-18 08:44:43,plus.google.com
2014-03-18 08:44:44,clients6.google.com
2014-03-18 08:44:55,plus.url.google.com
2014-03-18 08:44:55,www.google.fr
2014-03-18 08:44:56,www.google.fr
2014-03-18 08:44:56,www.google.com
2014-03-18 08:44:57,www.google.fr
2014-03-18 08:45:07,clients6.google.com
2014-03-18 08:45:08,0.drive.google.com
2014-03-18 08:45:19,plus.url.google.com
2014-03-18 08:45:19,www.google.fr
2014-03-18 08:45:20,www.google.fr
2014-03-18 08:45:20,www.google.com
2014-03-18 08:45:28,plus.google.com
2014-03-18 08:45:28,talkgadget.google.com
2014-03-18 08:45:28,clients6.google.com
2014-03-18 08:45:34,api.bing.com
2014-03-18 08:45:35,api.bing.com
2014-03-18 08:45:36,api.bing.com
2014-03-18 08:45:37,api.bing.com
2014-03-18 08:45:37,talkgadget.google.com
2014-03-18 08:45:38,talkgadget.google.com
2014-03-18 08:45:38,www.bing.com
2014-03-18 08:45:39,www.bing.com
2014-03-18 08:45:40,talkgadget.google.com
2014-03-18 08:45:41,www.google.fr
2014-03-18 08:45:41,www.bing.com
2014-03-18 08:45:42,clients1.google.fr
2014-03-18 08:45:43,www.google.fr
2014-03-18 08:45:45,clients1.google.fr
2014-03-18 08:45:47,www.google.com
2014-03-18 08:45:47,apis.google.com
2014-03-18 08:45:47,accounts.youtube.com
2014-03-18 08:45:47,accounts.google.com
2014-03-18 08:45:47,www.google.fr
2014-03-18 08:45:48,www.google.com
2014-03-18 08:45:48,www.google.fr
2014-03-18 08:45:48,accounts.google.fr
2014-03-18 08:45:49,login.live.com
2014-03-18 08:47:01,www.google.fr
2014-03-18 08:47:01,clients1.google.fr
2014-03-18 08:55:35,www.foxitsoftware.com
2014-03-18 08:55:35,www.palais-decouverte.fr
2014-03-18 08:55:36,ad.foxitsoftware.com
2014-03-18 08:55:51,www.foxitsoftware.com
2014-03-18 08:55:51,www.inpes.sante.fr
2014-03-18 08:55:52,ad.foxitsoftware.com
2014-03-18 08:56:03,www.foxitsoftware.com
2014-03-18 08:56:04,ad.foxitsoftware.com
2014-03-18 08:57:00,www.foxitsoftware.com
2014-03-18 08:57:00,ad.foxitsoftware.com
2014-03-18 08:57:07,www.foxitsoftware.com
2014-03-18 08:57:08,ad.foxitsoftware.com
2014-03-18 08:59:45,www.foxitsoftware.com
2014-03-18 08:59:50,ad.foxitsoftware.com
2014-03-18 09:13:08,api.bing.com
2014-03-18 09:13:09,api.bing.com
2014-03-18 09:13:10,api.bing.com
2014-03-18 09:13:11,api.bing.com
2014-03-18 09:13:12,api.bing.com
2014-03-18 09:13:13,www.bing.com
2014-03-18 09:13:15,www.bing.com
2014-03-18 09:13:17,www.bing.com
2014-03-18 09:13:20,www.bing.com
2014-03-18 09:13:21,api.bing.com
2014-03-18 09:13:23,api.bing.com
2014-03-18 09:13:25,api.bing.com
2014-03-18 09:13:25,www.bing.com
2014-03-18 09:13:27,api.bing.com
2014-03-18 09:13:28,api.bing.com
2014-03-18 09:13:29,login.live.com
2014-03-18 09:13:29,api.bing.com
2014-03-18 09:13:30,api.bing.com
2014-03-18 09:13:31,api.bing.com
2014-03-18 09:13:32,api.bing.com
2014-03-18 09:13:32,www.bing.com
2014-03-18 09:13:33,api.bing.com
2014-03-18 09:13:34,api.bing.com
2014-03-18 09:13:38,www.bing.com
2014-03-18 09:13:40,www.bing.com
2014-03-18 09:13:40,ssl.bing.com
2014-03-18 09:13:40,login.live.com
2014-03-18 09:13:43,www.bing.com
2014-03-18 09:13:43,www.planetoscope.com
2014-03-18 09:13:43,ajax.googleapis.com
2014-03-18 09:13:44,www.planetoscope.com
2014-03-18 09:13:45,www.insee.fr
2014-03-18 09:13:46,www.facebook.com
2014-03-18 09:13:46,www.planetoscope.com
2014-03-18 09:13:46,hal9000.redintelligence.net
2014-03-18 09:13:47,www.encyclo-ecolo.com
2014-03-18 09:13:47,unctad.org
2014-03-18 09:13:47,www.unctad.org
2014-03-18 09:13:47,n7.hal9000.redintelligence.net
2014-03-18 09:13:47,www.planetoscope.com
2014-03-18 09:13:48,www.bing.com
2014-03-18 09:13:51,www.foxitsoftware.com
2014-03-18 09:13:51,enquete.consoglobe.com
2014-03-18 09:13:51,www.insee.fr
2014-03-18 09:13:51,www.planetoscope.com
2014-03-18 09:13:51,banniere.reussissonsensemble.fr
2014-03-18 09:13:53,ad.foxitsoftware.com
2014-03-18 09:13:55,banniere.reussissonsensemble.fr
2014-03-18 09:13:56,banniere.reussissonsensemble.fr
2014-03-18 09:13:57,um.simpli.fi
2014-03-18 09:13:58,rubicon-match.dotomi.com
2014-03-18 09:13:58,autopromo.consoglobe.com
2014-03-18 09:13:59,www.planetoscope.com
2014-03-18 09:13:59,enquete.consoglobe.com
2014-03-18 09:14:01,www.planetoscope.com
2014-03-18 09:14:01,www.foxitsoftware.com
2014-03-18 09:14:01,ad.foxitsoftware.com
2014-03-18 09:14:02,www.planetoscope.com
2014-03-18 09:14:02,ssl.bing.com
2014-03-18 09:14:02,hal9000.redintelligence.net
2014-03-18 09:14:06,www.bing.com
2014-03-18 09:14:09,www.bing.com
2014-03-18 09:14:10,www.bing.com
2014-03-18 09:14:11,www.bing.com
2014-03-18 09:14:12,www.bing.com
2014-03-18 09:14:13,www.bing.com
2014-03-18 09:14:13,login.live.com
2014-03-18 09:14:17,www.bing.com
2014-03-18 09:14:19,www.insee.fr
2014-03-18 09:14:21,www.bing.com
2014-03-18 09:14:22,www.bing.com
2014-03-18 09:14:25,www.foxitsoftware.com
2014-03-18 09:14:25,www.rmt.fr
2014-03-18 09:14:25,www.bing.com
2014-03-18 09:14:26,ad.foxitsoftware.com
2014-03-18 09:14:30,www.planetoscope.com
2014-03-18 09:14:31,www.planetoscope.com
2014-03-18 09:14:31,match.rtbidder.net
2014-03-18 09:14:32,www.planetoscope.com
2014-03-18 09:14:32,mktg.factosoft.com
2014-03-18 09:14:32,www.consoglobe.com
2014-03-18 09:14:32,enquete.consoglobe.com
2014-03-18 09:14:32,autopromo.consoglobe.com
2014-03-18 09:14:32,www.facebook.com
2014-03-18 09:14:33,www.facebook.com
2014-03-18 09:14:35,www.planetoscope.com
2014-03-18 09:14:42,www.planetoscope.com
2014-03-18 09:18:37,www.foxitsoftware.com
2014-03-18 09:18:37,ad.foxitsoftware.com
2014-03-18 09:18:42,www.bing.com
2014-03-18 09:18:44,www.bing.com
2014-03-18 09:18:45,www.bing.com
2014-03-18 09:18:46,www.bing.com
2014-03-18 09:18:48,www.globometer.com
2014-03-18 09:18:48,www.bing.com
2014-03-18 09:18:48,ssl.bing.com
2014-03-18 09:18:48,globometer.com
2014-03-18 09:18:48,connect.facebook.net
2014-03-18 09:18:49,spb-ad2012.com
2014-03-18 09:18:49,cpm.mediaffiliation.com
2014-03-18 09:18:49,www.effiliation-hebergement.com
2014-03-18 09:18:49,www.mediaffiliation.com
2014-03-18 09:18:49,www.affiliaweb.fr
2014-03-18 09:18:49,www.assoc-amazon.fr
2014-03-18 09:18:49,www.bing.com
2014-03-18 09:18:49,www.globometer.com
2014-03-18 09:18:49,www.sponsorboost.com
2014-03-18 09:18:50,s-static.ak.facebook.com
2014-03-18 09:18:50,images.orangepublicite.fr
2014-03-18 09:18:50,cpm.mediaffiliation.com
2014-03-18 09:18:50,static.ak.facebook.com
2014-03-18 09:18:50,www.facebook.com
2014-03-18 09:18:51,images.orangepublicite.fr
2014-03-18 09:18:51,www.globometer.com
2014-03-18 09:18:53,platform.linkedin.com
2014-03-18 09:18:53,www.franceinfo.fr
2014-03-18 09:18:53,platform.twitter.com
2014-03-18 09:18:54,www.franceinfo.fr
2014-03-18 09:18:54,connect.facebook.net
2014-03-18 09:18:54,platform.linkedin.com
2014-03-18 09:18:55,login.live.com
2014-03-18 09:18:55,www.bing.com
2014-03-18 09:18:55,c1.adform.net
2014-03-18 09:18:56,www.franceinfo.fr
2014-03-18 09:18:56,rbp.mxptint.net
2014-03-18 09:18:56,c1.adform.net
2014-03-18 09:18:57,connect.facebook.net
2014-03-18 09:18:57,www.franceinfo.fr
2014-03-18 09:18:58,www.bing.com
2014-03-18 09:18:58,www.dailymotion.com
2014-03-18 09:18:58,www.franceinfo.fr
2014-03-18 09:18:59,www.franceinfo.fr
2014-03-18 09:18:59,ajax.googleapis.com
2014-03-18 09:19:00,www.franceinfo.fr
2014-03-18 09:19:00,www.dailymotion.com
2014-03-18 09:19:01,www.franceinfo.fr
2014-03-18 09:19:02,s-static.ak.facebook.com
2014-03-18 09:19:02,static.ak.facebook.com
2014-03-18 09:19:02,www.facebook.com
2014-03-18 09:19:03,www.linkedin.com
2014-03-18 09:19:03,semiocast.com
2014-03-18 09:19:03,platform.twitter.com
2014-03-18 09:19:07,212.83.158.208
2014-03-18 09:19:07,www.franceinfo.fr
2014-03-18 09:19:07,dnn506yrbagrg.cloudfront.net
2014-03-18 09:19:09,apis.google.com
2014-03-18 09:19:09,www.linkedin.com
2014-03-18 09:19:13,twitter.com
2014-03-18 09:19:13,platform.linkedin.com
2014-03-18 09:19:13,www.franceinfo.fr
2014-03-18 09:19:13,platform.twitter.com
2014-03-18 09:19:14,s-static.ak.facebook.com
2014-03-18 09:19:14,www.franceinfo.fr
2014-03-18 09:19:14,platform.linkedin.com
2014-03-18 09:19:14,connect.facebook.net
2014-03-18 09:19:14,static.ak.facebook.com
2014-03-18 09:19:15,www.franceinfo.fr
2014-03-18 09:19:16,www.franceinfo.fr
2014-03-18 09:19:16,connect.facebook.net
2014-03-18 09:19:16,www.dailymotion.com
2014-03-18 09:19:17,ajax.googleapis.com
2014-03-18 09:19:17,www.franceinfo.fr
2014-03-18 09:19:18,www.franceinfo.fr
2014-03-18 09:19:19,www.linkedin.com
2014-03-18 09:19:19,semiocast.com
2014-03-18 09:19:19,www.franceinfo.fr
2014-03-18 09:19:20,dnn506yrbagrg.cloudfront.net
2014-03-18 09:19:21,www.franceinfo.fr
2014-03-18 09:19:21,platform.twitter.com
2014-03-18 09:19:21,twitter.com
2014-03-18 09:19:22,twitter.com
2014-03-18 09:19:23,i1-js-14-3-01-11987-721440763-i.init.cedexis-radar.net
2014-03-18 09:19:28,twitter.com
2014-03-18 09:19:28,apis.google.com
2014-03-18 09:19:29,apis.google.com
2014-03-18 09:19:29,www.franceinfo.fr
2014-03-18 09:19:31,accounts.google.com
2014-03-18 09:19:49,www.youtube.com
2014-03-18 09:19:49,www.cosmebio.org
2014-03-18 09:19:49,accounts.google.com
2014-03-18 09:19:50,s.ytimg.com
2014-03-18 09:19:50,www.cosmebio.org
2014-03-18 09:20:07,www.cosmebio.org
2014-03-18 09:20:09,www.cosmebio.org
2014-03-18 09:20:10,www.cosmebio.org
2014-03-18 09:20:11,www.cosmebio.org
2014-03-18 09:20:19,www.cosmebio.org
2014-03-18 09:20:19,www.foxitsoftware.com
2014-03-18 09:20:20,ad.foxitsoftware.com
2014-03-18 09:21:01,ssl.bing.com
2014-03-18 09:24:06,www.linkedin.com
2014-03-18 09:24:11,www.bing.com
2014-03-18 09:24:13,www.bing.com
2014-03-18 09:24:16,www.bing.com
2014-03-18 09:24:17,www.planetoscope.com
2014-03-18 09:24:18,www.consoglobe.com
2014-03-18 09:24:18,mktg.factosoft.com
2014-03-18 09:24:18,www.facebook.com
2014-03-18 09:24:18,www.planetoscope.com
2014-03-18 09:24:18,ajax.googleapis.com
2014-03-18 09:24:18,enquete.consoglobe.com
2014-03-18 09:24:18,www.bing.com
2014-03-18 09:24:19,367347zocr.s.ad6media.fr
2014-03-18 09:24:19,rp.gwallet.com
2014-03-18 09:24:20,s-static.ak.facebook.com
2014-03-18 09:24:20,www.facebook.com
2014-03-18 09:24:20,static.ak.facebook.com
2014-03-18 09:24:21,autopromo.consoglobe.com
2014-03-18 09:24:22,www.planetoscope.com
2014-03-18 09:24:22,enquete.consoglobe.com
2014-03-18 09:24:23,www.bing.com
2014-03-18 09:24:24,www.bing.com
2014-03-18 09:24:25,www.bing.com
2014-03-18 09:24:26,um.simpli.fi
2014-03-18 09:24:27,www.bing.com
2014-03-18 09:24:29,www.bing.com
2014-03-18 09:24:29,login.live.com
2014-03-18 09:24:31,www.bing.com
2014-03-18 09:24:34,www.bing.com
2014-03-18 09:24:37,www.bing.com
2014-03-18 09:24:38,www.bing.com
2014-03-18 09:24:39,ssl.bing.com
2014-03-18 09:24:39,www.bing.com
2014-03-18 09:24:40,www.bing.com
2014-03-18 09:24:40,login.live.com
2014-03-18 09:24:48,www.bing.com
2014-03-18 09:24:52,www.bing.com
2014-03-18 09:24:53,www.bing.com
2014-03-18 09:24:55,www.bing.com
2014-03-18 09:24:55,ssl.bing.com
2014-03-18 09:24:55,login.live.com
2014-03-18 09:24:59,www.bing.com
2014-03-18 09:25:02,fr.viadeo.com
2014-03-18 09:25:02,static9.viadeo-static.com
2014-03-18 09:25:03,www.bing.com
2014-03-18 09:25:04,static9.viadeo-static.com
2014-03-18 09:25:06,i1-js-14-3-01-10169-855419710-i.init.cedexis-radar.net
2014-03-18 09:25:08,org-join.viadeo.com
2014-03-18 09:25:11,www.planetoscope.com
2014-03-18 09:25:14,level3.cedexis.com
2014-03-18 09:25:15,level3.cedexis.com
2014-03-18 09:25:17,apis.google.com
2014-03-18 09:25:20,www.bing.com
2014-03-18 09:25:27,www.bing.com
2014-03-18 09:25:28,www.bing.com
2014-03-18 09:25:29,www.bing.com
2014-03-18 09:25:29,www.google.fr
2014-03-18 09:25:29,ssl.bing.com
2014-03-18 09:25:30,www.bing.com
2014-03-18 09:25:30,login.live.com
2014-03-18 09:25:37,www.google.fr
2014-03-18 09:25:38,www.bing.com
2014-03-18 09:25:41,www.google.fr
2014-03-18 09:25:42,www.google.fr
2014-03-18 09:25:43,ssl.bing.com
2014-03-18 09:25:44,clients1.google.fr
2014-03-18 09:26:06,www.google.fr
2014-03-18 09:26:10,www.google.fr
2014-03-18 09:26:25,www.google.fr
2014-03-18 09:26:25,www.premiumbeautynews.com
2014-03-18 09:26:26,www.premiumbeautynews.com
2014-03-18 09:26:27,www.premiumbeautynews.com
2014-03-18 09:26:27,ajax.googleapis.com
2014-03-18 09:26:28,www.premiumbeautynews.com
2014-03-18 09:26:29,platform.twitter.com
2014-03-18 09:26:29,www.premiumbeautynews.com
2014-03-18 09:26:29,www.google.fr
2014-03-18 09:26:29,connect.facebook.net
2014-03-18 09:26:30,www.premiumbeautynews.com
2014-03-18 09:26:30,platform.twitter.com
2014-03-18 09:26:30,www.makeup-in.com
2014-03-18 09:26:30,www.google.fr
2014-03-18 09:26:31,s-static.ak.facebook.com
2014-03-18 09:26:31,www.facebook.com
2014-03-18 09:26:31,static.ak.facebook.com
2014-03-18 09:26:31,www.premiumbeautynews.com
2014-03-18 09:26:31,www.makeup-in.com
2014-03-18 09:26:32,www.google.fr
2014-03-18 09:26:32,platform.twitter.com
2014-03-18 09:26:32,fr.viadeo.com
2014-03-18 09:26:32,www.makeup-in.com
2014-03-18 09:26:32,www.premiumbeautynews.com
2014-03-18 09:26:33,static9.viadeo-static.com
2014-03-18 09:26:33,www.premiumbeautynews.com
2014-03-18 09:26:34,platform.twitter.com
2014-03-18 09:26:34,fr.viadeo.com
2014-03-18 09:26:34,www.premiumbeautynews.com
2014-03-18 09:26:35,apis.google.com
2014-03-18 09:26:36,www.premiumbeautynews.com
2014-03-18 09:26:41,twitter.com
2014-03-18 09:26:43,www.premiumbeautynews.com
2014-03-18 09:26:44,www.makeup-in.com
2014-03-18 09:26:44,www.premiumbeautynews.com
2014-03-18 09:26:44,apis.google.com
2014-03-18 09:26:45,www.premiumbeautynews.com
2014-03-18 09:26:46,www.premiumbeautynews.com
2014-03-18 09:26:47,ajax.googleapis.com
2014-03-18 09:26:47,www.premiumbeautynews.com
2014-03-18 09:26:48,www.premiumbeautynews.com
2014-03-18 09:26:49,www.premiumbeautynews.com
2014-03-18 09:26:59,www.makeup-in.com
2014-03-18 09:27:03,www.makeup-in.com
2014-03-18 09:27:04,www.makeup-in.com
2014-03-18 09:27:30,www.premiumbeautynews.com
2014-03-18 09:27:32,www.premiumbeautynews.com
2014-03-18 09:28:09,www.premiumbeautynews.com
2014-03-18 09:28:09,ajax.googleapis.com
2014-03-18 09:28:10,www.premiumbeautynews.com
2014-03-18 09:28:11,www.premiumbeautynews.com
2014-03-18 09:28:25,www.google.fr
2014-03-18 09:28:26,api.bing.com
2014-03-18 09:28:28,api.bing.com
2014-03-18 09:28:29,www.bing.com
2014-03-18 09:28:30,www.bing.com
2014-03-18 09:28:31,www.bing.com
2014-03-18 09:28:32,www.bing.com
2014-03-18 09:28:33,nsf.org
2014-03-18 09:28:34,nsf.org
2014-03-18 09:28:35,ajax.googleapis.com
2014-03-18 09:28:35,nsf.org
2014-03-18 09:28:36,nsf.org
2014-03-18 09:28:37,nsf.org
2014-03-18 09:28:38,nsf.org
2014-03-18 09:28:39,nsf.org
2014-03-18 09:28:41,login.live.com
2014-03-18 09:28:54,nsf.org
2014-03-18 09:28:54,ajax.googleapis.com
2014-03-18 09:28:55,nsf.org
2014-03-18 09:29:12,nsf.org
2014-03-18 09:29:20,clients1.google.fr
2014-03-18 09:29:23,www.google.fr
2014-03-18 09:29:27,www.intel.fr
2014-03-18 09:29:28,www.google.fr
2014-03-18 09:29:28,www.intel.fr
2014-03-18 09:29:29,www.intel.fr
2014-03-18 09:29:29,8b3439.t.axf8.net
2014-03-18 09:29:43,leg2.u-bourgogne.fr
2014-03-18 09:29:43,www.foxitsoftware.com
2014-03-18 09:29:44,img2.topsante.com
2014-03-18 09:29:44,static.coreg-feed.com
2014-03-18 09:29:44,ajax.googleapis.com
2014-03-18 09:29:44,css1.topsante.com
2014-03-18 09:29:44,js1.topsante.com
2014-03-18 09:29:44,ad.foxitsoftware.com
2014-03-18 09:29:44,connect.facebook.net
2014-03-18 09:29:44,img3.topsante.com
2014-03-18 09:29:44,www.google.fr
2014-03-18 09:29:44,src1.topsante.com
2014-03-18 09:29:45,img3.topsante.com
2014-03-18 09:29:45,img1.topsante.com
2014-03-18 09:29:45,www.ultimedia.com
2014-03-18 09:29:46,js1.topsante.com
2014-03-18 09:29:46,img3.topsante.com
2014-03-18 09:29:46,lb.liveviewer.ez.no
2014-03-18 09:29:46,img2.topsante.com
2014-03-18 09:29:46,src1.topsante.com
2014-03-18 09:29:47,ea.topsante.com
2014-03-18 09:29:50,tpecosmetique.canalblog.com
2014-03-18 09:29:50,ajax.googleapis.com
2014-03-18 09:29:50,static.canalblog.com
2014-03-18 09:29:50,www.google.fr
2014-03-18 09:29:51,static.canalblog.com
2014-03-18 09:29:53,p3.storage.canalblog.com
2014-03-18 09:29:53,p9.storage.canalblog.com
2014-03-18 09:29:53,p6.storage.canalblog.com
2014-03-18 09:29:53,static.canalblog.com
2014-03-18 09:29:53,p4.storage.canalblog.com
2014-03-18 09:29:53,connect.facebook.net
2014-03-18 09:29:54,static.canalblog.com
2014-03-18 09:29:54,p8.storage.canalblog.com
2014-03-18 09:29:54,p2.storage.canalblog.com
2014-03-18 09:29:54,tpecosmetique.canalblog.com
2014-03-18 09:29:55,static.coreg-feed.com
2014-03-18 09:29:55,css1.topsante.com
2014-03-18 09:29:55,ajax.googleapis.com
2014-03-18 09:29:55,js1.topsante.com
2014-03-18 09:29:56,img2.topsante.com
2014-03-18 09:29:56,www.ultimedia.com
2014-03-18 09:29:56,css1.topsante.com
2014-03-18 09:29:56,connect.facebook.net
2014-03-18 09:29:56,src1.topsante.com
2014-03-18 09:29:56,img3.topsante.com
2014-03-18 09:29:56,img1.topsante.com
2014-03-18 09:29:56,js1.topsante.com
2014-03-18 09:29:57,ea.topsante.com
2014-03-18 09:29:57,lb.liveviewer.ez.no
2014-03-18 09:29:57,src1.topsante.com
2014-03-18 09:29:57,js1.topsante.com
2014-03-18 09:29:57,img3.topsante.com
2014-03-18 09:29:58,connect.facebook.net
2014-03-18 09:29:58,img1.topsante.com
2014-03-18 09:29:58,img2.topsante.com
2014-03-18 09:29:58,img3.topsante.com
2014-03-18 09:29:58,ajax.googleapis.com
2014-03-18 09:29:58,js1.topsante.com
2014-03-18 09:29:58,src1.topsante.com
2014-03-18 09:29:58,static.coreg-feed.com
2014-03-18 09:29:58,www.ultimedia.com
2014-03-18 09:29:58,css1.topsante.com
2014-03-18 09:29:59,js1.topsante.com
2014-03-18 09:29:59,lb.liveviewer.ez.no
2014-03-18 09:29:59,ea.topsante.com
2014-03-18 09:29:59,src1.topsante.com
2014-03-18 09:29:59,img2.topsante.com
2014-03-18 09:29:59,img1.topsante.com
2014-03-18 09:29:59,img3.topsante.com
2014-03-18 09:33:23,www.google.fr
2014-03-18 09:33:24,clients1.google.fr
2014-03-18 09:33:24,www.google.fr
2014-03-18 09:38:44,js1.topsante.com
2014-03-18 09:38:44,static.coreg-feed.com
2014-03-18 09:38:44,ajax.googleapis.com
2014-03-18 09:38:44,css1.topsante.com
2014-03-18 09:38:44,connect.facebook.net
2014-03-18 09:38:45,img1.topsante.com
2014-03-18 09:38:45,js1.topsante.com
2014-03-18 09:38:45,www.ultimedia.com
2014-03-18 09:38:45,img2.topsante.com
2014-03-18 09:38:45,img3.topsante.com
2014-03-18 09:38:45,src1.topsante.com
2014-03-18 09:38:46,lb.liveviewer.ez.no
2014-03-18 09:38:46,img3.topsante.com
2014-03-18 09:38:47,js1.topsante.com
2014-03-18 09:38:48,src1.topsante.com
2014-03-18 09:38:48,img3.topsante.com
2014-03-18 09:38:48,img1.topsante.com
2014-03-18 09:38:48,img2.topsante.com
2014-03-18 09:38:48,ajax.googleapis.com
2014-03-18 09:38:48,js1.topsante.com
2014-03-18 09:38:48,css1.topsante.com
2014-03-18 09:38:48,connect.facebook.net
2014-03-18 09:38:48,www.ultimedia.com
2014-03-18 09:38:48,static.coreg-feed.com
2014-03-18 09:38:49,css1.topsante.com
2014-03-18 09:38:49,img3.topsante.com
2014-03-18 09:38:49,img2.topsante.com
2014-03-18 09:38:49,img1.topsante.com
2014-03-18 09:38:49,connect.facebook.net
2014-03-18 09:38:49,ajax.googleapis.com
2014-03-18 09:38:49,static.coreg-feed.com
2014-03-18 09:38:49,js1.topsante.com
2014-03-18 09:38:49,src1.topsante.com
2014-03-18 09:38:50,js1.topsante.com
2014-03-18 09:38:50,img2.topsante.com
2014-03-18 09:38:50,src1.topsante.com
2014-03-18 09:38:50,www.ultimedia.com
2014-03-18 09:38:50,img1.topsante.com
2014-03-18 09:38:50,img3.topsante.com
2014-03-18 09:38:51,lb.liveviewer.ez.no
2014-03-18 09:38:51,ea.topsante.com
2014-03-18 09:38:51,img2.topsante.com
2014-03-18 09:39:12,www.google.fr
2014-03-18 09:39:12,www.liberation.fr
2014-03-18 09:39:13,www.liberation.fr
2014-03-18 09:39:13,s1.libe.com
2014-03-18 09:39:13,zor.livefyre.com
2014-03-18 09:39:13,cimg.leguide.com
2014-03-18 09:39:13,flux.liberation.fr
2014-03-18 09:39:13,md1.libe.com
2014-03-18 09:39:13,md0.libe.com
2014-03-18 09:39:13,cshoppingbox.partner.leguide.com
2014-03-18 09:39:14,s1.libe.com
2014-03-18 09:39:14,videosfr.s3.amazonaws.com
2014-03-18 09:39:42,clients1.google.fr
2014-03-18 09:39:45,www.google.fr
2014-03-18 09:39:45,www.aboneobio.com
2014-03-18 09:39:45,platform.twitter.com
2014-03-18 09:39:46,www.aboneobio.com
2014-03-18 09:39:46,apis.google.com
2014-03-18 09:39:46,www.facebook.com
2014-03-18 09:39:46,connect.facebook.net
2014-03-18 09:39:47,apis.google.com
2014-03-18 09:39:47,s-static.ak.facebook.com
2014-03-18 09:39:47,www.facebook.com
2014-03-18 09:39:47,static.ak.facebook.com
2014-03-18 09:39:47,platform.twitter.com
2014-03-18 09:39:47,www.aboneobio.com
2014-03-18 09:39:48,twitter.com
2014-03-18 09:39:48,platform.twitter.com
2014-03-18 09:39:48,www.aboneobio.com
2014-03-18 09:39:54,apis.google.com
2014-03-18 09:39:55,www.aboneobio.com
2014-03-18 09:39:55,platform.twitter.com
2014-03-18 09:39:55,apis.google.com
2014-03-18 09:39:56,www.aboneobio.com
2014-03-18 09:39:57,platform.twitter.com
2014-03-18 09:39:57,www.aboneobio.com
2014-03-18 09:39:57,connect.facebook.net
2014-03-18 09:39:57,www.facebook.com
2014-03-18 09:39:58,www.aboneobio.com
2014-03-18 09:40:53,platform.twitter.com
2014-03-18 09:40:53,www.aboneobio.com
2014-03-18 09:40:54,www.aboneobio.com
2014-03-18 09:40:54,apis.google.com
2014-03-18 09:40:56,www.aboneobio.com
2014-03-18 09:40:56,connect.facebook.net
2014-03-18 09:40:56,platform.twitter.com
2014-03-18 09:40:56,www.facebook.com
2014-03-18 09:41:02,cosmeticinfopaca.com
2014-03-18 09:41:02,www.google.fr
2014-03-18 09:41:03,cosmeticinfopaca.com
2014-03-18 09:41:10,www.google.fr
2014-03-18 09:41:19,www.pointsdactu.org
2014-03-18 09:41:19,www.google.fr
2014-03-18 09:41:20,cosmeticinfopaca.com
2014-03-18 09:43:42,clients1.google.fr
2014-03-18 09:45:10,www.google.fr
2014-03-18 09:53:18,ad.foxitsoftware.com
2014-03-18 09:53:18,www.foxitsoftware.com
2014-04-22 08:07:27,login.live.com
2014-04-22 08:08:10,ieonline.microsoft.com
