timestamp,site
2013-11-15 13:41:24,dl.javafx.com
2013-12-13 15:13:05,www.google.com
2013-12-13 15:13:05,www.bing.com
2013-12-13 15:13:07,www.google.fr
2013-12-13 15:13:22,apis.google.com
2013-12-13 15:13:22,www.google.fr
2013-12-13 15:13:25,www.google.com
2013-12-13 15:13:34,apis.google.com
2013-12-13 15:13:34,www.google.com
2013-12-13 15:13:34,mail.google.com
2013-12-13 15:13:34,www.google.fr
2013-12-13 15:13:48,accounts.google.com
2013-12-13 15:13:54,www.google.fr
2013-12-13 15:14:06,accounts.google.fr
2013-12-13 15:14:06,accounts.youtube.com
2013-12-13 15:14:09,mail.google.com
2013-12-13 15:14:11,mail.google.com
2013-12-13 15:14:13,www.google.fr
2013-12-13 15:14:14,clients2.google.com
2013-12-13 15:14:14,apis.google.com
2013-12-13 15:14:14,www.google.com
2013-12-13 15:14:14,plus.google.com
2013-12-13 15:14:14,mail.google.com
2013-12-13 15:14:14,accounts.google.com
2013-12-13 15:14:14,accounts.google.fr
2013-12-13 15:14:15,mail.google.com
2013-12-13 15:14:15,accounts.google.com
2013-12-13 15:14:15,plus.google.com
2013-12-13 15:14:15,apis.google.com
2013-12-13 15:14:16,mail.google.com
2013-12-13 15:14:16,plus.google.com
2013-12-13 15:14:17,apis.google.com
2013-12-13 15:14:18,b.mail.google.com
2013-12-13 15:14:18,apis.google.com
2013-12-13 15:14:18,mail.google.com
2013-12-13 15:14:18,chatenabled.mail.google.com
2013-12-13 15:14:19,ieonline.microsoft.com
2013-12-13 15:15:07,b.mail.google.com
2013-12-13 15:17:16,chatenabled.mail.google.com
2013-12-13 15:17:16,mail.google.com
2013-12-13 15:17:30,mail.google.com
2013-12-13 15:17:36,plus.google.com
2013-12-13 15:17:37,chatenabled.mail.google.com
2013-12-13 15:17:37,www.google.com
2013-12-13 15:17:37,mail.google.com
2013-12-13 15:17:51,mail.google.com
2013-12-13 15:17:52,b.mail.google.com
2013-12-13 15:17:52,mail.google.com
2013-12-13 15:17:52,plus.google.com
2013-12-13 15:17:53,accounts.google.fr
2013-12-13 15:17:53,www.google.com
2013-12-13 15:17:53,plus.google.com
2013-12-13 15:17:53,www.google.fr
2013-12-13 15:17:55,accounts.google.fr
2013-12-13 15:17:55,accounts.google.com
2013-12-13 15:17:55,mail.google.com
2013-12-13 15:17:56,accounts.youtube.com
2013-12-13 16:24:50,www.google.fr
2013-12-13 16:25:05,www.google.fr
2013-12-13 16:25:06,apis.google.com
2013-12-13 16:25:08,www.google.com
2013-12-13 16:25:09,www.google.com
2013-12-13 16:25:09,apis.google.com
2013-12-13 16:25:12,www.google.fr
2013-12-13 16:25:17,mail.google.com
2013-12-13 16:25:17,www.google.fr
2013-12-13 16:25:31,accounts.google.com
2013-12-13 16:25:36,accounts.youtube.com
2013-12-13 16:25:36,www.google.fr
2013-12-13 16:25:48,accounts.google.fr
2013-12-13 16:25:49,accounts.google.fr
2013-12-13 16:25:50,www.google.fr
2013-12-13 16:25:50,mail.google.com
2013-12-13 16:25:54,accounts.google.com
2013-12-13 16:25:54,accounts.youtube.com
2013-12-13 16:25:54,accounts.google.fr
2013-12-13 16:25:56,clients2.google.com
2013-12-13 16:25:56,plus.google.com
2013-12-13 16:25:57,chatenabled.mail.google.com
2013-12-13 16:25:57,www.google.com
2013-12-13 16:25:57,b.mail.google.com
2013-12-13 16:28:00,plus.google.com
2013-12-13 16:28:00,clients2.google.com
2013-12-13 16:28:04,chatenabled.mail.google.com
2013-12-13 16:28:05,b.mail.google.com
2013-12-13 16:28:05,plus.google.com
2013-12-13 16:28:06,accounts.youtube.com
2013-12-13 16:28:06,apis.google.com
2013-12-13 16:28:06,mail.google.com
2013-12-13 16:28:06,www.google.com
2013-12-13 16:28:06,accounts.google.fr
2013-12-13 16:28:06,www.google.fr
2013-12-13 16:28:07,accounts.google.fr
2013-12-13 16:28:07,accounts.google.com
2013-12-13 16:28:07,mail.google.com
2014-01-02 19:13:18,www.altera.com
2014-01-15 18:41:04,fpdownload2.macromedia.com
2014-01-15 18:41:08,go.microsoft.com
2014-01-15 18:41:09,res2.windows.microsoft.com
2014-01-15 18:41:09,res1.windows.microsoft.com
2014-01-15 18:41:09,ajax.microsoft.com
2014-01-15 18:41:09,js.microsoft.com
2014-01-15 18:41:09,windows.microsoft.com
2014-01-15 18:41:10,res1.windows.microsoft.com
2014-01-15 18:41:10,res2.windows.microsoft.com
2014-01-15 18:41:11,windows.microsoft.com
2014-01-15 18:41:11,res2.windows.microsoft.com
2014-01-15 18:41:11,res1.windows.microsoft.com
2014-01-15 18:41:11,js.microsoft.com
2014-01-15 18:41:13,www.bing.com
2014-01-15 18:41:13,www.google.com
2014-01-15 18:41:25,www.google.fr
2014-01-15 18:41:26,www.google.fr
2014-01-15 18:41:27,www.google.com
2014-01-15 18:41:27,apis.google.com
2014-01-15 18:41:30,www.google.fr
2014-01-15 18:41:34,mail.google.com
2014-01-15 18:41:34,www.google.fr
2014-01-15 18:41:34,www.google.com
2014-01-15 18:41:35,apis.google.com
2014-01-15 18:41:35,mail.google.com
2014-01-15 18:41:35,accounts.google.com
2014-01-15 18:41:35,accounts.youtube.com
2014-01-15 18:41:35,www.google.fr
2014-01-15 18:41:36,www.google.fr
2014-01-15 18:41:36,mail.google.com
2014-01-15 18:41:54,accounts.google.fr
2014-01-15 18:41:56,accounts.youtube.com
2014-01-15 18:41:56,accounts.google.com
2014-01-15 18:41:57,mail.google.com
2014-01-15 18:41:57,plus.google.com
2014-01-15 18:41:57,www.google.com
2014-01-15 18:41:57,apis.google.com
2014-01-15 18:41:57,accounts.google.fr
2014-01-15 18:41:57,clients2.google.com
2014-01-15 18:41:58,plus.google.com
2014-01-15 18:41:59,clients2.google.com
2014-01-15 18:41:59,plus.google.com
2014-01-15 18:42:00,chatenabled.mail.google.com
2014-01-15 18:42:00,mail.google.com
2014-01-15 18:42:21,www.google.fr
2014-01-15 18:42:22,plus.google.com
2014-01-15 18:42:27,plus.google.com
2014-01-15 18:42:45,www.google.fr
2014-01-15 18:42:47,plus.google.com
2014-01-15 18:42:47,www.google.fr
2014-01-15 18:43:13,ieonline.microsoft.com
2014-01-15 18:43:13,go.microsoft.com
2014-01-15 18:43:57,mail.google.com
2014-01-15 18:44:35,apis.google.com
2014-01-15 18:44:35,accounts.google.com
2014-01-15 18:44:36,chatenabled.mail.google.com
2014-01-15 18:44:36,plus.google.com
2014-01-15 18:47:31,apis.google.com
2014-01-15 18:48:11,mail.google.com
2014-01-15 18:49:53,plus.google.com
2014-01-15 18:49:59,mail.google.com
2014-01-15 18:50:00,mail.google.com
2014-01-15 18:50:00,chatenabled.mail.google.com
2014-01-15 18:50:00,apis.google.com
2014-01-15 18:50:00,plus.google.com
2014-01-15 18:50:00,www.google.com
2014-01-15 18:50:00,www.google.fr
2014-01-15 18:50:05,accounts.google.com
2014-01-15 18:50:05,accounts.google.fr
2014-01-15 18:50:05,mail.google.com
2014-01-15 18:50:05,accounts.youtube.com
2014-01-23 14:03:57,fpdownload2.macromedia.com
2014-01-23 14:04:06,www.google.fr
2014-01-23 14:04:18,www.google.fr
2014-01-23 14:04:19,apis.google.com
2014-01-23 14:04:21,www.google.com
2014-01-23 14:06:21,apis.google.com
2014-01-23 14:06:21,www.google.fr
2014-01-23 14:06:21,www.google.com
2014-01-23 14:06:58,ieonline.microsoft.com
2014-01-23 14:10:26,www.google.fr
2014-01-23 14:10:27,fr.openclassrooms.com
2014-01-23 14:10:27,www.google.fr
2014-01-23 14:10:28,www.google.com
2014-01-23 14:10:28,fr.openclassrooms.com
2014-01-23 14:10:28,dnn506yrbagrg.cloudfront.net
2014-01-23 14:10:29,fr.openclassrooms.com
2014-01-23 14:10:30,www.google.com
2014-01-23 14:10:30,fr.openclassrooms.com
2014-01-23 14:10:40,www.googleapis.com
2014-01-23 14:11:45,www.googleapis.com
2014-01-23 16:23:48,www.google.fr
2014-01-23 16:23:53,www.google.fr
2014-01-23 16:23:53,mail.google.com
2014-01-23 16:24:02,www.google.fr
2014-01-23 16:24:02,accounts.google.com
2014-01-30 13:40:30,www.google.fr
2014-01-30 13:40:43,www.google.fr
2014-01-30 13:40:44,apis.google.com
2014-01-30 13:40:46,www.google.com
2014-01-30 13:41:08,www.google.com
2014-01-30 13:41:08,apis.google.com
2014-01-30 13:41:08,www.google.fr
2014-01-30 13:41:16,mw2.google.com
2014-01-30 13:43:16,ieonline.microsoft.com
2014-01-30 14:06:25,www.google.fr
2014-01-30 14:06:36,www.google.fr
2014-01-30 14:06:41,www.google.fr
2014-01-30 14:06:42,fpdownload2.macromedia.com
2014-01-30 14:06:42,translate.google.fr
2014-01-30 14:06:44,translate.google.fr
2014-01-30 14:06:49,translate.google.fr
2014-01-30 14:06:54,translate.google.fr
2014-01-30 14:06:55,translate.google.fr
2014-01-30 14:06:56,translate.google.fr
2014-01-30 14:06:57,translate.google.fr
2014-01-30 14:07:00,translate.google.fr
2014-01-30 14:07:01,translate.google.fr
2014-01-30 14:07:02,translate.google.fr
2014-01-30 14:07:05,translate.google.fr
2014-01-30 14:07:06,translate.google.fr
2014-01-30 14:07:11,translate.google.fr
2014-01-30 14:07:18,translate.google.fr
2014-01-30 14:07:25,translate.google.fr
2014-01-30 14:09:25,www.google.fr
2014-01-30 14:22:16,translate.google.fr
2014-01-30 14:44:12,translate.google.fr
2014-01-30 14:44:17,translate.google.fr
2014-01-30 14:44:22,translate.google.fr
2014-01-30 14:44:28,translate.google.fr
2014-01-30 16:32:12,translate.google.fr
2014-01-30 16:34:12,www.yahoo.com
2014-01-30 16:34:15,www.yahoo.com
2014-01-30 16:34:16,www.yahoo.com
2014-01-30 16:34:16,fr.yahoo.com
2014-01-30 16:34:17,fr.yahoo.com
2014-01-30 16:34:17,locdrop.query.yahoo.com
2014-01-30 16:34:29,fr.yahoo.com
2014-01-30 16:34:30,mail.yahoo.com
2014-01-30 16:34:34,mail.yahoo.com
2014-01-30 16:34:47,login.yahoo.com
2014-01-30 16:34:48,login.yahoo.com
2014-01-30 16:34:49,login.yahoo.com
2014-01-30 16:34:58,login.yahoo.com
2014-01-30 16:34:59,login.yahoo.com
2014-01-30 16:35:09,login.yahoo.com
2014-01-30 16:35:10,login.yahoo.com
2014-01-30 16:35:13,fr-mg42.mail.yahoo.com
2014-01-30 16:35:23,ycpi-mail-rest-core4.msg.yahoo.com
2014-01-30 16:35:27,fr-mg42.mail.yahoo.com
2014-01-30 16:35:27,ycpi-mail-rest-core4.msg.yahoo.com
2014-01-30 16:35:28,fr-mg42.mail.yahoo.com
2014-01-30 16:35:29,fr-mg42.mail.yahoo.com
2014-01-30 16:35:30,fr-mg42.mail.yahoo.com
2014-01-30 16:35:30,ucs.query.yahoo.com
2014-01-30 16:35:31,ycpi-mail-rest-core4.msg.yahoo.com
2014-01-30 16:35:31,ucs.query.yahoo.com
2014-01-30 16:35:40,fr-mg42.mail.yahoo.com
2014-01-30 16:35:42,www.dropbox.com
2014-01-30 16:35:43,ir2-attach.mail.yahoo.com
2014-01-30 16:35:44,ir2-attach.mail.yahoo.com
2014-01-30 16:35:45,ir2-attach.mail.yahoo.com
2014-01-30 16:35:46,ir2-attach.mail.yahoo.com
2014-01-30 16:35:50,ir2-attach.mail.yahoo.com
2014-01-30 16:35:53,ir2-attach.mail.yahoo.com
2014-01-30 16:35:56,ir2-attach.mail.yahoo.com
2014-01-30 16:36:00,ir2-attach.mail.yahoo.com
2014-01-30 16:36:23,www.dropbox.com
2014-01-30 16:36:28,fr-mg42.mail.yahoo.com
2014-01-30 16:36:30,fr-mg42.mail.yahoo.com
2014-01-30 16:36:50,translate.google.fr
2014-01-30 16:36:51,translate.google.fr
2014-01-30 16:36:53,www.google.com
2014-01-30 16:36:53,translate.google.fr
2014-01-30 16:36:55,fxdepo-a.akamaihd.net
2014-01-30 16:36:55,www.google.com
2014-01-30 16:36:55,translate.google.fr
2014-01-30 16:36:56,translate.google.fr
2014-01-30 16:36:59,translate.google.fr
2014-01-30 16:37:00,translate.google.fr
2014-01-30 16:37:05,fr-mg42.mail.yahoo.com
2014-01-30 16:37:06,fr-mg42.mail.yahoo.com
2014-01-30 16:37:07,login.yahoo.com
2014-01-30 16:37:07,fxdepo-a.akamaihd.net
2014-01-30 16:37:07,ycpi-mail-rest-core4.msg.yahoo.com
2014-01-30 16:37:08,fr.yahoo.com
2014-01-30 16:37:09,locdrop.query.yahoo.com
2014-01-30 16:37:09,fr.yahoo.com
2014-01-30 16:53:58,ieonline.microsoft.com
2014-01-30 16:53:58,ajax.microsoft.com
2014-01-30 16:53:58,res2.windows.microsoft.com
2014-01-30 16:53:58,windows.microsoft.com
2014-01-30 16:53:58,js.microsoft.com
2014-01-30 16:53:58,res1.windows.microsoft.com
2014-01-30 16:53:58,go.microsoft.com
2014-01-30 16:53:59,res1.windows.microsoft.com
2014-01-30 16:53:59,res2.windows.microsoft.com
2014-01-30 16:54:00,res2.windows.microsoft.com
2014-01-30 16:54:00,res1.windows.microsoft.com
2014-01-30 16:54:00,js.microsoft.com
2014-01-30 16:54:00,windows.microsoft.com
2014-01-30 16:54:02,www.google.com
2014-01-30 16:54:16,www.google.fr
2014-01-30 16:54:18,www.google.com
2014-01-30 16:54:18,apis.google.com
2014-01-30 16:54:25,www.google.fr
2014-01-30 16:54:25,www.google.com
2014-01-30 16:54:26,apis.google.com
2014-01-30 16:54:26,www.google.fr
2014-01-30 16:55:57,go.microsoft.com
2014-01-30 16:55:57,ieonline.microsoft.com
2014-03-02 22:36:20,www.altera.com
2014-03-02 23:21:30,res1.windows.microsoft.com
2014-03-02 23:21:30,res2.windows.microsoft.com
2014-03-02 23:21:30,js.microsoft.com
2014-03-02 23:21:30,windows.microsoft.com
2014-03-02 23:21:30,go.microsoft.com
2014-03-02 23:21:30,ajax.microsoft.com
2014-03-02 23:21:34,www.google.com
2014-03-02 23:21:37,www.google.fr
2014-03-02 23:21:38,www.google.com
2014-03-02 23:21:39,apis.google.com
2014-03-02 23:22:16,www.google.fr
2014-03-02 23:22:20,www.google.fr
2014-03-02 23:22:23,www.google.fr
2014-03-02 23:22:24,www.google.fr
2014-03-02 23:23:18,www.google.fr
2014-03-02 23:23:18,apis.google.com
2014-03-02 23:23:18,www.google.com
2014-03-02 23:23:25,go.microsoft.com
2014-03-02 23:24:32,ieonline.microsoft.com
