timestamp,site
2014-01-04 09:54:37,go.microsoft.com
2014-01-04 09:54:38,ajax.microsoft.com
2014-01-04 09:54:38,res2.windows.microsoft.com
2014-01-04 09:54:38,js.microsoft.com
2014-01-04 09:54:38,windows.microsoft.com
2014-01-04 09:54:38,res1.windows.microsoft.com
2014-01-04 09:54:57,www.bing.com
2014-01-04 09:55:58,go.microsoft.com
2014-01-04 09:55:58,ieonline.microsoft.com
2014-02-20 15:51:22,google.fr
2014-02-20 15:51:22,www.google.fr
2014-02-20 15:51:49,www.google.fr
2014-02-20 15:52:07,apis.google.com
2014-02-20 15:52:07,www.google.com
2014-02-20 15:52:15,apis.google.com
2014-02-20 15:52:15,www.google.com
2014-02-20 15:52:15,www.google.fr
2014-02-20 15:52:49,player.vimeo.com
2014-02-20 15:53:54,javadl-esd-secure.oracle.com
2014-02-20 15:55:48,www.google.fr
2014-02-20 15:56:13,www.google.fr
2014-02-20 15:56:15,apis.google.com
2014-02-20 15:56:17,www.google.com
2014-02-20 15:57:01,www.google.fr
2014-02-20 15:57:01,apis.google.com
2014-02-20 15:57:01,www.google.com
2014-02-20 15:57:02,drive.google.com
2014-02-20 15:57:28,accounts.google.com
2014-02-20 15:57:31,www.google.fr
2014-02-20 15:57:38,www.google.fr
2014-02-20 15:57:52,accounts.youtube.com
2014-02-20 15:57:56,javadl-esd-secure.oracle.com
2014-02-20 15:58:02,www.google.com
2014-02-20 15:58:02,www.google.fr
2014-02-20 15:58:14,drive.google.com
2014-02-20 15:58:14,accounts.google.fr
2014-02-20 15:58:15,accounts.youtube.com
2014-02-20 15:58:15,accounts.google.com
2014-02-20 15:58:16,apis.google.com
2014-02-20 15:58:16,drive.google.com
2014-02-20 15:58:16,accounts.google.fr
2014-02-20 15:58:20,drive.google.com
2014-02-20 15:58:26,drive.google.com
2014-02-20 15:58:29,drive.google.com
2014-02-20 15:58:29,0.drive.google.com
2014-02-20 15:58:31,www.google.com
2014-02-20 15:58:31,docs.google.com
2014-02-20 15:58:31,plus.google.com
2014-02-20 15:58:32,drive.google.com
2014-02-20 15:58:32,docs.google.com
2014-02-20 15:58:32,plus.google.com
2014-02-20 15:58:33,docs.google.com
2014-02-20 15:58:34,docs.google.com
2014-02-20 15:58:35,docs.google.com
2014-02-20 15:58:35,apis.google.com
2014-02-20 15:58:35,plus.google.com
2014-02-20 15:58:42,docs.google.com
2014-02-20 15:58:47,docs.google.com
2014-02-20 15:58:51,www.google.com
2014-02-20 15:58:53,docs.google.com
2014-02-20 15:58:53,clients6.google.com
2014-02-20 15:58:54,0.docs.google.com
2014-02-20 15:58:56,apis.google.com
2014-02-20 15:58:56,accounts.google.com
2014-02-20 15:58:56,docs.google.com
2014-02-20 15:59:29,gg.google.com
2014-02-20 15:59:46,clients6.google.com
2014-02-20 16:02:35,docs.google.com
2014-02-20 16:02:36,docs.google.com
2014-02-20 16:02:46,drive.google.com
2014-02-20 16:02:56,accounts.google.com
2014-02-20 16:02:57,docs.google.com
2014-02-20 16:03:30,gg.google.com
2014-02-20 16:06:26,drive.google.com
2014-02-20 16:07:05,www.google.fr
2014-02-20 16:07:16,www.cbs.dtu.dk
2014-02-20 16:07:16,plus.google.com
2014-02-20 16:07:16,www.google.fr
2014-02-20 16:07:16,drive.google.com
2014-02-20 16:07:16,apis.google.com
2014-02-20 16:07:17,www.cbs.dtu.dk
2014-02-20 16:08:36,docs.google.com
2014-02-20 16:10:05,plus.google.com
2014-02-20 16:10:16,code.jquery.com
2014-02-20 16:10:16,www.cbs.dtu.dk
2014-02-20 16:11:35,drive.google.com
2014-02-20 16:11:59,www.cbs.dtu.dk
2014-02-20 16:13:28,drive.google.com
2014-02-20 16:13:32,0.drive.google.com
2014-02-20 16:14:08,www.google.com
2014-02-20 16:14:19,www.cbs.dtu.dk
2014-02-20 16:14:25,www.cbs.dtu.dk
2014-02-20 16:15:04,www.cbs.dtu.dk
2014-02-20 16:15:08,www.cbs.dtu.dk
2014-02-20 16:15:39,drive.google.com
2014-02-20 16:16:48,www.cbs.dtu.dk
2014-02-20 16:16:52,www.cbs.dtu.dk
2014-02-20 16:17:00,www.cbs.dtu.dk
2014-02-20 16:17:03,www.cbs.dtu.dk
2014-02-20 16:17:11,www.cbs.dtu.dk
2014-02-20 16:17:12,www.cbs.dtu.dk
2014-02-20 16:17:15,www.cbs.dtu.dk
2014-02-20 16:17:21,www.cbs.dtu.dk
2014-02-20 16:17:22,www.cbs.dtu.dk
2014-02-20 16:17:28,www.cbs.dtu.dk
2014-02-20 16:17:34,drive.google.com
2014-02-20 16:17:38,www.cbs.dtu.dk
2014-02-20 16:17:53,www.cbs.dtu.dk
2014-02-20 16:17:54,www.cbs.dtu.dk
2014-02-20 16:18:05,www.cbs.dtu.dk
2014-02-20 16:19:18,www.cbs.dtu.dk
2014-02-20 16:19:27,www.cbs.dtu.dk
2014-02-20 16:19:30,www.cbs.dtu.dk
2014-02-20 16:20:21,plus.google.com
2014-02-20 16:21:29,www.cbs.dtu.dk
2014-02-20 16:21:55,www.cbs.dtu.dk
2014-02-20 16:22:34,www.cbs.dtu.dk
2014-02-20 16:22:35,drive.google.com
2014-02-20 16:22:35,www.cbs.dtu.dk
2014-02-20 16:22:37,www.cbs.dtu.dk
2014-02-20 16:24:26,drive.google.com
2014-02-20 16:24:46,www.google.com
2014-02-20 16:26:47,docs.google.com
2014-02-20 16:27:28,www.cbs.dtu.dk
2014-02-20 16:27:35,www.cbs.dtu.dk
2014-02-20 16:27:39,www.cbs.dtu.dk
2014-02-20 16:28:26,drive.google.com
2014-02-20 16:29:53,docs.google.com
2014-02-20 16:32:48,plus.google.com
2014-02-20 16:34:14,docs.google.com
2014-02-20 16:35:30,drive.google.com
2014-02-20 16:36:43,0.drive.google.com
2014-02-20 16:39:14,docs.google.com
2014-02-20 16:41:29,www.google.com
2014-02-20 16:41:38,drive.google.com
2014-02-20 16:42:15,www.cbs.dtu.dk
2014-02-20 16:42:49,plus.google.com
2014-02-20 16:45:27,plus.google.com
2014-02-20 16:45:27,www.google.fr
2014-02-20 16:45:27,www.ebi.ac.uk
2014-02-20 16:45:29,www.ebi.ac.uk
2014-02-20 16:45:30,www.ebi.ac.uk
2014-02-20 16:45:31,www.ebi.ac.uk
2014-02-20 16:45:39,www.ebi.ac.uk
2014-02-20 16:45:40,www.ebi.ac.uk
2014-02-20 16:45:41,www.ebi.ac.uk
2014-02-20 16:45:45,www.ebi.ac.uk
2014-02-20 16:46:07,www.ebi.ac.uk
2014-02-20 16:46:56,docs.google.com
2014-02-20 16:46:58,www.bing.com
2014-02-20 16:47:08,www.bing.com
2014-02-20 16:47:10,www.bing.com
2014-02-20 16:47:11,www.bing.com
2014-02-20 16:47:11,0.docs.google.com
2014-02-20 16:47:12,cms.abmr.net
2014-02-20 16:47:12,www.bing.com
2014-02-20 16:48:23,docs.google.com
2014-02-20 16:48:46,clients2.google.com
2014-02-20 16:48:52,1.docs.google.com
2014-02-20 16:49:31,www.ebi.ac.uk
2014-02-20 16:49:33,www.ebi.ac.uk
2014-02-20 16:49:34,plus.google.com
2014-02-20 16:49:34,www.ebi.ac.uk
2014-02-20 16:49:36,www.ebi.ac.uk
2014-02-20 16:49:40,www.ebi.ac.uk
2014-02-20 16:49:45,www.ebi.ac.uk
2014-02-20 16:49:46,www.ebi.ac.uk
2014-02-20 16:49:47,www.ebi.ac.uk
2014-02-20 16:52:06,www.ebi.ac.uk
2014-02-20 16:52:07,www.ebi.ac.uk
2014-02-20 16:52:08,www.ebi.ac.uk
2014-02-20 16:52:17,www.ebi.ac.uk
2014-02-20 16:52:18,www.ebi.ac.uk
2014-02-20 16:52:19,www.ebi.ac.uk
2014-02-20 16:52:23,www.ebi.ac.uk
2014-02-20 16:52:24,www.ebi.ac.uk
2014-02-20 16:52:27,www.ebi.ac.uk
2014-02-20 16:52:43,www.ebi.ac.uk
2014-02-20 16:52:44,www.ebi.ac.uk
2014-02-20 16:52:45,docs.google.com
2014-02-20 16:52:46,docs.google.com
2014-02-20 16:52:46,clients2.google.com
2014-02-20 16:52:49,docs.google.com
2014-02-20 16:52:55,clients6.google.com
2014-02-20 16:52:57,docs.google.com
2014-02-20 16:52:58,docs.google.com
2014-02-20 16:53:24,docs.google.com
2014-02-20 16:54:26,drive.google.com
2014-02-20 16:54:48,0.drive.google.com
2014-02-20 16:54:48,www.ebi.ac.uk
2014-02-20 16:54:49,www.ebi.ac.uk
2014-02-20 16:58:32,drive.google.com
2014-02-20 17:02:48,plus.google.com
2014-02-20 17:03:06,docs.google.com
2014-02-20 17:04:26,drive.google.com
2014-02-20 17:08:26,drive.google.com
2014-02-20 17:12:46,docs.google.com
2014-02-20 17:12:52,plus.google.com
2014-02-20 17:14:35,www.ebi.ac.uk
2014-02-20 17:14:35,drive.google.com
2014-02-20 17:14:52,www.ebi.ac.uk
2014-02-20 17:14:53,www.ebi.ac.uk
2014-02-20 17:14:57,www.ebi.ac.uk
2014-02-20 17:15:05,www.ebi.ac.uk
2014-02-20 17:15:10,www.ebi.ac.uk
2014-02-20 17:15:11,www.ebi.ac.uk
2014-02-20 17:15:14,www.ebi.ac.uk
2014-02-20 17:19:24,docs.google.com
2014-02-20 17:22:53,plus.google.com
2014-02-20 17:23:59,docs.google.com
2014-02-20 17:24:07,plus.google.com
2014-02-20 17:24:07,www.google.com
2014-02-20 17:24:08,www.google.fr
2014-02-20 17:24:29,docs.google.com
2014-02-20 17:24:29,1.docs.google.com
2014-02-20 17:24:42,www.google.fr
2014-02-20 17:24:57,www.google.fr
2014-02-20 17:24:57,zimbra.free.fr
2014-02-20 17:25:05,www.google.fr
2014-02-20 17:25:05,imgssl.free.fr
2014-02-20 17:25:10,premium.hi-mediaserver.com
2014-02-20 17:25:11,www.facebook.com
2014-02-20 17:25:12,www.google.com
2014-02-20 17:25:12,fpdownload2.macromedia.com
2014-02-20 17:25:14,zimbra.free.fr
2014-02-20 17:25:19,0.drive.google.com
2014-02-20 17:25:19,accounts.google.com
2014-02-20 17:25:19,accounts.google.fr
2014-02-20 17:25:19,drive.google.com
2014-02-20 17:25:19,accounts.youtube.com
2014-02-20 17:25:19,www.google.com
2014-02-20 17:25:22,zimbra.free.fr
2014-02-20 17:25:23,zimbra.free.fr
2014-02-20 17:25:24,zimbra.free.fr
2014-02-20 17:25:25,zimbra.free.fr
2014-02-20 17:25:27,zimbra.free.fr
2014-02-20 17:25:28,zimbra.free.fr
2014-02-20 17:25:29,zimbra.free.fr
2014-02-20 17:25:29,rp.gwallet.com
2014-02-20 17:25:30,zimbra.free.fr
2014-02-20 17:25:31,zimbra.free.fr
2014-02-20 17:25:32,zimbra.free.fr
2014-02-20 17:25:33,zimbra.free.fr
2014-02-20 17:25:34,zimbra.free.fr
2014-02-20 17:25:35,zimbra.free.fr
2014-02-20 17:25:37,zimbra.free.fr
2014-02-20 17:25:41,zimbra.free.fr
2014-02-20 17:25:43,zimbra.free.fr
2014-02-20 17:25:45,zimbra.free.fr
2014-02-20 17:25:46,zimbra.free.fr
2014-02-20 17:25:47,zimbra.free.fr
2014-02-20 17:25:48,zimbra.free.fr
2014-02-20 17:25:52,zimbra.free.fr
2014-02-20 17:26:07,zimbra.free.fr
2014-02-20 17:26:17,zimbra.free.fr
2014-02-20 17:26:18,zimbra.free.fr
2014-02-20 17:26:21,zimbra.free.fr
2014-02-20 17:26:22,imgssl.free.fr
2014-02-20 17:26:22,zimbra.free.fr
2014-02-27 15:37:43,google.fr
2014-02-27 15:37:43,www.google.fr
2014-02-27 15:37:58,www.google.fr
2014-02-27 15:38:01,apis.google.com
2014-02-27 15:38:02,www.google.com
2014-02-27 15:38:09,apis.google.com
2014-02-27 15:38:09,www.google.com
2014-02-27 15:38:09,www.u-clermont1.fr
2014-02-27 15:38:09,ent.u-clermont1.fr
2014-02-27 15:38:09,www.google.fr
2014-02-27 15:38:10,ent.u-clermont1.fr
2014-02-27 15:38:21,www.google.fr
2014-02-27 15:40:43,ocsp.tcs.terena.org
2014-02-27 15:40:43,gtglobal-ocsp.geotrust.com
2014-02-27 15:40:43,ocsp.usertrust.com
2014-02-27 15:40:43,clients1.google.com
2014-02-27 15:40:52,clients1.google.com
2014-02-27 15:40:58,gtssl-ocsp.geotrust.com
2014-02-27 15:43:24,clients1.google.com
2014-02-27 15:43:24,safebrowsing.clients.google.com
2014-02-27 15:43:24,safebrowsing-cache.google.com
2014-02-27 15:45:56,ocsp.thawte.com
2014-02-27 15:46:19,sb-ssl.google.com
2014-02-27 15:54:12,clients1.google.com
2014-02-27 15:54:30,www.google.fr
2014-02-27 15:54:30,genes.mit.edu
2014-02-27 15:54:31,genes.mit.edu
2014-02-27 15:55:05,ocsp.verisign.com
2014-02-27 15:55:25,genes.mit.edu
2014-02-27 15:56:23,genes.mit.edu
2014-02-27 15:57:05,ocsp.digicert.com
2014-02-27 15:57:12,www.google.com
2014-02-27 15:57:12,www.google.fr
2014-02-27 15:57:12,apis.google.com
2014-02-27 16:13:07,www.ncbi.nlm.nih.gov
2014-02-27 16:13:16,www.ncbi.nlm.nih.gov
2014-02-27 16:14:19,www.ncbi.nlm.nih.gov
2014-02-27 16:14:28,www.ncbi.nlm.nih.gov
2014-02-27 16:14:29,www.ncbi.nlm.nih.gov
2014-02-27 16:14:40,www.ncbi.nlm.nih.gov
2014-02-27 16:14:41,www.ncbi.nlm.nih.gov
2014-02-27 16:14:43,safebrowsing.clients.google.com
2014-02-27 16:14:43,safebrowsing-cache.google.com
2014-02-27 16:17:18,www.ncbi.nlm.nih.gov
2014-02-27 16:19:14,www.ncbi.nlm.nih.gov
2014-02-27 16:45:11,safebrowsing.clients.google.com
2014-02-27 16:45:11,safebrowsing-cache.google.com
2014-02-27 16:45:46,www.ncbi.nlm.nih.gov
2014-02-27 16:52:56,www.ncbi.nlm.nih.gov
2014-02-27 16:53:28,www.ncbi.nlm.nih.gov
2014-02-27 16:54:44,www.google.fr
2014-02-27 16:54:59,www.google.fr
2014-02-27 16:55:04,www.google.com
2014-02-27 16:55:15,www.google.com
2014-02-27 16:55:15,www.google.fr
2014-02-27 16:55:16,www.ebi.ac.uk
2014-02-27 16:55:16,www.google.fr
2014-02-27 16:55:19,apis.google.com
2014-02-27 16:56:05,www.ebi.ac.uk
2014-02-27 16:56:06,www.ebi.ac.uk
2014-02-27 16:56:07,www.ebi.ac.uk
2014-02-27 16:56:18,www.ebi.ac.uk
2014-02-27 16:56:20,www.ebi.ac.uk
2014-02-27 16:56:21,www.ebi.ac.uk
2014-02-27 16:57:59,www.ebi.ac.uk
2014-02-27 16:58:00,www.ebi.ac.uk
2014-02-27 16:58:01,www.ebi.ac.uk
2014-02-27 16:58:03,www.ebi.ac.uk
2014-02-27 16:58:04,www.ebi.ac.uk
2014-02-27 16:58:18,www.ebi.ac.uk
2014-02-27 16:58:21,www.ebi.ac.uk
2014-02-27 16:58:30,www.ebi.ac.uk
2014-02-27 17:00:36,www.google.fr
2014-02-27 17:00:39,www.google.fr
2014-02-27 17:00:46,www.google.fr
2014-02-27 17:00:50,www.google.fr
2014-02-27 17:00:51,www.google.fr
2014-02-27 17:00:52,www.google.fr
2014-02-27 17:00:56,apis.google.com
2014-02-27 17:00:56,www.google.com
2014-02-27 17:01:03,www.google.com
2014-02-27 17:01:03,www.google.fr
2014-02-27 17:01:03,www.ebi.ac.uk
2014-02-27 17:01:04,www.google.fr
2014-02-27 17:01:04,apis.google.com
2014-02-27 17:01:04,www.ebi.ac.uk
2014-02-27 17:01:29,www.ebi.ac.uk
2014-02-27 17:01:30,www.ebi.ac.uk
2014-02-27 17:01:35,www.ebi.ac.uk
2014-02-27 17:01:42,www.ebi.ac.uk
2014-02-27 17:01:46,www.ebi.ac.uk
2014-02-27 17:01:46,www.google.fr
2014-02-27 17:01:47,www.ebi.ac.uk
2014-02-27 17:01:54,www.ebi.ac.uk
2014-02-27 17:02:37,www.google.fr
2014-02-27 17:02:37,www.ebi.ac.uk
2014-02-27 17:03:02,www.ebi.ac.uk
2014-02-27 17:03:03,www.ebi.ac.uk
2014-02-27 17:03:04,www.ebi.ac.uk
2014-02-27 17:03:08,www.ebi.ac.uk
2014-02-27 17:03:14,www.ebi.ac.uk
2014-02-27 17:03:14,www.google.fr
2014-02-27 17:03:15,www.ebi.ac.uk
2014-02-27 17:03:17,www.ebi.ac.uk
2014-02-27 17:03:23,www.ebi.ac.uk
2014-02-27 17:03:47,www.ebi.ac.uk
2014-02-27 17:03:48,www.ebi.ac.uk
2014-02-27 17:03:48,platform.twitter.com
2014-02-27 17:12:45,www.google.fr
2014-02-27 17:12:59,www.google.fr
2014-02-27 17:13:01,apis.google.com
2014-02-27 17:13:02,www.google.com
2014-02-27 17:13:12,drive.google.com
2014-02-27 17:13:12,www.google.fr
2014-02-27 17:13:12,apis.google.com
2014-02-27 17:13:12,www.google.com
2014-02-27 17:13:28,accounts.google.com
2014-02-27 17:13:46,accounts.youtube.com
2014-02-27 17:13:47,drive.google.com
2014-02-27 17:13:47,accounts.google.fr
2014-02-27 17:13:48,www.google.fr
2014-02-27 17:13:49,www.google.fr
2014-02-27 17:13:50,www.google.com
2014-02-27 17:13:51,accounts.google.com
2014-02-27 17:13:51,accounts.google.fr
2014-02-27 17:13:52,drive.google.com
2014-02-27 17:13:54,0.drive.google.com
2014-02-27 17:13:57,docs.google.com
2014-02-27 17:13:57,drive.google.com
2014-02-27 17:13:58,docs.google.com
2014-02-27 17:13:58,plus.google.com
2014-02-27 17:13:58,www.google.com
2014-02-27 17:13:58,drive.google.com
2014-02-27 17:14:00,www.google.com
2014-02-27 17:14:01,docs.google.com
2014-02-27 17:14:02,plus.google.com
2014-02-27 17:14:03,docs.google.com
2014-02-27 17:14:12,docs.google.com
2014-02-27 17:14:17,docs.google.com
2014-02-27 17:14:22,docs.google.com
2014-02-27 17:14:24,docs.google.com
2014-02-27 17:14:25,0.docs.google.com
2014-02-27 17:14:25,apis.google.com
2014-02-27 17:14:26,0.docs.google.com
2014-02-27 17:14:26,docs.google.com
2014-02-27 17:14:27,apis.google.com
2014-02-27 17:14:32,www.google.com
2014-02-27 17:14:34,accounts.google.com
2014-02-27 17:14:34,apis.google.com
2014-02-27 17:14:35,www.google.com
2014-02-27 17:14:37,accounts.google.com
2014-02-27 17:14:38,clients6.google.com
2014-02-27 17:14:49,docs.google.com
2014-02-27 17:14:58,gg.google.com
2014-02-27 17:14:58,0.docs.google.com
2014-02-27 17:14:58,docs.google.com
2014-02-27 17:15:03,docs.google.com
2014-02-27 17:15:06,docs.google.com
2014-02-27 17:15:06,drive.google.com
2014-02-27 17:15:06,gg.google.com
2014-02-27 17:15:06,www.google.com
2014-02-27 17:15:06,www.google.fr
2014-02-27 17:15:07,accounts.youtube.com
2014-02-27 17:15:43,accounts.google.com
2014-02-27 17:15:43,accounts.google.fr
2014-02-27 17:15:43,accounts.youtube.com
2014-02-27 17:15:43,0.drive.google.com
2014-02-27 17:15:43,clients6.google.com
2014-02-27 17:15:43,apis.google.com
2014-02-27 17:15:43,www.google.com
2014-02-27 17:15:46,1.drive.google.com
2014-02-27 17:15:48,www.google.com
2014-02-27 17:15:59,clients2.google.com
2014-02-27 17:16:01,1.docs.google.com
2014-02-27 17:16:09,safebrowsing-cache.google.com
2014-02-27 17:16:09,safebrowsing.clients.google.com
2014-02-27 17:16:11,1.docs.google.com
2014-02-27 17:16:11,docs.google.com
2014-02-27 17:16:13,docs.google.com
2014-02-27 17:16:18,drive.google.com
2014-02-27 17:16:19,docs.google.com
2014-02-27 17:16:19,accounts.google.fr
2014-02-27 17:16:19,www.google.com
2014-02-27 17:16:19,www.google.fr
2014-02-27 17:16:19,plus.google.com
2014-02-27 17:16:19,drive.google.com
2014-02-27 17:16:31,docs.google.com
2014-02-27 17:16:31,clients6.google.com
2014-02-27 17:16:32,clients2.google.com
2014-02-27 17:16:32,docs.google.com
2014-02-27 17:16:32,accounts.youtube.com
2014-02-27 17:16:32,accounts.google.fr
2014-02-27 17:16:32,1.drive.google.com
2014-02-27 17:16:32,drive.google.com
2014-02-27 17:16:32,www.google.com
2014-02-27 17:16:32,accounts.google.com
2014-02-27 17:17:20,ocsp.tcs.terena.org
2014-04-16 13:35:56,ocsp.usertrust.com
2014-04-16 13:35:56,gtglobal-ocsp.geotrust.com
2014-04-16 13:35:56,clients1.google.com
2014-04-16 13:35:56,ocsp.tcs.terena.org
2014-04-16 13:35:57,clients1.google.com
2014-04-16 13:36:49,gtssl-ocsp.geotrust.com
2014-04-16 13:39:45,clients1.google.com
2014-04-16 13:39:46,safebrowsing.clients.google.com
2014-04-16 13:39:46,safebrowsing-cache.google.com
2014-04-16 13:39:47,safebrowsing-cache.google.com
2014-04-16 13:41:43,ocsp.thawte.com
2014-04-16 13:42:41,sb-ssl.google.com
2014-04-16 13:43:43,ocsp.verisign.com
2014-04-16 13:45:43,ocsp.digicert.com
