timestamp,site
2014-01-16 08:23:54,go.microsoft.com
2014-01-16 08:23:54,www.iegallery.com
2014-01-16 08:23:55,www.iegallery.com
2014-01-16 08:23:56,www.iegallery.com
2014-01-16 08:23:57,www.iegallery.com
2014-01-16 08:23:59,www.bing.com
2014-01-16 08:24:00,api.bing.com
2014-01-16 08:24:01,api.bing.com
2014-01-16 08:24:01,www.bing.com
2014-01-16 08:24:02,www.bing.com
2014-01-16 08:24:03,www.bing.com
2014-01-16 08:24:03,cms.abmr.net
2014-01-16 08:24:04,www.bing.com
2014-01-16 08:24:04,login.live.com
2014-01-16 08:25:19,ieonline.microsoft.com
2014-01-16 08:28:35,javadl-esd.sun.com
2014-01-22 08:21:38,www.bing.com
2014-01-22 08:21:38,www.google.com
2014-01-22 08:21:40,www.google.fr
2014-01-22 08:21:41,www.google.fr
2014-01-22 08:21:42,www.google.com
2014-01-22 08:21:43,apis.google.com
2014-01-22 08:21:48,www.google.fr
2014-01-22 08:21:48,www.google.com
2014-01-22 08:21:49,www.google.fr
2014-01-22 08:21:49,apis.google.com
2014-01-22 08:23:38,ieonline.microsoft.com
2014-01-22 08:23:38,go.microsoft.com
2014-01-22 08:30:43,office14client.microsoft.com
2014-01-22 08:30:44,office.microsoft.com
2014-01-22 08:30:45,office.microsoft.com
2014-01-22 08:30:46,office.microsoft.com
2014-02-19 08:10:00,www.google.com
2014-02-19 08:10:11,www.google.fr
2014-02-19 08:10:13,www.google.fr
2014-02-19 08:10:14,apis.google.com
2014-02-19 08:10:15,www.google.com
2014-02-19 08:10:23,www.google.com
2014-02-19 08:10:23,www.google.fr
2014-02-19 08:10:23,apis.google.com
2014-02-19 08:10:44,player.vimeo.com
2014-02-19 08:10:44,livepassdl.conviva.com
2014-02-19 08:10:45,livepassdl.conviva.com
2014-02-19 08:10:46,pings.conviva.com
2014-02-19 08:10:46,livepassdl.conviva.com
2014-02-19 08:12:00,go.microsoft.com
2014-02-19 08:12:00,ieonline.microsoft.com
2014-02-19 08:15:40,www.google.fr
2014-02-19 08:16:18,www.google.fr
2014-02-19 08:16:19,sa.kewego.com
2014-02-19 08:16:19,www.google.fr
2014-02-19 08:16:19,www.lequipe.fr
2014-02-19 08:16:19,medias.lequipe.fr
2014-02-19 08:16:20,www.lequipe.fr
2014-02-19 08:16:20,widget.achetezfacile.com
2014-02-19 08:16:20,medias.lequipe.fr
2014-02-19 08:16:20,static.lequipe.fr
2014-02-19 08:16:21,medias.lequipe.fr
2014-02-19 08:16:21,www.lequipe.fr
2014-02-19 08:16:21,static.lequipe.fr
2014-02-19 08:16:22,www.facebook.com
2014-02-19 08:16:22,platform.twitter.com
2014-02-19 08:16:22,www.lequipe.fr
2014-02-19 08:16:22,ta.kewego.com
2014-02-19 08:16:23,www.lequipe.fr
2014-02-19 08:16:24,twitter.com
2014-02-19 08:16:24,fpdownload2.macromedia.com
2014-02-19 08:16:24,xml.betclick.com
2014-02-19 08:16:25,xml.betclick.com
2014-02-19 08:16:26,www.effiliation-hebergement.com
2014-02-19 08:16:27,a.nonstoppartner.net
2014-02-19 08:16:27,c1.adform.net
2014-02-19 08:16:28,match.rtbidder.net
2014-02-19 08:16:28,s.kewego.com
2014-02-19 08:16:29,widget.achetezfacile.com
2014-02-19 08:16:29,www.lequipe.fr
2014-02-19 08:16:29,static.lequipe.fr
2014-02-19 08:16:29,foglio.basilic.io
2014-02-19 08:16:30,apis.google.com
2014-02-19 08:16:31,ajax.googleapis.com
2014-02-19 08:16:31,i.htfacile.fr
2014-02-19 08:16:31,apis.google.com
2014-02-19 08:16:31,static.lequipe.fr
2014-02-19 08:16:32,apis.google.com
2014-02-19 08:16:33,sa.kewego.com
2014-02-19 08:16:33,banniere.reussissonsensemble.fr
2014-02-19 08:16:33,s.kewego.com
2014-02-19 08:16:33,accounts.google.com
2014-02-19 08:16:35,medias.lequipe.fr
2014-02-19 08:16:35,sa.kewego.com
2014-02-19 08:16:35,ad.publicidees.com
2014-02-19 08:16:35,pr.ybp.yahoo.com
2014-02-19 08:16:35,rubicon-match.dotomi.com
2014-02-19 08:16:35,ta.kewego.com
2014-02-19 08:16:36,static.lequipe.fr
2014-02-19 08:16:36,rubicon-match.dotomi.com
2014-02-19 08:16:37,dtm.eddiebauer.com
2014-02-19 08:16:39,i1-js-14-3-01-10044-532653190-i.init.cedexis-radar.net
2014-02-19 08:16:41,level3.cedexis.com
2014-02-19 08:16:41,cdn-ovh1.lequipe.fr
2014-02-19 08:16:42,orig-www.lequipe.fr
2014-02-19 08:16:43,orig-www.lequipe.fr
2014-02-19 08:16:45,www.lequipe.fr
2014-02-19 08:16:45,medias.lequipe.fr
2014-02-19 08:16:45,connect.facebook.net
2014-02-19 08:16:45,cdnjs.cloudflare.com
2014-02-19 08:16:46,medias.lequipe.fr
2014-02-19 08:16:46,cdnjs.cloudflare.com
2014-02-19 08:16:46,www.lequipe.fr
2014-02-19 08:16:46,platform.twitter.com
2014-02-19 08:16:47,www.facebook.com
2014-02-19 08:16:47,www.lequipe.fr
2014-02-19 08:16:48,widget.achetezfacile.com
2014-02-19 08:16:48,twitter.com
2014-02-19 08:16:48,apis.google.com
2014-02-19 08:16:49,platform.twitter.com
2014-02-19 08:16:49,www.lequipe.fr
2014-02-19 08:16:49,videosfr.s3.amazonaws.com
2014-02-19 08:16:49,static.ak.facebook.com
2014-02-19 08:16:49,s-static.ak.facebook.com
2014-02-19 08:16:50,www.facebook.com
2014-02-19 08:16:50,i.htfacile.fr
2014-02-19 08:16:50,apis.google.com
2014-02-19 08:16:52,apis.google.com
2014-02-19 08:16:53,tc.airfrance.com
2014-02-19 08:16:53,pmu.eficiens-serving.com
2014-02-19 08:16:53,um.simpli.fi
2014-02-19 08:16:53,twitter.com
2014-02-19 08:16:54,rp.gwallet.com
2014-02-19 08:16:54,rbp.mxptint.net
2014-02-19 08:16:54,banniere.reussissonsensemble.fr
2014-02-19 08:16:54,www.facebook.com
2014-02-19 08:16:55,banniere.reussissonsensemble.fr
2014-02-19 08:16:56,pixel2368.everesttech.net
2014-02-19 08:16:56,banniere.reussissonsensemble.fr
2014-02-19 08:16:57,pixel2368.everesttech.net
2014-02-19 08:17:00,redir.adbutter.net
2014-02-19 08:17:00,www.facebook.com
2014-02-19 08:17:00,ajax.googleapis.com
2014-02-19 08:17:41,160.92.123.193
2014-02-19 08:17:51,www.lequipe.fr
2014-02-19 08:17:52,static.lequipe.fr
2014-02-19 08:18:00,160.92.123.193
2014-02-19 08:18:15,sa.kewego.com
2014-02-19 08:19:05,160.92.123.193
2014-02-19 08:21:01,www.google.fr
2014-02-19 08:24:50,onlinestores.metaservices.microsoft.com
2014-02-19 08:24:51,go.microsoft.com
2014-02-19 09:03:37,registration2.services.openoffice.org
2014-02-19 09:03:39,registration2.services.openoffice.org
2014-02-19 09:06:30,www.renault.fr
2014-02-19 09:06:30,m1.fr.f6m.fr
2014-02-19 09:06:32,m1.fr.f6m.fr
2014-02-19 09:06:32,www.renault.fr
2014-02-19 09:06:34,eu-renaultgroup.netmng.com
2014-02-19 09:06:35,eu-renaultgroup.netmng.com
2014-02-19 09:06:35,auto.sophus3.com
2014-02-19 09:06:37,gcm.netmng.com
2014-02-19 09:06:37,m1.fr.f6m.fr
2014-02-19 09:06:38,ce.lijit.com
2014-02-19 09:06:39,mpp2.vindicosuite.com
2014-02-19 09:06:39,c.vindicosuite.com
2014-02-19 09:06:39,unicm-nyc.netmng.com
2014-02-19 09:06:39,www.google.com
2014-02-19 09:06:40,m1.fr.f6m.fr
2014-02-19 09:06:40,www.google.fr
2014-02-19 09:06:40,www.facebook.com
2014-02-19 09:06:40,www.renault.fr
2014-02-19 09:06:41,m1.fr.f6m.fr
2014-02-19 09:06:41,www.renault.fr
2014-02-19 09:06:44,www.google.fr
2014-02-19 09:06:45,www.google.fr
2014-02-19 09:07:34,bits.wikimedia.org
2014-02-19 09:07:34,fr.wikipedia.org
2014-02-19 09:07:34,www.google.fr
2014-02-19 09:07:35,login.wikimedia.org
2014-02-19 09:07:35,meta.wikimedia.org
2014-02-19 09:07:35,bits.wikimedia.org
2014-02-19 09:07:36,meta.wikimedia.org
2014-02-19 09:07:36,fr.wikipedia.org
2014-02-19 09:07:36,bits.wikimedia.org
2014-02-19 09:08:29,fr.wikipedia.org
2014-02-19 09:08:31,meta.wikimedia.org
2014-02-19 09:08:31,fr.wikipedia.org
2014-02-19 09:08:31,bits.wikimedia.org
2014-02-19 09:08:57,fr.wikipedia.org
2014-02-19 09:08:58,fr.wikipedia.org
2014-02-19 09:08:59,meta.wikimedia.org
2014-02-19 09:08:59,fr.wikipedia.org
2014-02-19 09:10:05,fr.wikipedia.org
2014-02-19 09:10:06,fr.wikipedia.org
2014-02-19 09:10:07,fr.wikipedia.org
2014-02-19 09:10:08,fr.wikipedia.org
2014-02-19 09:10:08,bits.wikimedia.org
2014-02-19 09:10:08,meta.wikimedia.org
2014-02-19 09:10:18,fr.wikipedia.org
2014-02-19 09:10:19,fr.wikipedia.org
2014-02-19 09:10:20,fr.wikipedia.org
2014-02-19 09:10:21,fr.wikipedia.org
2014-02-19 09:10:22,fr.wikipedia.org
2014-02-19 09:10:23,fr.wikipedia.org
2014-02-19 09:10:24,meta.wikimedia.org
2014-02-19 09:10:24,bits.wikimedia.org
2014-02-19 09:10:24,fr.wikipedia.org
2014-02-19 09:12:09,fr.wikipedia.org
2014-02-19 09:12:10,fr.wikipedia.org
2014-02-19 09:12:11,fr.wikipedia.org
2014-02-19 09:12:12,fr.wikipedia.org
2014-02-19 09:12:13,fr.wikipedia.org
2014-02-19 09:12:13,bits.wikimedia.org
2014-02-19 09:12:14,meta.wikimedia.org
2014-02-19 09:12:14,bits.wikimedia.org
2014-02-19 09:12:14,fr.wikipedia.org
2014-02-19 09:12:17,bits.wikimedia.org
2014-02-19 09:12:17,fr.wikipedia.org
2014-02-19 09:12:18,meta.wikimedia.org
2014-02-19 09:12:18,fr.wikipedia.org
2014-02-19 09:13:30,fr.wikipedia.org
2014-02-19 09:13:30,bits.wikimedia.org
2014-02-19 09:13:31,meta.wikimedia.org
2014-02-19 09:13:31,fr.wikipedia.org
2014-02-19 09:13:51,fr.wikipedia.org
2014-02-19 09:13:52,fr.wikipedia.org
2014-02-19 09:13:53,fr.wikipedia.org
2014-02-19 09:13:55,fr.wikipedia.org
2014-02-19 09:13:56,fr.wikipedia.org
2014-02-19 09:13:57,fr.wikipedia.org
2014-02-19 09:13:58,bits.wikimedia.org
2014-02-19 09:13:58,meta.wikimedia.org
2014-02-19 09:13:58,fr.wikipedia.org
2014-02-19 09:14:05,bits.wikimedia.org
2014-02-19 09:14:05,fr.wikipedia.org
2014-02-19 09:14:05,meta.wikimedia.org
2014-02-19 09:14:06,meta.wikimedia.org
2014-02-19 09:14:06,fr.wikipedia.org
2014-02-19 09:14:23,bits.wikimedia.org
2014-02-19 09:14:23,fr.wikipedia.org
2014-02-19 09:14:23,meta.wikimedia.org
2014-02-19 09:14:37,meta.wikimedia.org
2014-02-19 09:14:37,fr.wikipedia.org
2014-02-19 09:14:37,bits.wikimedia.org
2014-02-19 09:15:28,fr.wikipedia.org
2014-02-19 09:15:29,fr.wikipedia.org
2014-02-19 09:15:30,fr.wikipedia.org
2014-02-19 09:15:33,fr.wikipedia.org
2014-02-19 09:15:33,bits.wikimedia.org
2014-02-19 09:15:34,bits.wikimedia.org
2014-02-19 09:15:34,meta.wikimedia.org
2014-02-19 09:15:34,fr.wikipedia.org
2014-02-19 09:19:20,fr.wikipedia.org
2014-02-19 09:19:21,fr.wikipedia.org
2014-02-19 09:19:22,fr.wikipedia.org
2014-02-19 09:19:22,bits.wikimedia.org
2014-02-19 09:19:22,meta.wikimedia.org
2014-02-19 09:19:26,fr.wikipedia.org
2014-02-19 09:19:26,bits.wikimedia.org
2014-02-19 09:19:28,meta.wikimedia.org
2014-02-19 09:19:28,fr.wikipedia.org
2014-02-19 09:19:29,meta.wikimedia.org
2014-02-19 09:21:34,fr.wikipedia.org
2014-02-19 09:21:34,bits.wikimedia.org
2014-02-19 09:21:35,bits.wikimedia.org
2014-02-19 09:21:35,meta.wikimedia.org
2014-02-19 09:21:35,fr.wikipedia.org
2014-02-19 09:21:52,fr.wikipedia.org
2014-02-19 09:21:53,fr.wikipedia.org
2014-02-19 09:21:54,fr.wikipedia.org
2014-02-19 09:21:55,fr.wikipedia.org
2014-02-19 09:21:56,fr.wikipedia.org
2014-02-19 09:21:57,fr.wikipedia.org
2014-02-19 09:21:58,fr.wikipedia.org
2014-02-19 09:21:59,bits.wikimedia.org
2014-02-19 09:21:59,fr.wikipedia.org
2014-02-19 09:22:00,meta.wikimedia.org
2014-02-19 09:22:00,fr.wikipedia.org
2014-02-19 09:22:06,fr.wikipedia.org
2014-02-19 09:22:07,fr.wikipedia.org
2014-02-19 09:22:08,fr.wikipedia.org
2014-02-19 09:22:09,fr.wikipedia.org
2014-02-19 09:22:10,fr.wikipedia.org
2014-02-19 09:22:11,fr.wikipedia.org
2014-02-19 09:22:11,bits.wikimedia.org
2014-02-19 09:22:12,meta.wikimedia.org
2014-02-19 09:22:12,fr.wikipedia.org
2014-02-19 09:22:26,fr.wikipedia.org
2014-02-19 09:22:27,fr.wikipedia.org
2014-02-19 09:22:28,fr.wikipedia.org
2014-02-19 09:22:29,fr.wikipedia.org
2014-02-19 09:22:30,fr.wikipedia.org
2014-02-19 09:22:31,fr.wikipedia.org
2014-02-19 09:22:31,bits.wikimedia.org
2014-02-19 09:22:31,meta.wikimedia.org
2014-02-19 09:22:33,fr.wikipedia.org
2014-02-19 09:22:35,meta.wikimedia.org
2014-02-19 09:22:35,fr.wikipedia.org
2014-02-19 09:23:18,fr.wikipedia.org
2014-02-19 09:23:18,meta.wikimedia.org
2014-02-19 09:23:40,fr.wikipedia.org
2014-02-19 09:23:41,meta.wikimedia.org
2014-02-19 09:23:42,meta.wikimedia.org
2014-02-19 09:23:42,fr.wikipedia.org
2014-02-19 09:23:56,fr.wikipedia.org
2014-02-19 09:23:57,meta.wikimedia.org
2014-02-19 09:23:57,fr.wikipedia.org
2014-02-19 09:24:08,fr.wikipedia.org
2014-02-19 09:24:09,meta.wikimedia.org
2014-02-19 09:24:09,fr.wikipedia.org
2014-02-19 09:24:30,bits.wikimedia.org
2014-02-19 09:24:30,fr.wikipedia.org
2014-02-19 09:24:31,meta.wikimedia.org
2014-02-19 09:24:31,fr.wikipedia.org
2014-02-19 09:24:47,fr.wikipedia.org
2014-02-19 09:24:47,bits.wikimedia.org
2014-02-19 09:24:48,bits.wikimedia.org
2014-02-19 09:24:48,meta.wikimedia.org
2014-02-19 09:24:48,fr.wikipedia.org
2014-02-19 09:25:13,fr.wikipedia.org
2014-02-19 09:25:13,bits.wikimedia.org
2014-02-19 09:25:14,meta.wikimedia.org
2014-02-19 09:25:14,fr.wikipedia.org
2014-02-19 09:25:45,fr.wikipedia.org
2014-02-19 09:25:45,bits.wikimedia.org
2014-02-19 09:25:46,meta.wikimedia.org
2014-02-19 09:25:46,fr.wikipedia.org
2014-02-19 09:26:13,fr.wikipedia.org
2014-02-19 09:26:13,meta.wikimedia.org
2014-02-19 09:26:14,meta.wikimedia.org
2014-02-19 09:26:14,fr.wikipedia.org
2014-02-19 09:26:51,fr.wikipedia.org
2014-02-19 09:26:52,meta.wikimedia.org
2014-02-19 09:26:52,fr.wikipedia.org
2014-02-19 09:27:32,fr.wikipedia.org
2014-02-19 09:27:33,meta.wikimedia.org
2014-02-19 09:27:33,fr.wikipedia.org
2014-02-19 09:27:36,commons.wikimedia.org
2014-02-19 09:27:37,bits.wikimedia.org
2014-02-19 09:27:37,login.wikimedia.org
2014-02-19 09:27:37,meta.wikimedia.org
2014-02-19 09:27:38,commons.wikimedia.org
2014-02-19 09:27:38,bits.wikimedia.org
2014-02-19 09:27:38,meta.wikimedia.org
2014-02-19 09:27:40,commons.wikimedia.org
2014-02-19 09:27:41,bits.wikimedia.org
2014-02-19 09:28:00,fr.wikipedia.org
2014-02-19 09:28:07,fr.wikipedia.org
2014-02-19 09:28:08,meta.wikimedia.org
2014-02-19 09:28:08,fr.wikipedia.org
2014-02-19 09:29:00,fr.wikipedia.org
2014-02-19 09:29:01,meta.wikimedia.org
2014-02-19 09:29:01,fr.wikipedia.org
2014-02-19 09:29:16,fr.wikipedia.org
2014-02-19 09:29:17,meta.wikimedia.org
2014-02-19 09:29:17,fr.wikipedia.org
2014-02-19 09:29:53,commons.wikimedia.org
2014-02-19 09:29:53,bits.wikimedia.org
2014-02-19 09:29:53,meta.wikimedia.org
2014-02-19 09:29:54,commons.wikimedia.org
2014-02-19 09:30:21,fr.wikipedia.org
2014-02-19 09:30:22,fr.wikipedia.org
2014-02-19 09:30:23,fr.wikipedia.org
2014-02-19 09:30:24,fr.wikipedia.org
2014-02-19 09:30:25,fr.wikipedia.org
2014-02-19 09:30:27,fr.wikipedia.org
2014-02-19 09:30:28,fr.wikipedia.org
2014-02-19 09:30:28,bits.wikimedia.org
2014-02-19 09:30:29,bits.wikimedia.org
2014-02-19 09:30:29,meta.wikimedia.org
2014-02-19 09:30:30,fr.wikipedia.org
2014-02-19 09:30:30,meta.wikimedia.org
2014-02-19 09:31:36,fr.wikipedia.org
2014-02-19 09:31:38,meta.wikimedia.org
2014-02-19 09:31:39,fr.wikipedia.org
2014-02-19 09:31:39,meta.wikimedia.org
2014-02-19 09:32:49,fr.wikipedia.org
2014-02-19 09:32:50,fr.wikipedia.org
2014-02-19 09:32:51,fr.wikipedia.org
2014-02-19 09:32:53,meta.wikimedia.org
2014-02-19 09:32:53,fr.wikipedia.org
2014-02-19 09:33:41,fr.wikipedia.org
2014-02-19 09:33:42,fr.wikipedia.org
2014-02-19 09:33:43,fr.wikipedia.org
2014-02-19 09:33:44,fr.wikipedia.org
2014-02-19 09:33:45,fr.wikipedia.org
2014-02-19 09:33:47,fr.wikipedia.org
2014-02-19 09:33:48,fr.wikipedia.org
2014-02-19 09:33:52,meta.wikimedia.org
2014-02-19 09:33:52,fr.wikipedia.org
2014-02-19 09:33:55,fr.wikipedia.org
2014-02-19 09:33:56,fr.wikipedia.org
2014-02-19 09:33:57,fr.wikipedia.org
2014-02-19 09:33:58,fr.wikipedia.org
2014-02-19 09:33:59,fr.wikipedia.org
2014-02-19 09:34:00,fr.wikipedia.org
2014-02-19 09:34:01,fr.wikipedia.org
2014-02-19 09:34:03,fr.wikipedia.org
2014-02-19 09:34:03,meta.wikimedia.org
2014-02-19 09:34:41,fr.wikipedia.org
2014-02-19 09:34:42,fr.wikipedia.org
2014-02-19 09:34:43,fr.wikipedia.org
2014-02-19 09:34:44,fr.wikipedia.org
2014-02-19 09:34:45,fr.wikipedia.org
2014-02-19 09:34:46,fr.wikipedia.org
2014-02-19 09:34:47,meta.wikimedia.org
2014-02-19 09:34:47,bits.wikimedia.org
2014-02-19 09:34:47,fr.wikipedia.org
2014-02-19 09:34:48,fr.wikipedia.org
2014-02-19 09:34:48,meta.wikimedia.org
2014-02-19 09:35:37,bits.wikimedia.org
2014-02-19 09:35:37,fr.wikipedia.org
2014-02-19 09:35:38,fr.wikipedia.org
2014-02-19 09:35:38,meta.wikimedia.org
2014-02-19 09:35:52,fr.wikipedia.org
2014-02-19 09:35:53,fr.wikipedia.org
2014-02-19 09:35:53,bits.wikimedia.org
2014-02-19 09:35:57,meta.wikimedia.org
2014-02-19 09:35:57,fr.wikipedia.org
2014-02-19 09:36:12,fr.wikipedia.org
2014-02-19 09:36:13,fr.wikipedia.org
2014-02-19 09:36:14,fr.wikipedia.org
2014-02-19 09:36:17,fr.wikipedia.org
2014-02-19 09:36:19,fr.wikipedia.org
2014-02-19 09:36:19,meta.wikimedia.org
2014-02-19 09:37:21,bits.wikimedia.org
2014-02-19 09:37:21,meta.wikimedia.org
2014-02-19 09:37:21,commons.wikimedia.org
2014-02-19 09:37:22,commons.wikimedia.org
2014-02-19 09:37:23,commons.wikimedia.org
2014-02-19 09:37:33,bits.wikimedia.org
2014-02-19 09:37:34,bits.wikimedia.org
2014-02-19 09:37:40,commons.wikimedia.org
2014-02-19 09:37:41,commons.wikimedia.org
2014-02-19 09:37:42,commons.wikimedia.org
2014-02-19 09:37:43,commons.wikimedia.org
2014-02-19 09:37:44,commons.wikimedia.org
2014-02-19 09:37:45,commons.wikimedia.org
2014-02-19 09:37:46,commons.wikimedia.org
2014-02-19 09:37:48,commons.wikimedia.org
2014-02-19 09:37:49,commons.wikimedia.org
2014-02-19 09:37:50,commons.wikimedia.org
2014-02-19 09:37:51,commons.wikimedia.org
2014-02-19 09:37:52,bits.wikimedia.org
2014-02-19 09:37:52,commons.wikimedia.org
2014-02-19 09:37:53,bits.wikimedia.org
2014-02-19 09:37:54,commons.wikimedia.org
2014-02-19 09:37:54,meta.wikimedia.org
2014-02-19 09:37:54,bits.wikimedia.org
2014-02-19 09:38:01,fr.wikipedia.org
2014-02-19 09:38:04,fr.wikipedia.org
2014-02-19 09:38:05,fr.wikipedia.org
2014-02-19 09:38:07,fr.wikipedia.org
2014-02-19 09:38:08,fr.wikipedia.org
2014-02-19 09:38:10,fr.wikipedia.org
2014-02-19 09:38:11,fr.wikipedia.org
2014-02-19 09:38:13,fr.wikipedia.org
2014-02-19 09:38:13,meta.wikimedia.org
2014-02-19 09:39:38,fr.wikipedia.org
2014-02-19 09:39:39,fr.wikipedia.org
2014-02-19 09:39:40,bits.wikimedia.org
2014-02-19 09:39:40,meta.wikimedia.org
2014-02-19 09:39:41,meta.wikimedia.org
2014-02-19 09:39:41,fr.wikipedia.org
2014-02-19 09:39:47,fr.wikipedia.org
2014-02-19 09:39:48,fr.wikipedia.org
2014-02-19 09:39:49,bits.wikimedia.org
2014-02-19 09:39:50,meta.wikimedia.org
2014-02-19 09:39:50,fr.wikipedia.org
2014-02-19 09:42:03,fr.wikipedia.org
2014-02-19 09:42:04,fr.wikipedia.org
2014-02-19 09:42:05,fr.wikipedia.org
2014-02-19 09:42:08,fr.wikipedia.org
2014-02-19 09:42:09,fr.wikipedia.org
2014-02-19 09:42:10,fr.wikipedia.org
2014-02-19 09:42:11,fr.wikipedia.org
2014-02-19 09:42:12,fr.wikipedia.org
2014-02-19 09:42:13,fr.wikipedia.org
2014-02-19 09:42:15,fr.wikipedia.org
2014-02-19 09:42:16,bits.wikimedia.org
2014-02-19 09:42:16,fr.wikipedia.org
2014-02-19 09:42:17,fr.wikipedia.org
2014-02-19 09:42:17,meta.wikimedia.org
2014-02-19 09:43:22,bits.wikimedia.org
2014-02-19 09:43:22,meta.wikimedia.org
2014-02-19 09:43:22,commons.wikimedia.org
2014-02-19 09:43:23,commons.wikimedia.org
2014-02-19 09:43:24,commons.wikimedia.org
2014-02-19 09:44:35,www.google.com
2014-02-19 09:44:35,www.google.fr
2014-02-19 09:45:29,kito.20minutes-blogs.fr
2014-02-19 09:45:29,www.google.fr
2014-02-19 09:45:29,static.20minutes-blogs.fr
2014-02-19 09:45:30,kito.20minutes-blogs.fr
2014-02-19 09:45:30,cache.20minutes.fr
2014-02-19 09:45:30,static.20minutes-blogs.fr
2014-02-19 09:45:31,cache.20minutes.fr
2014-02-19 09:45:31,kito.20minutes-blogs.fr
2014-02-19 09:45:31,static.20minutes-blogs.fr
2014-02-19 09:45:31,platform.twitter.com
2014-02-19 09:45:31,www.dailymotion.com
2014-02-19 09:45:32,www.dailymotion.com
2014-02-19 09:45:32,www.youtube.com
2014-02-19 09:45:33,platform.twitter.com
2014-02-19 09:45:33,s.ytimg.com
2014-02-19 09:45:35,i1.ytimg.com
2014-02-19 09:45:36,i1.ytimg.com
2014-02-19 09:45:37,kito.20minutes-blogs.fr
2014-02-19 09:45:37,static.20minutes-blogs.fr
2014-02-19 09:45:42,pbs.twimg.com
2014-02-19 09:45:43,pbs.twimg.com
2014-02-19 09:45:44,platform.twitter.com
2014-02-19 09:45:44,twitter.com
2014-02-19 09:45:58,twitter.com
2014-02-19 09:45:58,platform.twitter.com
2014-02-19 09:45:58,pbs.twimg.com
2014-03-26 08:03:22,www.google.fr
2014-03-26 08:03:32,www.google.fr
2014-03-26 08:03:34,www.google.com
2014-03-26 08:03:34,apis.google.com
2014-03-26 08:04:21,www.google.com
2014-03-26 08:04:21,www.google.fr
2014-03-26 08:04:22,www.google.fr
2014-03-26 08:04:22,apis.google.com
2014-03-26 08:05:49,ieonline.microsoft.com
2014-03-26 08:06:18,www.sports.gouv.fr
2014-03-26 08:06:18,www.google.fr
2014-03-26 08:06:18,connect.facebook.net
2014-03-26 08:06:19,www.sports.gouv.fr
2014-03-26 08:06:19,eregie.premier-ministre.gouv.fr
2014-03-26 08:06:20,www.sports.gouv.fr
2014-03-26 08:06:20,static.ak.facebook.com
2014-03-26 08:06:20,s-static.ak.facebook.com
2014-03-26 08:06:55,s-static.ak.facebook.com
2014-03-26 08:07:51,www.sports.gouv.fr
2014-03-26 08:07:52,eregie.premier-ministre.gouv.fr
2014-03-26 08:07:52,www.sports.gouv.fr
2014-03-26 08:07:53,s-static.ak.facebook.com
2014-03-26 08:07:53,static.ak.facebook.com
2014-03-26 08:07:56,static.ak.facebook.com
2014-03-26 08:07:56,eregie.premier-ministre.gouv.fr
2014-03-26 08:07:56,www.sports.gouv.fr
2014-03-26 08:07:56,s-static.ak.facebook.com
2014-03-26 08:08:01,s-static.ak.facebook.com
2014-03-26 08:08:02,s-static.ak.facebook.com
2014-03-26 08:08:10,s-static.ak.facebook.com
2014-03-26 08:08:15,s-static.ak.facebook.com
2014-03-26 08:08:20,s-static.ak.facebook.com
2014-03-26 08:08:22,s-static.ak.facebook.com
2014-03-26 08:09:35,s-static.ak.facebook.com
2014-03-26 08:09:36,s-static.ak.facebook.com
2014-03-26 08:10:06,s-static.ak.facebook.com
2014-03-26 08:10:16,www.google.com
2014-03-26 08:10:16,www.google.fr
2014-03-26 08:10:18,www.google.fr
2014-03-26 08:10:43,www.google.fr
2014-03-26 08:10:44,www.google.fr
2014-03-26 08:10:44,gss.revues.org
2014-03-26 08:10:45,static.openedition.org
2014-03-26 08:10:45,gss.revues.org
2014-03-26 08:10:45,auth.openedition.org
2014-03-26 08:11:34,apis.google.com
2014-03-26 08:11:34,www.google.com
2014-03-26 08:12:06,bits.wikimedia.org
2014-03-26 08:12:06,www.google.fr
2014-03-26 08:12:06,fr.wikipedia.org
2014-03-26 08:12:06,www.google.com
2014-03-26 08:12:06,apis.google.com
2014-03-26 08:12:07,login.wikimedia.org
2014-03-26 08:12:07,bits.wikimedia.org
2014-03-26 08:12:07,fr.wikipedia.org
2014-03-26 08:12:07,go.microsoft.com
2014-03-26 08:12:07,ieonline.microsoft.com
2014-03-26 08:12:07,meta.wikimedia.org
2014-03-26 08:12:45,www.google.fr
2014-03-26 08:12:48,platform.linkedin.com
2014-03-26 08:12:48,www.google.fr
2014-03-26 08:12:48,www.franceinfo.fr
2014-03-26 08:12:48,platform.twitter.com
2014-03-26 08:12:49,connect.facebook.net
2014-03-26 08:12:50,platform.linkedin.com
2014-03-26 08:12:50,www.franceinfo.fr
2014-03-26 08:12:51,www.franceinfo.fr
2014-03-26 08:12:52,www.franceinfo.fr
2014-03-26 08:12:52,mkt.radiofrance.fr
2014-03-26 08:12:52,www.linkedin.com
2014-03-26 08:12:53,apis.google.com
2014-03-26 08:12:53,s-static.ak.facebook.com
2014-03-26 08:12:53,www.franceinfo.fr
2014-03-26 08:12:53,www.dailymotion.com
2014-03-26 08:12:53,platform.twitter.com
2014-03-26 08:12:53,static.ak.facebook.com
2014-03-26 08:12:53,www.facebook.com
2014-03-26 08:12:53,semiocast.com
2014-03-26 08:12:53,dnn506yrbagrg.cloudfront.net
2014-03-26 08:12:55,twitter.com
2014-03-26 08:12:55,www.franceinfo.fr
2014-03-26 08:12:55,apis.google.com
2014-03-26 08:12:55,fpdownload2.macromedia.com
2014-03-26 08:12:55,ajax.googleapis.com
2014-03-26 08:12:56,www.dailymotion.com
2014-03-26 08:12:57,twitter.com
2014-03-26 08:12:57,www.franceinfo.fr
2014-03-26 08:12:57,accounts.google.com
2014-03-26 08:12:57,apis.google.com
2014-03-26 08:12:58,twitter.com
2014-03-26 08:12:59,www.franceinfo.fr
2014-03-26 08:12:59,apis.google.com
2014-03-26 08:13:02,apis.google.com
2014-03-26 08:13:02,i1-js-14-3-01-11987-939671160-i.init.cedexis-radar.net
2014-03-26 08:13:03,cedexis-test01.insnw.net
2014-03-26 08:13:04,www.linkedin.com
2014-03-26 08:13:04,onapp.cedexis.com
2014-03-26 08:13:26,www.google.fr
2014-03-26 08:13:27,www.google.fr
2014-03-26 08:13:27,www.jidv.com
2014-03-26 08:13:27,accounts.google.com
2014-03-26 08:13:28,www.jidv.com
2014-03-26 08:13:29,www.jidv.com
2014-03-26 08:15:32,www.google.fr
2014-03-26 08:15:32,www.sport.fr
2014-03-26 08:15:33,www.sport.fr
2014-03-26 08:15:33,www.dailymotion.com
2014-03-26 08:15:33,www.audienceinsights.net
2014-03-26 08:15:34,www.dailymotion.com
2014-03-26 08:15:34,www.sport.fr
2014-03-26 08:15:35,www.eficiens-serving2.com
2014-03-26 08:15:35,www.sport.fr
2014-03-26 08:15:35,football.sport.fr
2014-03-26 08:15:36,football.sport.fr
2014-03-26 08:15:36,www.sport.fr
2014-03-26 08:15:37,football.sport.fr
2014-03-26 08:15:37,www.sport.fr
2014-03-26 08:15:37,www.eficiens-serving2.com
2014-03-26 08:15:37,www.dailymotion.com
2014-03-26 08:15:37,platform.twitter.com
2014-03-26 08:15:38,static.ak.facebook.com
2014-03-26 08:15:38,platform.twitter.com
2014-03-26 08:15:38,s-static.ak.facebook.com
2014-03-26 08:15:38,www.facebook.com
2014-03-26 08:15:38,twitter.com
2014-03-26 08:15:38,football.sport.fr
2014-03-26 08:15:38,sc.tynt.com
2014-03-26 08:15:39,apis.google.com
2014-03-26 08:15:39,accounts.google.com
2014-03-26 08:15:39,football.sport.fr
2014-03-26 08:15:39,www.dailymotion.com
2014-03-26 08:15:39,www.eficiens-serving2.com
2014-03-26 08:15:39,www.facebook.com
2014-03-26 08:15:40,platform.twitter.com
2014-03-26 08:15:40,twitter.com
2014-03-26 08:15:40,audience.visiblemeasures.com
2014-03-26 08:15:41,de.tynt.com
2014-03-26 08:15:41,audience.visiblemeasures.com
2014-03-26 08:15:41,od2.visiblemeasures.com
2014-03-26 08:15:41,www.dailymotion.com
2014-03-26 08:15:41,www.sport.fr
2014-03-26 08:15:41,n.dyntrk.com
2014-03-26 08:15:42,www.dailymotion.com
2014-03-26 08:15:42,od2.visiblemeasures.com
2014-03-26 08:15:42,statics.dailymotion.com
2014-03-26 08:15:46,www.dailymotion.com
2014-03-26 08:15:46,audience.visiblemeasures.com
2014-03-26 08:15:46,logger-02.vty.dailymotion.com
2014-03-26 08:15:46,od2.visiblemeasures.com
2014-03-26 08:15:47,od2.visiblemeasures.com
2014-03-26 08:15:48,od2.visiblemeasures.com
2014-03-26 08:15:49,od2.visiblemeasures.com
2014-03-26 08:15:49,www.dailymotion.com
2014-03-26 08:15:50,od2.visiblemeasures.com
2014-03-26 08:15:51,od2.visiblemeasures.com
2014-03-26 08:15:52,www.dailymotion.com
2014-03-26 08:15:52,od2.visiblemeasures.com
2014-03-26 08:15:53,od2.visiblemeasures.com
2014-03-26 08:15:54,od2.visiblemeasures.com
2014-03-26 08:15:55,audience.visiblemeasures.com
2014-03-26 08:15:55,www.dailymotion.com
2014-03-26 08:15:56,www.dailymotion.com
2014-03-26 08:15:56,od2.visiblemeasures.com
2014-03-26 08:15:57,www.dailymotion.com
2014-03-26 08:15:59,www.dailymotion.com
2014-03-26 08:16:00,www.dailymotion.com
2014-03-26 08:16:00,audience.visiblemeasures.com
2014-03-26 08:16:00,od2.visiblemeasures.com
2014-03-26 08:16:00,logger-02.vty.dailymotion.com
2014-03-26 08:16:01,od2.visiblemeasures.com
2014-03-26 08:16:02,www.dailymotion.com
2014-03-26 08:16:03,www.sport.fr
2014-03-26 08:16:04,www.dailymotion.com
2014-03-26 08:16:04,ajax.googleapis.com
2014-03-26 08:16:04,www.audienceinsights.net
2014-03-26 08:16:04,www.sport.fr
2014-03-26 08:16:05,www.sport.fr
2014-03-26 08:16:05,www.dailymotion.com
2014-03-26 08:16:05,football.sport.fr
2014-03-26 08:16:06,www.dailymotion.com
2014-03-26 08:16:07,www.dailymotion.com
2014-03-26 08:16:07,n.dyntrk.com
2014-03-26 08:16:07,platform.twitter.com
2014-03-26 08:16:07,connect.facebook.net
2014-03-26 08:16:07,audience.visiblemeasures.com
2014-03-26 08:16:07,sc.tynt.com
2014-03-26 08:16:07,apis.google.com
2014-03-26 08:16:08,s-static.ak.facebook.com
2014-03-26 08:16:08,apis.google.com
2014-03-26 08:16:08,od2.visiblemeasures.com
2014-03-26 08:16:08,football.sport.fr
2014-03-26 08:16:08,platform.twitter.com
2014-03-26 08:16:08,static.ak.facebook.com
2014-03-26 08:16:08,www.dailymotion.com
2014-03-26 08:16:08,n.dyntrk.com
2014-03-26 08:16:09,accounts.google.com
2014-03-26 08:16:09,twitter.com
2014-03-26 08:16:09,platform.twitter.com
2014-03-26 08:16:09,audience.visiblemeasures.com
2014-03-26 08:16:09,n.dyntrk.com
2014-03-26 08:16:09,www.facebook.com
2014-03-26 08:16:09,www.dailymotion.com
2014-03-26 08:16:09,od2.visiblemeasures.com
2014-03-26 08:16:10,xml.betclick.com
2014-03-26 08:16:10,n.dyntrk.com
2014-03-26 08:16:10,www.dailymotion.com
2014-03-26 08:16:11,www.dailymotion.com
2014-03-26 08:16:12,www.dailymotion.com
2014-03-26 08:16:14,www.betclic.fr
2014-03-26 08:16:15,audience.visiblemeasures.com
2014-03-26 08:16:15,logger-02.vty.dailymotion.com
2014-03-26 08:16:15,od2.visiblemeasures.com
2014-03-26 08:16:15,www.dailymotion.com
2014-03-26 08:16:16,www.betclic.fr
2014-03-26 08:16:16,od2.visiblemeasures.com
2014-03-26 08:16:17,www.betclic.fr
2014-03-26 08:16:17,www.dailymotion.com
2014-03-26 08:16:17,od2.visiblemeasures.com
2014-03-26 08:16:17,betclick.hs.llnwd.net
2014-03-26 08:16:18,betclick.hs.llnwd.net
2014-03-26 08:16:18,od2.visiblemeasures.com
2014-03-26 08:16:19,www.dailymotion.com
2014-03-26 08:16:19,betclick.hs.llnwd.net
2014-03-26 08:16:19,od2.visiblemeasures.com
2014-03-26 08:16:20,betclick.hs.llnwd.net
2014-03-26 08:16:20,od2.visiblemeasures.com
2014-03-26 08:16:21,dnn506yrbagrg.cloudfront.net
2014-03-26 08:16:21,od2.visiblemeasures.com
2014-03-26 08:16:22,od2.visiblemeasures.com
2014-03-26 08:16:23,www.dailymotion.com
2014-03-26 08:16:24,www.dailymotion.com
2014-03-26 08:16:25,www.dailymotion.com
2014-03-26 08:16:25,od2.visiblemeasures.com
2014-03-26 08:16:25,audience.visiblemeasures.com
2014-03-26 08:16:26,www.dailymotion.com
2014-03-26 08:17:22,www.google.fr
2014-03-26 08:17:23,www.ouest-france.fr
2014-03-26 08:17:23,www.google.fr
2014-03-26 08:17:23,d1447tq2m68ekg.cloudfront.net
2014-03-26 08:17:24,www.ouest-france.fr
2014-03-26 08:17:25,www.ouest-france.fr
2014-03-26 08:17:26,www.facebook.com
2014-03-26 08:17:26,graph.facebook.com
2014-03-26 08:17:26,c1.adform.net
2014-03-26 08:17:26,www.ouest-france.fr
2014-03-26 08:17:26,connect.facebook.net
2014-03-26 08:17:27,www.ouest-france.fr
2014-03-26 08:17:30,betclick.hs.llnwd.net
2014-03-26 08:17:30,dnn506yrbagrg.cloudfront.net
2014-03-26 08:20:51,www.google.fr
2014-03-26 08:21:19,www.google.fr
2014-03-26 08:21:20,clients1.google.fr
2014-03-26 08:21:20,www.google.fr
2014-03-26 08:21:22,clients1.google.fr
2014-03-26 08:21:23,www.google.fr
2014-03-26 08:21:23,medias.lemonde.fr
2014-03-26 08:21:23,www.lemonde.fr
2014-03-26 08:21:24,s1.lemde.fr
2014-03-26 08:21:25,s1.lemde.fr
2014-03-26 08:21:26,s1.lemde.fr
2014-03-26 08:21:28,s1.lemde.fr
2014-03-26 08:21:28,www.google.fr
2014-03-26 08:21:29,live.lemde.fr
2014-03-26 08:21:29,s1.lemde.fr
2014-03-26 08:21:29,www.lemonde.fr
2014-03-26 08:21:30,www.lemonde.fr
2014-03-26 08:21:30,videosfr.s3.amazonaws.com
2014-03-26 08:21:30,api.adyoulike.com
2014-03-26 08:21:30,kweb.videostep.com
2014-03-26 08:21:30,s1.lemde.fr
2014-03-26 08:21:31,s1.lemde.fr
2014-03-26 08:21:31,static.videostep.com
2014-03-26 08:21:33,i1-js-14-3-01-10013-740280643-i.init.cedexis-radar.net
2014-03-26 08:21:33,static.videostep.com
2014-03-26 08:21:33,listener.ezakus.net
2014-03-26 08:21:33,s1.lemde.fr
2014-03-26 08:21:35,www.facebook.com
2014-03-26 08:21:36,s1.lemde.fr
2014-03-26 08:21:36,www.google.fr
2014-03-26 08:21:37,www.lemonde.fr
2014-03-26 08:21:37,ce.lijit.com
2014-03-26 08:21:38,u.videostep.com
2014-03-26 08:21:41,www.google.fr
2014-03-26 08:21:41,clients1.google.fr
2014-03-26 08:21:45,www.google.fr
2014-03-26 08:21:45,clients1.google.fr
2014-03-26 08:22:05,clients1.google.fr
2014-03-26 08:22:05,www.google.fr
2014-03-26 08:22:14,www.google.fr
2014-03-26 08:22:32,www.google.fr
2014-03-26 08:22:48,www.mysecurite.com
2014-03-26 08:22:48,www.google.fr
2014-03-26 08:22:49,apis.google.com
2014-03-26 08:22:49,www.facebook.com
2014-03-26 08:22:49,mysecurite.api.oneall.com
2014-03-26 08:22:49,www.google.fr
2014-03-26 08:22:49,www.mysecurite.com
2014-03-26 08:22:50,www.mysecurite.com
2014-03-26 08:22:50,1.gravatar.com
2014-03-26 08:22:50,www.google.fr
2014-03-26 08:22:50,www.youtube.com
2014-03-26 08:22:50,www.facebook.com
2014-03-26 08:22:51,www.google.com
2014-03-26 08:22:51,twitter.com
2014-03-26 08:22:51,mysecurite.api.oneall.com
2014-03-26 08:22:51,s.ytimg.com
2014-03-26 08:22:51,dev.mysecurite.com
2014-03-26 08:22:51,www.google.fr
2014-03-26 08:22:51,www.mysecurite.com
2014-03-26 08:22:52,s.ytimg.com
2014-03-26 08:22:52,mysecurite.api.oneall.com
2014-03-26 08:22:52,www.mysecurite.com
2014-03-26 08:22:52,twitter.com
2014-03-26 08:22:53,apis.google.com
2014-03-26 08:22:53,accounts.google.com
2014-03-26 08:22:53,s-static.ak.facebook.com
2014-03-26 08:22:53,www.mysecurite.com
2014-03-26 08:22:53,static.ak.facebook.com
2014-03-26 08:22:54,apis.google.com
2014-03-26 08:22:55,twitter.com
2014-03-26 08:22:56,s.ytimg.com
2014-03-26 08:22:56,i1.ytimg.com
2014-03-26 08:22:56,www.facebook.com
2014-03-26 08:22:56,www.mysecurite.com
2014-03-26 08:22:56,accounts.google.com
2014-03-26 08:22:56,apis.google.com
2014-03-26 08:22:57,www.facebook.com
2014-03-26 08:22:57,www.google.com
2014-03-26 08:22:57,i1.ytimg.com
2014-03-26 08:23:25,www.google.com
2014-03-26 08:23:30,www.facebook.com
2014-03-26 08:23:34,www.facebook.com
2014-03-26 08:23:36,www.google.fr
2014-03-26 08:23:37,www.youtube.com
2014-03-26 08:23:37,www.facebook.com
2014-03-26 08:23:38,mysecurite.api.oneall.com
2014-03-26 08:23:39,apis.google.com
2014-03-26 08:23:39,s-static.ak.facebook.com
2014-03-26 08:23:39,static.ak.facebook.com
2014-03-26 08:23:40,www.mysecurite.com
2014-03-26 08:23:40,twitter.com
2014-03-26 08:23:40,apis.google.com
2014-03-26 08:23:44,twitter.com
2014-03-26 08:23:44,www.google.fr
2014-03-26 08:23:45,www.jidv.com
2014-03-26 08:23:46,www.google.fr
2014-03-26 08:23:46,twitter.com
2014-03-26 08:23:46,www.jidv.com
2014-03-26 08:23:49,www.google.fr
2014-03-26 08:23:50,www.jidv.com
2014-03-26 08:23:51,www.jidv.com
2014-03-26 08:26:31,clients1.google.fr
2014-03-26 08:26:31,www.google.fr
2014-03-26 08:26:43,www.jidv.com
2014-03-26 08:26:44,www.jidv.com
2014-03-26 08:26:45,www.jidv.com
2014-03-26 08:26:46,www.jidv.com
2014-03-26 08:26:48,www.jidv.com
2014-03-26 08:26:49,www.jidv.com
2014-03-26 08:26:50,www.jidv.com
2014-03-26 08:27:02,www.jidv.com
2014-03-26 08:28:02,www.google.fr
2014-03-26 08:28:21,www.google.fr
2014-03-26 08:28:22,www.google.fr
2014-03-26 08:28:22,fr.answers.com
2014-03-26 08:28:23,www.facebook.com
2014-03-26 08:28:24,snip.answers.com
2014-03-26 08:28:24,fr.answers.com
2014-03-26 08:28:25,cdns.gigya.com
2014-03-26 08:28:25,www.answers.com
2014-03-26 08:28:25,static.ak.facebook.com
2014-03-26 08:28:25,snip.answers.com
2014-03-26 08:28:25,www.facebook.com
2014-03-26 08:28:25,s-static.ak.facebook.com
2014-03-26 08:28:26,www.google.fr
2014-03-26 08:28:26,fr.answers.com
2014-03-26 08:28:26,apis.google.com
2014-03-26 08:28:26,accounts.google.com
2014-03-26 08:28:26,www.google.com
2014-03-26 08:28:27,snip.answers.com
2014-03-26 08:28:27,cdns.gigya.com
2014-03-26 08:29:06,www.google.fr
2014-03-26 08:29:07,www.lfp.fr
2014-03-26 08:29:07,www.facebook.com
2014-03-26 08:29:07,www.google.fr
2014-03-26 08:29:08,www.lfp.fr
2014-03-26 08:29:08,apis.google.com
2014-03-26 08:29:08,www.facebook.com
2014-03-26 08:29:09,twitter.com
2014-03-26 08:29:09,www.facebook.com
2014-03-26 08:29:09,www.lfp.fr
2014-03-26 08:29:10,apis.google.com
2014-03-26 08:29:10,accounts.google.com
2014-03-26 08:29:10,www.lfp.fr
2014-03-26 08:29:11,www.lfp.fr
2014-03-26 08:29:40,twitter.com
2014-03-26 08:29:52,apis.google.com
2014-03-26 08:29:52,www.lfp.fr
2014-03-26 08:29:53,www.facebook.com
2014-03-26 08:29:53,www.lfp.fr
2014-03-26 08:29:54,apis.google.com
2014-03-26 08:29:54,www.lfp.fr
2014-03-26 08:29:55,www.lfp.fr
2014-03-26 08:30:25,twitter.com
2014-03-26 08:30:37,apis.google.com
2014-03-26 08:30:37,www.lfp.fr
2014-03-26 08:30:38,apis.google.com
2014-03-26 08:30:38,www.facebook.com
2014-03-26 08:30:38,www.lfp.fr
2014-03-26 08:30:39,www.lfp.fr
2014-03-26 08:30:40,www.lfp.fr
2014-03-26 08:30:40,apis.google.com
2014-03-26 08:31:02,twitter.com
2014-03-26 08:31:02,www.lfp.fr
2014-03-26 08:31:03,www.lfp.fr
2014-03-26 08:31:03,www.facebook.com
2014-03-26 08:31:03,apis.google.com
2014-03-26 08:31:04,www.lfp.fr
2014-03-26 08:31:13,twitter.com
2014-03-26 08:31:13,www.lfp.fr
2014-03-26 08:31:13,www.facebook.com
2014-03-26 08:31:13,apis.google.com
2014-03-26 08:31:14,www.facebook.com
2014-03-26 08:31:14,www.lfp.fr
2014-03-26 08:31:14,apis.google.com
2014-03-26 08:31:16,twitter.com
2014-03-26 08:31:16,www.lfp.fr
2014-03-26 08:31:45,twitter.com
2014-03-26 08:32:11,www.lfp.fr
2014-03-26 08:32:12,www.lfp.fr
2014-03-26 08:32:13,www.lfp.fr
2014-03-26 08:33:42,apis.google.com
2014-03-26 08:34:11,www.lfp.fr
2014-03-26 08:34:12,www.lfp.fr
2014-03-26 08:34:12,apis.google.com
2014-03-26 08:34:12,www.facebook.com
2014-03-26 08:34:13,www.lfp.fr
2014-03-26 08:34:13,apis.google.com
2014-03-26 08:34:15,www.lfp.fr
2014-03-26 08:34:15,apis.google.com
2014-03-26 08:34:30,www.lfp.fr
2014-03-26 08:34:31,www.lfp.fr
2014-03-26 08:34:32,www.lfp.fr
2014-03-26 08:34:43,twitter.com
2014-03-26 08:34:53,www.lfp.fr
2014-03-26 08:34:53,www.facebook.com
2014-03-26 08:34:54,apis.google.com
2014-03-26 08:34:54,www.facebook.com
2014-03-26 08:34:54,www.lfp.fr
2014-03-26 08:34:55,www.lfp.fr
2014-03-26 08:34:57,apis.google.com
2014-03-26 08:34:57,www.lfp.fr
2014-03-26 08:35:10,www.lfp.fr
2014-03-26 08:35:11,www.lfp.fr
2014-03-26 08:35:12,www.lfp.fr
2014-03-26 08:35:25,twitter.com
2014-03-26 08:35:25,www.lfp.fr
2014-03-26 08:35:26,www.lfp.fr
2014-03-26 08:35:27,www.lfp.fr
2014-03-26 08:36:10,www.lfp.fr
2014-03-26 08:36:11,apis.google.com
2014-03-26 08:36:11,www.lfp.fr
2014-03-26 08:36:11,www.facebook.com
2014-03-26 08:36:12,apis.google.com
2014-03-26 08:36:12,www.lfp.fr
2014-03-26 08:36:14,www.lfp.fr
2014-03-26 08:36:26,www.lfp.fr
2014-03-26 08:36:27,www.lfp.fr
2014-03-26 08:36:42,www.lfp.fr
2014-03-26 08:36:42,twitter.com
2014-03-26 08:36:43,www.lfp.fr
2014-03-26 08:36:43,www.facebook.com
2014-03-26 08:36:43,apis.google.com
2014-03-26 08:36:45,www.lfp.fr
2014-03-26 08:36:46,twitter.com
2014-03-26 08:36:46,www.lfp.fr
2014-03-26 08:36:57,www.lfp.fr
2014-03-26 08:36:58,www.lfp.fr
2014-03-26 08:37:10,www.lfp.fr
2014-03-26 08:37:10,apis.google.com
2014-03-26 08:37:10,twitter.com
2014-03-26 08:37:11,apis.google.com
2014-03-26 08:37:11,www.facebook.com
2014-03-26 08:37:11,www.lfp.fr
2014-03-26 08:37:12,www.lfp.fr
2014-03-26 08:37:13,twitter.com
2014-03-26 08:37:13,www.lfp.fr
2014-03-26 08:37:14,www.lfp.fr
2014-03-26 08:37:24,www.lfp.fr
2014-03-26 08:37:25,www.lfp.fr
2014-03-26 08:37:42,twitter.com
2014-03-26 08:38:39,apis.google.com
2014-03-26 08:38:40,www.lfp.fr
2014-03-26 08:38:41,www.facebook.com
2014-03-26 08:38:41,www.lfp.fr
2014-03-26 08:38:41,apis.google.com
2014-03-26 08:38:42,www.lfp.fr
2014-03-26 08:38:44,www.lfp.fr
2014-03-26 08:38:44,twitter.com
2014-03-26 08:38:56,www.lfp.fr
2014-03-26 08:38:57,www.lfp.fr
2014-03-26 08:39:08,apis.google.com
2014-03-26 08:39:08,twitter.com
2014-03-26 08:39:08,www.lfp.fr
2014-03-26 08:39:09,www.lfp.fr
2014-03-26 08:39:09,www.facebook.com
2014-03-26 08:39:10,apis.google.com
2014-03-26 08:39:10,twitter.com
2014-03-26 08:39:10,www.lfp.fr
2014-03-26 08:39:11,www.lfp.fr
2014-03-26 08:39:12,www.lfp.fr
2014-03-26 08:39:40,twitter.com
2014-03-26 08:39:46,www.lfp.fr
2014-03-26 08:39:47,www.lfp.fr
2014-03-26 08:39:48,www.lfp.fr
2014-03-26 08:39:49,www.lfp.fr
2014-03-26 08:40:00,www.lfp.fr
2014-03-26 08:40:01,www.facebook.com
2014-03-26 08:40:01,www.lfp.fr
2014-03-26 08:40:02,www.lfp.fr
2014-03-26 08:40:02,www.facebook.com
2014-03-26 08:40:03,www.facebook.com
2014-03-26 08:40:03,www.lfp.fr
2014-03-26 08:40:04,www.lfp.fr
2014-03-26 08:40:06,www.lfp.fr
2014-03-26 08:40:07,apis.google.com
2014-03-26 08:40:07,www.lfp.fr
2014-03-26 08:40:08,twitter.com
2014-03-26 08:40:08,www.lfp.fr
2014-03-26 08:40:25,www.lfp.fr
2014-03-26 08:40:26,www.lfp.fr
2014-03-26 08:40:27,www.lfp.fr
2014-03-26 08:40:35,twitter.com
2014-03-26 08:40:40,apis.google.com
2014-03-26 08:40:40,www.lfp.fr
2014-03-26 08:40:41,www.facebook.com
2014-03-26 08:40:41,www.lfp.fr
2014-03-26 08:40:42,www.facebook.com
2014-03-26 08:40:43,www.facebook.com
2014-03-26 08:40:43,www.lfp.fr
2014-03-26 08:40:44,www.lfp.fr
2014-03-26 08:40:47,apis.google.com
2014-03-26 08:40:47,www.lfp.fr
2014-03-26 08:40:48,apis.google.com
2014-03-26 08:40:48,www.lfp.fr
2014-03-26 08:41:15,twitter.com
2014-03-26 08:42:29,www.lfp.fr
2014-03-26 08:42:30,www.lfp.fr
2014-03-26 08:42:31,www.lfp.fr
2014-03-26 08:42:51,www.lfp.fr
2014-03-26 08:42:52,www.lfp.fr
2014-03-26 08:42:52,www.facebook.com
2014-03-26 08:42:53,www.facebook.com
2014-03-26 08:42:54,www.lfp.fr
2014-03-26 08:42:55,www.lfp.fr
2014-03-26 08:42:56,apis.google.com
2014-03-26 08:42:56,www.lfp.fr
2014-03-26 08:42:57,www.lfp.fr
2014-03-26 08:43:00,apis.google.com
2014-03-26 08:43:00,www.lfp.fr
2014-03-26 08:43:12,www.lfp.fr
2014-03-26 08:43:13,www.lfp.fr
2014-03-26 08:43:14,www.lfp.fr
2014-03-26 08:43:25,www.lfp.fr
2014-03-26 08:43:25,twitter.com
2014-03-26 08:43:26,www.lfp.fr
2014-03-26 08:43:26,www.facebook.com
2014-03-26 08:43:27,www.facebook.com
2014-03-26 08:43:28,www.facebook.com
2014-03-26 08:43:28,www.lfp.fr
2014-03-26 08:43:29,www.lfp.fr
2014-03-26 08:43:30,www.lfp.fr
2014-03-26 08:43:30,apis.google.com
2014-03-26 08:43:31,www.lfp.fr
2014-03-26 08:43:32,apis.google.com
2014-03-26 08:43:32,www.lfp.fr
2014-03-26 08:43:42,www.lfp.fr
2014-03-26 08:43:43,www.lfp.fr
2014-03-26 08:43:44,www.lfp.fr
2014-03-26 08:43:55,twitter.com
2014-03-26 08:43:55,www.lfp.fr
2014-03-26 08:43:56,www.lfp.fr
2014-03-26 08:43:57,www.lfp.fr
2014-03-26 08:43:57,www.facebook.com
2014-03-26 08:43:58,www.lfp.fr
2014-03-26 08:43:58,www.facebook.com
2014-03-26 08:43:59,www.lfp.fr
2014-03-26 08:44:00,apis.google.com
2014-03-26 08:44:00,www.lfp.fr
2014-03-26 08:44:02,www.lfp.fr
2014-03-26 08:44:03,apis.google.com
2014-03-26 08:44:03,www.lfp.fr
2014-03-26 08:44:04,www.lfp.fr
2014-03-26 08:44:13,www.lfp.fr
2014-03-26 08:44:14,www.lfp.fr
2014-03-26 08:44:15,www.lfp.fr
2014-03-26 08:44:30,twitter.com
2014-03-26 08:45:33,www.lfp.fr
2014-03-26 08:45:34,www.lfp.fr
2014-03-26 08:45:34,www.facebook.com
2014-03-26 08:45:35,www.facebook.com
2014-03-26 08:45:36,www.lfp.fr
2014-03-26 08:45:37,www.lfp.fr
2014-03-26 08:45:38,www.lfp.fr
2014-03-26 08:45:38,apis.google.com
2014-03-26 08:45:40,www.lfp.fr
2014-03-26 08:45:40,apis.google.com
2014-03-26 08:45:41,www.lfp.fr
2014-03-26 08:46:05,www.lfp.fr
2014-03-26 08:46:06,www.lfp.fr
2014-03-26 08:46:07,www.lfp.fr
2014-03-26 08:46:07,twitter.com
2014-03-26 08:46:08,twitter.com
2014-03-26 08:49:16,www.lfp.fr
2014-03-26 08:49:17,www.facebook.com
2014-03-26 08:49:17,platform.twitter.com
2014-03-26 08:49:17,www.lfp.fr
2014-03-26 08:49:18,www.facebook.com
2014-03-26 08:49:18,www.lfp.fr
2014-03-26 08:49:19,www.lfp.fr
2014-03-26 08:49:20,www.lfp.fr
2014-03-26 08:49:23,www.lfp.fr
2014-03-26 08:49:23,apis.google.com
2014-03-26 08:49:24,apis.google.com
2014-03-26 08:49:24,www.lfp.fr
2014-03-26 08:49:24,twitter.com
2014-03-26 08:49:37,www.lfp.fr
2014-03-26 08:49:38,www.lfp.fr
2014-03-26 08:49:39,www.lfp.fr
2014-03-26 08:49:39,platform.twitter.com
2014-03-26 08:49:39,img.youtube.com
2014-03-26 08:49:40,www.lfp.fr
2014-03-26 08:49:40,img.youtube.com
2014-03-26 08:49:41,www.lfp.fr
2014-03-26 08:49:41,fr.uefa.com
2014-03-26 08:49:42,www.uefa.com
2014-03-26 08:49:42,www.lfp.fr
2014-03-26 08:49:42,fr.uefa.com
2014-03-26 08:49:44,fr.uefa.com
2014-03-26 08:49:44,www.uefa.com
2014-03-26 08:49:51,www.lfp.fr
2014-03-26 08:49:51,twitter.com
2014-03-26 08:49:52,www.lfp.fr
2014-03-26 08:49:53,www.lfp.fr
2014-03-26 08:49:54,www.lfp.fr
2014-03-26 08:49:56,www.lfp.fr
2014-03-26 08:49:57,www.lfp.fr
2014-03-26 08:49:57,www.uefa.com
2014-03-26 08:50:28,www.lfp.fr
2014-03-26 08:50:28,www.facebook.com
2014-03-26 08:50:28,platform.twitter.com
2014-03-26 08:50:29,www.facebook.com
2014-03-26 08:50:29,www.lfp.fr
2014-03-26 08:50:30,www.lfp.fr
2014-03-26 08:50:30,www.facebook.com
2014-03-26 08:50:31,apis.google.com
2014-03-26 08:50:31,www.lfp.fr
2014-03-26 08:50:32,twitter.com
2014-03-26 08:50:32,platform.twitter.com
2014-03-26 08:50:32,www.lfp.fr
2014-03-26 08:50:32,www.facebook.com
2014-03-26 08:50:33,www.facebook.com
2014-03-26 08:50:33,twitter.com
2014-03-26 08:50:34,www.lfp.fr
2014-03-26 08:50:35,www.lfp.fr
2014-03-26 08:50:35,apis.google.com
2014-03-26 08:50:36,twitter.com
2014-03-26 08:50:36,www.lfp.fr
2014-03-26 08:50:53,www.lfp.fr
2014-03-26 08:50:53,twitter.com
2014-03-26 08:50:54,www.lfp.fr
2014-03-26 08:50:54,platform.twitter.com
2014-03-26 08:50:54,www.facebook.com
2014-03-26 08:50:55,www.facebook.com
2014-03-26 08:50:55,www.lfp.fr
2014-03-26 08:50:56,www.lfp.fr
2014-03-26 08:50:57,apis.google.com
2014-03-26 08:50:57,www.lfp.fr
2014-03-26 08:50:58,www.lfp.fr
2014-03-26 08:51:00,apis.google.com
2014-03-26 08:51:00,www.lfp.fr
2014-03-26 08:51:01,www.lfp.fr
2014-03-26 08:51:27,twitter.com
2014-03-26 08:51:57,www.lfp.fr
2014-03-26 08:51:58,www.lfp.fr
2014-03-26 08:51:59,www.lfp.fr
2014-03-26 08:52:15,www.lfp.fr
2014-03-26 08:52:17,www.lfp.fr
2014-03-26 08:52:21,www.lfp.fr
2014-03-26 08:52:24,www.lfp.fr
2014-03-26 08:52:28,www.lfp.fr
2014-03-26 08:52:30,www.lfp.fr
2014-03-26 08:52:35,www.lfp.fr
2014-03-26 08:52:38,www.lfp.fr
2014-03-26 08:54:03,www.google.fr
2014-03-26 08:54:24,www.google.fr
2014-03-26 08:54:46,www.google.fr
2014-03-26 08:54:46,www.premierleague.com
2014-03-26 08:54:46,w.sharethis.com
2014-03-26 08:54:47,www.premierleague.com
2014-03-26 08:54:47,brightcove.vo.llnwd.net
2014-03-26 08:54:48,www.premierleague.com
2014-03-26 08:54:49,www.premierleague.com
2014-03-26 08:54:51,pbs.twimg.com
2014-03-26 08:54:51,www.premierleague.com
2014-03-26 08:54:52,www.premierleague.com
2014-03-26 08:54:52,pbs.twimg.com
2014-03-26 08:54:53,www.premierleague.com
2014-03-26 08:54:53,platform.twitter.com
2014-03-26 08:54:53,connect.facebook.net
2014-03-26 08:54:54,www.premierleague.com
2014-03-26 08:54:55,www.premierleague.com
2014-03-26 08:54:56,www.premierleague.com
2014-03-26 08:54:58,cm.adgrx.com
2014-03-26 08:54:58,casale-match.dotomi.com
2014-03-26 08:54:58,www.premierleague.com
2014-03-26 08:54:59,dtm.venus.com
2014-03-26 08:54:59,cm.adgrx.com
2014-03-26 08:54:59,www.premierleague.com
2014-03-26 08:55:00,www.premierleague.com
2014-03-26 08:55:01,www.premierleague.com
2014-03-26 08:55:02,www.premierleague.com
2014-03-26 08:55:03,www.premierleague.com
2014-03-26 08:55:04,s-static.ak.facebook.com
2014-03-26 08:55:04,static.ak.facebook.com
2014-03-26 08:55:04,www.facebook.com
2014-03-26 08:55:06,www.premierleague.com
2014-03-26 08:55:08,twitter.com
2014-03-26 08:55:09,www.premierleague.com
2014-03-26 08:55:09,twitter.com
2014-03-26 08:55:09,platform.twitter.com
2014-03-26 08:55:10,www.premierleague.com
2014-03-26 08:55:11,www.premierleague.com
2014-03-26 08:55:13,edge.sharethis.com
2014-03-26 08:55:13,w.sharethis.com
2014-03-26 08:55:13,platform.twitter.com
2014-03-26 08:55:13,wd.sharethis.com
2014-03-26 08:55:14,w.sharethis.com
2014-03-26 08:55:18,www.premierleague.com
2014-03-26 08:55:19,www.premierleague.com
2014-03-26 08:55:22,platform.twitter.com
2014-03-26 08:55:22,www.premierleague.com
2014-03-26 08:55:23,twitter.com
2014-03-26 08:55:23,www.premierleague.com
2014-03-26 08:55:25,s-static.ak.facebook.com
2014-03-26 08:55:25,static.ak.facebook.com
2014-03-26 08:55:26,www.facebook.com
2014-03-26 08:55:27,platform.twitter.com
2014-03-26 08:55:28,csm2waycm-atl.netmng.com
2014-03-26 08:55:28,twitter.com
2014-03-26 08:55:31,w.sharethis.com
2014-03-26 08:55:31,wd.sharethis.com
2014-03-26 08:55:32,www.premierleague.com
2014-03-26 08:55:33,www.premierleague.com
2014-03-26 08:56:10,platform.twitter.com
2014-03-26 08:56:11,um.simpli.fi
2014-03-26 08:56:11,hal9000.redintelligence.net
2014-03-26 08:56:11,accounts.google.com
2014-03-26 08:56:11,apis.google.com
2014-03-26 08:56:12,hal9000.redintelligence.net
2014-03-26 08:56:13,pr.ybp.yahoo.com
2014-03-26 08:56:13,rubicon-match.dotomi.com
2014-03-26 08:56:13,rp.gwallet.com
2014-03-26 08:56:15,rubicon-match.dotomi.com
2014-03-26 08:56:15,dtm.venus.com
2014-03-26 08:56:36,www.google.fr
2014-03-26 08:56:37,espnfc.com
2014-03-26 08:56:37,soccernet-assets.espn.go.com
2014-03-26 08:56:37,www.google.fr
2014-03-26 08:56:38,tredir.go.com
2014-03-26 08:56:38,espnfc.com
2014-03-26 08:56:38,img.espngp.com
2014-03-26 08:56:39,broadband.espn.go.com
2014-03-26 08:56:39,sync.uuidcshmg.com
2014-03-26 08:56:41,www.facebook.com
2014-03-26 08:56:41,an.affec.tv
2014-03-26 08:56:41,xml.betclick.com
2014-03-26 08:56:41,r.espn.go.com
2014-03-26 08:56:42,w88.go.com
2014-03-26 08:56:42,r.espn.go.com
2014-03-26 08:56:43,w88.go.com
2014-03-26 08:56:43,www.facebook.com
2014-03-26 08:56:44,espnfc.com
2014-03-26 08:56:44,soccernet-assets.espn.go.com
2014-03-26 08:57:12,www.google.fr
2014-03-26 08:57:13,www.aideoparis.com
2014-03-26 08:57:13,www.google.fr
2014-03-26 08:57:14,www.aideoparis.com
2014-03-26 08:57:14,static.aideoparis.com
2014-03-26 08:57:22,www.aideoparis.com
2014-03-26 08:58:00,www.aideoparis.com
2014-03-26 08:58:20,www.google.fr
2014-03-26 08:58:38,www.google.fr
2014-03-26 08:58:39,img.youtube.com
2014-03-26 08:58:39,customer.misterbell.com
2014-03-26 08:58:39,www.calciomio.fr
2014-03-26 08:58:39,www.google.fr
2014-03-26 08:58:40,www.calciomio.fr
2014-03-26 08:58:41,www.facebook.com
2014-03-26 08:58:41,www.calciomio.fr
2014-03-26 08:58:42,www.calciomio.fr
2014-03-26 08:58:43,www.calciomio.fr
2014-03-26 08:58:43,apis.google.com
2014-03-26 08:58:45,www.calciomio.fr
2014-03-26 08:58:52,accounts.google.com
2014-03-26 08:58:52,www.calciomio.fr
2014-03-26 08:58:53,apis.google.com
2014-03-26 08:58:53,www.calciomio.fr
2014-03-26 08:58:54,apis.google.com
2014-03-26 08:58:54,www.facebook.com
2014-03-26 08:58:56,eulerian.canal-plus.com
2014-03-26 08:59:38,www.calciomio.fr
2014-03-26 08:59:39,www.facebook.com
2014-03-26 08:59:39,www.calciomio.fr
2014-03-26 08:59:40,apis.google.com
2014-03-26 09:00:01,www.google.fr
2014-03-26 09:00:02,www.google.fr
2014-03-26 09:00:02,www.rtbf.be
2014-03-26 09:00:02,sgc.static.rtbf.be
2014-03-26 09:00:02,www.static.rtbf.be
2014-03-26 09:00:03,www.static.rtbf.be
2014-03-26 09:00:03,ds1.ds.static.rtbf.be
2014-03-26 09:00:03,www.rtbf.be
2014-03-26 09:00:03,ds2.ds.static.rtbf.be
2014-03-26 09:00:04,www.static.rtbf.be
2014-03-26 09:00:04,cs.pebblemedia.be
2014-03-26 09:00:04,www.rtbf.be
2014-03-26 09:00:05,www.rtbf.be
2014-03-26 09:00:05,www.static.rtbf.be
2014-03-26 09:00:06,connect.facebook.net
2014-03-26 09:00:06,www.rtbf.be
2014-03-26 09:00:07,s-static.ak.facebook.com
2014-03-26 09:00:07,www.static.rtbf.be
2014-03-26 09:00:07,static.ak.facebook.com
2014-03-26 09:00:13,www.facebook.com
2014-03-26 09:00:13,www.static.rtbf.be
2014-03-26 09:00:22,www.rtbf.be
2014-03-26 09:00:35,www.rtbf.be
2014-03-26 09:00:38,www.rtbf.be
2014-03-26 09:00:38,cs.pebblemedia.be
2014-03-26 09:00:40,connect.facebook.net
2014-03-26 09:00:43,s-static.ak.facebook.com
2014-03-26 09:00:43,www.facebook.com
2014-03-26 09:00:43,static.ak.facebook.com
2014-03-26 09:00:44,its.tradelab.fr
2014-03-26 09:00:46,its.tradelab.fr
2014-03-26 09:00:47,lotto.cdn01.rambla.be
2014-03-26 09:00:47,lotto.fast-tool01.rambla.be
2014-03-26 09:01:23,sgc.static.rtbf.be
2014-03-26 09:01:23,www.rtbf.be
2014-03-26 09:01:23,its.tradelab.fr
2014-03-26 09:01:24,www.rtbf.be
2014-03-26 09:01:44,its.tradelab.fr
2014-03-26 09:02:43,sgc.static.rtbf.be
2014-03-26 09:02:44,sgc.static.rtbf.be
2014-03-26 09:02:44,www.rtbf.be
2014-03-26 09:02:45,www.rtbf.be
2014-03-26 09:02:45,sgc.static.rtbf.be
2014-03-26 09:07:51,www.rtbf.be
2014-03-26 09:07:51,cs.pebblemedia.be
2014-03-26 09:07:52,connect.facebook.net
2014-03-26 09:07:52,static.ak.facebook.com
2014-03-26 09:07:52,s-static.ak.facebook.com
2014-03-26 09:07:52,www.rtbf.be
2014-03-26 09:07:54,its.tradelab.fr
2014-03-26 09:07:55,www.facebook.com
2014-03-26 09:07:55,its.tradelab.fr
2014-03-26 09:07:59,cm.adgrx.com
2014-03-26 09:08:44,sgc.static.rtbf.be
2014-03-26 09:08:44,www.rtbf.be
2014-03-26 09:08:44,its.tradelab.fr
2014-03-26 09:08:55,its.tradelab.fr
2014-03-26 09:11:25,www.google.fr
2014-03-26 09:11:32,www.google.fr
2014-03-26 09:21:06,www.google.fr
2014-03-26 09:22:09,www.google.fr
2014-03-26 09:22:10,www.leballonrond.fr
2014-03-26 09:22:11,www.leballonrond.fr
2014-03-26 09:22:12,www.leballonrond.fr
2014-03-26 09:22:13,www.leballonrond.fr
2014-03-26 09:22:54,www.leballonrond.fr
2014-03-26 09:22:55,www.leballonrond.fr
2014-03-26 09:22:55,www.zerozero.pt
2014-03-26 09:22:56,www.leballonrond.fr
2014-03-26 09:22:56,hal9000.redintelligence.net
2014-03-26 09:22:57,ea.numericable.fr
2014-03-26 09:22:57,hal9000.redintelligence.net
2014-03-26 09:22:58,www.zerozero.pt
2014-03-26 09:23:21,www.leballonrond.fr
2014-03-26 09:23:23,eulerian.canal-plus.com
2014-03-26 09:23:24,eulerian.canal-plus.com
2014-03-26 09:24:26,www.leballonrond.fr
2014-03-26 09:24:27,eulerian.canal-plus.com
2014-03-26 09:25:45,www.google.fr
2014-03-26 09:25:59,www.google.fr
2014-03-26 09:26:00,www.google.fr
2014-03-26 09:26:00,js.microsoft.com
2014-03-26 09:26:00,office.microsoft.com
2014-03-26 09:26:01,js.microsoft.com
2014-03-26 09:26:01,office.microsoft.com
2014-03-26 09:26:01,c.msn.com
2014-03-26 09:42:51,www.google.fr
2014-03-26 09:43:02,www.lfp.fr
2014-03-26 09:43:02,www.google.fr
2014-03-26 09:43:03,platform.twitter.com
2014-03-26 09:43:03,img.youtube.com
2014-03-26 09:43:03,www.lfp.fr
2014-03-26 09:43:04,fr.uefa.com
2014-03-26 09:43:04,www.lfp.fr
2014-03-26 09:43:05,fr.uefa.com
2014-03-26 09:43:05,www.uefa.com
2014-03-26 09:43:21,www.lfp.fr
2014-03-26 09:43:21,twitter.com
2014-03-26 09:43:22,www.facebook.com
2014-03-26 09:43:22,platform.twitter.com
2014-03-26 09:43:22,www.lfp.fr
2014-03-26 09:43:22,apis.google.com
2014-03-26 09:43:24,www.lfp.fr
2014-03-26 09:43:24,apis.google.com
2014-03-26 09:43:24,www.facebook.com
2014-03-26 09:43:24,platform.twitter.com
2014-03-26 09:43:24,twitter.com
2014-03-26 09:43:25,www.lfp.fr
2014-03-26 09:43:25,www.facebook.com
2014-03-26 09:43:25,apis.google.com
2014-03-26 09:43:26,twitter.com
2014-03-26 09:43:26,www.lfp.fr
2014-03-26 09:43:35,apis.google.com
2014-03-26 09:43:35,www.lfp.fr
2014-03-26 09:43:36,www.lfp.fr
2014-03-26 09:43:36,www.facebook.com
2014-03-26 09:43:36,platform.twitter.com
2014-03-26 09:43:37,www.lfp.fr
2014-03-26 09:43:37,apis.google.com
2014-03-26 09:43:37,www.facebook.com
2014-03-26 09:43:38,www.lfp.fr
2014-03-26 09:43:39,twitter.com
2014-03-26 09:43:39,www.lfp.fr
2014-03-26 09:44:08,twitter.com
2014-03-26 09:46:00,apis.google.com
