timestamp,site
2013-11-15 13:43:31,javadl-esd.sun.com
2013-11-15 14:23:50,onlinestores.metaservices.microsoft.com
2013-11-19 18:02:17,fpdownload2.macromedia.com
2013-11-19 18:02:26,www.bing.com
2013-11-19 18:02:26,www.google.com
2013-11-19 18:03:50,www.google.fr
2013-11-19 18:03:51,apis.google.com
2013-11-19 18:03:52,www.google.com
2013-11-19 18:04:19,www.google.fr
2013-11-19 18:04:19,www.hotmail.fr
2013-11-19 18:04:19,apis.google.com
2013-11-19 18:04:19,www.google.com
2013-11-19 18:04:20,login.live.com
2013-11-19 18:04:22,www.google.fr
2013-11-19 18:04:22,login.live.com
2013-11-19 18:04:23,windowslive.tt.omtrdc.net
2013-11-19 18:04:36,windowslive.tt.omtrdc.net
2013-11-19 18:04:46,login.live.com
2013-11-19 18:04:47,login.live.com
2013-11-19 18:04:49,mail.live.com
2013-11-19 18:04:51,people.directory.live.com
2013-11-19 18:04:51,cid-bfa42e55e05c4897.users.storage.live.com
2013-11-19 18:04:51,h.live.com
2013-11-19 18:04:51,windowslive.tt.omtrdc.net
2013-11-19 18:04:51,h2.msn.com
2013-11-19 18:04:54,g.msn.com
2013-11-19 18:04:54,h2.msn.com
2013-11-19 18:04:54,people.directory.live.com
2013-11-19 18:04:55,h.live.com
2013-11-19 18:04:57,secure.shared.live.com
2013-11-19 18:04:58,js.live.net
2013-11-19 18:04:58,secure.shared.live.com
2013-11-19 18:04:59,login.live.com
2013-11-19 18:05:00,byfiles.storage.msn.com
2013-11-19 18:05:00,secure.shared.live.com
2013-11-19 18:05:01,go.trouter.io
2013-11-19 18:05:01,prod.registrar.skype.com
2013-11-19 18:05:11,storage.live.com
2013-11-19 18:05:15,go.microsoft.com
2013-11-19 18:05:15,ieonline.microsoft.com
2013-11-19 18:05:38,secure.shared.live.com
2013-11-19 18:05:53,h.live.com
2013-11-19 18:08:55,api.skype.com
2013-11-19 18:10:56,proxy-blu-people.directory.live.com
2013-11-19 18:12:24,go.trouter.io
2013-11-22 16:41:18,ajax.microsoft.com
2013-11-22 16:41:18,go.microsoft.com
2013-11-22 16:41:18,windows.microsoft.com
2013-11-22 16:41:19,res1.windows.microsoft.com
2013-11-22 16:41:19,res2.windows.microsoft.com
2013-11-22 16:41:19,js.microsoft.com
2013-11-22 16:41:19,windows.microsoft.com
2013-11-22 16:41:21,res2.windows.microsoft.com
2013-11-22 16:41:22,res2.windows.microsoft.com
2013-11-22 16:41:22,res1.windows.microsoft.com
2013-11-22 16:41:22,js.microsoft.com
2013-11-22 16:41:22,windows.microsoft.com
2013-11-22 16:41:23,res1.windows.microsoft.com
2013-11-22 16:41:30,www.google.fr
2013-11-22 16:41:31,www.google.fr
2013-11-22 16:41:33,apis.google.com
2013-11-22 16:41:34,www.google.com
2013-11-22 16:41:35,www.google.fr
2013-11-22 16:41:46,www.google.fr
2013-11-22 16:41:46,www.hotmail.fr
2013-11-22 16:41:46,www.google.com
2013-11-22 16:41:46,apis.google.com
2013-11-22 16:41:48,login.live.com
2013-11-22 16:41:49,www.google.fr
2013-11-22 16:41:50,www.google.fr
2013-11-22 16:41:50,login.live.com
2013-11-22 16:41:51,www.google.fr
2013-11-22 16:41:56,windowslive.tt.omtrdc.net
2013-11-22 16:42:03,login.live.com
2013-11-22 16:42:06,windowslive.tt.omtrdc.net
2013-11-22 16:42:10,mail.live.com
2013-11-22 16:42:11,people.directory.live.com
2013-11-22 16:42:13,windowslive.tt.omtrdc.net
2013-11-22 16:42:13,h.live.com
2013-11-22 16:42:14,h.live.com
2013-11-22 16:42:15,h.live.com
2013-11-22 16:42:15,people.directory.live.com
2013-11-22 16:42:15,cid-bfa42e55e05c4897.users.storage.live.com
2013-11-22 16:42:21,secure.shared.live.com
2013-11-22 16:42:21,h.live.com
2013-11-22 16:42:22,secure.shared.live.com
2013-11-22 16:42:22,js.live.net
2013-11-22 16:42:23,login.live.com
2013-11-22 16:42:26,prod.registrar.skype.com
2013-11-22 16:42:28,byfiles.storage.msn.com
2013-11-22 16:42:33,go.trouter.io
2013-11-22 16:42:35,storage.live.com
2013-11-22 16:42:36,prod.registrar.skype.com
2013-11-22 16:42:38,www.google.fr
2013-11-22 16:42:57,prod.registrar.skype.com
2013-11-22 16:42:57,api.skype.com
2013-11-22 16:43:05,secure.shared.live.com
2013-11-22 16:43:05,prod.registrar.skype.com
2013-11-22 16:43:14,prod.registrar.skype.com
2013-11-22 16:43:27,go.trouter.io
2013-11-22 16:43:28,prod.registrar.skype.com
2013-11-22 16:43:36,go.trouter.io
2013-11-22 16:43:36,prod.registrar.skype.com
2013-11-22 16:43:43,go.trouter.io
2013-11-22 16:43:43,prod.registrar.skype.com
2013-11-22 16:43:55,prod.registrar.skype.com
2013-11-22 16:45:14,go.trouter.io
2013-11-22 16:45:27,go.trouter.io
2013-11-22 16:45:36,go.trouter.io
2013-11-22 16:45:43,go.trouter.io
2013-11-22 16:45:55,go.trouter.io
2013-11-22 16:46:33,prod.registrar.skype.com
2013-11-22 16:46:34,cid-bfa42e55e05c4897.users.storage.live.com
2013-11-22 16:48:17,people.directory.live.com
2013-11-22 16:48:32,go.trouter.io
2013-11-22 16:49:31,prod.registrar.skype.com
2013-11-22 16:49:32,login.live.com
2013-11-22 16:49:33,g.live.com
2013-11-22 16:49:34,go.trouter.io
2013-11-22 16:49:34,login.skype.com
2013-11-22 16:49:41,windowslive.tt.omtrdc.net
2013-11-22 16:49:41,fr.msn.com
2013-11-22 16:49:41,www.bing.com
2013-11-22 16:49:42,www.bing.com
2013-11-22 16:49:43,fr.msn.com
2013-11-22 16:49:43,platform.twitter.com
2013-11-22 16:49:44,platform.twitter.com
2013-11-22 16:49:45,c.fr.msn.com
2013-11-22 16:49:45,api.bing.com
2013-11-22 16:49:46,pbs.twimg.com
2013-11-22 16:49:46,c.fr.msn.com
2013-11-22 16:49:46,h2.msn.com
2013-11-22 16:49:47,twitter.com
2013-11-22 16:49:47,picda.ilius.net
2013-11-22 16:49:47,spot.static.meetic.com
2013-11-22 16:49:47,pbs.twimg.com
2013-11-22 16:49:48,platform.twitter.com
2013-11-22 16:49:48,www.facebook.com
2013-11-22 16:49:48,its.tradelab.fr
2013-11-22 16:49:48,picda.ilius.net
2013-11-22 16:49:49,picda.ilius.net
2013-11-22 16:49:51,pbs.twimg.com
2013-11-22 16:49:52,picda.ilius.net
2013-11-22 16:49:54,fr.msn.com
2013-11-22 16:49:54,img1.video.s-msn.com
2013-11-22 16:49:54,platform.twitter.com
2013-11-22 16:49:54,hub.video.msn.com
2013-11-22 16:49:55,img2.video.s-msn.com
2013-11-22 16:49:55,static.ak.facebook.com
2013-11-22 16:49:55,connect.facebook.net
2013-11-22 16:49:55,www.facebook.com
2013-11-22 16:49:55,download.skype.com
2013-11-22 16:49:56,s-static.ak.facebook.com
2013-11-22 16:49:56,img2.video.s-msn.com
2013-11-22 16:49:56,img1.video.s-msn.com
2013-11-22 16:49:56,video.msn.com
2013-11-22 16:49:57,hub.video.msn.com
2013-11-22 16:49:57,login.live.com
2013-11-22 16:49:57,fr.msn.com
2013-11-22 16:49:57,login.secure.emea.msn.com
2013-11-22 16:49:58,www.facebook.com
2013-11-22 16:50:17,syndication.twitter.com
2013-11-22 16:50:28,syndication.twitter.com
2013-11-22 16:50:48,its.tradelab.fr
2013-11-22 16:52:03,img1.video.s-msn.com
2013-11-22 16:52:06,img1.video.s-msn.com
2013-11-22 16:52:16,syndication.twitter.com
2013-11-22 16:53:47,syndication.twitter.com
2013-11-22 16:55:16,g.msn.com
2013-11-22 16:55:16,syndication.twitter.com
2013-11-22 16:56:46,syndication.twitter.com
2013-11-25 14:56:06,www.google.com
2013-11-25 14:58:11,go.microsoft.com
2013-11-25 14:58:11,ieonline.microsoft.com
2013-11-25 14:59:51,www.google.fr
2013-11-25 14:59:52,www.google.fr
2013-11-25 14:59:53,apis.google.com
2013-11-25 14:59:55,www.google.com
2013-11-25 15:00:10,fr-fr.facebook.com
2013-11-25 15:00:32,fr-fr.facebook.com
2013-11-25 15:00:35,www.google.fr
2013-11-25 15:00:35,apis.google.com
2013-11-25 15:00:35,www.google.com
2013-11-25 15:00:44,www.facebook.com
2013-11-25 15:00:55,www.facebook.com
2013-11-25 15:01:02,www.facebook.com
2013-11-25 15:01:08,www.facebook.com
2013-11-26 08:16:42,www.google.com
2013-11-26 08:16:44,www.google.fr
2013-11-26 08:16:45,www.google.fr
2013-11-26 08:16:46,apis.google.com
2013-11-26 08:16:47,www.google.com
2013-11-26 08:16:53,fr-fr.facebook.com
2013-11-26 08:16:53,apis.google.com
2013-11-26 08:17:03,fr-fr.facebook.com
2013-11-26 08:17:04,www.google.fr
2013-11-26 08:17:04,www.google.com
2013-11-26 08:17:04,ieonline.microsoft.com
2013-11-26 08:17:04,go.microsoft.com
2013-11-27 11:35:56,fpdownload2.macromedia.com
2013-11-27 11:36:07,www.google.fr
2013-11-27 11:36:18,www.google.fr
2013-11-27 11:36:19,apis.google.com
2013-11-27 11:36:22,www.google.com
2013-11-27 11:37:05,www.google.fr
2013-11-27 11:37:17,www.google.fr
2013-11-27 11:37:18,apis.google.com
2013-11-27 11:37:20,www.google.com
2013-11-27 11:39:02,office14client.microsoft.com
2013-11-27 11:39:02,office.microsoft.com
2013-11-27 11:39:03,office.microsoft.com
2013-11-27 11:39:04,office.microsoft.com
2013-11-27 11:40:19,apis.google.com
2013-11-27 11:40:22,www.google.com
2013-11-27 11:40:26,www.google.fr
2013-11-27 11:40:27,www.google.fr
2013-11-27 11:40:28,www.google.fr
2013-11-27 11:41:18,apis.google.com
2013-11-27 11:41:18,www.google.fr
2013-11-27 11:41:20,www.google.com
2013-11-27 11:48:43,www.google.fr
2013-11-27 11:48:44,ajax.googleapis.com
2013-11-27 11:48:44,www.tomsguide.fr
2013-11-27 11:48:44,m.bestofmedia.com
2013-11-27 11:48:44,media.bestofmicro.com
2013-11-27 11:48:44,emailretargeting.com
2013-11-27 11:48:45,m.bestofmedia.com
2013-11-27 11:48:45,ajax.googleapis.com
2013-11-27 11:48:45,www.beead.fr
2013-11-27 11:48:45,static.ebz.io
2013-11-27 11:48:46,m.bestofmedia.com
2013-11-27 11:48:46,dc1w54.wysistat.com
2013-11-27 11:48:47,www.google.com
2013-11-27 11:48:47,m.bestofmedia.com
2013-11-27 11:48:48,www.tomsguide.fr
2013-11-27 11:48:55,cdns.gigya.com
2013-11-27 11:48:55,api.pinterest.com
2013-11-27 11:48:55,m.bestofmedia.com
2013-11-27 11:48:55,graph.facebook.com
2013-11-27 11:48:56,s-static.ak.facebook.com
2013-11-27 11:48:56,apis.google.com
2013-11-27 11:48:56,static.ak.facebook.com
2013-11-27 11:48:56,connect.facebook.net
2013-11-27 11:48:56,www.facebook.com
2013-11-27 11:48:57,apis.google.com
2013-11-27 11:48:57,www.facebook.com
2013-11-27 11:49:00,accounts.google.com
2013-11-27 11:49:01,accounts.google.com
2013-11-27 11:49:02,cdns.gigya.com
2013-11-27 11:49:02,tomsguidecom.skimlinks.com
2013-11-27 11:49:02,media.bestofmicro.com
2013-11-27 11:49:02,m.bestofmedia.com
2013-11-27 11:49:02,www.tomsguide.fr
2013-11-27 11:49:03,m.bestofmedia.com
2013-11-27 11:49:03,cdns.gigya.com
2013-11-27 11:49:04,static.ak.facebook.com
2013-11-27 11:49:04,media.vertbaudet.fr
2013-11-27 11:49:04,s-static.ak.facebook.com
2013-11-27 11:49:04,www.facebook.com
2013-11-27 11:49:06,www.beead.fr
2013-11-27 11:49:07,cntr.adrcntr.com
2013-11-27 11:49:07,static.ebz.io
2013-11-27 11:49:07,dc1w54.wysistat.com
2013-11-27 11:49:07,m.bestofmedia.com
2013-11-27 11:49:09,m.bestofmedia.com
2013-11-27 11:49:09,static.natoms.com
2013-11-27 11:49:09,ajax.googleapis.com
2013-11-27 11:49:38,m.bestofmedia.com
2013-11-27 11:49:47,evt.adrcntr.com
2013-11-27 11:50:04,www.google.fr
2013-11-27 11:50:04,www.20minutes.fr
2013-11-27 11:50:04,cache.20minutes.fr
2013-11-27 11:50:05,cache.20minutes.fr
2013-11-27 11:50:05,player.mediabong.com
2013-11-27 11:50:06,cache.20minutes.fr
2013-11-27 11:50:06,www.facebook.com
2013-11-27 11:50:06,datatc.eveiletjeux.com
2013-11-27 11:50:07,pr.ybp.yahoo.com
2013-11-27 11:50:07,cache.20minutes.fr
2013-11-27 11:50:08,cache.20minutes.fr
2013-11-27 11:50:09,s-static.ak.facebook.com
2013-11-27 11:50:09,apis.google.com
2013-11-27 11:50:09,accounts.google.com
2013-11-27 11:50:09,rbp.mxptint.net
2013-11-27 11:50:09,www.facebook.com
2013-11-27 11:50:09,static.ak.facebook.com
2013-11-27 11:50:09,platform.twitter.com
2013-11-27 11:50:09,cache.20minutes.fr
2013-11-27 11:50:10,www.facebook.com
2013-11-27 11:50:10,apis.google.com
2013-11-27 11:50:11,cache.20minutes.fr
2013-11-27 11:50:19,www.20minutes.fr
2013-11-27 11:50:19,measure.20mn.fr
2013-11-27 11:50:20,twitter.com
2013-11-27 11:50:22,i1-js-14-3-01-10005-246191144-i.init.cedexis-radar.net
2013-11-27 11:50:22,twitter.com
2013-11-27 11:50:23,sjc.sl.bench.cedexis.com
2013-11-27 11:50:24,www.aircaraibes.com
2013-11-27 11:50:25,halc.iadvize.com
2013-11-27 11:50:25,analyzer.holosfind.com
2013-11-27 11:50:25,www.aircaraibes.com
2013-11-27 11:50:26,query.yahooapis.com
2013-11-27 11:50:28,sjc.sl.bench.cedexis.com
2013-11-27 11:50:31,origin-www.20minutes.fr
2013-11-27 11:50:32,origin-www.20minutes.fr
2013-11-27 11:50:37,halc.iadvize.com
2013-11-27 11:50:43,www.aircaraibes.com
2013-11-27 11:50:44,www.aircaraibes.com
2013-11-27 11:50:50,twitter.com
2013-11-27 11:59:02,cache.20minutes.fr
2013-11-27 12:01:23,www.facebook.com
2013-11-27 12:01:32,1.bp.blogspot.com
2013-11-27 12:01:32,www.google.com
2013-11-27 12:01:32,img2.blogblog.com
2013-11-27 12:01:32,cyrilphysique.blogspot.fr
2013-11-27 12:01:32,cyrilphysique.blogspot.com
2013-11-27 12:01:32,www.google.fr
2013-11-27 12:01:32,www.blogger.com
2013-11-27 12:01:32,img1.blogblog.com
2013-11-27 12:01:32,3.bp.blogspot.com
2013-11-27 12:01:44,apis.google.com
2013-11-27 12:01:44,img1.blogblog.com
2013-11-27 12:01:44,www1.blogblog.com
2013-11-27 12:01:44,1.bp.blogspot.com
2013-11-27 12:01:44,3.bp.blogspot.com
2013-11-27 12:01:44,4.bp.blogspot.com
2013-11-27 12:01:44,video.google.com
2013-11-27 12:01:44,www.youtube.com
2013-11-27 12:01:44,www2.blogblog.com
2013-11-27 12:01:44,www.blogblog.com
2013-11-27 12:01:44,www.blogger.com
2013-11-27 12:01:44,www.google.com
2013-11-27 12:01:44,s.ytimg.com
2013-11-27 12:01:45,apis.google.com
2013-11-27 12:01:45,www.google.com
2013-11-27 12:01:45,cyrilphysique.blogspot.fr
2013-11-27 12:01:45,video.google.com
2013-11-27 12:02:00,www.google.com
2013-11-27 12:02:00,www.blogger.com
2013-11-27 12:02:09,www.google.com
2013-11-27 12:02:15,www.google.com
2013-11-27 12:05:13,www.google.fr
2013-11-27 12:05:13,clients1.google.fr
2013-11-27 12:20:08,www.google.fr
2013-11-27 12:20:08,profgeii.free.fr
2013-11-27 12:21:03,www.google.fr
2013-11-29 13:36:32,javadl-esd.sun.com
2013-11-29 13:36:33,javadl-esd.sun.com
2013-11-29 15:37:05,javadl-esd.sun.com
2013-12-12 18:45:09,fpdownload2.macromedia.com
2013-12-12 18:45:13,www.bing.com
2013-12-12 18:45:13,www.google.com
2013-12-12 18:45:18,www.google.fr
2013-12-12 18:45:19,apis.google.com
2013-12-12 18:45:20,www.google.com
2013-12-12 18:45:30,www.google.fr
2013-12-12 18:45:30,www.hotmail.fr
2013-12-12 18:45:30,apis.google.com
2013-12-12 18:45:31,login.live.com
2013-12-12 18:45:32,login.live.com
2013-12-12 18:45:32,www.google.com
2013-12-12 18:45:32,www.google.fr
2013-12-12 18:45:34,windowslive.tt.omtrdc.net
2013-12-12 18:45:46,windowslive.tt.omtrdc.net
2013-12-12 18:45:50,login.live.com
2013-12-12 18:45:51,login.live.com
2013-12-12 18:45:52,mail.live.com
2013-12-12 18:45:53,dub126.mail.live.com
2013-12-12 18:45:54,h.live.com
2013-12-12 18:45:54,dub126.mail.live.com
2013-12-12 18:45:55,dub126.mail.live.com
2013-12-12 18:45:55,people.directory.live.com
2013-12-12 18:45:55,cid-bfa42e55e05c4897.users.storage.live.com
2013-12-12 18:45:55,windowslive.tt.omtrdc.net
2013-12-12 18:45:58,h.live.com
2013-12-12 18:46:01,js.live.net
2013-12-12 18:46:58,dub126.afx.ms
2013-12-12 18:46:59,ieonline.microsoft.com
2013-12-12 18:46:59,go.microsoft.com
2013-12-12 18:46:59,dub126.mail.live.com
2013-12-12 18:47:02,byfiles.storage.msn.com
2013-12-12 18:47:02,dub126.mail.live.com
2013-12-12 18:48:40,dub126.afx.ms
2013-12-12 18:50:22,dub126.afx.ms
2013-12-12 18:50:51,dub126.mail.live.com
2013-12-12 18:50:51,h.live.com
2013-12-12 18:50:52,cid-bfa42e55e05c4897.users.storage.live.com
2013-12-12 18:51:57,people.directory.live.com
2013-12-13 14:15:09,www.google.com
2013-12-13 14:15:22,hotmail.fr
2013-12-13 14:15:23,login.live.com
2013-12-13 14:15:25,login.live.com
2013-12-13 14:15:26,windowslive.tt.omtrdc.net
2013-12-13 14:15:38,windowslive.tt.omtrdc.net
2013-12-13 14:15:41,login.live.com
2013-12-13 14:15:43,login.live.com
2013-12-13 14:15:45,cid-bfa42e55e05c4897.users.storage.live.com
2013-12-13 14:15:45,dub126.mail.live.com
2013-12-13 14:15:45,mail.live.com
2013-12-13 14:15:46,h.live.com
2013-12-13 14:15:46,dub126.mail.live.com
2013-12-13 14:15:50,windowslive.tt.omtrdc.net
2013-12-13 14:15:51,secure.shared.live.com
2013-12-13 14:15:51,people.directory.live.com
2013-12-13 14:15:52,h.live.com
2013-12-13 14:15:52,js.live.net
2013-12-13 14:15:52,dub126.mail.live.com
2013-12-13 14:15:54,byfiles.storage.msn.com
2013-12-13 14:15:54,go.trouter.io
2013-12-13 14:15:54,dub126.mail.live.com
2013-12-13 14:15:54,secure.shared.live.com
2013-12-13 14:15:56,go.trouter.io
2013-12-13 14:16:04,storage.live.com
2013-12-13 14:16:07,dub126.mail.live.com
2013-12-13 14:16:07,secure.shared.live.com
2013-12-13 14:16:07,dm2304files.storage.live.com
2013-12-13 14:16:08,byfiles.storage.msn.com
2013-12-13 14:16:08,blufiles.storage.msn.com
2013-12-13 14:16:39,byfiles.storage.msn.com
2013-12-13 14:16:54,go.microsoft.com
2013-12-13 14:16:54,ieonline.microsoft.com
2013-12-13 14:17:08,byfiles.storage.msn.com
2013-12-13 14:17:09,dm2303files.storage.live.com
2013-12-13 14:17:10,byfiles.storage.msn.com
2013-12-13 14:17:11,byfiles.storage.msn.com
2013-12-13 14:17:11,bn1files.storage.msn.com
2013-12-13 14:17:13,dm2301files.storage.live.com
2013-12-13 14:17:13,bn1304files.storage.live.com
2013-12-13 14:17:14,bn1304files.storage.live.com
2013-12-13 14:17:57,login.live.com
2013-12-13 14:17:58,cid-bfa42e55e05c4897.users.storage.live.com
2013-12-13 14:17:58,h.live.com
2013-12-13 14:17:58,dub126.mail.live.com
2013-12-13 14:17:58,g.live.com
2013-12-13 14:17:59,go.trouter.io
2013-12-13 14:18:00,windowslive.tt.omtrdc.net
2013-12-13 14:18:04,ieonline.microsoft.com
2013-12-13 16:02:07,hotmail.fr
2013-12-13 16:02:08,login.live.com
2013-12-13 16:02:09,login.live.com
2013-12-13 16:02:09,windowslive.tt.omtrdc.net
2013-12-13 16:02:21,windowslive.tt.omtrdc.net
2013-12-13 16:02:24,login.live.com
2013-12-13 16:02:27,h.live.com
2013-12-13 16:02:27,mail.live.com
2013-12-13 16:02:29,dub126.mail.live.com
2013-12-13 16:02:31,dub126.mail.live.com
2013-12-13 16:02:32,people.directory.live.com
2013-12-13 16:02:33,h.live.com
2013-12-13 16:02:33,windowslive.tt.omtrdc.net
2013-12-13 16:03:06,go.trouter.io
2013-12-13 16:03:16,storage.live.com
2013-12-13 16:03:26,login.live.com
2013-12-13 16:03:27,byfiles.storage.msn.com
2013-12-13 16:03:27,h.live.com
2013-12-13 16:03:28,g.live.com
2013-12-13 16:03:30,dub126.mail.live.com
2013-12-13 16:03:30,go.trouter.io
2013-12-13 16:03:30,windowslive.tt.omtrdc.net
2013-12-13 16:03:30,cntr.adrcntr.com
2013-12-13 16:03:30,fr.msn.com
2013-12-13 16:03:30,c.fr.msn.com
2013-12-13 16:03:30,api.bing.com
2013-12-13 16:03:30,h2.msn.com
2013-12-13 16:03:30,www.bing.com
2013-12-13 16:03:31,c.fr.msn.com
2013-12-13 16:03:31,img1.video.s-msn.com
2013-12-13 16:03:31,platform.twitter.com
2013-12-13 16:03:31,hub.video.msn.com
2013-12-13 16:03:31,www.bing.com
2013-12-13 16:03:32,img2.video.s-msn.com
2013-12-13 16:03:32,connect.facebook.net
2013-12-13 16:03:32,fr.msn.com
2013-12-13 16:03:32,s-static.ak.facebook.com
2013-12-13 16:03:32,static.ak.facebook.com
2013-12-13 16:03:32,www.facebook.com
2013-12-13 16:03:32,hub.video.msn.com
2013-12-13 16:03:32,platform.twitter.com
2013-12-13 16:03:32,img1.video.s-msn.com
2013-12-13 16:03:33,login.live.com
2013-12-13 16:03:33,login.secure.emea.msn.com
2013-12-13 16:03:33,www.facebook.com
2013-12-13 16:03:33,video.msn.com
2013-12-13 16:03:33,platform.twitter.com
2013-12-13 16:03:33,windowslive.tt.omtrdc.net
2014-01-22 17:15:19,fpdownload2.macromedia.com
2014-01-22 17:15:24,www.google.com
2014-01-22 17:15:31,www.google.fr
2014-01-22 17:15:42,www.google.fr
2014-01-22 17:15:45,www.google.com
2014-01-22 17:15:45,apis.google.com
2014-01-22 17:15:56,www.google.fr
2014-01-22 17:15:56,www.google.com
2014-01-22 17:15:56,apis.google.com
2014-01-22 17:15:57,www.cea.fr
2014-01-22 17:15:57,www.google.fr
2014-01-22 17:15:58,www.cea.fr
2014-01-22 17:15:59,www.cea.fr
2014-01-22 17:16:03,www.cea.fr
2014-01-22 17:16:16,www.cea.fr
2014-01-22 17:16:28,www.cea.fr
2014-01-22 17:16:55,www.cea.fr
2014-01-22 17:18:07,www.cea.fr
2014-01-22 17:18:15,www.cea.fr
2014-01-22 17:18:20,ieonline.microsoft.com
2014-01-22 17:18:20,go.microsoft.com
2014-01-22 17:18:22,www.cea.fr
2014-01-22 17:18:41,www.cea.fr
2014-01-22 17:20:40,www.cea.fr
2014-01-22 17:21:58,www.cea.fr
2014-01-29 18:40:55,fpdownload2.macromedia.com
2014-01-29 18:40:57,www.google.fr
2014-01-29 18:41:00,www.google.fr
2014-01-29 18:41:00,accounts.google.com
2014-01-29 18:41:00,www.google.com
2014-01-29 18:41:00,mail.google.com
2014-01-29 18:41:00,apis.google.com
2014-01-29 18:41:01,www.google.fr
2014-01-29 18:41:02,accounts.google.com
2014-01-29 18:41:02,www.google.com
2014-01-29 18:41:02,mail.google.com
2014-01-29 18:41:03,apis.google.com
2014-01-29 18:41:03,www.google.com
2014-01-29 18:41:04,mail.google.com
2014-01-29 18:41:05,www.google.com
2014-01-29 18:41:05,apis.google.com
2014-01-29 18:41:06,accounts.youtube.com
2014-01-29 18:41:07,apis.google.com
2014-01-29 18:41:33,apis.google.com
2014-01-29 18:41:35,mail.google.com
2014-01-29 18:41:42,accounts.google.fr
2014-01-29 18:41:42,accounts.google.co.ma
2014-01-29 18:41:45,mail.google.com
2014-01-29 18:41:50,accounts.google.co.ma
2014-01-29 18:41:50,accounts.youtube.com
2014-01-29 18:41:50,accounts.google.com
2014-01-29 18:41:53,accounts.google.fr
2014-01-29 18:41:53,clients2.google.com
2014-01-29 18:41:54,apis.google.com
2014-01-29 18:41:54,www.google.com
2014-01-29 18:41:54,mail.google.com
2014-01-29 18:41:55,plus.google.com
2014-01-29 18:41:58,plus.google.com
2014-01-29 18:42:05,clients2.google.com
2014-01-29 18:42:06,chatenabled.mail.google.com
2014-01-29 18:42:07,mail.google.com
2014-01-29 18:42:07,plus.google.com
2014-01-29 18:42:07,apis.google.com
2014-01-29 18:42:08,mail.google.com
2014-01-29 18:42:22,chatenabled.mail.google.com
2014-01-29 18:42:24,mail.google.com
2014-01-29 18:42:27,www.google.fr
2014-01-29 18:42:27,www.google.co.ma
2014-01-29 18:42:27,mail.google.com
2014-01-29 18:42:27,www.google.com
2014-01-29 18:42:28,www.google.com
2014-01-29 18:42:28,www.google.co.ma
2014-01-29 18:42:30,mail.google.com
2014-01-29 18:42:30,accounts.youtube.com
2014-01-29 18:42:30,accounts.google.com
2014-01-29 18:42:30,accounts.google.co.ma
2014-01-29 18:42:30,accounts.google.fr
2014-01-29 18:42:38,ieonline.microsoft.com
2014-02-24 14:30:33,pki.google.com
2014-02-24 14:30:33,crl.geotrust.com
2014-02-24 14:30:33,www.google.fr
2014-02-24 14:30:33,www.google.com
2014-02-24 14:30:37,cdp1.public-trust.com
2014-02-24 14:30:37,www.google.com
2014-02-24 14:30:37,www.google.fr
2014-02-24 14:30:37,mscrl.microsoft.com
2014-02-24 14:30:38,mscrl.microsoft.com
2014-02-24 14:30:40,www.google.fr
2014-02-24 14:30:40,clients1.google.fr
2014-02-24 14:30:42,www.google.com
2014-02-24 14:30:42,www.live.com
2014-02-24 14:30:45,apis.google.com
2014-02-24 14:30:55,clients1.google.fr
2014-02-24 14:30:55,www.google.fr
2014-02-24 14:31:10,clients1.google.fr
2014-02-24 14:31:10,www.google.fr
2014-02-24 14:31:23,clients1.google.fr
2014-02-24 14:31:23,www.google.fr
2014-02-24 14:31:25,www.google.fr
2014-02-24 14:31:38,www.google.fr
2014-02-24 14:31:38,clients1.google.fr
2014-02-24 14:31:38,ieonline.microsoft.com
2014-02-24 14:32:01,clients5.google.com
2014-02-24 14:32:02,clients5.google.com
2014-02-24 14:32:04,clients5.google.com
2014-02-24 14:32:05,clients5.google.com
2014-02-24 14:32:08,clients5.google.com
2014-02-24 14:32:11,clients5.google.com
2014-02-24 14:32:16,www.google.fr
2014-02-24 14:32:16,www.google.com
2014-02-24 14:32:23,www.google.fr
2014-02-24 14:32:23,www.google.com
2014-02-24 14:32:25,www.google.fr
2014-02-24 14:32:26,apis.google.com
2014-02-24 14:32:26,www.google.fr
2014-02-24 14:32:26,clients1.google.fr
2014-02-24 14:52:53,clients5.google.com
2014-02-24 14:52:54,clients5.google.com
2014-02-24 14:52:55,clients5.google.com
2014-02-24 14:52:56,clients5.google.com
2014-02-24 14:52:56,www.google.com
2014-02-24 14:52:56,www.google.fr
2014-02-24 14:53:05,www.google.com
2014-02-24 14:53:05,www.google.fr
2014-02-24 14:53:20,clients5.google.com
2014-02-24 14:53:21,clients5.google.com
2014-02-24 14:53:22,clients5.google.com
2014-02-24 14:53:23,clients5.google.com
2014-02-24 14:53:24,clients5.google.com
2014-02-24 14:53:25,www.google.com
2014-02-24 14:53:25,www.google.fr
2014-02-24 14:53:26,www.google.com
2014-02-24 14:53:30,fr.wikipedia.org
2014-02-24 14:53:30,www.google.fr
2014-02-24 14:53:30,bits.wikimedia.org
2014-02-24 14:53:31,bits.wikimedia.org
2014-02-24 14:53:31,login.wikimedia.org
2014-02-24 14:53:31,meta.wikimedia.org
2014-02-24 14:53:31,fr.wikipedia.org
2014-02-24 14:53:48,www.google.fr
2014-02-24 14:53:52,claude.dreschel.free.fr
2014-02-24 14:53:52,www.google.fr
2014-02-24 14:53:53,cool.clubdisco.com
2014-02-24 14:53:55,claude.dreschel.pagesperso-orange.fr
2014-02-24 14:53:55,pagesperso-orange.fr
2014-02-24 14:53:55,perso.wanadoo.fr
2014-02-24 14:53:55,claude.dreschel.free.fr
2014-02-24 14:53:56,pp.auto.search.ke.voila.fr
2014-02-24 14:54:25,iusti.polytech.univ-mrs.fr
2014-02-24 14:54:25,www.google.fr
2014-02-24 14:54:26,iusti.polytech.univ-mrs.fr
2014-02-24 14:54:27,iusti.polytech.univ-mrs.fr
2014-02-24 14:54:28,iusti.polytech.univ-mrs.fr
2014-02-24 14:54:29,iusti.polytech.univ-mrs.fr
2014-02-24 14:54:30,iusti.polytech.univ-mrs.fr
2014-02-24 14:54:31,iusti.polytech.univ-mrs.fr
2014-02-24 14:54:32,iusti.polytech.univ-mrs.fr
2014-02-24 14:54:36,iusti.polytech.univ-mrs.fr
2014-02-24 14:54:37,iusti.polytech.univ-mrs.fr
2014-02-24 14:54:38,iusti.polytech.univ-mrs.fr
2014-02-24 14:54:40,iusti.polytech.univ-mrs.fr
2014-02-24 14:54:50,www.google.fr
2014-02-24 15:16:49,clients5.google.com
2014-02-24 15:16:50,clients5.google.com
2014-02-24 15:17:01,clients5.google.com
2014-02-24 15:17:02,clients5.google.com
2014-02-24 15:17:05,clients5.google.com
2014-02-24 15:17:06,clients5.google.com
2014-02-24 15:17:07,clients5.google.com
2014-02-24 15:17:08,clients5.google.com
2014-02-24 15:17:09,clients5.google.com
2014-02-24 15:17:14,clients5.google.com
2014-02-24 15:17:15,clients5.google.com
2014-02-24 15:17:16,clients5.google.com
2014-02-24 15:17:16,www.google.fr
2014-02-24 15:17:16,www.google.com
2014-02-24 15:17:23,www.google.fr
2014-02-24 15:17:23,mpeea.free.fr
2014-02-24 15:17:38,mpeea.free.fr
2014-02-24 15:18:18,www.google.fr
2014-02-24 15:18:18,www.google.com
2014-02-24 15:19:34,clients5.google.com
2014-02-24 15:19:35,clients5.google.com
2014-02-24 15:19:36,clients5.google.com
2014-02-24 15:19:37,clients5.google.com
2014-02-24 15:19:38,www.google.com
2014-02-24 15:19:38,www.google.fr
2014-02-24 15:19:50,pixel.alephd.com
2014-02-24 15:19:50,www.facebook.com
2014-02-24 15:19:50,static.ccm2.net
2014-02-24 15:19:50,platform.twitter.com
2014-02-24 15:19:50,ba.commentcamarche.net
2014-02-24 15:19:50,www.commentcamarche.net
2014-02-24 15:19:50,www.google.fr
2014-02-24 15:19:50,html5shim.googlecode.com
2014-02-24 15:19:51,static.ccm2.net
2014-02-24 15:19:51,evsecure-crl.verisign.com
2014-02-24 15:19:51,r.ccm2.net
2014-02-24 15:19:51,twitter.com
2014-02-24 15:19:52,static.ccm2.net
2014-02-24 15:19:52,connect.facebook.net
2014-02-24 15:19:52,static.ak.facebook.com
2014-02-24 15:19:52,www.commentcamarche.net
2014-02-24 15:19:52,mm.eulerian.net
2014-02-24 15:19:52,s-static.ak.facebook.com
2014-02-24 15:19:52,ajax.googleapis.com
2014-02-24 15:19:52,pixel.alephd.com
2014-02-24 15:19:52,its.tradelab.fr
2014-02-24 15:19:52,static.ccmbg.com
2014-02-24 15:19:52,ba.commentcamarche.net
2014-02-24 15:19:52,www.facebook.com
2014-02-24 15:19:53,static.ccmbg.com
2014-02-24 15:19:53,static.ccm2.net
2014-02-24 15:19:53,www.facebook.com
2014-02-24 15:19:53,platform.twitter.com
2014-02-24 15:19:54,static.ccm2.net
2014-02-24 15:19:54,www.commentcamarche.net
2014-02-24 15:19:54,www.facebook.com
2014-02-24 15:19:54,twitter.com
2014-02-24 15:20:08,static.ccm2.net
2014-02-24 15:20:10,www.facebook.com
2014-02-24 15:20:25,its.tradelab.fr
2014-02-24 15:20:29,www.google.fr
2014-02-24 15:20:29,www.lattis.univ-toulouse.fr
2014-02-24 15:20:46,mpeea.free.fr
2014-02-24 15:20:46,www.google.fr
2014-02-24 15:21:15,mpeea.free.fr
2014-02-24 15:21:23,www.google.fr
2014-02-24 16:47:48,clients5.google.com
2014-02-24 16:47:49,clients5.google.com
2014-02-24 16:47:50,clients5.google.com
2014-02-24 16:48:07,clients5.google.com
2014-02-24 17:06:58,www.solidworks.com
2014-02-24 17:07:37,www.solidworks.com
2014-02-24 17:08:37,go.microsoft.com
2014-02-24 17:08:56,roxiocentral.roxio.com
2014-02-24 17:08:57,www.google.fr
2014-02-24 17:08:57,www.google.com
2014-02-26 15:40:49,ieonline.microsoft.com
2014-03-02 18:01:44,www.altera.com
2014-03-16 11:15:30,ieonline.microsoft.com
2014-03-16 11:15:34,www.google.com
2014-03-16 11:15:38,hotmail.fr
2014-03-16 11:15:41,login.live.com
2014-03-16 11:15:43,login.live.com
2014-03-16 11:15:45,windowslive.tt.omtrdc.net
2014-03-16 11:15:56,windowslive.tt.omtrdc.net
2014-03-16 11:16:00,login.live.com
2014-03-16 11:16:01,login.live.com
2014-03-16 11:16:03,mail.live.com
2014-03-16 11:16:05,people.directory.live.com
2014-03-16 11:16:05,dub128.mail.live.com
2014-03-16 11:16:06,dub128.mail.live.com
2014-03-16 11:16:06,windowslive.tt.omtrdc.net
2014-03-16 11:16:07,h.live.com
2014-03-16 11:16:07,people.directory.live.com
2014-03-16 11:16:07,dub128.mail.live.com
2014-03-16 11:16:08,p.sfx.ms
2014-03-16 11:16:08,h.live.com
2014-03-16 11:16:09,dub128.mail.live.com
2014-03-16 11:16:09,h.live.com
2014-03-16 11:16:09,cid-bfa42e55e05c4897.users.storage.live.com
2014-03-16 11:16:10,js.live.net
2014-03-16 11:16:10,byfiles.storage.msn.com
2014-03-16 11:16:11,secure.shared.live.com
2014-03-16 11:16:11,dub128.mail.live.com
2014-03-16 11:16:12,go.trouter.io
2014-03-16 11:16:12,word-view.officeapps.live.com
2014-03-16 11:16:12,h.live.com
2014-03-16 11:16:12,dub128.mail.live.com
2014-03-16 11:16:13,h.live.com
2014-03-16 11:16:14,h.live.com
2014-03-16 11:16:16,word-view.officeapps.live.com
2014-03-16 11:16:17,h.live.com
2014-03-16 11:16:18,storage.live.com
2014-03-16 11:16:21,word-view.officeapps.live.com
2014-03-16 11:16:22,secure.shared.live.com
2014-03-16 11:16:22,word-view.officeapps.live.com
2014-03-16 11:16:22,dub128.mail.live.com
2014-03-16 11:16:23,h2.msn.com
2014-03-16 11:16:26,dub128.mail.live.com
2014-03-16 11:16:30,dub128.mail.live.com
2014-03-16 11:16:55,g.msn.com
2014-03-16 11:17:15,dl.patchbeam.com
2014-03-16 11:17:19,go.microsoft.com
2014-03-16 11:17:23,h.live.com
2014-03-16 11:17:25,dub128.mail.live.com
2014-03-16 11:17:30,dub128.afx.ms
2014-03-16 11:18:21,ieonline.microsoft.com
2014-03-16 11:18:49,h2.msn.com
2014-03-16 11:19:30,g.msn.com
2014-03-16 11:19:48,dub128.mail.live.com
2014-03-16 11:20:02,h.live.com
2014-03-16 11:22:08,proxy-blu-people.directory.live.com
2014-03-16 11:25:00,h2.msn.com
2014-03-17 09:56:13,www.google.com
2014-03-17 09:56:13,clients1.google.com
2014-03-17 09:56:13,gtglobal-ocsp.geotrust.com
2014-03-17 09:56:16,clients1.google.com
2014-03-17 09:56:19,www.google.fr
2014-03-17 09:56:19,www.hotmail.fr
2014-03-17 09:56:20,evsecure-ocsp.verisign.com
2014-03-17 09:56:20,evintl-ocsp.verisign.com
2014-03-17 09:56:20,login.live.com
2014-03-17 09:56:21,login.live.com
2014-03-17 09:56:21,ocsp.digicert.com
2014-03-17 09:56:22,ocsp.entrust.net
2014-03-17 09:56:32,windowslive.tt.omtrdc.net
2014-03-17 09:56:37,login.live.com
2014-03-17 09:56:38,login.live.com
2014-03-17 09:56:38,evintl-ocsp.verisign.com
2014-03-17 09:56:42,ocsp.verisign.com
2014-03-17 09:56:52,windowslive.tt.omtrdc.net
2014-03-17 09:57:11,gtssl-ocsp.geotrust.com
2014-03-17 09:57:19,dub128.mail.live.com
2014-03-17 09:57:19,g.msn.com
2014-03-17 09:57:19,login.live.com
2014-03-17 09:57:20,g.live.com
2014-03-17 09:57:21,dm2302files.storage.live.com
2014-03-17 09:57:21,bn1302files.storage.live.com
2014-03-17 09:57:21,dm2303files.storage.live.com
2014-03-17 09:57:21,dm1files.storage.live.com
2014-03-17 09:57:21,blufiles.storage.msn.com
2014-03-17 09:57:21,p.sfx.ms
2014-03-17 09:57:21,sn2files.storage.msn.com
2014-03-17 09:57:21,byfiles.storage.msn.com
2014-03-17 09:57:21,secure.shared.live.com
2014-03-17 09:57:21,fr.msn.com
2014-03-17 09:57:21,www.bing.com
2014-03-17 09:57:21,dm2301files.storage.live.com
2014-03-17 09:57:21,js.live.net
2014-03-17 09:57:21,windowslive.tt.omtrdc.net
2014-03-17 09:57:21,www.google.com
2014-03-17 09:57:21,storage.live.com
2014-03-17 09:57:21,h.live.com
2014-03-17 09:57:21,cid-bfa42e55e05c4897.users.storage.live.com
2014-03-17 09:57:21,bn1files.storage.msn.com
2014-03-17 09:57:21,dub128.mail.live.com
2014-03-17 09:57:21,people.directory.live.com
2014-03-17 09:57:21,go.trouter.io
2014-03-17 09:57:21,mail.live.com
2014-03-17 09:57:21,www.google.fr
2014-03-17 09:57:21,apis.google.com
2014-03-17 09:57:21,h2.msn.com
2014-03-28 15:22:04,clients5.google.com
2014-03-28 15:22:05,clients5.google.com
2014-03-28 15:22:11,www.google.fr
2014-03-28 15:22:11,www.google.com
2014-03-28 15:22:11,clients1.google.fr
2014-03-28 15:22:43,www.google.fr
2014-03-28 15:22:43,www.hotmail.fr
2014-03-28 15:22:44,login.live.com
2014-03-28 15:22:44,crl.verisign.com
2014-03-28 15:22:44,evintl-crl.verisign.com
2014-03-28 15:22:45,login.live.com
2014-03-28 15:22:45,crl.omniroot.com
2014-03-28 15:22:45,www.public-trust.com
2014-03-28 15:22:46,crl3.digicert.com
2014-03-28 15:22:47,windowslive.tt.omtrdc.net
2014-03-28 15:22:47,crl3.digicert.com
2014-03-28 15:22:48,mscrl.microsoft.com
2014-03-28 15:23:08,mail.live.com
2014-03-28 15:23:08,login.live.com
2014-03-28 15:23:09,dub126.mail.live.com
2014-03-28 15:23:10,dub126.mail.live.com
2014-03-28 15:23:11,dub126.mail.live.com
2014-03-28 15:23:11,svrsecure-g3-crl.verisign.com
2014-03-28 15:23:12,h.live.com
2014-03-28 15:23:12,h.bing.com
2014-03-28 15:23:12,people.directory.live.com
2014-03-28 15:23:13,h.live.com
2014-03-28 15:23:13,people.directory.live.com
2014-03-28 15:23:14,windowslive.tt.omtrdc.net
2014-03-28 15:23:14,cid-a9d870ab1aa42ecd.users.storage.live.com
2014-03-28 15:23:14,dub126.mail.live.com
2014-03-28 15:23:14,mscrl.microsoft.com
2014-03-28 15:23:15,h.live.com
2014-03-28 15:23:16,dub126.mail.live.com
2014-03-28 15:23:16,js.live.net
2014-03-28 15:23:17,dub126.mail.live.com
2014-03-28 15:23:18,dub126.mail.live.com
2014-03-28 15:23:18,secure.shared.live.com
2014-03-28 15:23:19,go.trouter.io
2014-03-28 15:23:21,storage.live.com
2014-03-28 15:23:23,secure.shared.live.com
2014-03-28 15:23:31,dub126.mail.live.com
2014-03-28 15:24:56,gtssl-crl.geotrust.com
2014-03-28 15:24:56,cid-a9d870ab1aa42ecd.users.storage.live.com
2014-03-28 15:24:56,dub126.mail.live.com
2014-03-28 15:24:56,p.sfx.ms
2014-03-28 15:24:56,crl.geotrust.com
2014-03-28 15:25:02,login.live.com
2014-03-28 15:25:02,h.live.com
2014-03-28 15:25:04,g.live.com
2014-03-28 15:25:04,dub126.mail.live.com
2014-03-28 15:25:09,windowslive.tt.omtrdc.net
2014-04-02 11:08:40,download.foxitsoftware.com
2014-04-02 11:08:41,www.foxitsoftware.com
