timestamp,site
2013-03-12 08:19:31,cnfg.toolbarservices.com
2013-03-12 08:19:32,www.squid-cache.org
2013-03-12 08:19:32,www.google.com
2013-03-12 08:19:33,utils.delta-search.com
2013-03-12 08:19:33,ajax.googleapis.com
2013-03-12 08:19:34,img.babylon.com
2013-03-12 08:19:34,ajax.googleapis.com
2013-03-12 08:19:41,www.google.com
2013-03-12 08:22:23,ieonline.microsoft.com
2013-03-12 08:22:24,go.microsoft.com
2013-03-12 08:23:03,img.babylon.com
2013-03-12 08:23:42,dl.javafx.com
2013-03-12 08:26:24,img.babylon.com
2013-03-12 08:26:28,img.babylon.com
2013-03-12 08:29:00,javadl-esd-secure.oracle.com
2013-03-12 08:32:49,javadl-esd-secure.oracle.com
2013-03-12 10:47:27,www.google.fr
2013-03-12 10:47:27,google.fr
2013-03-12 10:47:28,www.google.fr
2013-03-12 10:47:32,apis.google.com
2013-03-12 10:47:33,www.google.com
2013-03-12 10:47:37,apis.google.com
2013-03-12 10:47:37,www.google.fr
2013-03-12 10:47:37,www.google.com
2013-03-12 10:47:39,www.google.fr
2013-03-12 10:47:39,maps.google.fr
2013-03-12 10:47:40,mts1.google.com
2013-03-12 10:47:40,maps.google.fr
2013-03-12 10:47:40,www.google.fr
2013-03-12 10:47:40,mts0.google.com
2013-03-12 10:47:41,mts1.google.com
2013-03-12 10:47:41,mts0.google.com
2013-03-12 10:47:42,mts1.google.com
2013-03-12 10:47:42,mts0.google.com
2013-03-12 10:47:43,mts0.google.com
2013-03-12 10:47:44,mts0.google.com
2013-03-12 10:47:45,mts0.google.com
2013-03-12 10:47:45,maps.google.fr
2013-03-12 10:47:51,mts1.google.com
2013-03-12 10:47:51,mts0.google.com
2013-03-12 10:47:51,maps.google.fr
2013-03-12 10:47:52,mts1.google.com
2013-03-12 10:47:52,maps.google.fr
2013-03-12 10:47:52,mts0.google.com
2013-03-12 10:47:53,maps.google.fr
2013-03-12 10:47:53,mts1.google.com
2013-03-12 10:47:54,khms1.google.fr
2013-03-12 10:47:54,khms0.google.fr
2013-03-12 10:47:55,mts0.google.com
2013-03-12 10:47:55,khms1.google.fr
2013-03-12 10:47:55,khms0.google.fr
2013-03-12 10:47:56,khms1.google.fr
2013-03-12 10:47:56,khms0.google.fr
2013-03-12 10:47:59,maps.google.fr
2013-03-12 10:47:59,khms1.google.fr
2013-03-12 10:48:00,khms0.google.fr
2013-03-12 10:48:00,khms1.google.fr
2013-03-12 10:48:00,mts1.google.com
2013-03-12 10:48:00,mts0.google.com
2013-03-12 10:48:01,mts0.google.com
2013-03-12 10:48:01,mts1.google.com
2013-03-12 10:48:01,khms0.google.fr
2013-03-12 10:48:01,khms1.google.fr
2013-03-12 10:48:02,khms0.google.fr
2013-03-12 10:48:02,khms1.google.fr
2013-03-12 10:48:02,mts0.google.com
2013-03-12 10:48:02,mts1.google.com
2013-03-12 10:48:03,mts1.google.com
2013-03-12 10:48:03,mts0.google.com
2013-03-12 10:48:03,khms1.google.fr
2013-03-12 10:48:03,maps.google.fr
2013-03-12 10:48:03,khms0.google.fr
2013-03-12 10:48:04,mts1.google.com
2013-03-12 10:48:04,mts0.google.com
2013-03-12 10:48:04,khms1.google.fr
2013-03-12 10:48:04,khms0.google.fr
2013-03-12 10:48:05,khms1.google.fr
2013-03-12 10:48:05,khms0.google.fr
2013-03-12 10:48:05,maps.google.fr
2013-03-12 10:48:05,mts1.google.com
2013-03-12 10:48:05,mts0.google.com
2013-03-12 10:48:06,khms1.google.fr
2013-03-12 10:48:06,khms0.google.fr
2013-03-12 10:48:06,mts0.google.com
2013-03-12 10:48:06,maps.google.fr
2013-03-12 10:48:06,mts1.google.com
2013-03-12 10:48:07,khms0.google.fr
2013-03-12 10:48:07,khms1.google.fr
2013-03-12 10:48:07,mts0.google.com
2013-03-12 10:48:07,mts1.google.com
2013-03-12 10:48:08,khms0.google.fr
2013-03-12 10:48:28,khms1.google.fr
2013-03-12 10:48:28,maps.google.fr
2013-03-12 10:48:28,khms0.google.fr
2013-03-12 10:48:42,mts1.google.com
2013-03-12 10:48:42,khms1.google.fr
2013-03-12 10:48:42,khms0.google.fr
2013-03-12 10:48:42,mts0.google.com
2013-03-12 10:48:43,mts0.google.com
2013-03-12 10:48:43,khms0.google.fr
2013-03-12 10:48:43,khms1.google.fr
2013-03-12 10:48:43,mts1.google.com
2013-03-12 10:48:44,mts1.google.com
2013-03-12 10:48:44,khms1.google.fr
2013-03-12 10:48:44,mts0.google.com
2013-03-12 10:48:44,maps.google.fr
2013-03-12 10:48:44,khms0.google.fr
2013-03-12 10:48:45,mts1.google.com
2013-03-12 10:48:45,mts0.google.com
2013-03-12 10:48:45,khms1.google.fr
2013-03-12 10:48:45,khms0.google.fr
2013-03-12 10:48:46,khms1.google.fr
2013-03-12 10:48:46,khms0.google.fr
2013-03-12 10:48:55,khms0.google.fr
2013-03-12 10:48:55,khms1.google.fr
2013-03-12 10:48:55,maps.google.fr
2013-03-12 10:48:55,mts1.google.com
2013-03-12 10:48:55,mts0.google.com
2013-03-12 10:48:56,mts0.google.com
2013-03-12 10:48:56,khms0.google.fr
2013-03-12 10:48:56,khms1.google.fr
2013-03-12 10:48:56,maps.google.fr
2013-03-12 10:48:56,mts1.google.com
2013-03-12 10:48:57,mts1.google.com
2013-03-12 10:49:02,mts0.google.com
2013-03-12 10:49:02,khms1.google.fr
2013-03-12 10:49:02,khms0.google.fr
2013-03-12 10:49:02,mts1.google.com
2013-03-12 10:49:03,mts1.google.com
2013-03-12 10:49:03,mts0.google.com
2013-03-12 10:49:03,khms0.google.fr
2013-03-12 10:49:03,khms1.google.fr
2013-03-12 10:49:04,mts0.google.com
2013-03-12 10:49:04,khms1.google.fr
2013-03-12 10:49:04,khms0.google.fr
2013-03-12 10:49:04,mts1.google.com
2013-03-12 10:49:05,khms1.google.fr
2013-03-12 10:49:05,mts1.google.com
2013-03-12 10:49:05,mts0.google.com
2013-03-12 10:49:05,maps.google.fr
2013-03-12 10:49:06,khms1.google.fr
2013-03-12 10:49:06,khms0.google.fr
2013-03-12 10:49:06,mts0.google.com
2013-03-12 10:49:06,mts1.google.com
2013-03-12 10:49:07,khms1.google.fr
2013-03-12 10:49:07,mts1.google.com
2013-03-12 10:49:07,mts0.google.com
2013-03-12 10:49:07,maps.google.fr
2013-03-12 10:49:07,khms0.google.fr
2013-03-12 10:49:09,khms1.google.fr
2013-03-12 10:49:09,mts1.google.com
2013-03-12 10:49:09,mts0.google.com
2013-03-12 10:49:09,maps.google.fr
2013-03-12 10:49:10,mts1.google.com
2013-03-12 10:49:10,mts0.google.com
2013-03-12 10:49:10,khms0.google.fr
2013-03-12 10:49:11,mts0.google.com
2013-03-12 10:49:11,khms0.google.fr
2013-03-12 10:49:12,khms1.google.fr
2013-03-12 10:49:12,khms0.google.fr
2013-03-12 10:49:12,maps.google.fr
2013-03-12 10:49:12,mts1.google.com
2013-03-12 10:49:17,khms0.google.fr
2013-03-12 10:49:17,mts1.google.com
2013-03-12 10:49:17,mts0.google.com
2013-03-12 10:49:17,khms1.google.fr
2013-03-12 10:49:18,mts1.google.com
2013-03-12 10:49:18,khms0.google.fr
2013-03-12 10:49:18,mts0.google.com
2013-03-12 10:49:18,khms1.google.fr
2013-03-12 10:49:19,mts1.google.com
2013-03-12 10:49:19,mts0.google.com
2013-03-12 10:49:19,khms0.google.fr
2013-03-12 10:49:19,khms1.google.fr
2013-03-12 10:49:20,khms0.google.fr
2013-03-12 10:49:51,mts0.google.com
2013-03-12 10:49:51,khms0.google.fr
2013-03-12 10:49:51,maps.google.fr
2013-03-12 10:49:51,khms1.google.fr
2013-03-12 10:49:51,mts1.google.com
2013-03-12 10:49:52,khms1.google.fr
2013-03-12 10:49:53,mts0.google.com
2013-03-12 10:49:53,khms1.google.fr
2013-03-12 10:49:53,mts1.google.com
2013-03-12 10:49:53,khms0.google.fr
2013-03-12 10:49:54,khms1.google.fr
2013-03-12 10:49:54,mts0.google.com
2013-03-12 10:49:56,maps.google.fr
2013-03-12 10:49:56,khms0.google.fr
2013-03-12 10:49:56,khms1.google.fr
2013-03-12 10:49:57,mts1.google.com
2013-03-12 10:49:57,mts0.google.com
2013-03-12 10:49:59,mts1.google.com
2013-03-12 10:50:00,maps.google.fr
2013-03-12 10:50:00,mts0.google.com
2013-03-12 10:50:00,khms0.google.fr
2013-03-12 10:50:01,mts1.google.com
2013-03-12 10:50:01,mts0.google.com
2013-03-12 10:50:02,maps.google.fr
2013-03-12 10:50:06,khms1.google.fr
2013-03-12 10:50:06,khms0.google.fr
2013-03-12 10:50:06,mts0.google.com
2013-03-12 10:50:06,mts1.google.com
2013-03-12 10:50:06,maps.google.fr
2013-03-12 10:50:07,mts0.google.com
2013-03-12 10:50:07,mts1.google.com
2013-03-12 10:50:07,khms0.google.fr
2013-03-12 10:50:07,khms1.google.fr
2013-03-12 10:50:08,khms0.google.fr
2013-03-12 10:50:08,mts0.google.com
2013-03-12 10:50:08,khms1.google.fr
2013-03-12 10:50:08,maps.google.fr
2013-03-12 10:50:08,mts1.google.com
2013-03-12 10:50:14,maps.google.fr
2013-03-12 10:50:14,mts0.google.com
2013-03-12 10:50:14,mts1.google.com
2013-03-12 10:50:14,khms0.google.fr
2013-03-12 10:50:14,khms1.google.fr
2013-03-12 10:50:15,mts0.google.com
2013-03-12 10:50:15,mts1.google.com
2013-03-12 10:50:15,maps.google.fr
2013-03-12 10:50:15,khms1.google.fr
2013-03-12 10:50:15,khms0.google.fr
2013-03-12 10:50:16,khms0.google.fr
2013-03-12 10:50:16,khms1.google.fr
2013-03-12 10:50:17,khms1.google.fr
2013-03-12 10:50:17,khms0.google.fr
2013-03-12 10:50:18,mts0.google.com
2013-03-12 10:50:18,khms1.google.fr
2013-03-12 10:50:18,khms0.google.fr
2013-03-12 10:50:18,mts1.google.com
2013-03-12 10:50:19,khms0.google.fr
2013-03-12 10:50:19,khms1.google.fr
2013-03-12 10:50:19,mts0.google.com
2013-03-12 10:50:24,khms0.google.fr
2013-03-12 10:50:24,mts0.google.com
2013-03-12 10:50:24,maps.google.fr
2013-03-12 10:50:24,mts1.google.com
2013-03-12 10:50:24,khms1.google.fr
2013-03-12 10:50:25,mts1.google.com
2013-03-12 10:50:25,mts0.google.com
2013-03-12 10:50:25,khms0.google.fr
2013-03-12 10:50:25,khms1.google.fr
2013-03-12 10:50:26,khms1.google.fr
2013-03-12 10:50:26,mts1.google.com
2013-03-12 10:50:26,maps.google.fr
2013-03-12 10:50:26,mts0.google.com
2013-03-12 10:50:26,khms0.google.fr
2013-03-12 10:50:27,khms1.google.fr
2013-03-12 10:50:27,khms0.google.fr
2013-03-12 10:50:28,maps.google.fr
2013-03-12 10:50:28,khms0.google.fr
2013-03-12 10:50:32,mts1.google.com
2013-03-12 10:50:32,khms1.google.fr
2013-03-12 10:50:53,mts1.google.com
2013-03-12 10:51:06,khms1.google.fr
2013-03-12 10:51:06,khms0.google.fr
2013-03-12 10:51:06,maps.google.fr
2013-03-12 10:51:06,mts0.google.com
2013-03-12 10:51:06,mts1.google.com
2013-03-12 10:51:07,khms1.google.fr
2013-03-12 10:51:07,mts1.google.com
2013-03-12 10:51:07,mts0.google.com
2013-03-12 10:51:07,khms0.google.fr
2013-03-12 10:51:08,mts0.google.com
2013-03-12 10:51:08,khms0.google.fr
2013-03-12 10:51:08,mts1.google.com
2013-03-12 10:51:08,khms1.google.fr
2013-03-12 10:51:09,maps.google.fr
2013-03-12 10:51:09,khms0.google.fr
2013-03-12 10:51:09,mts0.google.com
2013-03-12 10:51:09,mts1.google.com
2013-03-12 10:51:09,khms1.google.fr
2013-03-12 10:51:10,mts0.google.com
2013-03-12 10:51:10,mts1.google.com
2013-03-12 10:51:10,khms0.google.fr
2013-03-12 10:51:10,khms1.google.fr
2013-03-12 10:51:11,khms0.google.fr
2013-03-12 10:51:11,khms1.google.fr
2013-03-12 10:51:11,mts0.google.com
2013-03-12 10:51:11,maps.google.fr
2013-03-12 10:51:11,mts1.google.com
2013-03-12 10:51:12,mts0.google.com
2013-03-12 10:51:12,mts1.google.com
2013-03-12 10:51:12,khms1.google.fr
2013-03-12 10:51:12,khms0.google.fr
2013-03-12 10:51:13,khms0.google.fr
2013-03-12 10:51:13,khms1.google.fr
2013-03-12 10:51:13,mts0.google.com
2013-03-12 10:51:16,maps.google.fr
2013-03-12 10:51:16,mts1.google.com
2013-03-12 10:51:16,mts0.google.com
2013-03-12 10:51:17,khms1.google.fr
2013-03-12 10:51:17,mts1.google.com
2013-03-12 10:51:32,khms0.google.fr
2013-03-12 10:51:32,khms1.google.fr
2013-03-12 10:51:32,maps.google.fr
2013-03-12 10:51:32,mts0.google.com
2013-03-12 10:51:33,mts1.google.com
2013-03-12 10:51:33,mts0.google.com
2013-03-12 10:51:33,khms0.google.fr
2013-03-12 10:51:33,khms1.google.fr
2013-03-12 10:51:34,mts1.google.com
2013-03-12 10:51:34,mts0.google.com
2013-03-12 10:51:50,khms1.google.fr
2013-03-12 10:51:50,khms0.google.fr
2013-03-12 10:51:50,mts1.google.com
2013-03-12 10:51:50,mts0.google.com
2013-03-12 10:51:50,maps.google.fr
2013-03-12 10:51:51,khms1.google.fr
2013-03-12 10:51:51,khms0.google.fr
2013-03-12 10:51:51,mts0.google.com
2013-03-12 10:51:52,khms1.google.fr
2013-03-12 10:51:52,khms0.google.fr
2013-03-12 10:51:52,maps.google.fr
2013-03-12 10:51:52,mts0.google.com
2013-03-12 10:51:52,mts1.google.com
2013-03-12 10:51:54,mts0.google.com
2013-03-12 10:51:55,khms0.google.fr
2013-03-12 10:52:02,khms0.google.fr
2013-03-12 10:52:02,mts1.google.com
2013-03-12 10:52:02,khms1.google.fr
2013-03-12 10:52:02,maps.google.fr
2013-03-12 10:52:02,mts0.google.com
2013-03-12 10:52:03,mts1.google.com
2013-03-12 10:52:03,mts0.google.com
2013-03-12 10:52:03,khms0.google.fr
2013-03-12 10:52:06,khms0.google.fr
2013-03-12 10:52:08,khms0.google.fr
2013-03-12 10:52:10,mts1.google.com
2013-03-12 10:52:10,khms0.google.fr
2013-03-12 10:52:10,mts0.google.com
2013-03-12 10:52:10,maps.google.fr
2013-03-12 10:52:34,mts1.google.com
2013-03-12 10:52:39,mts1.google.com
2013-03-12 10:52:39,maps.google.fr
2013-03-12 10:52:39,mts0.google.com
2013-03-12 10:52:39,khms0.google.fr
2013-03-12 10:52:39,khms1.google.fr
2013-03-12 10:52:40,mts0.google.com
2013-03-12 10:52:40,khms0.google.fr
2013-03-12 10:52:40,mts1.google.com
2013-03-12 10:52:40,khms1.google.fr
2013-03-12 10:52:41,mts0.google.com
2013-03-12 10:52:41,khms1.google.fr
2013-03-12 10:52:44,mts1.google.com
2013-03-12 10:54:21,khms1.google.fr
2013-03-12 10:54:21,mts1.google.com
2013-03-12 10:54:22,mts0.google.com
2013-03-12 10:54:22,khms0.google.fr
2013-03-12 10:54:24,maps.google.fr
2013-03-12 10:54:26,khms0.google.fr
2013-03-12 10:54:26,mts0.google.com
2013-03-12 10:54:27,mts1.google.com
2013-03-12 10:54:27,khms0.google.fr
2013-03-12 10:54:27,khms1.google.fr
2013-03-12 10:54:27,mts0.google.com
2013-03-12 10:54:37,mts1.google.com
2013-03-12 10:54:41,khms0.google.fr
2013-03-12 10:54:41,maps.google.fr
2013-03-12 10:54:41,khms1.google.fr
2013-03-12 10:54:41,mts0.google.com
2013-03-12 10:54:41,mts1.google.com
2013-03-12 10:54:42,khms1.google.fr
2013-03-12 10:54:42,khms0.google.fr
2013-03-12 10:54:43,mts0.google.com
2013-03-12 10:54:43,khms0.google.fr
2013-03-12 10:54:43,maps.google.fr
2013-03-12 10:54:43,mts1.google.com
2013-03-12 10:54:44,khms0.google.fr
2013-03-12 10:54:44,khms1.google.fr
2013-03-12 10:54:44,mts0.google.com
2013-03-12 10:54:44,mts1.google.com
2013-03-12 10:54:45,khms0.google.fr
2013-03-12 10:54:45,khms1.google.fr
2013-03-12 10:54:45,mts1.google.com
2013-03-12 10:54:45,mts0.google.com
2013-03-12 10:54:46,mts0.google.com
2013-03-12 10:54:46,mts1.google.com
2013-03-12 10:54:52,khms1.google.fr
2013-03-12 10:54:52,maps.google.fr
2013-03-12 10:54:52,mts1.google.com
2013-03-12 10:54:52,mts0.google.com
2013-03-12 10:54:52,khms0.google.fr
2013-03-12 10:54:53,khms0.google.fr
2013-03-12 10:54:53,khms1.google.fr
2013-03-12 10:54:53,mts0.google.com
2013-03-12 10:54:53,mts1.google.com
2013-03-12 10:54:54,mts1.google.com
2013-03-12 10:54:55,mts1.google.com
2013-03-12 10:54:55,mts0.google.com
2013-03-12 10:54:57,maps.google.fr
2013-03-12 10:54:57,khms1.google.fr
2013-03-12 10:54:57,mts0.google.com
2013-03-12 10:54:57,khms0.google.fr
2013-03-12 10:54:59,khms0.google.fr
2013-03-12 10:55:02,mts1.google.com
2013-03-12 10:55:04,mts0.google.com
2013-03-12 10:56:07,khms0.google.fr
2013-03-12 10:56:07,mts1.google.com
2013-03-12 10:56:07,khms1.google.fr
2013-03-12 10:56:27,mts0.google.com
2013-03-12 10:56:28,maps.google.fr
2013-03-12 10:56:29,mts1.google.com
2013-03-12 10:56:29,mts0.google.com
2013-03-12 10:56:29,khms1.google.fr
2013-03-12 10:56:29,khms0.google.fr
2013-03-12 10:56:30,khms1.google.fr
2013-03-12 10:56:30,khms0.google.fr
2013-03-12 10:56:33,maps.google.fr
2013-03-12 10:56:34,khms0.google.fr
2013-03-12 10:56:34,mts1.google.com
2013-03-12 10:56:34,khms1.google.fr
2013-03-12 10:56:34,mts0.google.com
2013-03-12 10:56:35,khms0.google.fr
2013-03-12 10:56:35,mts0.google.com
2013-03-12 10:56:35,mts1.google.com
2013-03-12 10:56:35,khms1.google.fr
2013-03-12 10:56:36,mts0.google.com
2013-03-12 10:56:36,mts1.google.com
2013-03-12 10:56:36,khms0.google.fr
2013-03-12 10:56:36,maps.google.fr
2013-03-12 10:56:36,khms1.google.fr
2013-03-12 10:56:37,khms0.google.fr
2013-03-12 10:56:42,khms0.google.fr
2013-03-12 10:57:01,mts1.google.com
2013-03-12 10:57:01,mts0.google.com
2013-03-12 10:57:01,maps.google.fr
2013-03-12 10:57:01,khms0.google.fr
2013-03-12 10:57:01,khms1.google.fr
2013-03-12 10:57:02,mts1.google.com
2013-03-12 10:57:02,mts0.google.com
2013-03-12 10:57:02,khms0.google.fr
2013-03-12 10:57:02,khms1.google.fr
2013-03-12 10:57:15,khms0.google.fr
2013-03-12 10:57:15,khms1.google.fr
2013-03-12 10:57:15,maps.google.fr
2013-03-12 10:57:15,mts0.google.com
2013-03-12 10:57:15,mts1.google.com
2013-03-12 10:57:16,mts0.google.com
2013-03-12 10:57:16,khms0.google.fr
2013-03-12 10:57:16,khms1.google.fr
2013-03-12 10:57:16,mts1.google.com
2013-03-12 10:57:17,khms1.google.fr
2013-03-12 10:58:05,khms1.google.fr
2013-03-12 10:58:05,khms0.google.fr
2013-03-12 10:58:05,mts0.google.com
2013-03-12 10:58:05,mts1.google.com
2013-03-12 10:58:05,maps.google.fr
2013-03-12 10:58:06,mts0.google.com
2013-03-12 10:58:06,mts1.google.com
2013-03-12 10:58:06,khms1.google.fr
2013-03-12 10:58:06,khms0.google.fr
2013-03-12 10:58:07,mts1.google.com
2013-03-12 10:58:07,mts0.google.com
2013-03-12 10:58:07,khms1.google.fr
2013-03-12 10:58:07,khms0.google.fr
2013-03-12 10:58:08,mts1.google.com
2013-03-12 10:58:08,khms0.google.fr
2013-03-12 10:58:08,khms1.google.fr
2013-03-12 10:58:08,mts0.google.com
2013-03-12 10:58:09,khms1.google.fr
2013-03-12 10:58:09,khms0.google.fr
2013-03-12 10:58:10,khms0.google.fr
2013-03-12 10:58:10,maps.google.fr
2013-03-12 10:58:13,maps.google.fr
2013-03-12 10:58:13,mts0.google.com
2013-03-12 10:58:13,mts1.google.com
2013-03-12 10:58:13,khms0.google.fr
2013-03-12 10:58:13,khms1.google.fr
2013-03-12 10:58:13,mts3.google.com
2013-03-12 10:58:13,mts2.google.com
2013-03-12 10:58:14,mts2.google.com
2013-03-12 10:58:14,mts0.google.com
2013-03-12 10:58:14,mts1.google.com
2013-03-12 10:58:14,mts3.google.com
2013-03-12 10:58:15,mts2.google.com
2013-03-12 10:58:16,mts2.google.com
2013-03-12 10:58:16,mts3.google.com
2013-03-12 10:58:16,maps.google.fr
2013-03-12 10:58:18,mts0.google.com
2013-03-12 10:58:22,khms0.google.fr
2013-03-12 10:58:22,mts0.google.com
2013-03-12 10:58:22,maps.google.fr
2013-03-12 10:58:22,mts1.google.com
2013-03-12 10:58:22,khms1.google.fr
2013-03-12 10:58:23,khms1.google.fr
2013-03-12 10:58:31,mts0.google.com
2013-03-12 10:58:31,mts1.google.com
2013-03-12 10:58:31,maps.google.fr
2013-03-12 10:58:31,khms0.google.fr
2013-03-12 10:58:31,khms1.google.fr
2013-03-12 10:58:38,mts1.google.com
2013-03-12 10:58:38,mts0.google.com
2013-03-12 10:58:43,mts1.google.com
2013-03-12 10:58:57,maps.google.fr
2013-03-12 10:58:57,mts0.google.com
2013-03-12 10:59:01,mts1.google.com
2013-03-12 10:59:01,mts0.google.com
2013-03-12 10:59:01,khms1.google.fr
2013-03-12 10:59:01,khms0.google.fr
2013-03-12 10:59:01,maps.google.fr
2013-03-12 10:59:02,mts1.google.com
2013-03-12 10:59:03,khms0.google.fr
2013-03-12 10:59:03,mts1.google.com
2013-03-12 10:59:03,mts0.google.com
2013-03-12 10:59:03,khms1.google.fr
2013-03-12 10:59:03,maps.google.fr
2013-03-12 10:59:04,mts1.google.com
2013-03-12 10:59:04,mts0.google.com
2013-03-12 10:59:04,khms1.google.fr
2013-03-12 10:59:04,khms0.google.fr
2013-03-12 10:59:05,khms1.google.fr
2013-03-12 10:59:05,khms0.google.fr
2013-03-12 10:59:13,mts1.google.com
2013-03-12 10:59:13,khms1.google.fr
2013-03-12 10:59:14,khms0.google.fr
2013-03-12 10:59:14,mts0.google.com
2013-03-12 10:59:19,mts1.google.com
2013-03-12 10:59:19,maps.google.fr
2013-03-12 10:59:19,mts0.google.com
2013-03-12 10:59:19,khms0.google.fr
2013-03-12 10:59:19,khms1.google.fr
2013-03-12 10:59:20,mts0.google.com
2013-03-12 10:59:20,mts1.google.com
2013-03-12 10:59:20,khms0.google.fr
2013-03-12 10:59:20,khms1.google.fr
2013-03-12 10:59:21,mts0.google.com
2013-03-12 10:59:21,khms0.google.fr
2013-03-12 10:59:21,mts1.google.com
2013-03-12 10:59:21,khms1.google.fr
2013-03-12 10:59:22,khms0.google.fr
2013-03-12 10:59:22,mts1.google.com
2013-03-12 10:59:22,maps.google.fr
2013-03-12 10:59:22,khms1.google.fr
2013-03-12 10:59:22,mts0.google.com
2013-03-12 10:59:23,mts0.google.com
2013-03-12 10:59:23,maps.google.fr
2013-03-12 10:59:23,khms1.google.fr
2013-03-12 10:59:23,khms0.google.fr
2013-03-12 10:59:24,khms0.google.fr
2013-03-12 10:59:24,mts1.google.com
2013-03-12 10:59:24,mts0.google.com
2013-03-12 10:59:24,khms1.google.fr
2013-03-12 10:59:25,maps.google.fr
2013-03-12 10:59:25,mts0.google.com
2013-03-12 10:59:25,khms0.google.fr
2013-03-12 10:59:25,mts1.google.com
2013-03-12 10:59:25,khms1.google.fr
2013-03-12 10:59:26,maps.google.fr
2013-03-12 10:59:26,khms1.google.fr
2013-03-12 10:59:26,khms0.google.fr
2013-03-12 10:59:26,mts0.google.com
2013-03-12 10:59:26,mts1.google.com
2013-03-12 10:59:37,mts1.google.com
2013-03-12 10:59:37,mts0.google.com
2013-03-12 10:59:37,khms1.google.fr
2013-03-12 10:59:37,khms0.google.fr
2013-03-12 10:59:38,mts1.google.com
2013-03-12 10:59:38,khms0.google.fr
2013-03-12 10:59:38,khms1.google.fr
2013-03-12 10:59:38,maps.google.fr
2013-03-12 10:59:38,mts0.google.com
2013-03-12 10:59:39,mts0.google.com
2013-03-12 10:59:39,mts1.google.com
2013-03-12 10:59:39,khms0.google.fr
2013-03-12 10:59:39,khms1.google.fr
2013-03-12 10:59:40,khms0.google.fr
2013-03-12 10:59:40,khms1.google.fr
2013-03-12 10:59:40,mts1.google.com
2013-03-12 10:59:40,maps.google.fr
2013-03-12 10:59:40,mts0.google.com
2013-03-12 10:59:41,mts0.google.com
2013-03-12 10:59:41,mts1.google.com
2013-03-12 10:59:41,khms0.google.fr
2013-03-12 10:59:41,maps.google.fr
2013-03-12 10:59:42,mts0.google.com
2013-03-12 10:59:42,mts1.google.com
2013-03-12 10:59:42,khms0.google.fr
2013-03-12 10:59:43,maps.google.fr
2013-03-12 10:59:43,mts1.google.com
2013-03-12 10:59:43,khms0.google.fr
2013-03-12 10:59:43,mts0.google.com
2013-03-12 10:59:43,khms1.google.fr
2013-03-12 10:59:44,khms1.google.fr
2013-03-12 10:59:44,mts0.google.com
2013-03-12 10:59:44,mts1.google.com
2013-03-12 10:59:44,khms0.google.fr
2013-03-12 10:59:45,khms1.google.fr
2013-03-12 10:59:45,khms0.google.fr
2013-03-12 10:59:46,mts0.google.com
2013-03-12 10:59:46,maps.google.fr
2013-03-12 10:59:46,mts1.google.com
2013-03-12 10:59:46,khms1.google.fr
2013-03-12 10:59:47,mts0.google.com
2013-03-12 10:59:47,mts1.google.com
2013-03-12 10:59:47,khms0.google.fr
2013-03-12 10:59:47,khms1.google.fr
2013-03-12 10:59:48,khms1.google.fr
2013-03-12 10:59:48,mts1.google.com
2013-03-12 10:59:48,khms0.google.fr
2013-03-12 10:59:48,mts0.google.com
2013-03-12 10:59:49,mts1.google.com
2013-03-12 10:59:49,khms0.google.fr
2013-03-12 10:59:49,mts0.google.com
2013-03-12 10:59:49,maps.google.fr
2013-03-12 10:59:49,khms1.google.fr
2013-03-12 10:59:50,khms1.google.fr
2013-03-12 10:59:50,mts1.google.com
2013-03-12 10:59:50,mts0.google.com
2013-03-12 10:59:50,khms0.google.fr
2013-03-12 10:59:51,mts0.google.com
2013-03-12 10:59:51,mts1.google.com
2013-03-12 10:59:51,khms0.google.fr
2013-03-12 10:59:51,khms1.google.fr
2013-03-12 10:59:52,khms0.google.fr
2013-03-12 10:59:53,khms0.google.fr
2013-03-12 10:59:53,maps.google.fr
2013-03-12 10:59:53,mts1.google.com
2013-03-12 10:59:53,khms1.google.fr
2013-03-12 10:59:53,mts0.google.com
2013-03-12 10:59:54,mts0.google.com
2013-03-12 10:59:54,mts1.google.com
2013-03-12 10:59:54,khms1.google.fr
2013-03-12 10:59:54,khms0.google.fr
2013-03-12 10:59:55,maps.google.fr
2013-03-12 10:59:55,mts1.google.com
2013-03-12 10:59:55,khms1.google.fr
2013-03-12 10:59:55,mts0.google.com
2013-03-12 10:59:56,khms0.google.fr
2013-03-12 10:59:56,mts0.google.com
2013-03-12 10:59:56,maps.google.fr
2013-03-12 10:59:57,mts1.google.com
2013-03-12 10:59:57,khms1.google.fr
2013-03-12 10:59:58,khms1.google.fr
2013-03-12 10:59:59,mts0.google.com
2013-03-12 10:59:59,mts1.google.com
2013-03-12 10:59:59,khms1.google.fr
2013-03-12 11:00:01,mts1.google.com
2013-03-12 11:00:11,khms0.google.fr
2013-03-12 11:00:11,khms1.google.fr
2013-03-12 11:00:11,mts1.google.com
2013-03-12 11:00:11,mts0.google.com
2013-03-12 11:00:11,maps.google.fr
2013-03-12 11:00:17,mts0.google.com
2013-03-12 11:00:17,khms0.google.fr
2013-03-12 11:00:17,maps.google.fr
2013-03-12 11:00:18,khms1.google.fr
2013-03-12 11:00:18,khms0.google.fr
2013-03-12 11:00:18,maps.google.fr
2013-03-12 11:00:18,mts0.google.com
2013-03-12 11:00:18,mts1.google.com
2013-03-12 11:00:19,khms0.google.fr
2013-03-12 11:00:19,mts0.google.com
2013-03-12 11:00:20,khms0.google.fr
2013-03-12 11:00:20,mts0.google.com
2013-03-12 11:00:20,maps.google.fr
2013-03-12 11:00:20,khms1.google.fr
2013-03-12 11:00:20,mts1.google.com
2013-03-12 11:00:21,khms1.google.fr
2013-03-12 11:00:21,mts1.google.com
2013-03-12 11:00:21,mts0.google.com
2013-03-12 11:00:21,khms0.google.fr
2013-03-12 11:00:21,maps.google.fr
2013-03-12 11:00:22,khms1.google.fr
2013-03-12 11:00:22,mts1.google.com
2013-03-12 11:00:22,mts0.google.com
2013-03-12 11:00:22,khms0.google.fr
2013-03-12 11:00:23,khms1.google.fr
2013-03-12 11:00:23,mts0.google.com
2013-03-12 11:00:23,khms0.google.fr
2013-03-12 11:00:23,mts1.google.com
2013-03-12 11:00:23,maps.google.fr
2013-03-12 11:00:24,khms1.google.fr
2013-03-12 11:00:28,maps.google.fr
2013-03-12 11:00:28,khms0.google.fr
2013-03-12 11:00:28,mts1.google.com
2013-03-12 11:00:29,khms0.google.fr
2013-03-12 11:00:29,khms1.google.fr
2013-03-12 11:00:29,maps.google.fr
2013-03-12 11:00:29,mts1.google.com
2013-03-12 11:00:29,mts0.google.com
2013-03-12 11:00:30,khms0.google.fr
2013-03-12 11:00:30,khms1.google.fr
2013-03-12 11:00:36,khms0.google.fr
2013-03-12 11:00:37,khms1.google.fr
2013-03-12 11:00:37,maps.google.fr
2013-03-12 11:00:37,khms0.google.fr
2013-03-12 11:00:44,khms0.google.fr
2013-03-12 11:01:00,khms1.google.fr
2013-03-12 11:01:06,khms0.google.fr
2013-03-12 11:01:06,khms1.google.fr
2013-03-12 11:01:06,maps.google.fr
2013-03-12 11:01:06,mts1.google.com
2013-03-12 11:01:06,mts0.google.com
2013-03-12 11:01:07,khms1.google.fr
2013-03-12 11:01:07,mts1.google.com
2013-03-12 11:01:07,maps.google.fr
2013-03-12 11:01:07,khms0.google.fr
2013-03-12 11:01:07,mts0.google.com
2013-03-12 11:01:08,khms0.google.fr
2013-03-12 11:01:08,mts1.google.com
2013-03-12 11:01:08,mts0.google.com
2013-03-12 11:01:08,khms1.google.fr
2013-03-12 11:01:09,khms0.google.fr
2013-03-12 11:01:09,khms1.google.fr
2013-03-12 11:01:09,mts1.google.com
2013-03-12 11:01:09,maps.google.fr
2013-03-12 11:01:09,mts0.google.com
2013-03-12 11:01:10,mts1.google.com
2013-03-12 11:01:10,mts0.google.com
2013-03-12 11:01:10,khms1.google.fr
2013-03-12 11:01:10,maps.google.fr
2013-03-12 11:01:10,khms0.google.fr
2013-03-12 11:01:11,mts1.google.com
2013-03-12 11:01:11,khms0.google.fr
2013-03-12 11:01:11,mts0.google.com
2013-03-12 11:01:11,maps.google.fr
2013-03-12 11:01:11,khms1.google.fr
2013-03-12 11:01:12,khms0.google.fr
2013-03-12 11:01:12,khms1.google.fr
2013-03-12 11:01:12,mts0.google.com
2013-03-12 11:01:12,mts1.google.com
2013-03-12 11:01:12,maps.google.fr
2013-03-12 11:01:13,khms0.google.fr
2013-03-12 11:01:13,mts0.google.com
2013-03-12 11:01:13,mts1.google.com
2013-03-12 11:01:13,khms1.google.fr
2013-03-12 11:01:16,mts0.google.com
2013-03-12 11:01:16,mts1.google.com
2013-03-12 11:01:16,khms0.google.fr
2013-03-12 11:01:17,khms0.google.fr
2013-03-12 11:01:17,maps.google.fr
2013-03-12 11:01:17,mts1.google.com
2013-03-12 11:01:17,khms1.google.fr
2013-03-12 11:01:17,mts0.google.com
2013-03-12 11:01:23,mts1.google.com
2013-03-12 11:01:39,khms0.google.fr
2013-03-12 11:01:43,khms0.google.fr
2013-03-12 11:01:43,khms1.google.fr
2013-03-12 11:01:43,mts1.google.com
2013-03-12 11:01:43,maps.google.fr
2013-03-12 11:01:43,mts0.google.com
2013-03-12 11:03:58,khms1.google.fr
2013-03-12 11:03:58,khms0.google.fr
2013-03-12 11:03:58,mts1.google.com
2013-03-12 11:03:58,maps.google.fr
2013-03-12 11:03:58,mts0.google.com
2013-03-12 11:30:10,www.google.com
2013-03-12 11:30:11,img.babylon.com
2013-03-12 11:48:21,img.babylon.com
2013-03-12 11:48:21,fpdownload2.macromedia.com
2013-03-12 11:48:23,www.google.fr
2013-03-12 11:48:24,www.google.fr
2013-03-12 11:48:29,www.google.fr
2013-03-12 11:48:30,cdn15.gamepilot.com
2013-03-12 11:48:30,cdn12.gamepilot.com
2013-03-12 11:48:30,cdn10.gamepilot.com
2013-03-12 11:48:30,static.gamepilot.com
2013-03-12 11:48:30,cdn14.gamepilot.com
2013-03-12 11:48:30,www.google.fr
2013-03-12 11:48:30,ajax.googleapis.com
2013-03-12 11:48:30,cdn19.gamepilot.com
2013-03-12 11:48:30,cdn18.gamepilot.com
2013-03-12 11:48:30,cdn13.gamepilot.com
2013-03-12 11:48:30,cdn11.gamepilot.com
2013-03-12 11:48:30,cdn17.gamepilot.com
2013-03-12 11:48:30,cdn16.gamepilot.com
2013-03-12 11:48:30,apis.google.com
2013-03-12 11:48:31,static.gamepilot.com
2013-03-12 11:48:31,apis.google.com
2013-03-12 11:48:31,connect.facebook.net
2013-03-12 11:48:31,www.google.fr
2013-03-12 11:48:31,www.google.com
2013-03-12 11:48:32,www.facebook.com
2013-03-12 11:48:32,static.ak.facebook.com
2013-03-12 11:48:32,s-static.ak.facebook.com
2013-03-12 11:48:32,accounts.google.com
2013-03-12 11:48:33,apis.google.com
2013-03-12 11:48:33,accounts.google.com
2013-03-12 11:48:33,www.facebook.com
2013-03-12 11:48:34,www.google.com
2013-03-12 11:48:34,apis.google.com
2013-03-12 11:48:35,cdn17.gamepilot.com
2013-03-12 11:48:35,ajax.googleapis.com
2013-03-12 11:48:35,cdn15.gamepilot.com
2013-03-12 11:48:35,static.gamepilot.com
2013-03-12 11:48:35,cdn10.gamepilot.com
2013-03-12 11:48:35,cdn14.gamepilot.com
2013-03-12 11:48:35,cdn11.gamepilot.com
2013-03-12 11:48:35,cdn16.gamepilot.com
2013-03-12 11:48:36,s-static.ak.facebook.com
2013-03-12 11:48:36,apis.google.com
2013-03-12 11:48:36,cpm1.affiz.net
2013-03-12 11:48:36,static.ak.facebook.com
2013-03-12 11:48:36,www.facebook.com
2013-03-12 11:48:37,apis.google.com
2013-03-12 11:48:37,www.facebook.com
2013-03-12 11:48:37,games.jeuxjeuxjeux.fr
2013-10-12 08:04:54,ieonline.microsoft.com
2013-10-12 08:04:55,go.microsoft.com
2013-10-12 08:05:50,javadl-esd-secure.oracle.com
2013-10-12 08:13:28,javadl-esd-secure.oracle.com
2013-10-12 08:13:48,dl.patchbeam.com
2013-10-12 08:14:09,www.powerarchiver.com
2013-10-12 08:14:09,dl.patchbeam.com
2013-10-12 09:45:11,www.google.com
2013-10-12 09:45:19,www.google.fr
2013-10-12 09:45:19,google.fr
2013-10-12 09:45:20,www.google.fr
2013-10-12 09:45:23,apis.google.com
2013-10-12 09:45:23,www.google.com
2013-10-12 09:45:27,www.google.com
2013-10-12 09:45:27,apis.google.com
2013-10-12 09:45:27,www.google.fr
2013-10-12 09:45:30,maps.google.fr
2013-10-12 09:45:31,www.google.fr
2013-10-12 09:45:31,maps.google.fr
2013-10-12 09:45:32,mts1.google.com
2013-10-12 09:45:32,mts0.google.com
2013-10-12 09:45:33,mts1.google.com
2013-10-12 09:45:33,mts0.google.com
2013-10-12 09:45:35,mts0.google.com
2013-10-12 09:45:35,mts1.google.com
2013-10-12 09:45:40,mts1.google.com
2013-10-12 09:45:40,mts0.google.com
2013-10-12 09:45:40,maps.google.fr
2013-10-12 09:45:41,khms0.google.fr
2013-10-12 09:45:41,khms1.google.fr
2013-10-12 09:45:41,maps.google.fr
2013-10-12 09:45:41,mts1.google.com
2013-10-12 09:45:41,mts0.google.com
2013-10-12 09:45:42,khms0.google.fr
2013-10-12 09:45:42,mts1.google.com
2013-10-12 09:45:42,mts0.google.com
2013-10-12 09:45:42,khms1.google.fr
2013-10-12 09:45:43,mts0.google.com
2013-10-12 09:45:43,mts1.google.com
2013-10-12 09:45:43,maps.google.fr
2013-10-12 09:45:44,mts0.google.com
2013-10-12 09:45:44,khms0.google.fr
2013-10-12 09:45:44,khms1.google.fr
2013-10-12 09:45:44,mts1.google.com
2013-10-12 09:45:45,khms0.google.fr
2013-10-12 09:45:45,khms1.google.fr
2013-10-12 09:45:45,mts0.google.com
2013-10-12 09:45:45,mts1.google.com
2013-10-12 09:45:46,khms1.google.fr
2013-10-12 09:45:46,khms0.google.fr
2013-10-12 09:45:46,mts1.google.com
2013-10-12 09:45:46,mts0.google.com
2013-10-12 09:45:46,maps.google.fr
2013-10-12 09:45:47,mts1.google.com
2013-10-12 09:45:47,khms0.google.fr
2013-10-12 09:45:47,mts0.google.com
2013-10-12 09:45:47,khms1.google.fr
2013-10-12 09:45:48,khms1.google.fr
2013-10-12 09:45:48,khms0.google.fr
2013-10-12 09:45:48,mts0.google.com
2013-10-12 09:45:49,maps.google.fr
2013-10-12 09:45:49,khms1.google.fr
2013-10-12 09:45:49,khms0.google.fr
2013-10-12 09:45:50,maps.google.fr
2013-10-12 09:45:50,khms1.google.fr
2013-10-12 09:45:50,khms0.google.fr
2013-10-12 09:45:51,mts1.google.com
2013-10-12 09:45:51,maps.google.fr
2013-10-12 09:45:51,khms0.google.fr
2013-10-12 09:45:52,mts1.google.com
2013-10-12 09:45:52,khms1.google.fr
2013-10-12 09:45:58,mts1.google.com
2013-10-12 09:45:58,khms0.google.fr
2013-10-12 09:45:58,maps.google.fr
2013-10-12 09:45:58,khms1.google.fr
2013-10-12 09:45:58,mts0.google.com
2013-10-12 09:45:59,mts0.google.com
2013-10-12 09:45:59,mts1.google.com
2013-10-12 09:46:00,khms1.google.fr
2013-10-12 09:46:00,khms0.google.fr
2013-10-12 09:46:00,mts1.google.com
2013-10-12 09:46:00,mts0.google.com
2013-10-12 09:46:01,khms0.google.fr
2013-10-12 09:46:01,mts0.google.com
2013-10-12 09:46:01,mts1.google.com
2013-10-12 09:46:01,khms1.google.fr
2013-10-12 09:46:02,mts0.google.com
2013-10-12 09:46:02,mts1.google.com
2013-10-12 09:46:02,maps.google.fr
2013-10-12 09:46:03,mts0.google.com
2013-10-12 09:46:03,maps.google.fr
2013-10-12 09:46:03,khms1.google.fr
2013-10-12 09:46:03,khms0.google.fr
2013-10-12 09:46:04,khms1.google.fr
2013-10-12 09:46:04,khms0.google.fr
2013-10-12 09:46:05,khms0.google.fr
2013-10-12 09:46:05,khms1.google.fr
2013-10-12 09:46:06,khms0.google.fr
2013-10-12 09:46:06,maps.google.fr
2013-10-12 09:46:10,mts1.google.com
2013-10-12 09:46:10,mts0.google.com
2013-10-12 09:46:10,khms0.google.fr
2013-10-12 09:46:10,khms1.google.fr
2013-10-12 09:46:10,maps.google.fr
2013-10-12 09:46:11,cbks3.google.com
2013-10-12 09:46:11,mts0.google.com
2013-10-12 09:46:11,mts1.google.com
2013-10-12 09:46:12,mts1.google.com
2013-10-12 09:46:12,mts0.google.com
2013-10-12 09:46:12,maps.google.fr
2013-10-12 09:46:12,cbks3.google.com
2013-10-12 09:46:12,khms0.google.fr
2013-10-12 09:46:12,khms1.google.fr
2013-10-12 09:46:13,khms0.google.fr
2013-10-12 09:46:14,khms1.google.fr
2013-10-12 09:46:14,khms0.google.fr
2013-10-12 09:46:14,mts1.google.com
2013-10-12 09:46:14,maps.google.fr
2013-10-12 09:46:15,mts0.google.com
2013-10-12 09:46:15,mts1.google.com
2013-10-12 09:46:16,mts0.google.com
2013-10-12 09:46:16,mts1.google.com
2013-10-12 09:46:16,khms0.google.fr
2013-10-12 09:46:17,khms1.google.fr
2013-10-12 09:46:17,khms0.google.fr
2013-10-12 09:46:17,mts1.google.com
2013-10-12 09:46:17,mts0.google.com
2013-10-12 09:46:18,mts1.google.com
2013-10-12 09:46:18,mts0.google.com
2013-10-12 09:46:19,khms1.google.fr
2013-10-12 09:46:19,mts1.google.com
2013-10-12 09:46:19,mts0.google.com
2013-10-12 09:46:19,khms0.google.fr
2013-10-12 09:46:20,khms1.google.fr
2013-10-12 09:46:20,mts1.google.com
2013-10-12 09:46:20,khms0.google.fr
2013-10-12 09:46:20,mts0.google.com
2013-10-12 09:46:21,khms1.google.fr
2013-10-12 09:46:21,mts1.google.com
2013-10-12 09:46:21,mts0.google.com
2013-10-12 09:46:21,khms0.google.fr
2013-10-12 09:46:22,khms1.google.fr
2013-10-12 09:46:22,khms0.google.fr
2013-10-12 09:46:23,khms1.google.fr
2013-10-12 09:46:25,khms1.google.fr
2013-10-12 09:46:28,maps.google.fr
2013-10-12 09:46:28,mts0.google.com
2013-10-12 09:46:28,mts1.google.com
2013-10-12 09:46:28,khms1.google.fr
2013-10-12 09:46:28,khms0.google.fr
2013-10-12 09:46:29,mts1.google.com
2013-10-12 09:46:29,mts0.google.com
2013-10-12 09:46:29,khms1.google.fr
2013-10-12 09:46:29,khms0.google.fr
2013-10-12 09:46:30,mts0.google.com
2013-10-12 09:46:30,mts1.google.com
2013-10-12 09:46:30,maps.google.fr
2013-10-12 09:46:31,mts0.google.com
2013-10-12 09:46:31,mts1.google.com
2013-10-12 09:46:31,khms1.google.fr
2013-10-12 09:46:31,khms0.google.fr
2013-10-12 09:46:32,khms0.google.fr
2013-10-12 09:46:32,khms1.google.fr
2013-10-12 09:46:33,khms0.google.fr
2013-10-12 09:46:33,mts0.google.com
2013-10-12 09:46:33,maps.google.fr
2013-10-12 09:46:33,mts1.google.com
2013-10-12 09:46:34,khms1.google.fr
2013-10-12 09:46:34,khms0.google.fr
2013-10-12 09:46:34,mts1.google.com
2013-10-12 09:46:34,mts0.google.com
2013-10-12 09:46:35,khms0.google.fr
2013-10-12 09:46:35,khms1.google.fr
2013-10-12 09:46:36,mts1.google.com
2013-10-12 09:46:36,mts0.google.com
2013-10-12 09:46:37,mts0.google.com
2013-10-12 09:46:37,mts1.google.com
2013-10-12 09:46:37,maps.google.fr
2013-10-12 09:46:38,mts0.google.com
2013-10-12 09:46:38,khms1.google.fr
2013-10-12 09:46:38,khms0.google.fr
2013-10-12 09:46:38,maps.google.fr
2013-10-12 09:46:39,mts1.google.com
2013-10-12 09:46:39,mts0.google.com
2013-10-12 09:46:39,khms1.google.fr
2013-10-12 09:46:39,khms0.google.fr
2013-10-12 09:46:40,mts0.google.com
2013-10-12 09:46:40,khms0.google.fr
2013-10-12 09:46:40,mts1.google.com
2013-10-12 09:46:40,khms1.google.fr
2013-10-12 09:46:41,mts0.google.com
2013-10-12 09:46:41,khms0.google.fr
2013-10-12 09:46:41,khms1.google.fr
2013-10-12 09:46:41,mts1.google.com
2013-10-12 09:46:42,khms0.google.fr
2013-10-12 09:46:42,mts0.google.com
2013-10-12 09:46:42,khms1.google.fr
2013-10-12 09:46:42,mts1.google.com
2013-10-12 09:46:43,khms1.google.fr
2013-10-12 09:46:43,mts0.google.com
2013-10-12 09:46:43,maps.google.fr
2013-10-12 09:46:43,mts1.google.com
2013-10-12 09:46:43,khms0.google.fr
2013-10-12 09:46:44,mts1.google.com
2013-10-12 09:46:44,mts0.google.com
2013-10-12 09:46:44,khms0.google.fr
2013-10-12 09:46:44,khms1.google.fr
2013-10-12 09:46:45,khms1.google.fr
2013-10-12 09:46:45,khms0.google.fr
2013-10-12 09:46:46,khms0.google.fr
2013-10-12 09:46:47,khms1.google.fr
2013-10-12 09:46:47,khms0.google.fr
2013-10-12 09:46:47,maps.google.fr
2013-10-12 09:46:47,mts1.google.com
2013-10-12 09:46:47,mts0.google.com
2013-10-12 09:46:49,khms1.google.fr
2013-10-12 09:46:49,khms0.google.fr
2013-10-12 09:46:49,mts0.google.com
2013-10-12 09:46:49,mts1.google.com
2013-10-12 09:46:50,khms0.google.fr
2013-10-12 09:46:53,khms1.google.fr
2013-10-12 09:46:55,khms1.google.fr
2013-10-12 09:46:55,maps.google.fr
2013-10-12 09:46:55,mts1.google.com
2013-10-12 09:46:55,mts0.google.com
2013-10-12 09:46:55,khms0.google.fr
2013-10-12 09:46:56,mts1.google.com
2013-10-12 09:46:56,khms1.google.fr
2013-10-12 09:46:56,khms0.google.fr
2013-10-12 09:46:56,mts0.google.com
2013-10-12 09:46:57,mts0.google.com
2013-10-12 09:46:57,khms1.google.fr
2013-10-12 09:46:57,mts1.google.com
2013-10-12 09:46:57,khms0.google.fr
2013-10-12 09:46:58,khms0.google.fr
2013-10-12 09:46:58,khms1.google.fr
2013-10-12 09:46:58,mts1.google.com
2013-10-12 09:46:58,mts0.google.com
2013-10-12 09:46:59,mts0.google.com
2013-10-12 09:47:02,mts0.google.com
2013-10-12 09:47:02,mts1.google.com
2013-10-12 09:47:02,khms0.google.fr
2013-10-12 09:47:02,khms1.google.fr
2013-10-12 09:47:03,mts1.google.com
2013-10-12 09:47:03,mts0.google.com
2013-10-12 09:47:04,khms0.google.fr
2013-10-12 09:47:04,khms1.google.fr
2013-10-12 09:47:04,mts1.google.com
2013-10-12 09:47:04,mts0.google.com
2013-10-12 09:47:05,maps.google.fr
2013-10-12 09:47:05,khms0.google.fr
2013-10-12 09:47:05,khms1.google.fr
2013-10-12 09:47:06,khms0.google.fr
2013-10-12 09:47:17,khms0.google.fr
2013-10-12 09:47:17,maps.google.fr
2013-10-12 09:47:18,mts1.google.com
2013-10-12 09:47:18,khms0.google.fr
2013-10-12 09:47:18,mts0.google.com
2013-10-12 09:47:18,khms1.google.fr
2013-10-12 09:47:19,mts0.google.com
2013-10-12 09:47:20,mts1.google.com
2013-10-12 09:47:21,mts1.google.com
2013-10-12 09:47:21,khms1.google.fr
2013-10-12 09:47:21,khms0.google.fr
2013-10-12 09:47:21,maps.google.fr
2013-10-12 09:47:21,mts0.google.com
2013-10-12 09:47:23,mts1.google.com
2013-10-12 09:47:33,khms1.google.fr
2013-10-12 09:47:33,maps.google.fr
2013-10-12 09:47:33,mts1.google.com
2013-10-12 09:47:33,khms0.google.fr
2013-10-12 09:47:33,mts0.google.com
2013-10-12 09:47:34,mts1.google.com
2013-10-12 09:47:36,khms0.google.fr
2013-10-12 09:47:53,khms0.google.fr
2013-10-12 09:47:53,khms1.google.fr
2013-10-12 09:47:53,maps.google.fr
2013-10-12 09:47:54,maps.google.fr
2013-10-12 09:47:54,mts1.google.com
2013-10-12 09:47:54,mts0.google.com
2013-10-12 09:47:54,khms0.google.fr
2013-10-12 09:47:54,khms1.google.fr
2013-10-12 09:47:55,khms0.google.fr
2013-10-12 09:47:55,mts1.google.com
2013-10-12 09:47:55,mts0.google.com
2013-10-12 09:47:55,khms1.google.fr
2013-10-12 09:47:57,mts0.google.com
2013-10-12 09:47:57,khms0.google.fr
2013-10-12 09:48:03,khms0.google.fr
2013-10-12 09:48:11,khms0.google.fr
2013-10-12 09:48:11,khms1.google.fr
2013-10-12 09:48:11,maps.google.fr
2013-10-12 09:48:11,mts1.google.com
2013-10-12 09:48:11,mts0.google.com
2013-10-12 09:48:12,khms0.google.fr
2013-10-12 09:48:12,khms1.google.fr
2013-10-12 09:48:12,mts0.google.com
2013-10-12 09:48:12,mts1.google.com
2013-10-12 09:48:13,khms1.google.fr
2013-10-12 09:48:13,mts0.google.com
2013-10-12 09:48:13,khms0.google.fr
2013-10-12 09:48:13,mts1.google.com
2013-10-12 09:48:14,mts0.google.com
2013-10-12 09:48:14,mts1.google.com
2013-10-12 09:48:14,khms0.google.fr
2013-10-12 09:48:15,khms0.google.fr
2013-10-12 09:48:15,khms1.google.fr
2013-10-12 09:48:16,khms0.google.fr
2013-10-12 09:48:18,khms0.google.fr
2013-10-12 09:48:18,khms1.google.fr
2013-10-12 09:48:18,maps.google.fr
2013-10-12 09:48:20,mts0.google.com
2013-10-12 09:48:20,mts1.google.com
2013-10-12 09:48:20,khms1.google.fr
2013-10-12 09:48:33,khms0.google.fr
2013-10-12 09:48:33,maps.google.fr
2013-10-12 09:48:33,mts1.google.com
2013-10-12 09:48:33,mts0.google.com
2013-10-12 09:48:34,khms1.google.fr
2013-10-12 09:48:34,khms0.google.fr
2013-10-12 09:48:34,mts0.google.com
2013-10-12 09:48:35,khms1.google.fr
2013-10-12 09:48:35,khms0.google.fr
2013-10-12 09:48:36,khms1.google.fr
2013-10-12 09:48:36,mts1.google.com
2013-10-12 09:48:36,mts0.google.com
2013-10-12 09:48:36,khms0.google.fr
2013-10-12 09:48:37,mts1.google.com
2013-10-12 09:48:37,mts0.google.com
2013-10-12 09:48:37,maps.google.fr
2013-10-12 09:48:37,khms0.google.fr
2013-10-12 09:48:37,khms1.google.fr
2013-10-12 09:48:38,khms1.google.fr
2013-10-12 09:48:38,mts0.google.com
2013-10-12 09:48:38,khms0.google.fr
2013-10-12 09:48:39,khms1.google.fr
2013-10-12 09:48:39,mts1.google.com
2013-10-12 09:48:39,khms0.google.fr
2013-10-12 09:48:40,maps.google.fr
2013-10-12 09:48:40,mts1.google.com
2013-10-12 09:48:40,mts0.google.com
2013-10-12 09:48:40,khms0.google.fr
2013-10-12 09:48:41,mts0.google.com
2013-10-12 09:48:41,mts1.google.com
2013-10-12 09:48:41,khms0.google.fr
2013-10-12 09:48:41,khms1.google.fr
2013-10-12 09:48:42,khms0.google.fr
2013-10-12 09:48:42,mts0.google.com
2013-10-12 09:48:43,khms1.google.fr
2013-10-12 09:48:44,khms1.google.fr
2013-10-12 09:48:44,khms0.google.fr
2013-10-12 09:49:09,maps.google.fr
2013-10-12 09:50:29,mts0.google.com
2013-10-12 09:50:29,khms0.google.fr
2013-10-12 09:50:29,mts1.google.com
2013-10-12 09:50:29,maps.google.fr
2013-10-12 09:50:29,khms1.google.fr
2013-10-12 09:50:30,mts1.google.com
2013-10-12 09:50:30,mts0.google.com
2013-10-12 09:50:30,mts3.google.com
2013-10-12 09:50:30,mts2.google.com
2013-10-12 09:50:31,mts2.google.com
2013-10-12 09:50:35,mts2.google.com
2013-10-12 09:50:36,mts3.google.com
2013-10-12 09:50:36,mts2.google.com
2013-10-12 09:50:36,mw2.google.com
2013-10-12 09:51:55,mts2.google.com
2013-10-12 09:51:55,mts1.google.com
2013-10-12 09:51:55,mts3.google.com
2013-10-12 09:51:56,mts1.google.com
2013-10-12 09:51:56,mts3.google.com
2013-10-12 09:51:56,mw2.google.com
2013-10-12 09:51:56,mts0.google.com
2013-10-12 09:51:59,khms0.google.fr
2013-10-12 09:51:59,maps.google.fr
2013-10-12 09:51:59,mts1.google.com
2013-10-12 09:51:59,khms1.google.fr
2013-10-12 09:51:59,mts0.google.com
2013-10-12 09:51:59,mts3.google.com
2013-10-12 09:52:00,mts3.google.com
2013-10-12 09:52:00,mts0.google.com
2013-10-12 09:52:00,mts1.google.com
2013-10-12 09:52:00,mts2.google.com
2013-10-12 09:52:01,mts0.google.com
2013-10-12 09:52:02,mts0.google.com
2013-10-12 09:52:02,maps.google.fr
2013-10-12 09:52:02,mts2.google.com
2013-10-12 09:52:02,mts3.google.com
2013-10-12 09:52:02,mts1.google.com
2013-10-12 09:52:03,mts0.google.com
2013-10-12 09:52:03,maps.google.fr
2013-10-12 09:52:03,mts1.google.com
2013-10-12 09:52:03,khms0.google.fr
2013-10-12 09:52:03,khms1.google.fr
2013-10-12 09:52:05,khms0.google.fr
2013-10-12 09:52:05,maps.google.fr
2013-10-12 09:52:05,mts2.google.com
2013-10-12 09:52:05,mts3.google.com
2013-10-12 09:52:05,mts1.google.com
2013-10-12 09:52:05,mts0.google.com
2013-10-12 09:52:05,khms1.google.fr
2013-10-12 09:52:07,mts2.google.com
2013-10-12 09:52:07,mts3.google.com
2013-10-12 09:52:07,mts0.google.com
2013-10-12 09:52:08,mts3.google.com
2013-10-12 09:52:08,mts1.google.com
2013-10-12 09:53:04,mts1.google.com
2013-10-12 09:54:00,mw2.google.com
2013-10-12 09:54:00,maps.google.fr
2013-10-12 09:54:00,mts2.google.com
2013-10-12 09:54:00,khms0.google.fr
2013-10-12 09:54:00,mts0.google.com
2013-10-12 09:54:00,mts1.google.com
2013-10-12 09:54:00,mts3.google.com
2013-10-12 09:54:00,khms1.google.fr
2013-10-12 09:54:03,khms0.google.fr
2013-10-12 09:55:17,mts1.google.com
2013-10-12 09:55:17,khms1.google.fr
2013-10-12 09:55:17,khms0.google.fr
2013-10-12 09:55:17,mts3.google.com
2013-10-12 09:55:17,mts2.google.com
2013-10-12 09:56:45,maps.google.fr
2013-10-12 09:56:48,mts0.google.com
2013-10-12 09:56:48,khms0.google.fr
2013-10-12 09:56:48,mts1.google.com
2013-10-12 09:56:48,mts3.google.com
2013-10-12 09:56:48,khms1.google.fr
2013-10-12 09:57:01,khms0.google.fr
2013-10-12 09:57:01,mw2.google.com
2013-10-12 09:57:01,mts2.google.com
2013-10-12 09:57:01,mts1.google.com
2013-10-12 09:57:01,mts0.google.com
2013-10-12 09:57:01,maps.google.fr
2013-10-12 09:57:01,khms1.google.fr
2013-10-12 09:57:02,khms1.google.fr
2013-10-12 09:57:02,khms0.google.fr
2013-10-12 09:57:02,mts0.google.com
2013-10-12 09:57:02,mts1.google.com
2013-10-12 09:57:02,maps.google.fr
2013-10-12 09:57:03,khms0.google.fr
2013-10-12 09:57:03,mts0.google.com
2013-10-12 09:57:03,mts1.google.com
2013-10-12 09:57:03,khms1.google.fr
2013-10-12 09:57:04,khms1.google.fr
2013-10-12 09:57:04,khms0.google.fr
2013-10-12 09:57:05,khms0.google.fr
2013-10-12 09:57:21,khms1.google.fr
2013-10-12 09:57:22,khms0.google.fr
2013-10-12 09:57:22,mts0.google.com
2013-10-12 09:57:24,mts1.google.com
2013-10-12 09:57:28,khms1.google.fr
2013-10-12 09:57:28,maps.google.fr
2013-10-12 09:57:28,mts0.google.com
2013-10-12 09:57:28,mts1.google.com
2013-10-12 09:57:29,khms1.google.fr
2013-10-12 09:57:29,khms0.google.fr
2013-10-12 09:57:29,mts1.google.com
2013-10-12 09:57:32,khms1.google.fr
2013-10-12 09:57:32,mts0.google.com
2013-10-12 09:57:32,maps.google.fr
2013-10-12 09:57:32,khms0.google.fr
2013-10-12 09:57:34,khms1.google.fr
2013-10-12 09:57:34,mts1.google.com
2013-10-12 09:57:35,khms0.google.fr
2013-10-12 09:57:35,mts0.google.com
2013-10-12 09:57:35,mts1.google.com
2013-10-12 09:57:35,maps.google.fr
2013-10-12 09:57:36,mts0.google.com
2013-10-12 09:57:36,khms1.google.fr
2013-10-12 09:57:36,khms0.google.fr
2013-10-12 09:57:36,mts1.google.com
2013-10-12 09:57:37,mts0.google.com
2013-10-12 09:57:37,mts1.google.com
2013-10-12 09:57:37,khms0.google.fr
2013-10-12 09:57:37,khms1.google.fr
2013-10-12 09:57:38,khms0.google.fr
2013-10-12 09:57:39,khms1.google.fr
2013-10-12 09:57:40,mts1.google.com
2013-10-12 09:57:40,mts0.google.com
2013-10-12 09:57:40,khms1.google.fr
2013-10-12 09:57:40,khms0.google.fr
2013-10-12 09:57:41,mts1.google.com
2013-10-12 09:57:41,mts0.google.com
2013-10-12 09:57:41,khms1.google.fr
2013-10-12 09:57:41,khms0.google.fr
2013-10-12 09:57:41,maps.google.fr
2013-10-12 09:57:42,khms0.google.fr
2013-10-12 09:57:42,mts0.google.com
2013-10-12 09:57:42,khms1.google.fr
2013-10-12 09:57:42,mts1.google.com
2013-10-12 09:57:43,mts1.google.com
2013-10-12 09:57:43,khms0.google.fr
2013-10-12 09:57:43,khms1.google.fr
2013-10-12 09:57:44,khms1.google.fr
2013-10-12 09:57:45,khms1.google.fr
2013-10-12 09:57:45,mts1.google.com
2013-10-12 09:57:45,mts0.google.com
2013-10-12 09:57:45,khms0.google.fr
2013-10-12 09:57:46,mts1.google.com
2013-10-12 09:57:46,khms0.google.fr
2013-10-12 09:57:46,khms1.google.fr
2013-10-12 09:57:46,mts0.google.com
2013-10-12 09:57:47,mts1.google.com
2013-10-12 09:58:01,mts0.google.com
2013-10-12 09:58:01,mts1.google.com
2013-10-12 09:58:01,khms0.google.fr
2013-10-12 09:58:01,khms1.google.fr
2013-10-12 09:58:02,mts0.google.com
2013-10-12 09:58:02,khms1.google.fr
2013-10-12 09:58:02,khms0.google.fr
2013-10-12 09:58:02,mts1.google.com
2013-10-12 09:58:02,maps.google.fr
2013-10-12 09:58:03,khms1.google.fr
2013-10-12 09:58:03,khms0.google.fr
2013-10-12 09:58:04,khms1.google.fr
2013-10-12 09:58:04,khms0.google.fr
2013-10-12 09:58:05,khms0.google.fr
2013-10-12 09:58:11,khms0.google.fr
2013-10-12 09:58:11,khms1.google.fr
2013-10-12 09:58:11,mts1.google.com
2013-10-12 09:58:11,mts0.google.com
2013-10-12 09:58:12,mts1.google.com
2013-10-12 09:58:12,khms0.google.fr
2013-10-12 09:58:12,khms1.google.fr
2013-10-12 09:58:12,maps.google.fr
2013-10-12 09:58:12,mts0.google.com
2013-10-12 09:58:13,khms0.google.fr
2013-10-12 09:58:13,khms1.google.fr
2013-10-12 09:58:14,khms0.google.fr
2013-10-12 09:58:15,khms0.google.fr
2013-10-12 09:58:15,khms1.google.fr
2013-10-12 09:58:15,mts1.google.com
2013-10-12 09:58:15,mts0.google.com
2013-10-12 09:58:16,mts1.google.com
2013-10-12 09:58:16,mts0.google.com
2013-10-12 09:58:16,khms1.google.fr
2013-10-12 09:58:16,khms0.google.fr
2013-10-12 09:58:17,mts0.google.com
2013-10-12 09:58:17,maps.google.fr
2013-10-12 09:58:17,khms1.google.fr
2013-10-12 09:58:17,khms0.google.fr
2013-10-12 09:58:18,mts0.google.com
2013-10-12 09:58:18,mts1.google.com
2013-10-12 09:58:18,maps.google.fr
2013-10-12 09:58:19,khms1.google.fr
2013-10-12 09:58:19,khms0.google.fr
2013-10-12 09:58:19,mts0.google.com
2013-10-12 09:58:20,khms0.google.fr
2013-10-12 09:58:20,khms1.google.fr
2013-10-12 09:58:21,khms0.google.fr
2013-10-12 09:58:30,khms1.google.fr
2013-10-12 09:58:31,maps.google.fr
2013-10-12 09:58:31,khms0.google.fr
2013-10-12 09:58:31,khms1.google.fr
2013-10-12 09:58:31,mts0.google.com
2013-10-12 09:58:31,mts1.google.com
2013-10-12 09:58:32,khms1.google.fr
2013-10-12 09:58:32,khms0.google.fr
2013-10-12 09:58:34,maps.google.fr
2013-10-12 09:58:34,mts0.google.com
2013-10-12 09:58:35,mts1.google.com
2013-10-12 09:58:35,khms1.google.fr
2013-10-12 09:58:37,mts1.google.com
2013-10-12 09:58:38,khms1.google.fr
2013-10-12 09:58:38,mts1.google.com
2013-10-12 09:58:39,khms1.google.fr
2013-10-12 09:58:39,khms0.google.fr
2013-10-12 09:58:39,mts0.google.com
2013-10-12 09:58:39,maps.google.fr
2013-10-12 09:58:39,mts1.google.com
2013-10-12 09:58:42,mts1.google.com
2013-10-12 09:58:42,khms1.google.fr
2013-10-12 09:58:42,khms0.google.fr
2013-10-12 09:58:42,mts0.google.com
2013-10-12 09:58:44,mts1.google.com
2013-10-12 09:58:44,mts0.google.com
2013-10-12 09:58:44,khms1.google.fr
2013-10-12 09:58:44,khms0.google.fr
2013-10-12 09:58:54,khms1.google.fr
2013-10-12 09:58:54,khms0.google.fr
2013-10-12 09:58:54,maps.google.fr
2013-10-12 09:58:54,mts0.google.com
2013-10-12 09:58:54,mts1.google.com
2013-10-12 09:58:55,khms0.google.fr
2013-10-12 09:58:55,mts0.google.com
2013-10-12 09:58:55,mts1.google.com
2013-10-12 09:58:55,khms1.google.fr
2013-10-12 09:58:56,khms0.google.fr
2013-10-12 09:58:56,khms1.google.fr
2013-10-12 09:58:57,khms0.google.fr
2013-10-12 09:59:00,khms1.google.fr
2013-10-12 09:59:00,khms0.google.fr
2013-10-12 09:59:00,mts0.google.com
2013-10-12 09:59:00,mts1.google.com
2013-10-12 09:59:00,maps.google.fr
2013-10-12 09:59:01,mts0.google.com
2013-10-12 09:59:01,mts1.google.com
2013-10-12 09:59:01,khms0.google.fr
2013-10-12 09:59:01,khms1.google.fr
2013-10-12 09:59:02,khms0.google.fr
2013-10-12 09:59:02,khms1.google.fr
2013-10-12 09:59:03,mts0.google.com
2013-10-12 09:59:03,mts1.google.com
2013-10-12 09:59:04,maps.google.fr
2013-10-12 09:59:04,mts0.google.com
2013-10-12 09:59:04,khms0.google.fr
2013-10-12 09:59:04,khms1.google.fr
2013-10-12 09:59:05,khms0.google.fr
2013-10-12 09:59:05,khms1.google.fr
2013-10-12 09:59:05,maps.google.fr
2013-10-12 09:59:05,mts0.google.com
2013-10-12 09:59:06,mts1.google.com
2013-10-12 09:59:06,mts0.google.com
2013-10-12 09:59:06,khms0.google.fr
2013-10-12 09:59:06,khms1.google.fr
2013-10-12 09:59:07,khms0.google.fr
2013-10-12 09:59:07,khms1.google.fr
2013-10-12 09:59:08,khms1.google.fr
2013-10-12 09:59:08,khms0.google.fr
2013-10-12 09:59:09,khms0.google.fr
2013-10-12 09:59:10,maps.google.fr
2013-10-12 09:59:10,khms0.google.fr
2013-10-12 09:59:10,mts0.google.com
2013-10-12 09:59:10,mts1.google.com
2013-10-12 09:59:18,mts1.google.com
2013-10-12 10:00:26,mts0.google.com
2013-10-12 10:00:43,mts1.google.com
2013-10-12 10:00:43,khms1.google.fr
2013-10-12 10:00:44,maps.google.fr
2013-10-12 10:02:35,mts0.google.com
2013-10-12 10:03:09,khms1.google.fr
2013-10-12 10:03:09,maps.google.fr
2013-10-12 10:03:09,mts1.google.com
2013-10-12 10:03:10,khms0.google.fr
2013-10-12 10:03:11,khms0.google.fr
2013-10-12 10:03:14,khms0.google.fr
2013-10-12 10:05:10,mts1.google.com
2013-10-12 10:05:10,mts0.google.com
2013-10-12 10:05:10,maps.google.fr
2013-10-12 10:05:10,khms1.google.fr
2013-10-12 11:43:27,www.google.com
2013-10-12 11:43:28,www.google.fr
2013-10-12 11:43:36,www.google.fr
2013-10-12 11:43:36,www.1980-games.com
2013-10-12 11:43:36,home.love.easyrencontre.com
2013-10-12 11:43:37,promo.ezstatic.com
2013-10-12 11:43:37,promo.easy-dating.org
2013-10-12 11:43:38,www.1980-games.com
2013-10-12 11:43:39,dating.ezstatic.com
2013-10-12 11:43:39,promo.ezstatic.com
2013-10-12 11:43:39,www.google.com
2013-10-12 11:56:13,mts0.google.com
2013-11-26 08:57:11,cnfg.toolbarservices.com
2013-11-26 08:57:14,www.google.com
2013-11-26 08:57:14,utils.delta-search.com
2013-11-26 08:57:15,ajax.googleapis.com
2013-11-26 08:57:15,fpdownload2.macromedia.com
2013-11-26 08:57:16,ajax.googleapis.com
2013-11-26 08:57:16,img.babylon.com
2013-11-26 08:57:17,ajax.googleapis.com
2013-11-26 08:58:22,javadl-esd-secure.oracle.com
2013-11-26 09:00:03,ieonline.microsoft.com
2013-11-26 09:00:39,www.google.com
2013-11-26 09:02:40,go.microsoft.com
2013-11-26 09:02:40,ieonline.microsoft.com
2013-11-26 09:03:01,img.babylon.com
2013-11-26 09:03:41,img.babylon.com
2013-11-26 09:10:08,javadl-esd-secure.oracle.com
2013-11-26 09:30:45,img.babylon.com
2013-11-26 09:31:51,img.babylon.com
2013-11-26 09:31:58,ad.foxitsoftware.com
2013-12-17 10:09:43,office14client.microsoft.com
2013-12-17 10:09:44,office.microsoft.com
2013-12-17 10:09:50,office.microsoft.com
2013-12-17 10:39:46,fpdownload2.macromedia.com
2013-12-17 10:39:54,google.fr
2013-12-17 10:39:54,www.google.fr
2013-12-17 10:39:55,www.google.fr
2013-12-17 10:39:58,www.google.com
2013-12-17 10:39:59,apis.google.com
2013-12-17 10:40:59,apis.google.com
2013-12-17 10:40:59,www.google.com
2013-12-17 10:40:59,www.google.fr
2013-12-17 10:41:00,www.google.fr
2013-12-17 10:42:41,ieonline.microsoft.com
2013-12-17 10:47:51,www.google.fr
2013-12-17 10:47:52,www.google.fr
2013-12-17 10:48:20,www.google.fr
2013-12-17 10:48:22,demo.joomlashine.com
2013-12-17 10:48:22,www.clg-pagnol-bonnieres.ac-versailles.fr
2013-12-17 10:48:22,www.google.fr
2013-12-17 10:48:23,www.clg-pagnol-bonnieres.ac-versailles.fr
2013-12-17 10:48:24,www.clg-pagnol-bonnieres.ac-versailles.fr
2013-12-17 10:51:14,www.clg-pagnol-bonnieres.ac-versailles.fr
2013-12-17 10:53:14,www.google.fr
2013-12-17 10:54:10,bits.wikimedia.org
2013-12-17 10:54:10,www.google.fr
2013-12-17 10:54:10,fr.wikipedia.org
2013-12-17 10:54:11,bits.wikimedia.org
2013-12-17 10:54:11,login.wikimedia.org
2013-12-17 10:54:12,meta.wikimedia.org
2013-12-17 10:54:12,bits.wikimedia.org
2013-12-17 10:54:12,fr.wikipedia.org
2013-12-17 10:54:13,meta.wikimedia.org
2013-12-17 10:54:13,bits.wikimedia.org
2013-12-17 10:54:14,bits.wikimedia.org
2013-12-17 10:54:29,en.wikipedia.org
2013-12-17 10:54:29,bits.wikimedia.org
2013-12-17 10:54:30,login.wikimedia.org
2013-12-17 10:54:30,meta.wikimedia.org
2013-12-17 10:54:30,bits.wikimedia.org
2013-12-17 10:54:31,en.wikipedia.org
2013-12-17 10:54:31,bits.wikimedia.org
2013-12-17 10:54:31,meta.wikimedia.org
2013-12-17 10:55:13,www.google.fr
2013-12-17 10:55:14,www.google.fr
2013-12-17 10:55:32,www.google.fr
2013-12-17 10:55:34,clients1.google.fr
2013-12-17 10:55:35,clients1.google.fr
2013-12-17 10:55:35,www.google.fr
2013-12-17 10:55:36,www.google.fr
2013-12-17 10:55:45,clients1.google.fr
2013-12-17 10:55:45,www.google.fr
2013-12-17 10:55:46,www.google.fr
2013-12-17 10:55:54,www.google.fr
2013-12-17 10:55:54,laculturevolcan.blogspot.com
2013-12-17 10:55:55,www.google.com
2013-12-17 10:55:55,www.blogger.com
2013-12-17 10:55:55,ajax.googleapis.com
2013-12-17 10:55:55,img1.blogblog.com
2013-12-17 10:55:55,laculturevolcan.blogspot.fr
2013-12-17 10:55:55,www.google.fr
2013-12-17 10:55:55,2.bp.blogspot.com
2013-12-17 10:55:56,4.bp.blogspot.com
2013-12-17 10:55:56,3.bp.blogspot.com
2013-12-17 10:55:56,1.bp.blogspot.com
2013-12-17 10:56:00,www.blogger.com
2013-12-17 10:56:01,apis.google.com
2013-12-17 10:56:01,platform.twitter.com
2013-12-17 10:56:01,img2.blogblog.com
2013-12-17 10:56:01,1.bp.blogspot.com
2013-12-17 10:56:01,www.google.com
2013-12-17 10:56:01,3.bp.blogspot.com
2013-12-17 10:56:01,www.blogblog.com
2013-12-17 10:56:01,www.guide-etna.com
2013-12-17 10:56:01,www.blogger.com
2013-12-17 10:56:02,maps.google.fr
2013-12-17 10:56:02,www.blogger.com
2013-12-17 10:56:03,www.blogger.com
2013-12-17 10:56:03,www.google.com
2013-12-17 10:56:03,ajax.googleapis.com
2013-12-17 10:56:03,apis.google.com
2013-12-17 10:56:04,mts1.google.com
2013-12-17 10:56:04,khms0.google.fr
2013-12-17 10:56:04,accounts.google.com
2013-12-17 10:56:04,maps.google.fr
2013-12-17 10:56:04,khms1.google.fr
2013-12-17 10:56:04,mts0.google.com
2013-12-17 10:56:04,platform.twitter.com
2013-12-17 10:56:04,www.blogger.com
2013-12-17 10:56:04,apis.google.com
2013-12-17 10:56:05,khms1.google.fr
2013-12-17 10:56:05,mts0.google.com
2013-12-17 10:56:05,mts1.google.com
2013-12-17 10:56:05,accounts.google.com
2013-12-17 10:56:05,maps.google.fr
2013-12-17 10:56:05,khms0.google.fr
2013-12-17 10:56:06,khms0.google.fr
2013-12-17 10:56:06,mts1.google.com
2013-12-17 10:56:06,mts0.google.com
2013-12-17 10:56:07,mts0.google.com
2013-12-17 10:56:08,khms1.google.fr
2013-12-17 10:56:08,mts1.google.com
2013-12-17 10:56:09,khms1.google.fr
2013-12-17 10:56:09,maps.google.fr
2013-12-17 10:56:09,mts0.google.com
2013-12-17 10:56:09,khms0.google.fr
2013-12-17 10:56:09,www.blogger.com
2013-12-17 10:56:09,pbs.twimg.com
2013-12-17 10:56:09,twitter.com
2013-12-17 10:56:45,www.google.fr
2013-12-17 10:56:45,clients1.google.fr
2013-12-17 10:56:45,blogs.staticskynet.be
2013-12-17 10:56:45,static.skynetblogs.be
2013-12-17 10:56:45,lave-belgique.skynetblogs.be
2013-12-17 10:56:45,common.staticskynet.be
2013-12-17 10:56:46,static.common.skynet.be
2013-12-17 10:56:46,www.skynet.be
2013-12-17 10:56:46,connect.facebook.net
2013-12-17 10:56:46,blogs.staticskynet.be
2013-12-17 10:56:46,bshits.blogspirit.net
2013-12-17 10:56:47,www.facebook.com
2013-12-17 10:56:47,static.ak.facebook.com
2013-12-17 10:56:47,static.skynetblogs.be
2013-12-17 10:56:47,s-static.ak.facebook.com
2013-12-17 10:56:47,blogs.staticskynet.be
2013-12-17 10:56:48,www.facebook.com
2013-12-17 10:56:48,static.skynetblogs.be
2013-12-17 10:56:49,static.skynetblogs.be
2013-12-17 10:56:49,www.facebook.com
2013-12-17 10:56:50,static.skynetblogs.be
2013-12-17 10:56:51,www.facebook.com
2013-12-17 10:56:51,static.skynetblogs.be
2013-12-17 10:56:59,clients1.google.fr
2013-12-17 10:57:13,www.google.fr
2013-12-17 10:57:13,clients1.google.fr
2013-12-17 10:57:20,www.google.fr
2013-12-17 11:00:43,www.google.fr
2013-12-17 11:00:44,blogs.staticskynet.be
2013-12-17 11:00:44,lave-belgique.skynetblogs.be
2013-12-17 11:00:44,common.staticskynet.be
2013-12-17 11:00:44,bshits.blogspirit.net
2013-12-17 11:00:44,www.skynet.be
2013-12-17 11:00:45,static.ak.facebook.com
2013-12-17 11:00:45,s-static.ak.facebook.com
2013-12-17 11:00:47,www.facebook.com
2013-12-17 11:00:47,static.ak.facebook.com
2013-12-17 11:00:48,www.facebook.com
2013-12-17 11:00:49,www.facebook.com
2013-12-17 11:00:50,www.facebook.com
2013-12-17 11:01:08,bshits.blogspirit.net
2013-12-17 11:01:08,common.staticskynet.be
2013-12-17 11:01:08,www.google.fr
2013-12-17 11:01:08,lave-belgique.skynetblogs.be
2013-12-17 11:01:08,blogs.staticskynet.be
2013-12-17 11:01:08,www.skynet.be
2013-12-17 11:01:08,static.ak.facebook.com
2013-12-17 11:01:09,s-static.ak.facebook.com
2013-12-17 11:01:09,static.ak.facebook.com
2013-12-17 11:01:11,www.facebook.com
2013-12-17 11:01:13,static.skynetblogs.be
2013-12-17 11:02:08,www.youtube.com
2013-12-17 11:02:08,s.ytimg.com
2013-12-17 11:02:08,i1.ytimg.com
2013-12-17 11:02:10,s.ytimg.com
2013-12-17 11:02:11,s.ytimg.com
2013-12-17 11:02:11,i1.ytimg.com
2013-12-17 11:02:12,apis.google.com
2013-12-17 11:02:12,s.ytimg.com
2013-12-17 11:02:14,www.youtube.com
2013-12-17 11:02:14,i4.ytimg.com
2013-12-17 11:02:14,s.ytimg.com
2013-12-17 11:02:15,clients1.google.com
2013-12-17 11:02:16,s.ytimg.com
2013-12-17 11:02:22,clients1.google.com
2013-12-17 11:02:23,clients1.google.com
2013-12-17 11:02:24,clients1.google.com
2013-12-17 11:02:25,clients1.google.com
2013-12-17 11:02:25,www.google.com
2013-12-17 11:02:25,www.youtube.com
2013-12-17 11:02:25,s.ytimg.com
2013-12-17 11:02:26,i1.ytimg.com
2013-12-17 11:02:26,apis.google.com
2013-12-17 11:02:27,i1.ytimg.com
2013-12-17 11:02:27,adventori.com
2013-12-17 11:02:28,s.ytimg.com
2013-12-17 11:07:38,www.youtube.com
2013-12-17 11:07:39,i1.ytimg.com
2013-12-17 11:07:39,r4---sn-gxo5uxg-jqbe.googlevideo.com
2013-12-17 11:07:40,i1.ytimg.com
2013-12-17 11:07:40,s.ytimg.com
2013-12-17 11:07:41,s.ytimg.com
2013-12-17 11:07:41,www.youtube.com
2013-12-17 11:07:41,s.youtube.com
2013-12-17 11:07:42,r4---sn-gxo5uxg-jqbe.googlevideo.com
2013-12-17 11:07:42,www.youtube.com
2013-12-17 11:07:43,s.youtube.com
2013-12-17 11:07:43,plus.googleapis.com
2013-12-17 11:07:43,r4---sn-gxo5uxg-jqbe.googlevideo.com
2013-12-17 11:07:44,plus.googleapis.com
2013-12-17 11:07:44,apis.google.com
2013-12-17 11:07:45,i1.ytimg.com
2013-12-17 11:07:46,i1.ytimg.com
2013-12-17 11:07:46,s.youtube.com
2013-12-17 11:07:46,plus.googleapis.com
2013-12-17 11:07:46,www.youtube.com
2013-12-17 11:07:47,i1.ytimg.com
2013-12-17 11:07:47,plus.googleapis.com
2013-12-17 11:07:48,r4---sn-gxo5uxg-jqbe.googlevideo.com
2013-12-17 11:07:50,s.youtube.com
2013-12-17 11:07:55,s.youtube.com
2013-12-17 11:08:05,s.youtube.com
2013-12-17 11:09:42,clients1.google.com
2013-12-17 11:09:45,www.google.fr
2013-12-17 11:10:15,link.springer.com
2013-12-17 11:10:15,www.google.fr
2013-12-17 11:10:16,download.springer.com
2013-12-17 11:12:16,www.google.fr
2013-12-17 11:15:48,www.google.fr
2013-12-17 11:15:49,www.google.fr
2013-12-17 11:17:14,www.google.fr
2013-12-17 11:17:38,www.google.fr
2013-12-17 11:24:54,www.google.fr
2013-12-17 11:24:55,www.google.fr
2013-12-17 11:25:07,clients1.google.fr
2013-12-17 11:25:08,www.google.fr
2013-12-17 11:25:08,clients1.google.fr
2013-12-17 11:25:15,www.google.fr
2013-12-17 11:34:36,office.microsoft.com
2013-12-17 11:34:49,office.microsoft.com
2013-12-17 11:34:57,office.microsoft.com
2013-12-17 11:35:02,office.microsoft.com
2013-12-17 11:35:05,office.microsoft.com
2014-01-30 09:36:54,cnfg.toolbarservices.com
2014-01-30 09:36:56,www.google.com
2014-01-30 09:36:56,utils.delta-search.com
2014-01-30 09:36:56,ajax.googleapis.com
2014-01-30 09:36:56,google.fr
2014-01-30 09:36:57,www.google.fr
2014-01-30 09:36:57,fpdownload2.macromedia.com
2014-01-30 09:36:57,ajax.googleapis.com
2014-01-30 09:36:57,img.babylon.com
2014-01-30 09:37:02,www.google.fr
2014-01-30 09:37:03,www.google.com
2014-01-30 09:37:03,apis.google.com
2014-01-30 09:37:04,www.google.com
2014-01-30 09:37:14,www.google.fr
2014-01-30 09:37:14,apis.google.com
2014-01-30 09:37:14,www.google.com
2014-01-30 09:37:33,www.mindat.org
2014-01-30 09:37:33,ajax.googleapis.com
2014-01-30 09:37:33,www.facebook.com
2014-01-30 09:37:33,www.google.fr
2014-01-30 09:37:33,images.mindat.org
2014-01-30 09:37:34,www.mindat.org
2014-01-30 09:37:34,images.mindat.org
2014-01-30 09:37:34,apis.google.com
2014-01-30 09:37:35,www.mindat.org
2014-01-30 09:37:35,apis.google.com
2014-01-30 09:37:51,apis.google.com
2014-01-30 09:37:51,www.mindat.org
2014-01-30 09:37:51,images.mindat.org
2014-01-30 09:37:52,www.mindat.org
2014-01-30 09:37:52,www.facebook.com
2014-01-30 09:37:52,apis.google.com
2014-01-30 09:37:52,accounts.google.com
2014-01-30 09:37:55,images.mindat.org
2014-01-30 09:37:55,apis.google.com
2014-01-30 09:37:55,accounts.google.com
2014-01-30 09:37:55,www.mindat.org
2014-01-30 09:37:56,www.mindat.org
2014-01-30 09:37:57,www.mindat.org
2014-01-30 09:37:57,www.facebook.com
2014-01-30 09:37:58,apis.google.com
2014-01-30 09:37:59,www.mindat.org
2014-01-30 09:38:02,www.mindat.org
2014-01-30 09:38:03,www.mindat.org
2014-01-30 09:38:04,www.mindat.org
2014-01-30 09:38:05,www.mindat.org
2014-01-30 09:38:06,www.mindat.org
2014-01-30 09:38:10,www.mindat.org
2014-01-30 09:38:11,www.facebook.com
2014-01-30 09:38:11,www.mindat.org
2014-01-30 09:38:12,www.mindat.org
2014-01-30 09:38:17,www.mindat.org
2014-01-30 09:38:17,www.facebook.com
2014-01-30 09:38:19,www.mindat.org
2014-01-30 09:38:22,www.mindat.org
2014-01-30 09:38:23,maps.google.com
2014-01-30 09:38:23,www.minfind.com
2014-01-30 09:38:23,www.mindat.org
2014-01-30 09:38:23,apis.google.com
2014-01-30 09:38:24,www.facebook.com
2014-01-30 09:38:24,www.mindat.org
2014-01-30 09:38:25,maps.googleapis.com
2014-01-30 09:38:25,mt1.googleapis.com
2014-01-30 09:38:25,mt0.googleapis.com
2014-01-30 09:38:26,maps.googleapis.com
2014-01-30 09:38:26,www.mindat.org
2014-01-30 09:38:30,maps.googleapis.com
2014-01-30 09:39:47,go.microsoft.com
2014-01-30 09:39:47,ieonline.microsoft.com
2014-01-30 09:40:30,apis.google.com
2014-01-30 09:41:08,www.mindat.org
2014-01-30 09:43:26,www.mindat.org
2014-01-30 09:46:13,www.mindat.org
2014-01-30 09:48:08,www.google.fr
2014-01-30 09:58:04,go.microsoft.com
2014-01-30 09:58:05,img.babylon.com
2014-01-30 09:58:05,shell.windows.com
2014-01-30 09:58:06,shell.windows.com
2014-01-30 10:27:44,img.babylon.com
2014-01-30 10:27:46,www.google.fr
2014-01-30 10:27:47,www.google.fr
2014-01-30 10:28:04,clients1.google.fr
2014-01-30 10:28:04,www.google.fr
2014-01-30 10:28:05,clients1.google.fr
2014-01-30 10:28:11,www.google.fr
2014-01-30 10:28:20,www.google.fr
2014-01-30 10:29:20,www.google.fr
2014-01-30 10:49:17,www.google.com
2014-01-30 10:49:18,go.microsoft.com
2014-01-30 10:49:18,img.babylon.com
2014-01-30 10:49:18,shell.windows.com
2014-01-30 10:49:19,shell.windows.com
2014-01-30 10:59:00,ad.foxitsoftware.com
2014-02-25 09:04:21,www.bing.com
2014-02-25 09:04:22,www.google.com
2014-02-25 09:05:43,go.microsoft.com
2014-02-25 09:05:43,ieonline.microsoft.com
2014-02-25 09:08:21,player.vimeo.com
2014-02-25 09:08:22,livepassdl.conviva.com
2014-02-25 09:08:24,pings.conviva.com
2014-02-25 09:08:25,pings.conviva.com
2014-02-25 09:08:46,livepassdl.conviva.com
2014-02-25 09:10:16,ad.foxitsoftware.com
2014-02-25 09:16:29,dl.patchbeam.com
2014-02-25 09:16:29,www.powerarchiver.com
2014-02-25 09:23:58,onlinestores.metaservices.microsoft.com
2014-02-25 09:23:59,go.microsoft.com
2014-02-25 09:25:05,toc.music.metaservices.microsoft.com
2014-02-25 09:25:13,info.music.metaservices.microsoft.com
2014-02-25 09:25:16,info.music.metaservices.microsoft.com
2014-02-25 09:25:20,info.music.metaservices.microsoft.com
2014-02-25 09:25:21,info.music.metaservices.microsoft.com
2014-02-27 16:20:05,ieonline.microsoft.com
2014-02-27 16:31:01,ieonline.microsoft.com
2014-02-27 16:31:06,www.google.com
2014-02-27 16:33:01,go.microsoft.com
2014-02-27 16:33:01,ieonline.microsoft.com
2014-03-02 14:28:35,cnfg.toolbarservices.com
2014-03-02 14:28:36,utils.delta-search.com
2014-03-02 14:28:36,www.google.com
2014-03-02 14:28:38,ajax.googleapis.com
2014-03-02 14:28:42,img.babylon.com
2014-03-02 14:28:42,ajax.googleapis.com
2014-03-02 14:28:49,www.google.com
2014-03-02 14:28:55,www.google.fr
2014-03-02 14:28:55,google.fr
2014-03-02 14:28:57,apis.google.com
2014-03-02 14:28:59,www.google.com
2014-03-02 14:29:02,www.google.fr
2014-03-02 14:29:04,www.google.fr
2014-03-02 14:29:05,www.google.fr
2014-03-02 14:29:05,www.google.com
2014-03-02 14:29:05,apis.google.com
2014-03-02 14:29:05,www.activolcans.info
2014-03-02 14:29:06,www.activolcans.info
2014-03-02 14:29:20,www.activolcans.info
2014-03-02 14:29:31,www.activolcans.info
2014-03-02 14:29:32,www.activolcans.info
2014-03-02 14:29:38,laculturevolcan.blogspot.fr
2014-03-02 14:29:38,img.babylon.com
2014-03-02 14:29:39,ajax.googleapis.com
2014-03-02 14:29:39,www.google.com
2014-03-02 14:29:39,img2.blogblog.com
2014-03-02 14:29:39,2.bp.blogspot.com
2014-03-02 14:29:39,3.bp.blogspot.com
2014-03-02 14:29:39,apis.google.com
2014-03-02 14:29:39,www.blogger.com
2014-03-02 14:29:39,img1.blogblog.com
2014-03-02 14:29:40,ajax.googleapis.com
2014-03-02 14:29:40,storage.vsi.esdm.go.id
2014-03-02 14:29:40,www.blogblog.com
2014-03-02 14:29:40,1.bp.blogspot.com
2014-03-02 14:29:40,www.google.com
2014-03-02 14:29:40,www.blogger.com
2014-03-02 14:29:40,apis.google.com
2014-03-02 14:29:40,maps.google.fr
2014-03-02 14:29:40,platform.twitter.com
2014-03-02 14:29:41,accounts.google.com
2014-03-02 14:29:42,platform.twitter.com
2014-03-02 14:29:42,khms0.google.fr
2014-03-02 14:29:42,khms1.google.fr
2014-03-02 14:29:42,maps.google.fr
2014-03-02 14:29:42,accounts.google.com
2014-03-02 14:29:42,www.google.com
2014-03-02 14:29:42,apis.google.com
2014-03-02 14:29:42,www.blogger.com
2014-03-02 14:29:42,mts0.google.com
2014-03-02 14:29:42,mts1.google.com
2014-03-02 14:29:43,khms0.google.fr
2014-03-02 14:29:43,mts0.google.com
2014-03-02 14:29:43,khms1.google.fr
2014-03-02 14:29:43,twitter.com
2014-03-02 14:29:43,www.blogger.com
2014-03-02 14:29:43,mts1.google.com
2014-03-02 14:29:44,khms1.google.fr
2014-03-02 14:29:44,mts1.google.com
2014-03-02 14:29:44,khms0.google.fr
2014-03-02 14:29:44,pbs.twimg.com
2014-03-02 14:29:45,maps.google.fr
2014-03-02 14:29:45,www.blogger.com
2014-03-02 14:29:45,laculturevolcan.blogspot.fr
2014-03-02 14:29:54,s.ytimg.com
2014-03-02 14:29:54,www.youtube.com
2014-03-02 14:29:54,i1.ytimg.com
2014-03-02 14:29:54,yt3.ggpht.com
2014-03-02 14:29:54,khms0.google.fr
2014-03-02 14:29:54,platform.twitter.com
2014-03-02 14:29:54,twitter.com
2014-03-02 14:29:54,mts0.google.com
2014-03-02 14:29:54,yt4.ggpht.com
2014-03-02 14:29:55,yt3.ggpht.com
2014-03-02 14:29:55,yt4.ggpht.com
2014-03-02 14:29:55,s.ytimg.com
2014-03-02 14:29:56,yt4.ggpht.com
2014-03-02 14:29:56,i1.ytimg.com
2014-03-02 14:29:56,s.ytimg.com
2014-03-02 14:29:56,yt3.ggpht.com
2014-03-02 14:29:58,s.ytimg.com
2014-03-02 14:29:59,www.youtube.com
2014-03-02 14:29:59,i1.ytimg.com
2014-03-02 14:29:59,clients1.google.com
2014-03-02 14:30:00,i1.ytimg.com
2014-03-02 14:30:00,www.google.com
2014-03-02 14:30:00,r2---sn-gxo5uxg-jqbe.googlevideo.com
2014-03-02 14:30:00,www.youtube.com
2014-03-02 14:30:00,apis.google.com
2014-03-02 14:30:00,s.youtube.com
2014-03-02 14:30:00,s.ytimg.com
2014-03-02 14:30:01,adventori.com
2014-03-02 14:30:01,i1.ytimg.com
2014-03-02 14:30:01,s.ytimg.com
2014-03-02 14:30:06,s.ytimg.com
2014-03-02 14:30:16,s.ytimg.com
2014-03-02 14:30:16,www.youtube.com
2014-03-02 14:30:16,r2---sn-gxo5uxg-jqbe.googlevideo.com
2014-03-02 14:30:16,yt4.ggpht.com
2014-03-02 14:30:16,www.youtube-nocookie.com
2014-03-02 14:30:16,i1.ytimg.com
2014-03-02 14:30:16,www.google.com
2014-03-02 14:30:17,s.ytimg.com
2014-03-02 14:30:17,s.youtube.com
2014-03-02 14:30:17,www.youtube.com
2014-03-02 14:30:17,i1.ytimg.com
2014-03-02 14:30:18,apis.google.com
2014-03-02 14:30:18,s.youtube.com
2014-03-02 14:30:18,r4---sn-gxo5uxg-jqbe.googlevideo.com
2014-03-02 14:30:18,www.youtube.com
2014-03-02 14:30:18,i1.ytimg.com
2014-03-02 14:30:18,gdata.youtube.com
2014-03-02 14:30:18,plus.googleapis.com
2014-03-02 14:30:19,plus.googleapis.com
2014-03-02 14:30:19,r4---sn-gxo5uxg-jqbe.googlevideo.com
2014-03-02 14:30:19,www.youtube.com
2014-03-02 14:30:19,s.youtube.com
2014-03-02 14:30:20,plus.googleapis.com
2014-03-02 14:30:22,s.youtube.com
2014-03-02 14:30:25,s.youtube.com
2014-03-02 14:30:25,r2---sn-gxo5uxg-jqbe.googlevideo.com
2014-03-02 14:30:25,www.youtube.com
2014-03-02 14:30:26,i1.ytimg.com
2014-03-02 14:30:26,r2---sn-gxo5uxg-jqbe.googlevideo.com
2014-03-02 14:30:27,s.youtube.com
2014-03-02 14:30:28,s.youtube.com
2014-03-02 14:30:30,s.youtube.com
2014-03-02 14:30:32,s.youtube.com
2014-03-02 14:30:35,s.youtube.com
2014-03-02 14:30:40,s.youtube.com
2014-03-02 14:30:42,s.youtube.com
2014-03-02 14:30:45,plus.googleapis.com
2014-03-02 14:30:46,ajax.googleapis.com
2014-03-02 14:30:46,plus.googleapis.com
2014-03-02 14:30:46,www.blogger.com
2014-03-02 14:30:46,khms1.google.fr
2014-03-02 14:30:46,khms0.google.fr
2014-03-02 14:30:49,gg.google.com
2014-03-02 14:30:49,apis.google.com
2014-03-02 14:30:50,khms1.google.fr
2014-03-02 14:30:59,gg.google.com
2014-03-02 14:30:59,maps.google.fr
2014-03-02 14:30:59,khms0.google.fr
2014-03-02 14:30:59,khms1.google.fr
2014-03-02 14:30:59,mts0.google.com
2014-03-02 14:30:59,www.blogger.com
2014-03-02 14:30:59,www.google.fr
2014-03-02 14:31:08,gg.google.com
2014-03-02 14:31:08,twitter.com
2014-03-02 14:31:08,platform.twitter.com
2014-03-02 14:31:08,www.google.fr
2014-03-02 14:31:08,www.youtube.com
2014-03-02 14:31:08,i1.ytimg.com
2014-03-02 14:31:09,s.ytimg.com
2014-03-02 14:31:09,yt3.ggpht.com
2014-03-02 14:31:09,yt4.ggpht.com
2014-03-02 14:31:09,i1.ytimg.com
2014-03-02 14:31:10,www.youtube.com
2014-03-02 14:31:11,www.youtube.com
2014-03-02 14:31:11,r2---sn-gxo5uxg-jqbe.googlevideo.com
2014-03-02 14:31:11,i1.ytimg.com
2014-03-02 14:31:11,s.youtube.com
2014-03-02 14:31:12,s.ytimg.com
2014-03-02 14:31:12,s.youtube.com
2014-03-02 14:31:13,s.youtube.com
2014-03-02 14:31:19,s.ytimg.com
2014-03-02 14:31:20,clients1.google.com
2014-03-02 14:31:21,s.youtube.com
2014-03-02 14:31:22,s.youtube.com
2014-03-02 14:31:23,www.youtube.com
2014-03-02 14:31:23,r4---sn-gxo5uxg-jqbe.googlevideo.com
2014-03-02 14:31:23,s.ytimg.com
2014-03-02 14:31:23,www.youtube-nocookie.com
2014-03-02 14:31:24,r4---sn-gxo5uxg-jqbe.googlevideo.com
2014-03-02 14:31:24,s.youtube.com
2014-03-02 14:31:24,yt4.ggpht.com
2014-03-02 14:31:24,www.youtube.com
2014-03-02 14:31:24,i1.ytimg.com
2014-03-02 14:31:24,s.ytimg.com
2014-03-02 14:31:25,plus.googleapis.com
2014-03-02 14:31:25,r4---sn-gxo5uxg-jqbe.googlevideo.com
2014-03-02 14:31:26,yt4.ggpht.com
2014-03-02 14:31:26,s.youtube.com
2014-03-02 14:31:26,www.youtube.com
2014-03-02 14:31:26,r4---sn-gxo5uxg-jqbe.googlevideo.com
2014-03-02 14:31:27,www.google.com
2014-03-02 14:31:27,s.youtube.com
2014-03-02 14:31:28,go.microsoft.com
2014-03-02 14:31:28,ieonline.microsoft.com
2014-03-02 14:31:33,s.youtube.com
2014-03-02 14:31:35,s.youtube.com
2014-03-02 14:31:35,www.youtube.com
2014-03-02 14:31:37,r4---sn-gxo5uxg-jqbe.googlevideo.com
2014-03-02 14:31:38,r4---sn-gxo5uxg-jqbe.googlevideo.com
2014-03-02 14:31:44,r4---sn-gxo5uxg-jqbe.googlevideo.com
2014-03-02 14:31:46,s.youtube.com
2014-03-02 14:31:56,s.youtube.com
2014-03-02 14:31:57,r4---sn-gxo5uxg-jqbe.googlevideo.com
2014-03-02 14:31:59,r4---sn-gxo5uxg-jqbe.googlevideo.com
2014-03-02 14:32:03,s.youtube.com
2014-03-02 14:32:12,r4---sn-gxo5uxg-jqbe.googlevideo.com
2014-03-02 14:32:14,r4---sn-gxo5uxg-jqbe.googlevideo.com
2014-03-02 14:32:15,i1.ytimg.com
2014-03-02 15:00:18,img.babylon.com
2014-03-02 15:01:18,img.babylon.com
2014-03-02 16:09:12,img.babylon.com
2014-03-02 16:09:12,www.google.com
2014-03-02 16:10:11,img.babylon.com
2014-03-02 16:10:28,img.babylon.com
2014-03-02 16:10:45,img.babylon.com
2014-03-02 16:10:54,img.babylon.com
2014-03-02 16:11:05,img.babylon.com
2014-03-02 16:50:18,img.babylon.com
2014-03-02 16:50:21,www.google.fr
2014-03-02 16:50:22,www.google.fr
2014-03-02 16:50:32,www.google.fr
2014-03-02 16:50:33,www.google.fr
2014-03-02 16:50:33,fr.wikipedia.org
2014-03-02 16:50:33,bits.wikimedia.org
2014-03-02 16:50:33,login.wikimedia.org
2014-03-02 16:50:33,meta.wikimedia.org
2014-03-02 18:29:23,img.babylon.com
2014-03-02 18:29:23,www.google.com
2014-03-02 18:29:41,hotmail.fr
2014-03-02 18:29:42,login.live.com
2014-03-02 18:29:43,login.live.com
2014-03-02 18:29:44,windowslive.tt.omtrdc.net
2014-03-02 18:29:55,login.live.com
2014-03-02 18:29:56,windowslive.tt.omtrdc.net
2014-03-02 18:29:56,login.live.com
2014-03-02 18:29:57,people.directory.live.com
2014-03-02 18:29:57,mail.live.com
2014-03-02 18:29:58,dub125.mail.live.com
2014-03-02 18:30:00,h.live.com
2014-03-02 18:30:00,windowslive.tt.omtrdc.net
2014-03-02 18:30:00,dub125.mail.live.com
2014-03-02 18:30:02,people.directory.live.com
2014-03-02 18:30:02,h.live.com
2014-03-02 18:30:02,cid-dd9fe34411670d82.users.storage.live.com
2014-03-02 18:30:03,secure.shared.live.com
2014-03-02 18:30:03,h.live.com
2014-03-02 18:30:11,h.live.com
2014-03-02 18:30:12,byfiles.storage.msn.com
2014-03-02 18:30:13,login.live.com
2014-03-02 18:30:14,storage.live.com
2014-03-02 18:30:14,secure.shared.live.com
2014-03-02 18:30:14,go.trouter.io
2014-03-02 18:30:15,prod.registrar.skype.com
2014-03-02 18:30:34,js.live.net
2014-03-02 18:31:08,secure.shared.live.com
2014-03-02 18:31:08,api.skype.com
2014-03-02 18:31:14,go.trouter.io
2014-03-02 18:31:15,h.live.com
2014-03-02 18:31:15,dub125.mail.live.com
2014-03-18 08:58:37,dl.patchbeam.com
2014-03-18 08:58:49,www.powerarchiver.com
2014-03-18 08:58:49,dl.patchbeam.com
2014-03-18 08:58:59,www.google.com
2014-03-18 09:00:03,ad.foxitsoftware.com
2014-03-18 09:00:59,go.microsoft.com
2014-03-18 09:00:59,ieonline.microsoft.com
2014-03-20 16:21:32,ieonline.microsoft.com
2014-03-20 16:23:28,go.microsoft.com
2014-03-20 16:23:28,ieonline.microsoft.com
2014-03-25 09:19:53,www.google.com
2014-03-25 09:21:53,go.microsoft.com
2014-03-25 09:21:53,ieonline.microsoft.com
2014-03-25 09:22:30,dl.patchbeam.com
2014-03-25 09:22:51,dl.patchbeam.com
2014-03-25 09:22:51,www.powerarchiver.com
2014-04-03 09:00:13,www.google.com
2014-04-03 09:02:13,ieonline.microsoft.com
2014-04-03 09:02:13,go.microsoft.com
2014-04-03 09:18:23,google.fr
2014-04-03 09:18:23,www.google.fr
2014-04-03 09:18:24,apis.google.com
2014-04-03 09:18:25,www.google.com
2014-04-03 09:18:31,www.google.fr
2014-04-03 09:18:31,apis.google.com
2014-04-03 09:18:32,www.larousse.fr
2014-04-03 09:18:32,connect.facebook.net
2014-04-03 09:18:32,www.google.com
2014-04-03 09:18:32,www.google.fr
2014-04-03 09:18:33,accounts.google.com
2014-04-03 09:18:33,www.larousse.fr
2014-04-03 09:18:33,www.aldaniti.net
2014-04-03 09:18:34,apis.google.com
2014-04-03 09:18:34,s-static.ak.facebook.com
2014-04-03 09:18:34,platform.twitter.com
2014-04-03 09:18:34,static.ak.facebook.com
2014-04-03 09:18:34,fpdownload2.macromedia.com
2014-04-03 09:18:34,www.facebook.com
2014-04-03 09:18:35,accounts.google.com
2014-04-03 09:18:35,www.facebook.com
2014-04-03 09:18:35,apis.google.com
2014-04-03 09:18:36,www.facebook.com
2014-04-03 09:18:36,hal9000.redintelligence.net
2014-04-03 09:18:36,twitter.com
2014-04-03 09:18:36,platform.twitter.com
2014-04-03 09:18:37,banniere.reussissonsensemble.fr
2014-04-03 09:18:37,affiliation.service-voyages.com
2014-04-03 09:18:37,platform.twitter.com
2014-04-03 09:18:37,twitter.com
2014-04-03 09:18:38,rubicon-match.dotomi.com
2014-04-03 09:18:38,dtm.eastbay.com
2014-04-03 09:18:40,fr.wikipedia.org
2014-04-03 09:18:40,bits.wikimedia.org
2014-04-03 09:18:40,login.wikimedia.org
2014-04-03 09:18:40,www.google.fr
2014-04-03 09:18:40,meta.wikimedia.org
2014-04-03 09:18:41,fr.wikipedia.org
2014-04-03 09:18:41,meta.wikimedia.org
2014-04-03 09:18:41,bits.wikimedia.org
2014-04-03 09:18:47,bits.wikimedia.org
2014-04-03 09:18:47,fr.wikipedia.org
2014-04-03 09:18:47,meta.wikimedia.org
2014-04-03 09:19:37,www.aldaniti.net
2014-04-03 09:19:39,fr.wikipedia.org
2014-04-03 09:19:39,meta.wikimedia.org
2014-04-03 09:19:45,bits.wikimedia.org
2014-04-03 09:19:45,fr.wikipedia.org
2014-04-03 09:19:45,www.google.fr
2014-04-03 09:19:46,fr.wikipedia.org
2014-04-03 09:19:46,meta.wikimedia.org
2014-04-30 10:02:15,javadl-esd-secure.oracle.com
2014-04-30 10:02:50,javadl-esd-secure.oracle.com
2014-04-30 13:08:22,dl.javafx.com
