timestamp,site
2014-01-27 16:10:24,www.bing.com
2014-01-27 16:10:25,www.bing.com
2014-01-27 16:10:26,www.bing.com
2014-01-27 16:10:26,cms.abmr.net
2014-01-27 16:10:27,login.live.com
2014-01-27 16:10:27,www.bing.com
2014-01-27 16:12:59,ieonline.microsoft.com
2014-01-27 16:13:01,go.microsoft.com
2014-01-27 16:18:25,office14client.microsoft.com
2014-01-27 16:18:26,office.microsoft.com
2014-01-27 16:18:27,office.microsoft.com
2014-02-19 10:23:44,ocsp.thawte.com
2014-02-19 10:23:58,ocsp.usertrust.com
2014-02-19 10:23:58,clients1.google.com
2014-02-19 10:23:58,ocsp.tcs.terena.org
2014-02-19 10:23:59,gtglobal-ocsp.geotrust.com
2014-02-19 10:23:59,clients1.google.com
2014-02-19 10:24:10,player.vimeo.com
2014-02-19 10:24:11,player.vimeo.com
2014-02-19 10:24:11,livepassdl.conviva.com
2014-02-19 10:24:12,ocsp.digicert.com
2014-02-19 10:24:12,livepassdl.conviva.com
2014-02-19 10:24:12,gtssl-ocsp.geotrust.com
2014-02-19 10:24:15,ocsp.godaddy.com
2014-02-19 10:24:22,pings.conviva.com
2014-02-19 10:25:09,safebrowsing-cache.google.com
2014-02-19 10:25:09,safebrowsing.clients.google.com
2014-02-19 10:25:10,safebrowsing-cache.google.com
2014-02-19 10:26:08,livepassdl.conviva.com
2014-02-19 10:31:29,ocsp.verisign.com
2014-02-19 10:33:29,ocsp.digicert.com
2014-02-19 10:33:30,ocsp.digicert.com
2014-02-19 10:53:48,safebrowsing.clients.google.com
2014-02-19 10:53:48,safebrowsing-cache.google.com
2014-02-19 10:53:49,safebrowsing-cache.google.com
2014-02-19 11:12:32,clients1.google.com
2014-02-19 11:12:35,clients1.google.com
2014-02-19 11:13:03,www.google.fr
2014-02-19 11:13:04,www.univ-orleans.fr
2014-02-19 11:13:05,www.google.fr
2014-02-19 11:13:06,www.univ-orleans.fr
2014-02-19 11:13:07,www.univ-orleans.fr
2014-02-19 11:13:08,www.univ-orleans.fr
2014-02-19 11:15:33,www.google.com
2014-02-19 11:15:34,apis.google.com
2014-02-19 11:15:48,www.google.fr
2014-02-19 11:21:05,fr.wikipedia.org
2014-02-19 11:21:05,www.google.fr
2014-02-19 11:21:06,bits.wikimedia.org
2014-02-19 11:21:07,bits.wikimedia.org
2014-02-19 11:21:08,bits.wikimedia.org
2014-02-19 11:21:09,bits.wikimedia.org
2014-02-19 11:21:16,login.wikimedia.org
2014-02-19 11:21:18,fr.wikipedia.org
2014-02-19 11:21:18,meta.wikimedia.org
2014-02-19 11:21:18,bits.wikimedia.org
2014-02-19 11:21:20,meta.wikimedia.org
2014-02-19 11:23:46,www.google.com
2014-02-19 11:23:49,www.google.fr
2014-02-19 11:24:26,safebrowsing-cache.google.com
2014-02-19 11:24:26,safebrowsing.clients.google.com
2014-02-19 11:24:28,safebrowsing-cache.google.com
2014-02-19 11:40:51,fr.wikipedia.org
2014-02-19 11:40:56,meta.wikimedia.org
2014-02-19 11:56:19,safebrowsing-cache.google.com
2014-02-19 11:56:19,safebrowsing.clients.google.com
2014-02-19 11:56:20,safebrowsing-cache.google.com
2014-02-24 15:48:07,office14client.microsoft.com
2014-02-24 15:48:08,office.microsoft.com
2014-02-24 15:48:09,office.microsoft.com
2014-02-24 17:32:41,google.fr
2014-02-24 17:32:41,www.google.fr
2014-02-24 17:32:54,www.google.fr
2014-02-24 17:33:18,www.google.fr
2014-02-24 17:33:23,www.google.fr
2014-02-24 17:33:26,www.google.fr
2014-02-24 17:33:30,www.google.com
2014-02-24 17:33:46,player.vimeo.com
2014-02-24 17:35:03,ieonline.microsoft.com
2014-02-26 10:18:23,ocsp.thawte.com
2014-02-26 10:18:28,clients1.google.com
2014-02-26 10:18:28,ocsp.tcs.terena.org
2014-02-26 10:18:29,gtglobal-ocsp.geotrust.com
2014-02-26 10:18:29,ocsp.usertrust.com
2014-02-26 10:18:31,clients1.google.com
2014-02-26 10:18:47,player.vimeo.com
2014-02-26 10:18:48,livepassdl.conviva.com
2014-02-26 10:18:48,player.vimeo.com
2014-02-26 10:18:49,gtssl-ocsp.geotrust.com
2014-02-26 10:18:49,livepassdl.conviva.com
2014-02-26 10:18:50,livepassdl.conviva.com
2014-02-26 10:18:51,livepassdl.conviva.com
2014-02-26 10:18:51,ocsp.godaddy.com
2014-02-26 10:18:53,pings.conviva.com
2014-02-26 10:18:53,ocsp.godaddy.com
2014-02-26 10:21:46,safebrowsing-cache.google.com
2014-02-26 10:21:46,safebrowsing.clients.google.com
2014-02-26 10:21:47,safebrowsing-cache.google.com
2014-02-26 10:58:49,gtglobal-ocsp.geotrust.com
2014-02-26 10:58:49,clients1.google.com
2014-02-26 10:58:51,safebrowsing-cache.google.com
2014-02-26 10:58:51,safebrowsing.clients.google.com
2014-02-26 10:58:54,www.google.fr
2014-02-26 10:58:55,www.google.com
2014-02-26 10:58:55,doug1izaerwt3.cloudfront.net
2014-02-26 10:58:55,fr.openclassrooms.com
2014-02-26 10:58:56,fr.openclassrooms.com
2014-02-26 10:58:56,clients1.google.com
2014-02-26 10:58:56,dnn506yrbagrg.cloudfront.net
2014-02-26 10:58:57,pr.ybp.yahoo.com
2014-02-26 10:58:58,clients1.google.com
2014-02-26 10:58:58,www.google.com
2014-02-26 10:59:00,fr.openclassrooms.com
2014-02-26 10:59:01,fr.openclassrooms.com
2014-02-26 10:59:03,cs.specificclick.net
2014-02-26 10:59:03,www.facebook.com
2014-02-26 10:59:04,s.kau.li
2014-02-26 10:59:04,y.one.impact-ad.jp
2014-02-26 10:59:04,ce.lijit.com
2014-02-26 10:59:06,www.ltam.lu
2014-02-26 10:59:06,www.google.fr
2014-02-26 10:59:25,admaym.com
2014-02-26 10:59:50,ocsp.verisign.com
2014-02-26 11:01:47,www.google.com
2014-02-26 11:01:47,apis.google.com
2014-02-26 11:01:50,ocsp.digicert.com
2014-02-26 11:01:53,www.googleapis.com
2014-02-26 11:01:59,www.google.fr
2014-02-26 11:06:14,forum.hardware.fr
2014-02-26 11:06:14,www.google.fr
2014-02-26 11:06:15,wtpn.twenga.fr
2014-02-26 11:06:15,forum-images.hardware.fr
2014-02-26 11:06:15,forum.hardware.fr
2014-02-26 11:06:16,script.affilizr.com
2014-02-26 11:06:17,forum-images.hardware.fr
2014-02-26 11:06:18,www.google.fr
2014-02-26 11:06:19,www.infres.enst.fr
2014-02-26 11:06:20,www.infres.enst.fr
2014-02-26 11:06:20,fr.primary.affinitad.com
2014-02-26 11:06:21,wtpn.twenga.fr
2014-02-26 11:06:22,wtpn.twenga.fr
2014-02-26 11:06:22,www.infres.enst.fr
2014-02-26 11:06:22,rbx-cdn-tpn.c4tw.net
2014-02-26 11:06:23,www.infres.enst.fr
2014-02-26 11:06:24,www.infres.enst.fr
2014-02-26 11:06:24,i10.twenga.com
2014-02-26 11:06:24,i11.twenga.com
2014-02-26 11:06:25,forum.hardware.fr
2014-02-26 11:06:25,rbx-cdn-tpn.c4tw.net
2014-02-26 11:06:28,www.infres.enst.fr
2014-02-26 11:06:32,www.infres.enst.fr
2014-02-26 11:09:17,ajax.googleapis.com
2014-02-26 11:16:40,www.infres.enst.fr
2014-02-26 11:17:36,www.google.com
2014-02-26 11:18:02,www.google.fr
2014-02-26 11:18:03,wtpn.twenga.fr
2014-02-26 11:18:03,forum.hardware.fr
2014-02-26 11:18:03,www.google.fr
2014-02-26 11:18:06,www.google.fr
2014-02-26 11:18:07,fr.primary.affinitad.com
2014-02-26 11:18:08,www.developpez.net
2014-02-26 11:18:10,fr.primary.affinitad.com
2014-02-26 11:18:10,www.developpez.net
2014-02-26 11:18:10,www.google.com
2014-02-26 11:18:10,wtpn.twenga.fr
2014-02-26 11:18:11,www.developpez.net
2014-02-26 11:18:11,ajax.googleapis.com
2014-02-26 11:18:11,i10.twenga.com
2014-02-26 11:18:11,i11.twenga.com
2014-02-26 11:18:11,wtpn.twenga.fr
2014-02-26 11:18:12,i10.twenga.com
2014-02-26 11:18:12,ajax.googleapis.com
2014-02-26 11:18:13,www.developpez.net
2014-02-26 11:18:14,www.developpez.net
2014-02-26 11:18:14,www.google.com
2014-02-26 11:18:14,premium.hi-mediaserver.com
2014-02-26 11:18:15,www.developpez.net
2014-02-26 11:18:16,www.facebook.com
2014-02-26 11:19:12,www.developpez.net
2014-02-26 11:20:51,www.google.com
2014-02-26 11:20:55,www.google.fr
2014-02-26 11:27:48,safebrowsing.clients.google.com
2014-02-26 11:27:48,safebrowsing-cache.google.com
2014-02-26 11:56:56,safebrowsing-cache.google.com
2014-02-26 11:56:56,safebrowsing.clients.google.com
2014-03-17 15:58:49,ocsp.usertrust.com
2014-03-17 15:58:49,clients1.google.com
2014-03-17 15:58:49,ocsp.tcs.terena.org
2014-03-17 15:58:49,gtglobal-ocsp.geotrust.com
2014-03-17 15:58:50,clients1.google.com
2014-03-17 15:59:40,gtssl-ocsp.geotrust.com
2014-03-17 16:00:16,safebrowsing-cache.google.com
2014-03-17 16:00:16,safebrowsing.clients.google.com
2014-03-17 16:00:37,ocsp.verisign.com
2014-03-17 16:02:37,ocsp.digicert.com
2014-03-17 16:08:37,ocsp.thawte.com
2014-03-17 16:40:01,www.google.com
2014-03-17 16:43:07,apis.google.com
2014-03-17 16:43:09,www.google.com
2014-03-17 16:43:11,www.google.fr
2014-03-19 10:17:21,clients1.google.com
2014-03-19 10:17:22,gtglobal-ocsp.geotrust.com
2014-03-19 10:17:22,ocsp.thawte.com
2014-03-19 10:17:25,ocsp.tcs.terena.org
2014-03-19 10:17:25,clients1.google.com
2014-03-19 10:17:26,ocsp.usertrust.com
2014-03-19 10:17:27,clients1.google.com
2014-03-19 10:17:34,safebrowsing-cache.google.com
2014-03-19 10:17:34,safebrowsing.clients.google.com
2014-03-19 10:17:35,safebrowsing-cache.google.com
2014-03-19 10:20:17,sb-ssl.google.com
2014-03-19 10:25:09,ocsp.verisign.com
2014-03-19 10:27:09,ocsp.digicert.com
2014-03-19 10:41:38,clients1.google.com
2014-03-19 10:41:41,fr.wikibooks.org
2014-03-19 10:41:41,www.google.fr
2014-03-19 10:41:41,bits.wikimedia.org
2014-03-19 10:41:42,fr.wikibooks.org
2014-03-19 10:41:42,bits.wikimedia.org
2014-03-19 10:41:43,www.google.fr
2014-03-19 10:41:43,bits.wikimedia.org
2014-03-19 10:41:44,login.wikimedia.org
2014-03-19 10:41:45,www.google.fr
2014-03-19 10:41:45,www.commentcamarche.net
2014-03-19 10:41:46,static.ccm2.net
2014-03-19 10:41:46,static.commentcamarche.net
2014-03-19 10:41:47,ba.commentcamarche.net
2014-03-19 10:41:47,r.ccm2.net
2014-03-19 10:41:48,meta.wikimedia.org
2014-03-19 10:41:49,bits.wikimedia.org
2014-03-19 10:41:49,www.google.fr
2014-03-19 10:41:49,ba.commentcamarche.net
2014-03-19 10:41:49,meta.wikimedia.org
2014-03-19 10:41:50,chgi.developpez.com
2014-03-19 10:41:51,chgi.developpez.com
2014-03-19 10:41:51,www.developpez.com
2014-03-19 10:41:51,www.google.com
2014-03-19 10:41:51,static.ccm2.net
2014-03-19 10:41:52,clients1.google.com
2014-03-19 10:41:52,chgi.developpez.com
2014-03-19 10:41:52,www.facebook.com
2014-03-19 10:41:52,ba.commentcamarche.net
2014-03-19 10:41:52,platform.twitter.com
2014-03-19 10:41:53,evsecure-ocsp.verisign.com
2014-03-19 10:41:53,www.google.com
2014-03-19 10:41:53,chgi.developpez.com
2014-03-19 10:41:53,ba.commentcamarche.net
2014-03-19 10:41:53,static.ccm2.net
2014-03-19 10:41:54,chgi.developpez.com
2014-03-19 10:41:55,www.facebook.com
2014-03-19 10:41:56,www.facebook.com
2014-03-19 10:41:56,chgi.developpez.com
2014-03-19 10:41:56,www.developpez.com
2014-03-19 10:41:57,chgi.developpez.com
2014-03-19 10:41:57,ba.commentcamarche.net
2014-03-19 10:41:57,www.facebook.com
2014-03-19 10:41:57,platform.twitter.com
2014-03-19 10:41:58,clients1.google.com
2014-03-19 10:41:59,pixel.alephd.com
2014-03-19 10:41:59,loadr.exelator.com
2014-03-19 10:42:00,connect.facebook.net
2014-03-19 10:42:01,pixel.alephd.com
2014-03-19 10:42:01,www.google.com
2014-03-19 10:42:01,static.ak.facebook.com
2014-03-19 10:42:01,ba.commentcamarche.net
2014-03-19 10:42:01,s-static.ak.facebook.com
2014-03-19 10:42:02,static.ccm2.net
2014-03-19 10:42:02,platform.twitter.com
2014-03-19 10:42:02,clients1.google.com
2014-03-19 10:42:02,static.ccmbg.com
2014-03-19 10:42:02,gtssl-ocsp.geotrust.com
2014-03-19 10:42:02,www.facebook.com
2014-03-19 10:42:03,static.ccmbg.com
2014-03-19 10:42:03,www.facebook.com
2014-03-19 10:42:04,www.commentcamarche.net
2014-03-19 10:42:07,d1r2y962f8isle.cloudfront.net
2014-03-19 10:42:07,i1-js-14-3-01-10165-680047549-i.init.cedexis-radar.net
2014-03-19 10:42:08,d1r2y962f8isle.cloudfront.net
2014-03-19 10:42:08,broadcast2.piximedia.fr
2014-03-19 10:42:08,adventori.com
2014-03-19 10:42:09,broadcast2.piximedia.fr
2014-03-19 10:42:32,twitter.com
2014-03-19 10:43:33,chgi.developpez.com
2014-03-19 10:44:36,www.google.com
2014-03-19 10:44:38,www.google.fr
2014-03-19 10:44:44,ajax.googleapis.com
2014-03-19 10:44:53,accounts.google.com
2014-03-19 10:44:55,apis.google.com
2014-03-19 10:48:02,safebrowsing-cache.google.com
2014-03-19 10:48:02,safebrowsing.clients.google.com
2014-03-19 10:48:03,safebrowsing-cache.google.com
2014-03-19 11:19:36,safebrowsing-cache.google.com
2014-03-19 11:19:36,safebrowsing.clients.google.com
2014-03-19 11:19:37,safebrowsing-cache.google.com
2014-03-26 10:19:20,ocsp.thawte.com
2014-03-26 10:19:25,ocsp.tcs.terena.org
2014-03-26 10:19:25,clients1.google.com
2014-03-26 10:19:26,ocsp.usertrust.com
2014-03-26 10:19:26,clients1.google.com
2014-03-26 10:19:26,gtglobal-ocsp.geotrust.com
2014-03-26 10:20:05,safebrowsing-cache.google.com
2014-03-26 10:20:05,safebrowsing.clients.google.com
2014-03-26 10:20:06,safebrowsing-cache.google.com
2014-03-26 10:27:09,ocsp.verisign.com
2014-03-26 10:29:09,ocsp.digicert.com
2014-03-26 10:49:15,safebrowsing.clients.google.com
2014-03-26 10:49:15,safebrowsing-cache.google.com
2014-03-26 11:18:07,safebrowsing-cache.google.com
2014-03-26 11:18:07,safebrowsing.clients.google.com
2014-03-26 11:49:02,safebrowsing-cache.google.com
2014-03-26 11:49:02,safebrowsing.clients.google.com
2014-03-31 15:54:24,ocsp.tcs.terena.org
2014-03-31 15:54:24,gtglobal-ocsp.geotrust.com
2014-03-31 15:54:24,ocsp.usertrust.com
2014-03-31 15:54:24,clients1.google.com
2014-03-31 15:55:20,gtssl-ocsp.geotrust.com
2014-03-31 15:56:58,office14client.microsoft.com
2014-03-31 15:56:59,office.microsoft.com
2014-03-31 15:58:41,safebrowsing-cache.google.com
2014-03-31 15:58:41,safebrowsing.clients.google.com
2014-03-31 15:58:41,clients1.google.com
2014-03-31 16:00:18,ocsp.thawte.com
2014-03-31 16:01:37,sb-ssl.google.com
2014-03-31 16:01:54,office.microsoft.com
2014-03-31 16:02:18,ocsp.verisign.com
2014-03-31 16:03:13,office.microsoft.com
2014-03-31 16:03:26,office.microsoft.com
2014-03-31 16:04:18,ocsp.digicert.com
2014-03-31 16:27:02,clients1.google.com
2014-03-31 16:30:07,www.google.com
2014-03-31 16:30:08,apis.google.com
2014-03-31 16:30:12,www.google.fr
2014-03-31 16:30:19,safebrowsing-cache.google.com
2014-03-31 16:30:19,safebrowsing.clients.google.com
2014-03-31 17:01:00,safebrowsing-cache.google.com
2014-03-31 17:01:00,safebrowsing.clients.google.com
2014-03-31 17:20:59,office.microsoft.com
2014-03-31 17:32:12,safebrowsing-cache.google.com
2014-03-31 17:32:12,safebrowsing.clients.google.com
2014-03-31 17:33:00,ocsp.tcs.terena.org
2014-03-31 17:33:00,ocsp.usertrust.com
2014-03-31 17:33:57,gtglobal-ocsp.geotrust.com
2014-03-31 17:33:57,ocsp.usertrust.com
2014-03-31 17:33:57,clients1.google.com
2014-03-31 17:33:57,ocsp.tcs.terena.org
2014-04-16 10:46:29,clients1.google.com
2014-04-16 10:46:30,ocsp.thawte.com
2014-04-16 10:46:30,gtglobal-ocsp.geotrust.com
2014-04-16 10:46:33,ocsp.tcs.terena.org
2014-04-16 10:46:33,clients1.google.com
2014-04-16 10:46:33,ocsp.usertrust.com
2014-04-16 10:46:35,clients1.google.com
2014-04-16 10:49:03,safebrowsing-cache.google.com
2014-04-16 10:49:03,safebrowsing.clients.google.com
2014-04-16 10:49:04,safebrowsing-cache.google.com
2014-04-16 10:49:24,sb-ssl.google.com
2014-04-16 10:54:11,ocsp.verisign.com
2014-04-16 10:56:11,ocsp.digicert.com
2014-04-16 11:17:25,safebrowsing.clients.google.com
2014-04-16 11:17:26,safebrowsing-cache.google.com
2014-04-16 11:46:16,safebrowsing.clients.google.com
2014-04-16 11:46:17,safebrowsing-cache.google.com
2014-04-16 11:55:14,ocsp.usertrust.com
2014-04-16 11:55:14,ocsp.tcs.terena.org
