timestamp,site
2013-04-12 08:27:27,fpdownload2.macromedia.com
2013-04-12 08:27:31,go.microsoft.com
2013-04-12 08:27:31,windows.microsoft.com
2013-04-12 08:27:31,ajax.microsoft.com
2013-04-12 08:27:31,res1.windows.microsoft.com
2013-04-12 08:27:31,res2.windows.microsoft.com
2013-04-12 08:27:31,js.microsoft.com
2013-04-12 08:27:46,www.google.fr
2013-04-12 08:27:46,www.google.com
2013-04-12 08:27:57,www.google.fr
2013-04-12 08:27:58,apis.google.com
2013-04-12 08:28:00,www.google.com
2013-04-12 08:28:06,www.google.fr
2013-04-12 08:28:10,apis.google.com
2013-04-12 08:28:10,www.google.fr
2013-04-12 08:28:10,www.google.com
2013-04-12 08:28:11,docs.google.com
2013-04-12 08:28:22,accounts.google.com
2013-04-12 08:28:25,www.google.fr
2013-04-12 08:28:27,accounts.youtube.com
2013-04-12 08:29:09,www.google.fr
2013-04-12 08:29:20,accounts.google.fr
2013-04-12 08:29:22,accounts.google.fr
2013-04-12 08:29:22,docs.google.com
2013-04-12 08:29:22,www.google.com
2013-04-12 08:29:22,drive.google.com
2013-04-12 08:29:23,apis.google.com
2013-04-12 08:29:23,drive.google.com
2013-04-12 08:29:23,docs.google.com
2013-04-12 08:29:23,accounts.google.com
2013-04-12 08:29:23,accounts.youtube.com
2013-04-12 08:29:23,accounts.google.fr
2013-04-12 08:29:24,drive.google.com
2013-04-12 08:29:26,drive.google.com
2013-04-12 08:29:26,0.drive.google.com
2013-04-12 08:29:28,drive.google.com
2013-04-12 08:29:29,www.google.com
2013-04-12 08:29:30,www.google.com
2013-04-12 08:29:31,www.google.com
2013-04-12 08:29:31,drive.google.com
2013-04-12 08:29:31,plus.google.com
2013-04-12 08:29:32,docs.google.com
2013-04-12 08:29:42,docs.google.com
2013-04-12 08:29:45,apis.google.com
2013-04-12 08:29:45,docs.google.com
2013-04-12 08:29:46,plus.google.com
2013-04-12 08:29:47,www.google.com
2013-04-12 08:29:48,docs.google.com
2013-04-12 08:29:48,0.docs.google.com
2013-04-12 08:29:48,accounts.google.com
2013-04-12 08:29:48,www.google.com
2013-04-12 08:30:00,clients6.google.com
2013-04-12 08:30:03,docs.google.com
2013-04-12 08:30:14,docs.google.com
2013-04-12 08:30:17,apis.google.com
2013-04-12 08:30:17,docs.google.com
2013-04-12 08:30:18,www.google.com
2013-04-12 08:30:19,accounts.google.com
2013-04-12 08:30:19,1.docs.google.com
2013-04-12 08:30:20,docs.google.com
2013-04-12 08:30:20,clients6.google.com
2013-04-12 08:30:23,docs.google.com
2013-04-12 08:30:28,gg.google.com
2013-04-12 08:31:26,drive.google.com
2013-04-12 08:33:03,docs.google.com
2013-04-12 08:33:31,docs.google.com
2013-04-12 08:33:32,docs.google.com
2013-04-12 08:33:32,apis.google.com
2013-04-12 08:33:48,accounts.google.com
2013-04-12 08:33:50,docs.google.com
2013-04-12 08:34:00,clients6.google.com
2013-04-12 08:34:00,apis.google.com
2013-04-12 08:34:19,www.google.com
2013-04-12 08:34:20,accounts.google.com
2013-04-12 08:34:20,clients6.google.com
2013-04-12 08:34:28,gg.google.com
2013-04-12 08:35:26,drive.google.com
2013-04-12 08:41:26,drive.google.com
2013-04-12 08:41:30,docs.google.com
2013-04-12 08:42:16,docs.google.com
2013-04-12 08:43:29,docs.google.com
2013-04-12 08:43:33,plus.google.com
2013-04-12 08:43:43,plus.google.com
2013-04-12 08:45:45,docs.google.com
2013-04-12 08:48:16,docs.google.com
2013-04-12 08:49:26,drive.google.com
2013-04-12 08:49:59,docs.google.com
2013-04-12 08:49:59,0.docs.google.com
2013-04-12 08:49:59,drive.google.com
2013-04-12 08:50:00,docs.google.com
2013-04-12 08:50:01,docs.google.com
2013-04-12 08:50:01,plus.google.com
2013-04-12 08:50:01,0.drive.google.com
2013-04-12 08:50:01,1.docs.google.com
2013-05-12 13:13:46,www.google.fr
2013-05-12 13:13:46,www.google.com
2013-05-12 13:13:58,www.google.fr
2013-05-12 13:13:59,apis.google.com
2013-05-12 13:14:01,www.google.com
2013-05-12 13:14:08,www.google.fr
2013-05-12 13:14:08,docs.google.com
2013-05-12 13:14:08,www.google.com
2013-05-12 13:14:08,apis.google.com
2013-05-12 13:14:20,accounts.google.com
2013-05-12 13:14:27,www.google.fr
2013-05-12 13:14:27,mail.google.com
2013-05-12 13:14:27,www.google.com
2013-05-12 13:14:38,www.google.fr
2013-05-12 13:14:38,accounts.google.com
2013-05-12 13:14:43,accounts.youtube.com
2013-05-12 13:14:46,mail.google.com
2013-05-12 13:14:51,accounts.google.fr
2013-05-12 13:14:55,accounts.google.com
2013-05-12 13:14:55,accounts.youtube.com
2013-05-12 13:14:55,accounts.google.fr
2013-05-12 13:14:55,mail.google.com
2013-05-12 13:14:55,apis.google.com
2013-05-12 13:14:56,clients2.google.com
2013-05-12 13:14:56,plus.google.com
2013-05-12 13:14:56,apis.google.com
2013-05-12 13:14:56,support.google.com
2013-05-12 13:14:56,www.google.com
2013-05-12 13:14:56,mail.google.com
2013-05-12 13:14:57,mail.google.com
2013-05-12 13:14:57,support.google.com
2013-05-12 13:14:57,apis.google.com
2013-05-12 13:14:57,accounts.google.com
2013-05-12 13:14:57,www.google.com
2013-05-12 13:14:58,www.google.com
2013-05-12 13:14:58,talkgadget.google.com
2013-05-12 13:14:59,mail.google.com
2013-05-12 13:14:59,plus.google.com
2013-05-12 13:14:59,support.google.com
2013-05-12 13:14:59,www.google.com
2013-05-12 13:14:59,talkgadget.google.com
2013-05-12 13:15:01,talkgadget.google.com
2013-05-12 13:15:01,support.google.com
2013-05-12 13:15:02,clients6.google.com
2013-05-12 13:15:02,talkgadget.google.com
2013-05-12 13:15:02,accounts.google.com
2013-05-12 13:15:02,plus.google.com
2013-05-12 13:15:03,mail.google.com
2013-05-12 13:15:04,apis.google.com
2013-05-12 13:15:09,plus.google.com
2013-05-12 13:15:09,support.google.com
2013-05-12 13:15:09,talkgadget.google.com
2013-05-12 13:15:09,clients6.google.com
2013-05-12 13:15:25,docs.google.com
2013-05-12 13:15:28,apis.google.com
2013-05-12 13:15:28,docs.google.com
2013-05-12 13:15:29,docs.google.com
2013-05-12 13:15:30,www.google.com
2013-05-12 13:15:31,www.google.com
2013-05-12 13:15:31,docs.google.com
2013-05-12 13:15:31,0.docs.google.com
2013-05-12 13:15:31,apis.google.com
2013-05-12 13:15:31,accounts.google.com
2013-05-12 13:15:34,0.docs.google.com
2013-05-12 13:15:34,docs.google.com
2013-05-12 13:15:35,docs.google.com
2013-05-12 13:15:43,clients6.google.com
2013-05-12 13:15:46,mail.google.com
2013-05-12 13:15:46,plus.google.com
2013-05-12 13:15:48,plus.google.com
2013-05-12 13:15:49,clients6.google.com
2013-05-12 13:15:50,mail.google.com
2013-05-12 13:16:00,apis.google.com
2013-05-12 13:16:01,apis.google.com
2013-05-12 13:16:11,plus.google.com
2013-05-12 13:16:11,mail.google.com
2013-05-12 13:16:15,www.google.fr
2013-05-12 13:16:15,mail.google.com
2013-05-12 13:16:15,accounts.google.com
2013-05-12 13:16:15,talkgadget.google.com
2013-05-12 13:16:15,clients6.google.com
2013-05-12 13:16:18,www.google.fr
2013-05-12 13:16:19,www.google.fr
2013-05-12 13:16:19,talkgadget.google.com
2013-05-12 13:16:20,accounts.google.com
2013-05-12 13:16:20,clients2.google.com
2013-05-12 13:16:20,www.google.com
2013-05-12 13:16:20,mail.google.com
2013-05-12 13:16:30,clients6.google.com
2013-05-12 13:16:35,docs.google.com
2013-05-12 13:16:35,accounts.google.com
2013-05-12 13:17:46,talkgadget.google.com
2013-05-12 13:17:47,clients6.google.com
2013-05-12 13:17:52,plus.google.com
2013-05-12 13:17:52,clients6.google.com
2013-05-12 13:17:52,mail.google.com
2013-05-12 13:18:35,www.google.fr
2013-05-12 13:18:35,talkgadget.google.com
2013-05-12 13:18:36,www.hotmail.com
2013-05-12 13:18:46,login.live.com
2013-05-12 13:19:01,www.google.fr
2013-05-12 13:19:03,login.live.com
2013-05-12 13:19:29,windowslive.tt.omtrdc.net
2013-05-12 13:19:40,windowslive.tt.omtrdc.net
2013-05-12 13:19:41,login.live.com
2013-05-12 13:19:42,login.live.com
2013-05-12 13:19:49,mail.live.com
2013-05-12 13:19:51,col128.mail.live.com
2013-05-12 13:19:54,col128.mail.live.com
2013-05-12 13:19:54,people.directory.live.com
2013-05-12 13:19:55,h.live.com
2013-05-12 13:19:56,col128.mail.live.com
2013-05-12 13:19:56,h.live.com
2013-05-12 13:20:00,h.live.com
2013-05-12 13:20:03,col128.mail.live.com
2013-05-12 13:20:04,blufiles.storage.msn.com
2013-05-12 13:20:04,h.live.com
2013-05-12 13:20:04,cid-e552557d5a4e3e3f.users.storage.live.com
2013-05-12 13:20:28,col128.mail.live.com
2013-05-12 13:20:48,people.directory.live.com
2013-05-12 13:20:48,h.live.com
2013-05-12 13:21:03,word-view.officeapps.live.com
2013-05-12 13:21:04,h.live.com
2013-05-12 13:21:04,col128.mail.live.com
2013-05-12 13:21:04,col128.afx.ms
2013-05-12 13:21:04,secure.shared.live.com
2013-05-12 13:21:05,js.live.net
2013-05-12 13:21:36,secure.shared.live.com
2013-05-12 13:21:56,secure.shared.live.com
2013-05-12 13:22:09,storage.live.com
2013-05-12 13:22:16,cid-e552557d5a4e3e3f.users.storage.live.com
2013-05-12 13:22:26,dl.patchbeam.com
2013-05-12 13:22:26,www.powerarchiver.com
2013-05-12 13:22:32,office14client.microsoft.com
2013-05-12 13:22:32,office.microsoft.com
2013-05-12 13:22:33,office.microsoft.com
2013-05-12 13:22:34,office.microsoft.com
2013-05-12 13:22:39,col128.mail.live.com
2013-05-12 13:22:39,col128.afx.ms
2013-05-12 13:22:40,col128.mail.live.com
2013-05-12 13:23:55,col128.mail.live.com
2013-12-17 15:21:20,www.mozilla.org
2013-12-17 15:21:21,www.mozilla.org
2013-12-17 15:24:09,sb-ssl.google.com
2013-12-17 15:25:52,apis.google.com
2013-12-17 15:25:54,www.google.com
2013-12-17 15:25:54,www.google.fr
2014-01-20 09:54:13,fpdownload2.macromedia.com
2014-01-20 09:54:16,go.microsoft.com
2014-01-20 09:54:16,windows.microsoft.com
2014-01-20 09:54:16,ajax.microsoft.com
2014-01-20 09:54:16,res2.windows.microsoft.com
2014-01-20 09:54:16,res1.windows.microsoft.com
2014-01-20 09:54:16,js.microsoft.com
2014-01-20 09:54:20,www.bing.com
2014-01-20 09:54:31,www.google.com
2014-01-20 09:54:31,www.google.fr
2014-01-20 09:54:45,www.google.fr
2014-01-20 09:54:46,clients1.google.fr
2014-01-20 09:54:48,www.google.com
2014-01-20 09:55:07,apis.google.com
2014-01-20 09:55:07,plus.google.com
2014-01-20 09:57:07,clients1.google.fr
2014-01-20 09:57:07,www.google.fr
2014-01-20 09:57:07,plus.google.com
2014-01-20 09:57:07,apis.google.com
2014-01-20 09:57:07,www.google.com
2014-01-20 09:57:17,ieonline.microsoft.com
2014-01-20 09:57:17,go.microsoft.com
2014-03-03 16:40:52,www.mozilla.org
2014-03-03 16:41:05,login.live.com
2014-03-03 16:41:19,login.live.com
2014-03-03 16:41:20,login.live.com
2014-03-03 16:41:33,windowslive.tt.omtrdc.net
2014-03-03 16:41:41,login.live.com
2014-03-03 16:42:18,g.msn.com
2014-03-03 16:42:41,mail.live.com
2014-03-03 16:42:47,h.live.com
2014-03-03 16:42:48,people.directory.live.com
2014-03-03 16:42:48,h.live.com
2014-03-03 16:42:49,cid-562754cdecd165fb.users.storage.live.com
2014-03-03 16:42:52,secure.shared.live.com
2014-03-03 16:42:52,byfiles.storage.msn.com
2014-03-03 16:42:53,storage.live.com
2014-03-03 16:43:02,js.live.net
2014-03-03 16:43:23,g.msn.com
2014-03-03 16:43:27,blu175.afx.ms
2014-03-03 16:43:39,sb-ssl.google.com
2014-03-03 16:43:45,apis.google.com
2014-03-03 16:43:47,www.google.com
2014-03-03 16:43:54,h2.msn.com
2014-03-03 16:44:06,blu175.mail.live.com
2014-03-03 16:44:07,proxy-bay-people.directory.live.com
2014-03-03 16:44:10,g.msn.com
2014-03-03 16:44:13,www.google.fr
2014-03-03 16:44:44,h2.msn.com
2014-03-03 16:44:45,blu175.afx.ms
2014-03-03 16:45:22,g.msn.com
2014-03-03 16:45:52,h.live.com
2014-03-03 16:45:52,blu175.mail.live.com
2014-03-03 16:45:53,blu175.mail.live.com
2014-03-03 16:45:56,blu175.mail.live.com
2014-03-03 16:46:42,word-view.officeapps.live.com
2014-03-03 16:46:45,word-view.officeapps.live.com
2014-03-03 16:46:52,blu175.mail.live.com
2014-03-03 16:47:21,login.live.com
2014-03-03 16:47:35,windowslive.tt.omtrdc.net
2014-03-03 16:47:36,g.msn.com
2014-03-03 16:47:36,cid-562754cdecd165fb.users.storage.live.com
2014-03-03 16:47:36,blu175.mail.live.com
2014-03-04 08:16:11,clients5.google.com
2014-03-04 08:16:20,clients5.google.com
2014-03-04 08:16:21,clients5.google.com
2014-03-04 08:16:22,clients5.google.com
2014-03-04 08:16:23,clients5.google.com
2014-03-04 08:16:28,www.google.com
2014-03-04 08:16:28,www.google.fr
2014-03-04 08:16:29,www.google.fr
2014-03-04 08:16:29,clients1.google.fr
2014-03-04 08:16:34,www.google.fr
2014-03-04 08:16:35,clients1.google.fr
2014-03-04 08:16:50,www.google.fr
2014-03-04 08:16:52,search.supplyframe.com
2014-03-04 08:16:53,media.supplyframe.com
2014-03-04 08:16:54,www.media.supplyframe.com
2014-03-04 08:16:54,circuits.datasheetdir.com
2014-03-04 08:16:54,crl.geotrust.com
2014-03-04 08:16:55,www.google.fr
2014-03-04 08:16:55,pki.google.com
2014-03-04 08:16:55,gtssl-crl.geotrust.com
2014-03-04 08:16:55,www.google.com
2014-03-04 08:16:56,crl.verisign.com
2014-03-04 08:16:56,crl3.digicert.com
2014-03-04 08:16:58,www.elcomag.ru
2014-03-04 08:16:59,www.elcomag.ru
2014-03-04 08:17:00,www.elcomag.ru
2014-03-04 08:17:00,yandex.st
2014-03-04 08:17:01,www.e7e.ru
2014-03-04 08:17:01,chipfind.ru
2014-03-04 08:17:01,yandex.st
2014-03-04 08:17:01,www.efind.ru
2014-03-04 08:17:01,www.chipfind.ru
2014-03-04 08:17:02,www.elcomag.ru
2014-03-04 08:17:02,front.facetz.net
2014-03-04 08:17:03,www.elcomag.ru
2014-03-04 08:17:13,www.elcomag.ru
2014-03-04 08:17:14,www.elcomag.ru
2014-03-04 08:17:30,www.elcomag.ru
2014-03-04 08:17:35,www.elcomag.ru
2014-03-04 08:17:44,clients1.google.fr
2014-03-04 08:17:47,clients1.google.fr
2014-03-04 08:17:53,www.google.fr
2014-03-04 08:17:53,clients1.google.fr
2014-03-04 08:17:59,www.google.fr
2014-03-04 08:18:00,www.facebook.com
2014-03-04 08:18:01,quarndon.co.uk
2014-03-04 08:18:02,quarndon.co.uk
2014-03-04 08:18:03,quarndon.co.uk
2014-03-04 08:18:03,www.quarndon.co.uk
2014-03-04 08:18:43,www.elcomag.ru
2014-03-04 08:18:45,www.elcomag.ru
2014-03-04 08:22:39,www.elcomag.ru
2014-03-04 08:31:08,www.elcomag.ru
2014-03-04 11:43:15,clients5.google.com
2014-03-04 11:43:16,www.google.com
2014-03-04 11:43:16,www.google.fr
2014-03-04 11:43:16,clients1.google.fr
2014-03-04 11:43:22,clients1.google.fr
2014-03-04 11:43:23,clients1.google.fr
2014-03-04 11:43:24,clients1.google.fr
2014-03-04 11:43:25,clients1.google.fr
2014-03-04 11:43:26,www.google.fr
2014-03-04 11:43:27,clients1.google.com
2014-03-04 11:43:27,www.google.com
2014-03-04 11:43:28,evsecure-crl.verisign.com
2014-03-04 11:43:28,www.hotmail.com
2014-03-04 11:43:28,www.google.com
2014-03-04 11:43:29,crl.omniroot.com
2014-03-04 11:43:29,evintl-crl.verisign.com
2014-03-04 11:43:29,login.live.com
2014-03-04 11:43:30,crl3.digicert.com
2014-03-04 11:43:30,login.live.com
2014-03-04 11:43:31,mscrl.microsoft.com
2014-03-04 11:43:31,crl3.digicert.com
2014-03-04 11:43:41,windowslive.tt.omtrdc.net
2014-03-04 11:44:04,login.live.com
2014-03-04 11:44:05,login.live.com
2014-03-04 11:44:06,bay180.mail.live.com
2014-03-04 11:44:06,mail.live.com
2014-03-04 11:44:09,people.directory.live.com
2014-03-04 11:44:09,bay180.mail.live.com
2014-03-04 11:44:10,h.live.com
2014-03-04 11:44:10,h.bing.com
2014-03-04 11:44:10,cid-bee99ec3f0a4d7c2.users.storage.live.com
2014-03-04 11:44:10,people.directory.live.com
2014-03-04 11:44:10,mscrl.microsoft.com
2014-03-04 11:44:11,h.live.com
2014-03-04 11:44:11,h2.msn.com
2014-03-04 11:44:11,bay180.mail.live.com
2014-03-04 11:44:12,g.msn.com
2014-03-04 11:44:12,bay180.mail.live.com
2014-03-04 11:44:13,storage.live.com
2014-03-04 11:44:14,go.trouter.io
2014-03-04 11:44:14,bay180.mail.live.com
2014-03-04 11:44:15,storage.live.com
2014-03-04 11:44:15,bay180.mail.live.com
2014-03-04 11:44:16,bay180.mail.live.com
2014-03-04 11:44:16,h.live.com
2014-03-04 11:44:16,js.live.net
2014-03-04 11:44:17,bay180.mail.live.com
2014-03-04 11:44:19,secure.shared.live.com
2014-03-04 11:44:26,bay180.mail.live.com
2014-03-04 11:45:04,h.live.com
2014-03-04 11:45:04,bay180.mail.live.com
2014-03-04 11:45:06,cid-bee99ec3f0a4d7c2.users.storage.live.com
2014-03-04 11:45:25,bay180.mail.live.com
2014-03-04 11:45:25,login.live.com
2014-03-04 11:45:27,windowslive.tt.omtrdc.net
2014-03-04 11:45:35,h.live.com
2014-03-04 11:45:36,bay180.mail.live.com
2014-03-04 11:45:36,h2.msn.com
2014-03-04 11:45:37,g.msn.com
2014-03-04 11:45:37,h2.msn.com
2014-03-04 11:45:39,h.live.com
2014-03-04 11:45:39,bay180.mail.live.com
2014-03-04 11:45:39,storage.live.com
2014-03-04 11:45:39,go.trouter.io
2014-03-04 11:45:42,h.live.com
2014-03-04 11:45:42,g.msn.com
2014-03-04 11:45:42,bay180.mail.live.com
2014-03-04 11:45:43,bay180.mail.live.com
2014-03-04 11:45:44,g.msn.com
2014-03-04 11:45:45,h.live.com
2014-03-04 11:45:46,bay180.mail.live.com
2014-03-04 11:46:08,bay180.mail.live.com
2014-03-04 11:46:08,h.live.com
2014-03-04 11:46:08,g.msn.com
2014-03-04 11:46:09,login.live.com
2014-03-04 11:46:11,bay180.mail.live.com
2014-03-04 11:46:11,g.live.com
2014-03-04 11:46:16,clients5.google.com
2014-03-04 11:46:16,windowslive.tt.omtrdc.net
2014-03-04 11:46:17,www.google.com
2014-03-04 11:46:17,clients5.google.com
2014-03-04 11:46:18,www.google.fr
2014-03-04 11:46:18,clients1.google.fr
2014-03-04 11:46:20,docs.google.com
2014-03-04 11:46:20,www.google.fr
2014-03-04 11:46:21,www.google.com
2014-03-04 11:46:21,accounts.google.com
2014-03-04 11:46:41,accounts.google.com
2014-03-04 11:46:42,accounts.youtube.com
2014-03-04 11:46:43,accounts.google.fr
2014-03-04 11:46:43,docs.google.com
2014-03-04 11:46:43,drive.google.com
2014-03-04 11:46:44,drive.google.com
2014-03-04 11:46:44,apis.google.com
2014-03-04 11:46:46,drive.google.com
2014-03-04 11:46:50,drive.google.com
2014-03-04 11:46:50,docs.google.com
2014-03-04 11:46:51,drive.google.com
2014-03-04 11:46:55,docs.google.com
2014-03-04 11:46:57,docs.google.com
2014-03-04 11:46:58,docs.google.com
2014-03-04 11:46:59,docs.google.com
2014-03-04 11:47:00,drive.google.com
2014-03-04 11:47:00,docs.google.com
2014-03-04 11:47:30,drive.google.com
2014-03-04 11:47:31,apis.google.com
2014-03-04 11:47:31,maps-api-ssl.google.com
2014-03-04 11:47:31,plus.google.com
2014-03-04 11:47:37,plus.google.com
2014-03-04 11:47:38,plus.google.com
2014-03-04 11:47:40,plus.google.com
2014-03-04 11:47:41,talkgadget.google.com
2014-03-04 11:47:41,plus.google.com
2014-03-04 11:47:42,plus.google.com
2014-03-04 11:47:42,talkgadget.google.com
2014-03-04 11:47:46,talkgadget.google.com
2014-03-04 11:47:46,apis.google.com
2014-03-04 11:47:47,talkgadget.google.com
2014-03-04 11:47:48,plus.google.com
2014-03-04 11:47:50,0.drive.google.com
2014-03-04 11:47:50,drive.google.com
2014-03-04 11:47:50,talkgadget.google.com
2014-03-04 11:48:16,clients5.google.com
2014-03-04 11:48:16,talkgadget.google.com
2014-03-04 11:48:17,clients5.google.com
2014-03-04 11:48:18,clients5.google.com
2014-03-04 11:48:19,clients5.google.com
2014-03-04 11:48:20,www.google.fr
2014-03-04 11:48:20,www.google.com
2014-03-04 11:48:20,clients5.google.com
2014-03-04 11:48:20,talkgadget.google.com
2014-03-04 11:48:21,clients1.google.fr
2014-03-04 11:48:23,www.google.fr
2014-03-04 11:48:24,crl.tcs.terena.org
2014-03-04 11:48:24,crl.usertrust.com
2014-03-20 08:18:38,www.google.com
2014-03-20 08:18:39,clients1.google.com
2014-03-20 08:18:39,gtglobal-ocsp.geotrust.com
2014-03-20 08:18:42,clients1.google.com
2014-03-20 08:18:47,clients1.google.com
2014-03-20 08:18:48,clients1.google.com
2014-03-20 08:19:27,clients1.google.com
2014-03-20 08:19:34,gtssl-ocsp.geotrust.com
2014-03-20 08:20:26,clients6.google.com
2014-03-20 08:20:26,gg.google.com
2014-03-20 08:20:26,drive.google.com
2014-03-20 08:20:26,accounts.google.fr
2014-03-20 08:20:26,0.drive.google.com
2014-03-20 08:20:26,www.google.fr
2014-03-20 08:20:26,www.google.com
2014-03-20 08:20:26,apis.google.com
2014-03-20 08:20:26,id.google.fr
2014-03-20 08:20:26,docs.google.com
2014-03-20 08:20:26,accounts.google.com
2014-03-20 08:20:26,accounts.youtube.com
2014-03-20 08:20:27,drive.google.com
2014-03-20 08:20:31,ocsp.verisign.com
2014-03-20 08:20:42,0.docs.google.com
2014-03-20 08:21:28,gg.google.com
2014-03-20 08:21:38,safebrowsing-cache.google.com
2014-03-20 08:21:38,safebrowsing.clients.google.com
2014-03-20 08:21:39,safebrowsing-cache.google.com
2014-03-20 08:22:31,ocsp.digicert.com
2014-03-20 08:23:23,0.drive.google.com
2014-03-20 08:23:24,apis.google.com
2014-03-20 08:25:25,drive.google.com
2014-03-20 08:28:31,ocsp.thawte.com
2014-03-20 08:29:24,drive.google.com
2014-03-20 08:29:43,docs.google.com
2014-03-20 08:32:52,www.google.com
2014-03-20 08:32:52,www.google.fr
2014-03-20 08:32:53,docs.google.com
2014-03-20 08:32:58,accounts.youtube.com
2014-03-20 08:32:58,accounts.google.com
2014-03-20 08:32:58,www.google.com
2014-03-20 08:32:58,0.docs.google.com
2014-03-20 08:32:58,1.drive.google.com
2014-03-20 08:32:58,accounts.google.fr
2014-03-20 08:32:58,docs.google.com
2014-03-20 08:37:45,www.google.fr
2014-03-20 08:37:45,www.google.com
2014-03-20 08:37:46,crl.geotrust.com
2014-03-20 08:37:46,pki.google.com
2014-03-20 08:37:51,cdp1.public-trust.com
2014-03-20 08:37:51,mscrl.microsoft.com
2014-03-20 08:37:52,mscrl.microsoft.com
2014-03-20 08:37:56,www.live.com
2014-03-20 08:37:56,www.google.com
2014-03-20 08:38:51,www.google.fr
2014-03-20 08:38:51,clients1.google.fr
2014-03-20 08:38:56,ieonline.microsoft.com
2014-03-20 08:39:13,clients5.google.com
2014-03-20 08:39:14,clients5.google.com
2014-03-20 08:39:15,clients5.google.com
2014-03-20 08:39:16,clients5.google.com
2014-03-20 08:39:21,www.google.com
2014-03-20 08:39:21,www.google.fr
2014-03-20 08:39:57,static.commentcamarche.net
2014-03-20 08:39:57,www.google.fr
2014-03-20 08:39:57,platform.twitter.com
2014-03-20 08:39:57,www.facebook.com
2014-03-20 08:39:57,ba.ccmbg.net
2014-03-20 08:39:57,html5shim.googlecode.com
2014-03-20 08:39:57,ba.commentcamarche.net
2014-03-20 08:39:57,static.ccm2.net
2014-03-20 08:39:57,www.commentcamarche.net
2014-03-20 08:39:57,clients1.google.fr
2014-03-20 08:39:58,apis.google.com
2014-03-20 08:39:58,ba.commentcamarche.net
2014-03-20 08:39:58,static.commentcamarche.net
2014-03-20 08:39:58,static.ccm2.net
2014-03-20 08:39:58,platform.twitter.com
2014-03-20 08:39:59,apis.google.com
2014-03-20 08:39:59,ajax.googleapis.com
2014-03-20 08:39:59,evsecure-crl.verisign.com
2014-03-20 08:39:59,r.ccmbg.com
2014-03-20 08:39:59,static.ccm2.net
2014-03-20 08:39:59,twitter.com
2014-03-20 08:40:00,static.ccm2.net
2014-03-20 08:40:00,twitter.com
2014-03-20 08:40:00,www.public-trust.com
2014-03-20 08:40:00,crl.omniroot.com
2014-03-20 08:40:00,connect.facebook.net
2014-03-20 08:40:00,ba.commentcamarche.net
2014-03-20 08:40:00,static.ak.facebook.com
2014-03-20 08:40:01,loadr.exelator.com
2014-03-20 08:40:01,broadcast.piximedia.fr
2014-03-20 08:40:01,ba.commentcamarche.net
2014-03-20 08:40:01,static.ccm2.net
2014-03-20 08:40:01,www.facebook.com
2014-03-20 08:40:01,static.ccmbg.com
2014-03-20 08:40:01,platform.twitter.com
2014-03-20 08:40:01,s-static.ak.facebook.com
2014-03-20 08:40:02,gtssl-crl.geotrust.com
2014-03-20 08:40:02,www.facebook.com
2014-03-20 08:40:02,broadcast.piximedia.fr
2014-03-20 08:40:02,twitter.com
2014-03-20 08:40:03,broadcast.piximedia.fr
2014-03-20 08:40:03,www.commentcamarche.net
2014-03-20 08:40:03,static.ccm2.net
2014-03-20 08:40:18,static.ccm2.net
2014-03-20 08:40:19,www.commentcamarche.net
2014-03-20 08:40:20,r.ccmbg.com
2014-03-20 08:40:20,www.google.com
2014-03-20 08:40:20,ba.commentcamarche.net
2014-03-20 08:40:20,www.commentcamarche.net
2014-03-20 08:40:20,www.facebook.com
2014-03-20 08:40:20,static.ccm2.net
2014-03-20 08:40:21,static.ccm2.net
2014-03-20 08:40:21,static.commentcamarche.net
2014-03-20 08:40:21,www.facebook.com
2014-03-20 08:40:21,www.google.com
2014-03-20 08:40:22,www.commentcamarche.net
2014-03-20 08:40:22,ba.commentcamarche.net
2014-03-20 08:40:22,www.facebook.com
2014-03-20 08:40:22,static.ccm2.net
2014-03-20 08:40:22,static.ak.facebook.com
2014-03-20 08:40:22,twitter.com
2014-03-20 08:40:22,s-static.ak.facebook.com
2014-03-20 08:40:23,www.facebook.com
2014-03-20 08:40:51,od.ccm2.net
2014-03-20 08:40:51,ba.commentcamarche.net
2014-03-20 08:40:52,static.ccm2.net
2014-03-20 08:40:52,www.facebook.com
2014-03-20 08:40:52,crl3.digicert.com
2014-03-20 08:40:52,twitter.com
2014-03-20 08:40:53,ba.commentcamarche.net
2014-03-20 08:40:53,www.facebook.com
2014-03-20 08:40:53,accounts.google.com
2014-03-20 08:40:55,twitter.com
2014-03-20 08:40:55,www.facebook.com
2014-03-20 08:40:55,static.ak.facebook.com
2014-03-20 08:40:55,s-static.ak.facebook.com
2014-03-20 08:41:17,www.commentcamarche.net
2014-03-20 08:41:18,www.commentcamarche.net
2014-03-20 08:41:18,www.facebook.com
2014-03-20 08:41:18,static.ccm2.net
2014-03-20 08:41:18,www.google.com
2014-03-20 08:41:18,ba.commentcamarche.net
2014-03-20 08:41:19,twitter.com
2014-03-20 08:41:19,s-static.ak.facebook.com
2014-03-20 08:41:19,static.ak.facebook.com
2014-03-20 08:41:19,ba.commentcamarche.net
2014-03-20 08:41:19,pixel.alephd.com
2014-03-20 08:41:20,www.facebook.com
2014-03-20 08:41:20,choices.truste.com
2014-03-20 08:41:20,twitter.com
2014-03-20 08:41:21,pixel.alephd.com
2014-03-20 08:41:21,www.facebook.com
2014-03-20 08:41:22,choices.truste.com
2014-03-20 08:41:22,www.commentcamarche.net
2014-03-20 08:41:29,od.ccm2.net
2014-03-20 08:42:03,html5shim.googlecode.com
2014-03-20 08:42:03,static.ccm2.net
2014-03-20 08:42:03,ba.commentcamarche.net
2014-03-20 08:42:03,www.commentcamarche.net
2014-03-20 08:42:04,ba.commentcamarche.net
2014-03-20 08:42:04,www.facebook.com
2014-03-20 08:42:04,www.commentcamarche.net
2014-03-20 08:42:05,ba.commentcamarche.net
2014-03-20 08:42:05,static.commentcamarche.net
2014-03-20 08:42:05,www.facebook.com
2014-03-20 08:42:05,platform.twitter.com
2014-03-20 08:42:05,s-static.ak.facebook.com
2014-03-20 08:42:05,twitter.com
2014-03-20 08:42:05,apis.google.com
2014-03-20 08:42:05,static.ak.facebook.com
2014-03-20 08:42:05,www.commentcamarche.net
2014-03-20 08:42:05,static.ccm2.net
2014-03-20 08:42:06,ba.commentcamarche.net
2014-03-20 08:42:06,www.facebook.com
2014-03-20 08:42:07,www.facebook.com
2014-03-20 08:42:07,static.ccm2.net
2014-03-20 08:42:36,twitter.com
2014-03-20 08:44:06,www.facebook.com
2014-03-20 08:44:07,ba.commentcamarche.net
2014-03-20 08:44:08,www.commentcamarche.net
2014-03-20 08:44:08,www.google.com
2014-03-20 08:44:08,www.facebook.com
2014-03-20 08:44:08,static.ccm2.net
2014-03-20 08:44:08,ba.commentcamarche.net
2014-03-20 08:44:09,kh6qrx0f8h.s.ad6media.fr
2014-03-20 08:44:09,static.ccm2.net
2014-03-20 08:44:09,ba.commentcamarche.net
2014-03-20 08:44:09,style2.ad6.fr
2014-03-20 08:44:09,www.facebook.com
2014-03-20 08:44:09,apis.google.com
2014-03-20 08:44:09,twitter.com
2014-03-20 08:44:10,twitter.com
2014-03-20 08:44:10,s-static.ak.facebook.com
2014-03-20 08:44:10,static.ak.facebook.com
2014-03-20 08:44:11,its.tradelab.fr
2014-03-20 08:44:11,pixel.alephd.com
2014-03-20 08:44:11,www.facebook.com
2014-03-20 08:44:11,mm.eulerian.net
2014-03-20 08:44:12,www.facebook.com
2014-03-20 08:44:12,twitter.com
2014-03-20 08:44:13,pixel.alephd.com
2014-03-20 08:44:14,its.tradelab.fr
2014-03-20 08:44:14,kh6qrx0f8h.s.ad6media.fr
2014-03-20 08:44:14,pixel.alephd.com
2014-03-20 08:44:16,its.tradelab.fr
2014-03-20 08:44:28,www.google.fr
2014-03-20 08:44:28,clients1.google.fr
2014-03-20 08:45:28,www.google.com
2014-03-20 08:45:33,clients1.google.com
2014-03-20 08:45:33,www.google.com
2014-03-20 08:46:13,clients5.google.com
2014-03-20 08:46:15,clients5.google.com
2014-03-20 08:46:16,clients5.google.com
2014-03-20 08:46:21,clients5.google.com
2014-03-20 08:46:22,clients5.google.com
2014-03-20 08:46:28,clients5.google.com
2014-03-20 08:46:29,clients5.google.com
2014-03-20 08:46:30,www.google.com
2014-03-20 08:46:30,www.google.fr
2014-03-20 08:46:31,www.google.fr
2014-03-20 08:46:40,clients1.google.fr
2014-03-20 08:46:40,www.google.fr
2014-03-20 08:46:41,clients1.google.fr
2014-03-20 08:47:49,www.google.fr
2014-03-20 08:47:59,clients1.google.fr
2014-03-20 08:48:04,clients1.google.com
2014-03-27 11:19:12,clients5.google.com
2014-03-27 11:19:22,clients5.google.com
2014-03-27 11:19:23,clients5.google.com
2014-03-27 11:19:23,www.google.com
2014-03-27 11:19:24,clients1.google.fr
2014-03-27 11:19:24,www.google.fr
2014-03-27 11:19:33,www.google.fr
2014-03-27 11:19:37,www.ti.com
2014-03-27 11:20:15,clients1.google.fr
2014-03-27 11:20:16,www.google.fr
2014-03-27 11:20:17,clients1.google.fr
2014-03-27 11:20:18,www.google.fr
2014-03-27 11:20:19,www.electroschematics.com
2014-03-27 11:20:20,www.google.com
2014-03-27 11:20:20,apis.google.com
2014-03-27 11:20:20,www.electroschematics.com
2014-03-27 11:20:21,www.electroschematics.com
2014-03-27 11:20:21,www.facebook.com
2014-03-27 11:20:21,platform.twitter.com
2014-03-27 11:20:21,www.google.com
2014-03-27 11:20:22,accounts.google.com
2014-03-27 11:20:22,apis.google.com
2014-03-27 11:20:22,platform.twitter.com
2014-03-27 11:20:22,platform.stumbleupon.com
2014-03-27 11:20:23,www.electroschematics.com
2014-03-27 11:20:23,twitter.com
2014-03-27 11:20:23,apis.google.com
2014-03-27 11:20:23,evsecure-crl.verisign.com
2014-03-27 11:20:23,electroschematics.com
2014-03-27 11:20:23,badge.stumbleupon.com
2014-03-27 11:20:24,de.tynt.com
2014-03-27 11:20:24,badge.stumbleupon.com
2014-03-27 11:20:25,ibeu2.mookie1.com
2014-03-27 11:20:26,crl3.digicert.com
2014-03-27 11:20:26,ibeu2.mookie1.com
2014-03-27 11:20:27,crl3.digicert.com
2014-03-27 11:20:27,ibeu2.mookie1.com
2014-03-27 11:20:27,www.facebook.com
2014-03-27 11:21:36,clients5.google.com
2014-03-27 11:21:37,www.google.com
2014-03-27 11:21:37,clients5.google.com
2014-03-27 11:21:38,clients1.google.fr
2014-03-27 11:21:38,www.google.fr
2014-03-27 11:21:41,www.google.fr
2014-03-27 11:21:41,clients1.google.fr
2014-03-27 11:21:45,clients1.google.fr
2014-03-27 11:21:46,www.facebook.com
2014-03-27 11:21:47,www.facebook.com
2014-03-27 11:21:48,apis.google.com
2014-03-27 11:21:48,ibeu2.mookie1.com
2014-03-27 11:21:49,ibeu2.mookie1.com
2014-03-27 11:21:49,twitter.com
2014-03-27 11:23:16,www.google.com
2014-03-27 11:23:16,www.google.fr
2014-03-27 11:23:17,clients1.google.fr
2014-03-27 11:28:26,www.google.fr
2014-03-27 11:28:26,clients1.google.fr
2014-03-27 11:28:35,clients1.google.fr
2014-03-27 11:28:35,www.google.fr
2014-03-27 11:28:41,www.google.fr
2014-03-27 11:28:42,www.alldatasheet.fr
2014-03-27 11:28:43,search.supplyframe.com
2014-03-27 11:28:43,www.alldatasheet.fr
2014-03-27 11:28:44,banner.alldatasheet.com
2014-03-27 11:28:44,other.alldatasheet.com
2014-03-27 11:28:45,other.alldatasheet.com
2014-03-27 11:28:45,banner.alldatasheet.com
2014-03-27 11:28:45,htmlimg1.alldatasheet.com
2014-03-27 11:28:46,htmlimg1.alldatasheet.com
2014-03-27 11:28:46,banner.alldatasheet.com
2014-03-27 11:28:46,www.google.com
2014-03-27 11:28:46,www.facebook.com
2014-03-27 11:28:46,images.alldatasheet.com
2014-03-27 11:28:46,www.google.fr
2014-03-27 11:28:47,www.google.fr
2014-03-27 11:28:47,crl3.digicert.com
2014-03-27 11:28:47,logs3.alldatasheet.com
2014-03-27 11:28:48,www.alldatasheet.fr
2014-03-27 11:28:50,html.alldatasheet.fr
2014-03-27 11:28:51,html.alldatasheet.fr
2014-03-27 11:28:51,search.supplyframe.com
2014-03-27 11:28:51,htmlimg1.alldatasheet.fr
2014-03-27 11:28:51,www.alldatasheet.com
2014-03-27 11:28:51,other.alldatasheet.com
2014-03-27 11:28:51,banner.alldatasheet.com
2014-03-27 11:28:52,htmlimg1.alldatasheet.fr
2014-03-27 11:28:52,other.alldatasheet.com
2014-03-27 11:28:52,www.google.com
2014-03-27 11:28:53,www.google.com
2014-03-27 11:28:53,htmlimg2.alldatasheet.fr
2014-03-27 11:28:53,www.google.fr
2014-03-27 11:28:53,logs5.alldatasheet.com
2014-03-27 11:28:59,clients1.google.fr
2014-03-27 11:29:01,www.google.fr
2014-03-27 11:29:01,www.ti.com
2014-03-27 11:29:02,reviews.ti.com
2014-03-27 11:29:02,www.ti.com
2014-03-27 11:29:02,focus.ti.com
2014-03-27 11:29:03,webench.ti.com
2014-03-27 11:29:03,reviews.ti.com
2014-03-27 11:29:03,crl.verisign.com
2014-03-27 11:29:03,www.ti.com
2014-03-27 11:29:04,www.google.fr
2014-03-27 11:29:04,www.ti.com
2014-03-27 11:29:04,www.tij.co.jp
2014-03-27 11:29:04,www.ti.com.cn
2014-03-27 11:29:04,www.google.com
2014-03-27 11:29:04,reviews.ti.com
2014-03-27 11:29:04,magpie-static.ugc.bazaarvoice.com
2014-03-27 11:29:05,www.google.fr
2014-03-27 11:29:05,clients1.google.fr
2014-03-27 11:29:06,svrsecure-g3-crl.verisign.com
2014-03-27 11:29:08,pdf.datasheetcatalog.com
2014-03-27 11:29:08,www.google.fr
2014-03-27 11:29:10,www.datasheetcatalog.org
2014-03-27 11:29:10,www.datasheetcatalog.com
2014-03-27 11:29:10,www.yagi-antennas.com
2014-03-27 11:29:10,apis.google.com
2014-03-27 11:29:12,www.datasheetcatalog.com
2014-03-27 11:30:09,clients1.google.fr
2014-03-27 11:30:14,accounts.google.com
2014-03-27 11:30:29,clients1.google.fr
2014-03-27 11:30:32,www.google.fr
2014-03-27 11:30:32,clients1.google.fr
2014-03-27 11:30:38,clients1.google.fr
2014-03-27 11:30:47,clients1.google.fr
2014-03-27 11:30:51,clients1.google.fr
2014-03-27 11:30:56,clients1.google.fr
2014-03-27 11:31:00,www.google.fr
2014-03-27 11:31:00,clients1.google.fr
2014-03-27 11:31:03,www.google.fr
2014-03-27 11:31:08,us.100y.com.tw
2014-03-27 11:31:09,us.100y.com.tw
2014-03-27 11:31:10,us.100y.com.tw
2014-03-27 11:31:11,us.100y.com.tw
2014-03-27 11:32:32,www.google.fr
2014-03-27 11:32:33,www.ti.com
2014-03-27 11:32:55,clients1.google.fr
2014-03-27 11:33:00,www.google.fr
2014-03-27 11:33:00,clients1.google.fr
2014-03-27 11:33:11,www.google.fr
2014-03-27 11:33:12,www.distrelec.de
2014-03-27 11:33:12,rapidssl-crl.geotrust.com
2014-03-27 11:33:13,crl.thawte.com
2014-03-27 11:33:13,svr-dv-crl.thawte.com
2014-03-27 11:33:13,svr-ov-crl.thawte.com
2014-03-27 11:33:13,www.distrelec.de
2014-03-27 11:33:14,www.google.com
2014-03-27 11:33:14,www.google.fr
2014-03-27 11:33:14,wt.distrelec.com
2014-03-27 11:33:24,clients1.google.fr
2014-03-27 11:34:19,www.distrelec.de
2014-03-27 11:38:49,www.google.fr
2014-03-27 11:38:49,clients1.google.fr
2014-03-27 11:38:55,www.google.fr
2014-03-27 11:38:55,clients1.google.fr
2014-03-27 11:39:02,clients1.google.fr
2014-03-27 11:39:02,www.google.fr
2014-04-17 10:52:57,go.microsoft.com
2014-04-17 10:52:59,runonce.msn.com
2014-04-17 10:53:01,runonce.msn.com
2014-04-17 10:53:02,runonce.msn.com
2014-04-17 10:53:04,runonce.msn.com
2014-04-17 10:53:05,runonce.msn.com
2014-04-17 10:53:06,runonce.msn.com
2014-04-17 10:53:25,search.live.com
2014-04-17 10:53:25,www.bing.com
2014-04-17 10:53:26,www.bing.com
2014-04-17 10:53:27,www.bing.com
2014-04-17 10:53:31,www.bing.com
2014-04-17 10:53:31,cms.abmr.net
2014-04-17 10:53:32,evintl-crl.verisign.com
2014-04-17 10:53:32,login.live.com
2014-04-17 10:53:32,www.bing.com
2014-04-17 10:53:32,mscrl.microsoft.com
2014-04-17 10:53:42,www.bing.com
2014-04-17 10:53:43,www.bing.com
2014-04-17 10:53:43,ts4.mm.bing.net
2014-04-17 10:53:43,ts3.mm.bing.net
2014-04-17 10:53:43,ts1.mm.bing.net
2014-04-17 10:53:43,ssl.bing.com
2014-04-17 10:53:44,ts1.mm.bing.net
2014-04-17 10:53:44,ts2.mm.bing.net
2014-04-17 10:53:44,ts4.mm.bing.net
2014-04-17 10:53:44,www.bing.com
2014-04-17 10:53:44,ts3.mm.bing.net
2014-04-17 10:53:45,ts4.mm.bing.net
2014-04-17 10:53:45,ts1.mm.bing.net
2014-04-17 10:53:45,ts2.mm.bing.net
2014-04-17 10:53:45,www.bing.com
2014-04-17 10:53:45,ts3.mm.bing.net
2014-04-17 10:53:46,ts4.mm.bing.net
2014-04-17 10:53:46,ts2.mm.bing.net
2014-04-17 10:53:46,ts1.mm.bing.net
2014-04-17 10:53:46,ts3.mm.bing.net
2014-04-17 10:53:46,www.bing.com
2014-04-17 10:53:47,ssl.bing.com
2014-04-17 10:53:47,login.live.com
2014-04-17 10:53:47,ts4.mm.bing.net
2014-04-17 10:53:47,ts1.mm.bing.net
2014-04-17 10:53:47,www.bing.com
2014-04-17 10:53:47,ts3.mm.bing.net
2014-04-17 10:53:47,ts2.mm.bing.net
2014-04-17 10:53:48,api.bing.com
2014-04-17 10:53:48,ts1.mm.bing.net
2014-04-17 10:53:48,ts2.mm.bing.net
2014-04-17 10:53:48,ts3.mm.bing.net
2014-04-17 10:53:48,ts4.mm.bing.net
2014-04-17 10:53:49,www.bing.com
2014-04-17 10:53:50,ts1.mm.bing.net
2014-04-17 10:53:50,www.bing.com
2014-04-17 10:53:51,www.bing.com
2014-04-17 10:53:51,ts1.mm.bing.net
2014-04-17 10:53:53,ts1.mm.bing.net
2014-04-17 10:53:53,www.bing.com
2014-04-17 10:53:54,www.bing.com
2014-04-17 10:53:54,ts1.mm.bing.net
2014-04-17 10:53:55,ts1.mm.bing.net
2014-04-17 10:53:55,www.bing.com
2014-04-17 10:53:56,ts1.mm.bing.net
2014-04-17 10:53:57,www.bing.com
2014-04-17 10:53:57,ts1.mm.bing.net
2014-04-17 10:53:59,ts1.mm.bing.net
2014-04-17 10:53:59,www.bing.com
2014-04-17 10:54:00,ts1.mm.bing.net
2014-04-17 10:54:01,ts1.mm.bing.net
2014-04-17 10:54:01,www.bing.com
2014-04-17 10:54:02,www.bing.com
2014-04-17 10:54:02,ts1.mm.bing.net
2014-04-17 10:54:03,ts1.mm.bing.net
2014-04-17 10:54:03,www.bing.com
2014-04-17 10:54:04,www.bing.com
2014-04-17 10:54:04,ts1.mm.bing.net
2014-04-17 10:54:05,ts1.mm.bing.net
2014-04-17 10:54:06,ts1.mm.bing.net
2014-04-17 10:54:06,www.bing.com
2014-04-17 10:54:07,ts4.mm.bing.net
2014-04-17 10:54:07,ts2.mm.bing.net
2014-04-17 10:54:07,ts1.mm.bing.net
2014-04-17 10:54:07,ts3.mm.bing.net
2014-04-17 10:54:07,www.bing.com
2014-04-17 10:54:08,ts2.mm.bing.net
2014-04-17 10:54:08,ts1.mm.bing.net
2014-04-17 10:54:08,ts4.mm.bing.net
2014-04-17 10:54:08,ts3.mm.bing.net
2014-04-17 10:54:09,ts3.mm.bing.net
2014-04-17 10:54:09,ts2.mm.bing.net
2014-04-17 10:54:09,ts4.mm.bing.net
2014-04-17 10:54:09,ts1.mm.bing.net
2014-04-17 10:54:10,ts1.mm.bing.net
2014-04-17 10:54:11,ts1.mm.bing.net
2014-04-17 10:54:15,www.bing.com
2014-04-17 10:54:17,login.live.com
2014-04-17 10:54:18,www.bing.com
2014-04-17 10:54:19,fr.farnell.com
2014-04-17 10:54:19,ssl.bing.com
2014-04-17 10:54:20,fr.farnell.com
2014-04-17 10:54:38,fr.farnell.com
2014-04-17 10:54:39,fr.farnell.com
2014-04-17 10:54:40,metrics.farnell.com
2014-04-17 10:54:40,fr.farnell.com
2014-04-17 10:54:41,fr.farnell.com
2014-04-17 10:54:42,fr.farnell.com
2014-04-17 10:54:42,crl.geotrust.com
2014-04-17 10:54:42,pki.google.com
2014-04-17 10:54:43,www.google.com
2014-04-17 10:54:44,fr.farnell.com
2014-04-17 10:54:48,crl.omniroot.com
2014-04-17 10:54:48,farnell-fr.baynote.net
2014-04-17 10:54:49,farnell-fr.baynote.net
2014-04-17 10:54:50,farnell-fr.baynote.net
2014-04-17 10:54:51,fr.farnell.com
2014-04-17 10:54:51,farnell-fr.baynote.net
2014-04-17 10:54:55,www.bing.com
2014-04-17 10:54:56,www.bing.com
2014-04-17 10:54:58,fr.farnell.com
2014-04-17 10:55:00,fr.farnell.com
2014-04-17 10:55:00,metrics.farnell.com
2014-04-17 10:55:02,www.google.com
2014-04-17 10:55:06,farnell-fr.baynote.net
2014-04-17 10:55:07,farnell-fr.baynote.net
2014-04-17 10:55:07,fr.farnell.com
2014-04-17 10:55:08,fr.farnell.com
2014-04-17 10:55:13,www.bing.com
2014-04-17 10:55:14,www.bing.com
2014-04-17 10:55:15,www.bing.com
2014-04-17 10:55:15,login.live.com
2014-04-17 10:55:16,www.bing.com
2014-04-17 10:55:17,www.bing.com
2014-04-17 10:55:18,www.bing.com
2014-04-17 10:55:19,www.bing.com
2014-04-17 10:55:20,www.bing.com
2014-04-17 10:55:21,www.bing.com
2014-04-17 10:55:22,www.bing.com
2014-04-17 10:55:23,www.bing.com
2014-04-17 10:55:25,www.bing.com
2014-04-17 10:55:25,login.live.com
2014-04-17 10:55:29,www.bing.com
2014-04-17 10:55:30,ssl.bing.com
2014-04-17 10:55:30,ts1.mm.bing.net
2014-04-17 10:55:30,www.bing.com
2014-04-17 10:55:30,ts3.mm.bing.net
2014-04-17 10:55:30,ts2.mm.bing.net
2014-04-17 10:55:30,api.bing.com
2014-04-17 10:55:31,ts1.mm.bing.net
2014-04-17 10:55:31,www.bing.com
2014-04-17 10:55:32,login.live.com
2014-04-17 10:55:32,ts1.mm.bing.net
2014-04-17 10:55:32,www.bing.com
2014-04-17 10:55:33,www.bing.com
2014-04-17 10:55:33,ts1.mm.bing.net
2014-04-17 10:55:34,ts1.mm.bing.net
2014-04-17 10:55:34,www.bing.com
2014-04-17 10:55:35,www.bing.com
2014-04-17 10:55:36,www.bing.com
2014-04-17 10:55:37,api.bing.com
2014-04-17 10:55:38,api.bing.com
2014-04-17 10:55:39,api.bing.com
2014-04-17 10:55:40,api.bing.com
2014-04-17 10:55:41,ts3.mm.bing.net
2014-04-17 10:55:41,ts2.mm.bing.net
2014-04-17 10:55:41,ts4.mm.bing.net
2014-04-17 10:55:41,ssl.bing.com
2014-04-17 10:55:41,ts1.mm.bing.net
2014-04-17 10:55:41,www.bing.com
2014-04-17 10:55:42,www.bing.com
2014-04-17 10:55:42,api.bing.com
2014-04-17 10:55:42,ts1.mm.bing.net
2014-04-17 10:55:43,www.bing.com
2014-04-17 10:55:43,ts1.mm.bing.net
2014-04-17 10:55:44,www.bing.com
2014-04-17 10:55:44,ts1.mm.bing.net
2014-04-17 10:55:44,login.live.com
2014-04-17 10:55:45,ssl.bing.com
2014-04-17 10:55:45,www.bing.com
2014-04-17 10:55:45,ts1.mm.bing.net
2014-04-17 10:55:46,www.bing.com
2014-04-17 10:55:47,ts1.mm.bing.net
2014-04-17 10:55:47,www.bing.com
2014-04-17 10:55:49,www.bing.com
2014-04-17 10:55:49,ts1.mm.bing.net
2014-04-17 10:55:50,www.bing.com
2014-04-17 10:55:50,ts1.mm.bing.net
2014-04-17 10:55:54,www.bing.com
2014-04-17 10:55:55,www.bing.com
2014-04-17 10:55:55,ts1.mm.bing.net
2014-04-17 10:55:56,www.bing.com
2014-04-17 10:55:57,www.bing.com
2014-04-17 10:55:58,www.bing.com
2014-04-17 10:56:00,ts1.mm.bing.net
2014-04-17 10:56:00,www.bing.com
2014-04-17 10:56:00,ts2.mm.bing.net
2014-04-17 10:56:01,www.bing.com
2014-04-17 10:56:01,video.google.com
2014-04-17 10:56:01,www.bcae1.com
2014-04-17 10:56:02,i.stack.imgur.com
2014-04-17 10:56:02,padey.com
2014-04-17 10:56:02,i69.photobucket.com
2014-04-17 10:56:02,makezineblog.files.wordpress.com
2014-04-17 10:56:02,www.embedds.com
2014-04-17 10:56:04,www.australianrobotics.com.au
2014-04-17 10:56:05,www.bcae1.com
2014-04-17 10:56:05,www.electroschematics.com
2014-04-17 10:56:05,www.bing.com
2014-04-17 10:56:06,ts1.mm.bing.net
2014-04-17 10:56:07,ts1.mm.bing.net
2014-04-17 10:56:14,www.bing.com
2014-04-17 10:56:14,www.google.com
2014-04-17 10:56:14,www.bcae1.com
2014-04-17 10:56:14,translate.google.com
2014-04-17 10:56:14,translate.googleapis.com
2014-04-17 10:56:15,www.bcae1.com
2014-04-17 10:56:16,www.google.com
2014-04-17 10:56:16,www.bcae1.com
2014-04-17 10:56:16,accounts.google.com
2014-04-17 10:56:18,translate.google.com
2014-04-17 10:56:18,translate.googleapis.com
2014-04-17 10:56:54,www.bing.com
2014-04-17 10:56:55,ts1.mm.bing.net
2014-04-17 10:56:55,www.bing.com
2014-04-17 10:56:57,www.bing.com
2014-04-17 10:56:59,www.bing.com
2014-04-17 10:57:00,www.bing.com
2014-04-17 10:57:01,www.google.com
2014-04-17 10:57:02,www.bing.com
2014-04-17 10:57:02,www.google.com
2014-04-17 10:57:02,login.live.com
2014-04-17 10:57:12,www.bing.com
2014-04-17 10:57:14,ssl.bing.com
2014-04-17 10:57:14,uk.rs-online.com
2014-04-17 10:57:14,img-europe.electrocomponents.com
2014-04-17 10:57:15,wa-europe.electrocomponents.com
2014-04-17 10:57:15,img-europe.electrocomponents.com
2014-04-17 10:57:15,uk.rs-online.com
2014-04-17 10:57:16,img-europe.electrocomponents.com
2014-04-17 10:57:16,wa-europe.electrocomponents.com
2014-04-17 10:57:17,d.monetate.net
2014-04-17 10:57:17,wa-europe.electrocomponents.com
2014-04-17 10:57:17,ecustomeropinions.com
2014-04-17 10:57:18,uk.rs-online.com
2014-04-17 10:57:19,img-europe.electrocomponents.com
2014-04-17 10:58:09,www.bing.com
2014-04-17 10:58:12,www.bing.com
2014-04-17 10:58:13,www.bing.com
2014-04-17 10:58:14,www.bing.com
2014-04-17 10:58:15,www.bing.com
2014-04-17 10:58:16,www.bing.com
2014-04-17 10:58:18,login.live.com
2014-04-17 10:58:19,www.bing.com
2014-04-17 10:58:22,www.bing.com
2014-04-17 10:58:23,www.bing.com
2014-04-17 10:58:23,ts1.mm.bing.net
2014-04-17 10:58:23,ts4.mm.bing.net
2014-04-17 10:58:23,ts2.mm.bing.net
2014-04-17 10:58:23,ts3.mm.bing.net
2014-04-17 10:58:23,ssl.bing.com
2014-04-17 10:58:24,ts2.mm.bing.net
2014-04-17 10:58:24,www.bing.com
2014-04-17 10:58:24,ts4.mm.bing.net
2014-04-17 10:58:24,ts3.mm.bing.net
2014-04-17 10:58:24,ts1.mm.bing.net
2014-04-17 10:58:25,ts1.mm.bing.net
2014-04-17 10:58:25,api.bing.com
2014-04-17 10:58:25,ts2.mm.bing.net
2014-04-17 10:58:25,ts4.mm.bing.net
2014-04-17 10:58:25,ts3.mm.bing.net
2014-04-17 10:58:25,www.bing.com
2014-04-17 10:58:26,www.bing.com
2014-04-17 10:58:26,login.live.com
2014-04-17 10:58:26,ts1.mm.bing.net
2014-04-17 10:58:27,www.bing.com
2014-04-17 10:58:28,www.bing.com
2014-04-17 10:58:29,ts1.mm.bing.net
2014-04-17 10:58:29,www.bing.com
2014-04-17 10:58:30,www.bing.com
2014-04-17 10:58:31,www.bing.com
2014-04-17 10:58:31,ts1.mm.bing.net
2014-04-17 10:58:32,ts1.mm.bing.net
2014-04-17 10:58:32,www.bing.com
2014-04-17 10:58:33,www.bing.com
2014-04-17 10:58:34,www.bing.com
2014-04-17 10:58:35,ssl.bing.com
2014-04-17 10:58:35,www.bing.com
2014-04-17 10:58:35,ts3.mm.bing.net
2014-04-17 10:58:36,home.broadpark.no
2014-04-17 10:58:36,edge.rit.edu
2014-04-17 10:58:37,home.broadpark.no
2014-04-17 10:58:37,edge.rit.edu
2014-04-17 10:58:37,www.amplifier.cd
2014-04-17 10:58:37,kudelsko.free.fr
2014-04-17 10:58:37,ts1.mm.bing.net
2014-04-17 10:58:38,www.opencircuits.com
2014-04-17 10:58:38,edge.rit.edu
2014-04-17 10:58:38,ts1.mm.bing.net
2014-04-17 10:58:40,ts1.mm.bing.net
2014-04-17 10:58:40,www.bing.com
2014-04-17 10:58:41,www.bing.com
2014-04-17 10:58:42,www.bing.com
2014-04-17 10:58:43,www.bing.com
2014-04-17 10:58:43,ts3.mm.bing.net
2014-04-17 10:58:43,ts1.mm.bing.net
2014-04-17 10:58:43,ts2.mm.bing.net
2014-04-17 10:58:44,ts1.mm.bing.net
2014-04-17 10:58:45,www.bing.com
2014-04-17 10:58:49,www.bing.com
2014-04-17 10:58:51,www.bing.com
2014-04-17 10:58:51,login.live.com
2014-04-17 10:59:02,www.bing.com
2014-04-17 10:59:03,www.bing.com
2014-04-17 10:59:05,www.bing.com
2014-04-17 10:59:05,login.live.com
2014-04-17 10:59:06,www.bing.com
2014-04-17 10:59:11,www.bing.com
2014-04-17 10:59:12,www.bing.com
2014-04-17 10:59:13,www.bing.com
2014-04-17 10:59:14,www.bing.com
2014-04-17 10:59:15,www.bing.com
2014-04-17 10:59:17,login.live.com
2014-04-17 10:59:18,www.bing.com
2014-04-17 10:59:20,login.live.com
2014-04-17 10:59:21,www.bing.com
2014-04-17 10:59:21,ssl.bing.com
2014-04-17 10:59:22,www.learningaboutelectronics.com
2014-04-17 10:59:23,www.learningaboutelectronics.com
2014-04-17 10:59:23,www.htmlcommentbox.com
2014-04-17 10:59:24,www.htmlcommentbox.com
2014-04-17 10:59:24,www.learningaboutelectronics.com
2014-04-17 11:00:39,www.bing.com
2014-04-17 11:00:41,login.live.com
2014-04-17 11:00:45,forums.futura-sciences.com
2014-04-17 11:00:45,yui.yahooapis.com
2014-04-17 11:00:45,www.bing.com
2014-04-17 11:00:46,ssl.bing.com
2014-04-17 11:00:46,legacy.futura-sciences.com
2014-04-17 11:00:46,www.futura-sciences.com
2014-04-17 11:00:46,forums.futura-sciences.com
2014-04-17 11:00:47,forums.futura-sciences.com
2014-04-17 11:00:48,forums.futura-sciences.com
2014-04-17 11:00:49,roko.ca
2014-04-17 11:00:49,forums.futura-sciences.com
2014-04-17 11:00:49,www.futura-sciences.com
2014-04-17 11:00:49,www.google.fr
2014-04-17 11:00:49,www.google.com
2014-04-17 11:00:49,legacy.futura-sciences.com
2014-04-17 11:00:50,forums.futura-sciences.com
2014-04-17 11:00:52,www.futura-sciences.com
2014-04-17 11:00:52,legacy.futura-sciences.com
2014-04-17 11:00:52,forums.futura-sciences.com
2014-04-17 11:00:53,forums.futura-sciences.com
2014-04-17 11:00:53,fr.intext.adfever.com
2014-04-17 11:00:54,forums.futura-sciences.com
2014-04-17 11:00:55,connect.facebook.net
2014-04-17 11:00:55,platform.twitter.com
2014-04-17 11:00:55,apis.google.com
2014-04-17 11:00:56,platform.twitter.com
2014-04-17 11:00:57,www.facebook.com
2014-04-17 11:00:57,apis.google.com
2014-04-17 11:00:57,platform.twitter.com
2014-04-17 11:00:57,twitter.com
2014-04-17 11:00:58,platform.twitter.com
2014-04-17 11:00:58,connect.facebook.net
2014-04-17 11:00:59,svrsecure-g3-crl.verisign.com
2014-04-17 11:01:00,tfw-current.s3.amazonaws.com
2014-04-17 11:01:08,forums.futura-sciences.com
2014-04-17 11:01:08,www.futura-sciences.com
2014-04-17 11:01:19,platform.twitter.com
2014-04-17 11:01:19,www.facebook.com
2014-04-18 08:29:24,ocsp.thawte.com
2014-04-18 08:29:28,clients1.google.com
2014-04-18 08:29:28,gtglobal-ocsp.geotrust.com
2014-04-18 08:29:29,clients1.google.com
2014-04-18 08:29:33,clients1.google.com
2014-04-18 08:29:36,clients1.google.com
2014-04-18 08:29:59,clients1.google.com
2014-04-18 08:30:27,gtssl-ocsp.geotrust.com
2014-04-18 08:31:07,safebrowsing.clients.google.com
2014-04-18 08:31:07,safebrowsing-cache.google.com
2014-04-18 08:31:08,safebrowsing-cache.google.com
2014-04-18 08:32:29,www.google.com
2014-04-18 08:32:29,www.google.fr
2014-04-18 08:32:50,accounts.youtube.com
2014-04-18 08:32:51,accounts.google.fr
2014-04-18 08:33:04,clients1.google.com
2014-04-18 08:33:12,lh4.google.com
2014-04-18 08:33:20,accounts.google.com
2014-04-18 08:33:52,gg.google.com
2014-04-18 08:34:01,sb-ssl.google.com
2014-04-18 08:34:53,drive.google.com
2014-04-18 08:35:37,clients2.google.com
2014-04-18 08:35:41,clients6.google.com
2014-04-18 08:35:46,www.google.com
2014-04-18 08:35:47,clients1.google.fr
2014-04-18 08:35:48,plus.google.com
2014-04-18 08:35:48,apis.google.com
2014-04-18 08:36:10,www.google.fr
2014-04-18 08:36:35,0.drive.google.com
2014-04-18 08:36:35,0.docs.google.com
2014-04-18 08:36:35,docs.google.com
