timestamp,site
2013-11-27 15:30:22,office14client.microsoft.com
2013-11-27 15:30:22,office.microsoft.com
2013-11-27 15:30:23,office.microsoft.com
2013-11-27 15:30:24,office.microsoft.com
2013-12-13 11:34:34,fpdownload2.macromedia.com
2013-12-13 11:34:42,www.google.fr
2013-12-13 11:34:54,www.google.fr
2013-12-13 11:34:55,apis.google.com
2013-12-13 11:34:57,www.google.com
2013-12-13 11:34:59,mail.google.com
2013-12-13 11:34:59,www.google.com
2013-12-13 11:35:02,accounts.google.com
2013-12-13 11:35:08,apis.google.com
2013-12-13 11:35:14,accounts.youtube.com
2013-12-13 11:35:15,drive.google.com
2013-12-13 11:35:15,accounts.youtube.com
2013-12-13 11:35:35,www.google.fr
2013-12-13 11:35:40,accounts.google.fr
2013-12-13 11:35:40,mail.google.com
2013-12-13 11:35:42,accounts.google.fr
2013-12-13 11:35:43,apis.google.com
2013-12-13 11:35:43,drive.google.com
2013-12-13 11:35:43,accounts.google.fr
2013-12-13 11:35:43,accounts.youtube.com
2013-12-13 11:35:43,accounts.google.com
2013-12-13 11:35:43,www.google.com
2013-12-13 11:35:43,www.google.fr
2013-12-13 11:35:44,drive.google.com
2013-12-13 11:35:46,0.drive.google.com
2013-12-13 11:35:51,plus.google.com
2013-12-13 11:35:51,docs.google.com
2013-12-13 11:35:51,drive.google.com
2013-12-13 11:35:51,www.google.com
2013-12-13 11:35:57,docs.google.com
2013-12-13 11:36:01,docs.google.com
2013-12-13 11:36:02,docs.google.com
2013-12-13 11:36:03,www.google.com
2013-12-13 11:36:03,apis.google.com
2013-12-13 11:36:03,docs.google.com
2013-12-13 11:36:05,www.google.com
2013-12-13 11:36:05,docs.google.com
2013-12-13 11:36:05,apis.google.com
2013-12-13 11:36:06,docs.google.com
2013-12-13 11:36:14,0.docs.google.com
2013-12-13 11:36:15,accounts.google.com
2013-12-13 11:36:17,clients6.google.com
2013-12-13 11:36:43,docs.google.com
2013-12-13 11:36:52,gg.google.com
2013-12-13 11:36:54,office14client.microsoft.com
2013-12-13 11:36:55,office.microsoft.com
2013-12-13 11:36:56,office.microsoft.com
2013-12-13 11:38:57,cache.adfeedstrk.com
2013-12-13 11:38:57,www.google.com
2013-12-13 11:38:58,ajax.googleapis.com
2013-12-13 11:38:58,connect.facebook.net
2013-12-13 11:38:59,www.facebook.com
2013-12-13 11:38:59,static.ak.facebook.com
2013-12-13 11:38:59,s-static.ak.facebook.com
2013-12-13 11:39:00,l.environmentalgraffiti.com.s3-website-us-east-1.amazonaws.com
2013-12-13 11:39:00,www.facebook.com
2013-12-13 11:39:04,n.dyntrk.com
2013-12-13 11:39:09,liverail.api.peer39.net
2013-12-13 11:39:13,connect.facebook.net
2013-12-13 11:39:13,ajax.googleapis.com
2013-12-13 11:39:13,cache.adfeedstrk.com
2013-12-13 11:39:14,static.ak.facebook.com
2013-12-13 11:39:14,s-static.ak.facebook.com
2013-12-13 11:39:14,www.facebook.com
2013-12-13 11:39:15,l.environmentalgraffiti.com.s3-website-us-east-1.amazonaws.com
2013-12-13 11:39:15,www.facebook.com
2013-12-13 11:39:38,www.google.fr
2013-12-13 11:39:48,www.google.fr
2013-12-13 11:39:49,www.google.fr
2013-12-13 11:39:51,apis.google.com
2013-12-13 11:39:51,clients1.google.fr
2013-12-13 11:39:51,docs.google.com
2013-12-13 11:39:51,www.google.fr
2013-12-13 11:39:54,www.google.com
2013-12-13 11:39:55,apis.google.com
2013-12-13 11:39:58,www.google.com
2013-12-13 11:39:58,apis.google.com
2013-12-13 11:39:58,www.google.fr
2013-12-13 11:39:58,clients1.google.fr
2013-12-13 11:40:06,drive.google.com
2013-12-13 11:40:09,id.google.fr
2013-12-13 11:40:09,www.google.fr
2013-12-13 11:40:10,www.google.fr
2013-12-13 11:40:10,www.adforum.com
2013-12-13 11:40:10,id.google.fr
2013-12-13 11:40:12,fr.adforum.com
2013-12-13 11:40:12,www.google.fr
2013-12-13 11:40:14,ajax.googleapis.com
2013-12-13 11:40:15,accounts.google.com
2013-12-13 11:40:17,docs.google.com
2013-12-13 11:40:18,apis.google.com
2013-12-13 11:40:18,clients6.google.com
2013-12-13 11:40:30,docs.google.com
2013-12-13 11:40:35,www.google.fr
2013-12-13 11:40:35,accounts.youtube.com
2013-12-13 11:40:35,0.docs.google.com
2013-12-13 11:40:35,docs.google.com
2013-12-13 11:40:35,www.google.com
2013-12-13 11:40:35,accounts.google.fr
2013-12-13 11:40:36,www.google.fr
2013-12-13 11:40:36,plus.google.com
2013-12-13 11:40:36,docs.google.com
2013-12-13 11:40:36,accounts.google.com
2013-12-13 11:40:52,gg.google.com
2013-12-13 11:41:20,www.google.com
2013-12-13 11:41:21,accounts.google.com
2013-12-13 11:41:21,accounts.youtube.com
2013-12-13 11:41:21,accounts.google.fr
2013-12-13 11:41:21,drive.google.com
2013-12-13 11:41:23,lh5.google.com
2013-12-13 11:41:23,lh6.google.com
2013-12-13 11:41:25,1.drive.google.com
2013-12-13 11:41:26,www.google.com
2013-12-13 11:41:26,0.drive.google.com
2013-12-13 11:41:26,drive.google.com
2013-12-13 11:41:26,lh6.google.com
2013-12-13 11:41:26,lh5.google.com
2013-12-13 11:41:37,docs.google.com
2013-12-13 11:41:44,docs.google.com
2013-12-13 11:41:44,www.google.com
2013-12-13 11:41:55,apis.google.com
2013-12-13 11:41:55,1.docs.google.com
2013-12-13 11:41:56,apis.google.com
2013-12-13 11:42:20,docs.google.com
2013-12-13 11:44:36,accounts.google.fr
2013-12-13 11:44:36,www.google.com
2013-12-13 11:44:36,accounts.google.com
2013-12-13 11:44:39,accounts.youtube.com
2013-12-13 11:45:26,docs.google.com
2013-12-13 11:45:27,drive.google.com
2013-12-13 11:45:41,drive.google.com
2013-12-13 11:45:56,apis.google.com
2013-12-13 11:45:59,docs.google.com
2013-12-13 11:46:20,gg.google.com
2013-12-13 11:46:41,docs.google.com
2013-12-13 11:49:01,1.drive.google.com
2013-12-13 11:49:01,1.docs.google.com
2013-12-13 11:49:01,docs.google.com
2014-01-20 16:25:51,office14client.microsoft.com
2014-01-20 16:25:51,office.microsoft.com
2014-01-20 16:25:52,office.microsoft.com
2014-01-20 17:05:30,office.microsoft.com
2014-01-20 17:05:33,office.microsoft.com
2014-01-20 17:07:49,office.microsoft.com
2014-01-20 17:07:50,office.microsoft.com
2014-01-20 17:07:51,office.microsoft.com
2014-02-17 15:51:45,hotmail.com
2014-02-17 15:52:09,hotmail.com
2014-02-17 15:52:22,login.live.com
2014-02-17 15:52:30,login.live.com
2014-02-17 15:53:04,login.live.com
2014-02-17 15:53:05,login.live.com
2014-02-17 15:53:11,mail.live.com
2014-02-17 15:53:16,blu177.mail.live.com
2014-02-17 15:53:16,cid-50ad427121cc0354.users.storage.live.com
2014-02-17 15:53:17,h2.msn.com
2014-02-17 15:53:19,people.directory.live.com
2014-02-17 15:53:19,h2.msn.com
2014-02-17 15:53:19,g.msn.com
2014-02-17 15:53:21,h.live.com
2014-02-17 15:53:22,blu177.mail.live.com
2014-02-17 15:53:22,h.live.com
2014-02-17 15:53:23,windowslive.tt.omtrdc.net
2014-02-17 15:53:23,secure.shared.live.com
2014-02-17 15:53:23,h.live.com
2014-02-17 15:53:23,js.live.net
2014-02-17 15:53:23,byfiles.storage.msn.com
2014-02-17 15:53:24,storage.live.com
2014-02-17 15:53:24,h.live.com
2014-02-17 15:53:25,h.live.com
2014-02-17 15:53:28,blu177.mail.live.com
2014-02-17 15:53:28,cid-50ad427121cc0354.users.storage.live.com
2014-02-17 15:53:29,h.live.com
2014-02-17 15:53:29,blu177.afx.ms
2014-02-17 15:53:35,h.live.com
2014-02-17 15:53:36,blu177.mail.live.com
2014-02-17 15:53:37,h2.msn.com
2014-02-17 15:53:38,h2.msn.com
2014-02-17 15:53:46,g.msn.com
2014-02-17 15:53:46,blu177.mail.live.com
2014-02-17 15:54:00,blu177.mail.live.com
2014-02-17 15:54:38,storage.live.com
2014-02-17 15:54:42,blu177.mail.live.com
2014-02-17 15:54:47,ieonline.microsoft.com
2014-02-17 15:54:57,blu177.afx.ms
2014-02-17 15:55:00,cid-50ad427121cc0354.users.storage.live.com
2014-02-17 15:55:30,blu177.mail.live.com
2014-02-17 15:56:40,blu177.mail.live.com
2014-02-17 16:01:56,secure.shared.live.com
2014-02-17 16:17:24,g.msn.com
2014-02-17 16:17:50,blu177.mail.live.com
2014-02-17 16:17:51,blu177.mail.live.com
2014-02-17 16:21:16,g.msn.com
2014-02-17 16:21:16,h.live.com
2014-02-17 16:21:17,blu177.mail.live.com
2014-02-17 16:21:19,blu177.mail.live.com
2014-02-17 16:21:23,blu177.mail.live.com
2014-02-17 16:21:54,g.msn.com
2014-02-17 16:22:20,blu177.mail.live.com
2014-02-17 16:22:21,blu177.mail.live.com
2014-02-17 16:22:22,blu177.mail.live.com
2014-02-17 16:22:24,blu177.mail.live.com
2014-02-17 16:22:25,blu177.mail.live.com
2014-02-17 16:22:26,h.live.com
2014-02-17 16:22:27,blu177.mail.live.com
2014-02-17 16:45:59,g.msn.com
2014-02-17 16:46:31,blu177.mail.live.com
2014-02-17 16:46:34,blu177.mail.live.com
2014-02-17 17:01:04,g.msn.com
2014-02-17 17:01:35,blu177.mail.live.com
2014-02-17 17:14:07,g.msn.com
2014-02-17 17:14:38,blu177.mail.live.com
2014-02-24 15:46:25,hotmail.com
2014-02-24 15:46:45,login.live.com
2014-02-24 15:47:03,login.live.com
2014-02-24 15:47:30,login.live.com
2014-02-24 15:47:31,login.live.com
2014-02-24 15:47:39,mail.live.com
2014-02-24 15:47:46,h2.msn.com
2014-02-24 15:47:46,blu177.mail.live.com
2014-02-24 15:47:46,people.directory.live.com
2014-02-24 15:47:46,cid-50ad427121cc0354.users.storage.live.com
2014-02-24 15:47:47,blu177.mail.live.com
2014-02-24 15:47:47,g.msn.com
2014-02-24 15:47:47,h2.msn.com
2014-02-24 15:47:50,blu177.mail.live.com
2014-02-24 15:47:50,js.live.net
2014-02-24 15:47:50,byfiles.storage.msn.com
2014-02-24 15:47:50,secure.shared.live.com
2014-02-24 15:47:51,h.live.com
2014-02-24 15:47:51,secure.shared.live.com
2014-02-24 15:47:52,storage.live.com
2014-02-24 15:47:52,secure.shared.live.com
2014-02-24 15:47:52,h.live.com
2014-02-24 15:47:52,blu177.mail.live.com
2014-02-24 15:47:53,h.live.com
2014-02-24 15:47:54,h.live.com
2014-02-24 15:48:02,blu177.mail.live.com
2014-02-24 15:48:10,h.live.com
2014-02-24 15:48:57,h.live.com
2014-02-24 15:49:08,blu177.afx.ms
2014-02-24 15:49:11,cid-50ad427121cc0354.users.storage.live.com
2014-02-24 15:49:24,ieonline.microsoft.com
2014-02-24 15:49:27,h.live.com
2014-02-24 15:49:37,blu177.mail.live.com
2014-02-24 15:50:50,blu177.mail.live.com
2014-02-24 15:53:52,people.directory.live.com
2014-02-24 16:19:50,g.msn.com
2014-02-24 16:20:17,blu177.mail.live.com
2014-02-24 16:49:43,g.msn.com
2014-02-24 16:50:12,blu177.mail.live.com
2014-02-24 16:57:32,h2.msn.com
2014-02-24 17:01:46,g.msn.com
2014-02-24 17:02:15,blu177.mail.live.com
2014-02-24 17:25:44,g.msn.com
2014-02-24 17:26:12,blu177.mail.live.com
2014-03-02 15:50:43,www.google.fr
2014-03-02 15:50:54,www.google.fr
2014-03-02 15:50:55,apis.google.com
2014-03-02 15:50:57,go.microsoft.com
2014-03-02 15:50:57,windows.microsoft.com
2014-03-02 15:50:57,ajax.microsoft.com
2014-03-02 15:50:57,js.microsoft.com
2014-03-02 15:50:57,res2.windows.microsoft.com
2014-03-02 15:50:57,res1.windows.microsoft.com
2014-03-02 15:50:58,res1.windows.microsoft.com
2014-03-02 15:50:58,www.google.com
2014-03-02 15:50:58,js.microsoft.com
2014-03-02 15:50:58,windows.microsoft.com
2014-03-02 15:50:58,res2.windows.microsoft.com
2014-03-02 15:51:04,www.bing.com
2014-03-02 15:51:12,mail.google.com
2014-03-02 15:51:14,accounts.google.com
2014-03-02 15:51:15,www.google.fr
2014-03-02 15:51:17,apis.google.com
2014-03-02 15:51:17,www.google.fr
2014-03-02 15:51:19,accounts.youtube.com
2014-03-02 15:51:20,www.google.fr
2014-03-02 15:51:44,accounts.google.fr
2014-03-02 15:51:44,www.google.com
2014-03-02 15:51:45,mail.google.com
2014-03-02 15:51:45,apis.google.com
2014-03-02 15:51:45,accounts.google.fr
2014-03-02 15:51:45,accounts.youtube.com
2014-03-02 15:51:45,accounts.google.com
2014-03-02 15:51:46,apis.google.com
2014-03-02 15:51:46,plus.google.com
2014-03-02 15:51:46,clients2.google.com
2014-03-02 15:51:46,www.google.com
2014-03-02 15:51:46,mail.google.com
2014-03-02 15:51:48,clients2.google.com
2014-03-02 15:51:50,mail.google.com
2014-03-02 15:51:51,plus.google.com
2014-03-02 15:51:52,chatenabled.mail.google.com
2014-03-02 15:51:52,mail.google.com
2014-03-02 15:51:53,apis.google.com
2014-03-02 15:51:53,accounts.google.com
2014-03-02 15:51:53,plus.google.com
2014-03-02 15:51:53,chatenabled.mail.google.com
2014-03-02 15:51:53,mail.google.com
2014-03-02 15:51:53,drive.google.com
2014-03-02 15:51:54,mail.google.com
2014-03-02 15:51:54,drive.google.com
2014-03-02 15:51:57,mail.google.com
2014-03-02 15:51:58,drive.google.com
2014-03-02 15:52:16,plus.google.com
2014-03-02 15:52:19,mail.google.com
2014-03-02 15:52:19,plus.google.com
2014-03-02 15:52:20,www.google.fr
2014-03-02 15:52:20,www.google.com
2014-03-02 15:52:20,mail.google.com
2014-03-02 15:52:21,mail.google.com
2014-03-02 15:52:21,accounts.youtube.com
2014-03-02 15:52:21,accounts.google.com
2014-03-02 15:52:21,accounts.google.fr
2014-03-02 15:52:21,www.google.com
2014-03-02 15:52:22,ieonline.microsoft.com
2014-03-02 15:52:22,go.microsoft.com
2014-03-02 16:04:34,www.google.fr
2014-03-02 16:04:44,www.google.fr
2014-03-02 16:47:51,www.google.fr
2014-03-02 16:47:55,www.google.fr
2014-03-02 16:49:40,office14client.microsoft.com
2014-03-02 16:49:41,office.microsoft.com
2014-03-03 16:51:44,login.live.com
2014-03-03 16:51:52,login.live.com
2014-03-03 16:52:20,login.live.com
2014-03-03 16:52:21,login.live.com
2014-03-03 16:52:28,mail.live.com
2014-03-03 16:52:33,blu177.mail.live.com
2014-03-03 16:52:34,blu177.mail.live.com
2014-03-03 16:52:35,blu177.mail.live.com
2014-03-03 16:52:35,people.directory.live.com
2014-03-03 16:52:37,people.directory.live.com
2014-03-03 16:52:40,cid-50ad427121cc0354.users.storage.live.com
2014-03-03 16:52:41,h.live.com
2014-03-03 16:52:41,secure.shared.live.com
2014-03-03 16:52:43,h.live.com
2014-03-03 16:52:44,js.live.net
2014-03-03 16:52:44,blu177.mail.live.com
2014-03-03 16:52:44,h2.msn.com
2014-03-03 16:52:44,g.msn.com
2014-03-03 16:52:45,blu177.mail.live.com
2014-03-03 16:52:50,byfiles.storage.msn.com
2014-03-03 16:53:41,g.msn.com
2014-03-03 16:53:44,h.live.com
2014-03-03 16:53:46,h.live.com
2014-03-03 16:53:51,byfiles.storage.msn.com
2014-03-03 16:53:51,blu177.mail.live.com
2014-03-03 16:53:52,blu177.afx.ms
2014-03-03 16:54:19,h.live.com
2014-03-03 16:54:26,blu177.mail.live.com
2014-03-03 16:54:39,ieonline.microsoft.com
2014-03-03 16:55:35,blu177.mail.live.com
2014-03-03 16:58:44,proxy-blu-people.directory.live.com
2014-03-03 17:19:14,proxy-blu-people.directory.live.com
2014-03-03 17:19:14,h.live.com
2014-03-03 17:19:15,blu177.mail.live.com
2014-03-03 17:19:16,blu177.mail.live.com
2014-03-03 17:19:24,blu177.mail.live.com
2014-03-03 17:19:26,h2.msn.com
2014-03-03 17:19:26,blu177.mail.live.com
2014-03-03 17:19:26,h.live.com
2014-03-03 17:19:26,g.msn.com
2014-03-17 17:29:15,www.google.fr
2014-03-17 17:29:16,apis.google.com
2014-03-17 17:29:18,www.google.com
2014-03-17 17:29:19,www.google.com
2014-03-17 17:29:19,mail.google.com
2014-03-17 17:29:22,accounts.google.com
2014-03-17 17:29:33,www.google.fr
2014-03-17 17:29:36,accounts.youtube.com
2014-03-17 17:29:36,www.google.fr
2014-03-17 17:30:21,www.google.fr
2014-03-17 17:30:27,www.google.fr
2014-03-17 17:30:33,accounts.google.fr
2014-03-17 17:30:34,accounts.google.fr
2014-03-17 17:30:35,apis.google.com
2014-03-17 17:30:35,www.google.com
2014-03-17 17:30:36,accounts.google.fr
2014-03-17 17:30:36,accounts.google.com
2014-03-17 17:30:36,accounts.youtube.com
2014-03-17 17:30:37,www.google.com
2014-03-17 17:30:37,clients2.google.com
2014-03-17 17:30:37,plus.google.com
2014-03-17 17:30:37,mail.google.com
2014-03-17 17:30:38,apis.google.com
2014-03-17 17:30:38,plus.google.com
2014-03-17 17:30:39,plus.google.com
2014-03-17 17:30:39,accounts.google.com
2014-03-17 17:30:40,chatenabled.mail.google.com
2014-03-17 17:30:41,mail.google.com
2014-03-17 17:30:41,apis.google.com
2014-03-17 17:30:41,chatenabled.mail.google.com
2014-03-17 17:30:41,drive.google.com
2014-03-17 17:30:42,mail.google.com
2014-03-17 17:30:44,mail.google.com
2014-03-17 17:30:51,mail.google.com
2014-03-17 17:30:56,ieonline.microsoft.com
2014-03-17 17:31:11,mail.google.com
2014-03-17 17:31:12,clients6.google.com
2014-03-17 17:31:12,plus.google.com
2014-03-17 17:31:44,plus.google.com
2014-03-17 17:31:53,drive.google.com
2014-03-17 17:31:55,mail.google.com
2014-03-17 17:31:56,mail.google.com
2014-03-17 17:31:57,apis.google.com
2014-03-17 17:31:57,clients6.google.com
2014-03-17 17:31:57,plus.google.com
2014-03-17 17:31:57,www.google.com
2014-03-17 17:32:03,mail.google.com
2014-03-17 17:32:03,accounts.youtube.com
2014-03-17 17:32:03,accounts.google.com
2014-03-17 17:32:03,accounts.google.fr
2014-03-21 12:37:57,www.google.fr
2014-03-21 12:38:12,www.google.fr
2014-03-21 12:38:30,www.google.fr
2014-03-21 12:38:31,apis.google.com
2014-03-21 12:38:34,www.google.com
2014-03-21 12:38:35,mail.google.com
2014-03-21 12:38:35,www.google.com
2014-03-21 12:38:37,accounts.google.com
2014-03-21 12:38:49,apis.google.com
2014-03-21 12:38:51,accounts.youtube.com
2014-03-21 12:38:52,www.google.fr
2014-03-21 12:39:06,accounts.google.fr
2014-03-21 12:39:07,www.google.fr
2014-03-21 12:39:07,www.google.com
2014-03-21 12:39:08,accounts.google.com
2014-03-21 12:39:08,accounts.youtube.com
2014-03-21 12:39:08,accounts.google.fr
2014-03-21 12:39:08,mail.google.com
2014-03-21 12:39:08,clients2.google.com
2014-03-21 12:39:08,www.google.com
2014-03-21 12:39:09,mail.google.com
2014-03-21 12:39:09,clients2.google.com
2014-03-21 12:39:09,plus.google.com
2014-03-21 12:39:10,mail.google.com
2014-03-21 12:39:10,accounts.google.com
2014-03-21 12:39:10,apis.google.com
2014-03-21 12:39:10,plus.google.com
2014-03-21 12:39:12,chatenabled.mail.google.com
2014-03-21 12:39:12,mail.google.com
2014-03-21 12:39:15,apis.google.com
2014-03-21 12:39:15,chatenabled.mail.google.com
2014-03-21 12:39:15,plus.google.com
2014-03-21 12:39:16,mail.google.com
2014-03-21 12:39:16,plus.google.com
2014-03-21 12:39:22,mail.google.com
2014-03-21 12:39:24,mail.google.com
2014-03-21 12:39:24,clients6.google.com
2014-03-21 12:39:24,plus.google.com
2014-03-21 12:39:25,clients6.google.com
2014-03-21 12:39:33,docs.google.com
2014-03-21 12:39:36,docs.google.com
2014-03-21 12:39:37,docs.google.com
2014-03-21 12:39:38,docs.google.com
2014-03-21 12:39:39,apis.google.com
2014-03-21 12:39:39,www.google.com
2014-03-21 12:39:41,0.docs.google.com
2014-03-21 12:39:41,apis.google.com
2014-03-21 12:39:42,accounts.google.com
2014-03-21 12:39:42,0.docs.google.com
2014-03-21 12:39:45,apis.google.com
2014-03-21 12:39:45,www.google.com
2014-03-21 12:39:47,accounts.google.com
2014-03-21 12:39:53,docs.google.com
2014-03-21 12:39:56,clients6.google.com
2014-03-21 12:40:25,mail.google.com
2014-03-21 12:40:25,plus.google.com
2014-03-21 12:41:01,ieonline.microsoft.com
2014-03-21 12:42:03,docs.google.com
2014-03-21 12:42:10,apis.google.com
2014-03-21 12:42:10,clients6.google.com
2014-03-21 12:42:10,accounts.youtube.com
2014-03-21 12:42:11,www.google.fr
2014-03-21 12:42:11,www.google.com
2014-03-21 12:42:11,accounts.google.fr
2014-03-21 12:42:13,docs.google.com
2014-03-21 12:42:13,0.docs.google.com
2014-03-21 12:42:13,mail.google.com
2014-03-21 12:42:14,docs.google.com
2014-03-21 12:42:14,www.google.com
2014-03-21 12:42:17,accounts.youtube.com
2014-03-21 12:42:17,accounts.google.com
2014-03-21 12:42:17,www.google.com
2014-03-21 12:42:17,mail.google.com
2014-03-21 12:42:17,accounts.google.fr
2014-03-24 11:27:48,www.google.fr
2014-03-24 11:27:59,www.google.fr
2014-03-24 11:28:04,www.google.fr
2014-03-24 11:28:05,www.google.fr
2014-03-24 11:28:06,apis.google.com
2014-03-24 11:28:08,www.google.com
2014-03-24 11:28:09,www.google.com
2014-03-24 11:28:09,mail.google.com
2014-03-24 11:28:23,accounts.google.com
2014-03-24 11:28:26,apis.google.com
2014-03-24 11:28:29,accounts.youtube.com
2014-03-24 11:28:29,www.google.fr
2014-03-24 11:28:49,accounts.google.fr
2014-03-24 11:28:50,www.google.com
2014-03-24 11:28:50,www.google.fr
2014-03-24 11:28:51,accounts.google.com
2014-03-24 11:28:51,accounts.youtube.com
2014-03-24 11:28:51,accounts.google.fr
2014-03-24 11:28:51,mail.google.com
2014-03-24 11:28:52,mail.google.com
2014-03-24 11:28:52,clients2.google.com
2014-03-24 11:28:52,www.google.com
2014-03-24 11:28:52,plus.google.com
2014-03-24 11:28:53,accounts.google.com
2014-03-24 11:28:55,drive.google.com
2014-03-24 11:28:55,apis.google.com
2014-03-24 11:28:55,mail.google.com
2014-03-24 11:28:55,plus.google.com
2014-03-24 11:28:56,apis.google.com
2014-03-24 11:28:57,mail.google.com
2014-03-24 11:28:57,chatenabled.mail.google.com
2014-03-24 11:29:06,mail.google.com
2014-03-24 11:29:17,plus.google.com
2014-03-24 11:29:25,clients6.google.com
2014-03-24 11:29:25,drive.google.com
2014-03-24 11:29:25,chatenabled.mail.google.com
2014-03-24 11:29:30,mail.google.com
2014-03-24 11:29:30,plus.google.com
2014-03-24 11:29:41,drive.google.com
2014-03-24 11:29:42,apis.google.com
2014-03-24 11:29:43,drive.google.com
2014-03-24 11:29:43,apis.google.com
2014-03-24 11:29:45,0.drive.google.com
2014-03-24 11:29:46,0.drive.google.com
2014-03-24 11:29:46,drive.google.com
2014-03-24 11:29:48,drive.google.com
2014-03-24 11:30:03,docs.google.com
2014-03-24 11:30:03,plus.google.com
2014-03-24 11:30:42,gg.google.com
2014-03-24 11:30:43,mail.google.com
2014-03-24 11:30:43,www.google.com
2014-03-24 11:30:43,apis.google.com
2014-03-24 11:30:43,clients6.google.com
2014-03-24 11:30:43,plus.google.com
2014-03-24 11:30:43,drive.google.com
2014-03-24 11:30:47,docs.google.com
2014-03-24 11:30:49,docs.google.com
2014-03-24 11:30:50,docs.google.com
2014-03-24 11:30:51,docs.google.com
2014-03-24 11:30:52,docs.google.com
2014-03-24 11:30:52,www.google.com
2014-03-24 11:30:58,docs.google.com
2014-03-24 11:31:00,ieonline.microsoft.com
2014-03-24 11:31:00,docs.google.com
2014-03-24 11:31:02,docs.google.com
2014-03-24 11:31:03,www.google.com
2014-03-24 11:31:04,www.google.com
2014-03-24 11:31:06,0.docs.google.com
2014-03-24 11:31:06,apis.google.com
2014-03-24 11:31:07,0.drive.google.com
2014-03-24 11:31:07,plus.google.com
2014-03-24 11:31:07,gg.google.com
2014-03-24 11:31:07,drive.google.com
2014-03-24 11:31:07,accounts.youtube.com
2014-03-24 11:31:07,docs.google.com
2014-03-24 11:31:07,accounts.google.com
2014-03-24 11:31:08,www.google.com
2014-03-24 11:31:08,accounts.google.fr
2014-03-24 11:31:08,www.google.fr
2014-03-24 11:31:10,accounts.google.com
2014-03-24 11:31:10,mail.google.com
2014-03-24 11:31:10,www.google.com
2014-03-24 11:31:55,docs.google.com
2014-03-24 11:31:55,accounts.youtube.com
2014-03-24 11:31:55,mail.google.com
2014-03-24 11:31:55,accounts.google.com
2014-03-24 11:31:55,accounts.google.fr
2014-03-24 11:31:55,drive.google.com
2014-03-24 11:31:55,www.google.com
2014-03-24 15:57:39,hotmail.com
2014-03-24 15:57:50,login.live.com
2014-03-24 15:57:58,login.live.com
2014-03-24 15:58:33,windowslive.tt.omtrdc.net
2014-03-24 15:58:42,login.live.com
2014-03-24 15:58:49,mail.live.com
2014-03-24 15:58:52,cid-50ad427121cc0354.users.storage.live.com
2014-03-24 15:58:52,blu177.mail.live.com
2014-03-24 15:58:54,people.directory.live.com
2014-03-24 15:58:56,g.msn.com
2014-03-24 15:58:56,h2.msn.com
2014-03-24 15:58:56,people.directory.live.com
2014-03-24 15:58:57,h2.msn.com
2014-03-24 15:58:59,h.live.com
2014-03-24 15:59:00,h.live.com
2014-03-24 15:59:01,h.live.com
2014-03-24 15:59:02,blu177.mail.live.com
2014-03-24 15:59:02,h.live.com
2014-03-24 15:59:03,byfiles.storage.msn.com
2014-03-24 15:59:03,h.live.com
2014-03-24 15:59:03,blu177.mail.live.com
2014-03-24 15:59:04,blu177.mail.live.com
2014-03-24 15:59:04,g.msn.com
2014-03-24 15:59:04,h.live.com
2014-03-24 15:59:04,js.live.net
2014-03-24 15:59:04,h2.msn.com
2014-03-24 15:59:04,secure.shared.live.com
2014-03-24 15:59:06,blu177.mail.live.com
2014-03-24 15:59:06,go.trouter.io
2014-03-24 15:59:15,h.live.com
2014-03-24 15:59:20,storage.live.com
2014-03-24 15:59:20,secure.shared.live.com
2014-03-24 15:59:20,h.live.com
2014-03-24 16:00:22,blu177.mail.live.com
2014-03-24 16:00:25,blu177.mail.live.com
2014-03-24 16:00:29,g.msn.com
2014-03-24 16:00:45,ieonline.microsoft.com
2014-03-24 16:00:57,h.live.com
2014-03-24 16:01:07,blu177.afx.ms
2014-03-24 16:02:28,g.msn.com
2014-03-24 16:02:57,blu177.mail.live.com
2014-03-24 16:02:58,blu177.mail.live.com
2014-03-24 16:05:01,proxy-blu-people.directory.live.com
2014-03-24 16:15:41,go.trouter.io
2014-03-24 16:16:24,go.trouter.io
2014-03-24 16:20:46,g.msn.com
2014-03-24 16:21:18,blu177.mail.live.com
2014-03-24 16:26:29,h.live.com
2014-03-24 16:26:29,cid-50ad427121cc0354.users.storage.live.com
2014-03-24 16:26:29,proxy-blu-people.directory.live.com
2014-03-24 16:26:29,g.msn.com
2014-03-24 16:26:30,blu177.mail.live.com
2014-03-24 16:26:44,login.live.com
2014-03-24 16:26:44,go.trouter.io
2014-03-24 16:26:48,g.live.com
2014-03-24 16:26:48,blu177.mail.live.com
2014-03-24 16:26:48,h.live.com
2014-03-24 16:26:48,g.msn.com
2014-03-24 16:27:01,windowslive.tt.omtrdc.net
2014-03-24 16:27:16,windowslive.tt.omtrdc.net
2014-03-24 16:57:19,www.google.fr
2014-03-24 16:57:24,hotmail.com
2014-03-24 16:57:35,login.live.com
2014-03-24 16:57:43,login.live.com
2014-03-24 16:58:14,login.live.com
2014-03-24 16:58:15,login.live.com
2014-03-24 16:58:20,mail.live.com
2014-03-24 16:58:21,blu177.mail.live.com
2014-03-24 16:58:26,blu177.mail.live.com
2014-03-24 16:58:26,cid-50ad427121cc0354.users.storage.live.com
2014-03-24 16:58:26,people.directory.live.com
2014-03-24 16:58:26,h2.msn.com
2014-03-24 16:58:29,h2.msn.com
2014-03-24 16:58:30,people.directory.live.com
2014-03-24 16:58:30,secure.shared.live.com
2014-03-24 16:58:30,blu177.mail.live.com
2014-03-24 16:58:30,js.live.net
2014-03-24 16:58:30,g.msn.com
2014-03-24 16:58:31,go.trouter.io
2014-03-24 16:58:32,byfiles.storage.msn.com
2014-03-24 16:58:32,storage.live.com
2014-03-24 16:58:34,h.live.com
2014-03-24 16:58:34,secure.shared.live.com
2014-03-24 16:58:41,h.live.com
2014-03-24 16:58:59,h.live.com
2014-03-24 16:58:59,blu177.mail.live.com
2014-03-24 16:59:33,g.msn.com
2014-03-24 17:00:00,h.live.com
2014-03-24 17:00:01,blu177.mail.live.com
2014-03-24 17:00:04,h2.msn.com
2014-03-24 17:00:05,h2.msn.com
2014-03-24 17:00:06,cid-50ad427121cc0354.users.storage.live.com
2014-03-24 17:00:06,g.msn.com
2014-03-24 17:00:09,blu177.afx.ms
2014-03-24 17:00:11,login.live.com
2014-03-24 17:00:11,go.trouter.io
2014-03-24 17:00:13,h.live.com
2014-03-24 17:00:13,blu177.mail.live.com
2014-03-24 17:00:14,g.live.com
2014-03-24 17:00:16,blu177.mail.live.com
2014-03-24 17:00:28,windowslive.tt.omtrdc.net
2014-03-31 16:02:43,hotmail.com
2014-03-31 16:02:55,login.live.com
2014-03-31 16:03:03,login.live.com
2014-03-31 16:03:38,windowslive.tt.omtrdc.net
2014-03-31 16:03:47,login.live.com
2014-03-31 16:03:49,login.live.com
2014-03-31 16:04:06,mail.live.com
2014-03-31 16:04:06,blu177.mail.live.com
2014-03-31 16:04:06,cid-50ad427121cc0354.users.storage.live.com
2014-03-31 16:04:12,g.msn.com
2014-03-31 16:04:12,h2.msn.com
2014-03-31 16:04:12,people.directory.live.com
2014-03-31 16:04:12,blu177.mail.live.com
2014-03-31 16:04:13,byfiles.storage.msn.com
2014-03-31 16:04:13,secure.shared.live.com
2014-03-31 16:04:14,blu177.mail.live.com
2014-03-31 16:04:14,js.live.net
2014-03-31 16:04:14,secure.shared.live.com
2014-03-31 16:04:16,h.live.com
2014-03-31 16:04:17,h.live.com
2014-03-31 16:04:17,go.trouter.io
2014-03-31 16:04:17,storage.live.com
2014-03-31 16:04:18,h.bing.com
2014-03-31 16:04:18,blu177.mail.live.com
2014-03-31 16:04:21,h.bing.com
2014-03-31 16:04:21,secure.shared.live.com
2014-03-31 16:04:21,h.live.com
2014-03-31 16:04:47,blu177.mail.live.com
2014-03-31 16:04:47,g.msn.com
2014-03-31 16:04:47,blu177.afx.ms
2014-03-31 16:05:11,h2.msn.com
2014-03-31 16:05:24,g.msn.com
2014-03-31 16:05:47,ieonline.microsoft.com
2014-03-31 16:05:57,blu177.mail.live.com
2014-03-31 16:05:57,h.live.com
2014-03-31 16:05:58,blu177.mail.live.com
2014-03-31 16:06:07,h.live.com
2014-03-31 16:06:12,h.bing.com
2014-03-31 16:07:07,blu177.mail.live.com
2014-03-31 16:10:17,proxy-blu-people.directory.live.com
2014-03-31 16:13:07,h2.msn.com
2014-03-31 16:34:29,g.msn.com
2014-03-31 16:35:02,g.msn.com
2014-03-31 16:35:33,blu177.mail.live.com
2014-03-31 17:08:47,h.live.com
2014-03-31 17:08:47,proxy-blu-people.directory.live.com
2014-03-31 17:08:48,h.live.com
2014-03-31 17:09:20,g.msn.com
2014-03-31 17:09:22,blu177.mail.live.com
2014-03-31 17:09:24,blu177.mail.live.com
2014-03-31 17:09:48,blu177.mail.live.com
2014-03-31 17:09:50,blu177.mail.live.com
2014-03-31 17:09:58,g.msn.com
2014-03-31 17:10:24,blu177.mail.live.com
2014-03-31 17:10:26,h.live.com
2014-03-31 17:10:28,blu177.mail.live.com
2014-03-31 17:10:29,cid-50ad427121cc0354.users.storage.live.com
2014-03-31 17:14:48,proxy-blu-people.directory.live.com
2014-03-31 17:27:34,go.trouter.io
2014-03-31 17:27:36,login.live.com
2014-03-31 17:27:37,g.msn.com
2014-03-31 17:27:37,proxy-blu-people.directory.live.com
2014-04-14 15:42:23,hotmail.com
2014-04-14 15:42:34,login.live.com
2014-04-14 15:42:52,login.live.com
2014-04-14 15:43:12,login.live.com
2014-04-14 15:43:18,mail.live.com
2014-04-14 15:43:24,h2.msn.com
2014-04-14 15:43:24,people.directory.live.com
2014-04-14 15:43:24,cid-50ad427121cc0354.users.storage.live.com
2014-04-14 15:43:25,h2.msn.com
2014-04-14 15:43:25,blu177.mail.live.com
2014-04-14 15:43:25,g.msn.com
2014-04-14 15:43:27,byfiles.storage.msn.com
2014-04-14 15:43:27,js.live.net
2014-04-14 15:43:28,h.live.com
2014-04-14 15:43:29,go.trouter.io
2014-04-14 15:43:29,blu177.mail.live.com
2014-04-14 15:43:29,h.bing.com
2014-04-14 15:43:29,secure.shared.live.com
2014-04-14 15:43:30,secure.shared.live.com
2014-04-14 15:43:30,storage.live.com
2014-04-14 15:43:30,h.live.com
2014-04-14 15:43:30,h.bing.com
2014-04-14 15:44:00,blu177.mail.live.com
2014-04-14 15:44:24,blu177.mail.live.com
2014-04-14 15:44:57,g.msn.com
2014-04-14 15:45:00,blu177.mail.live.com
2014-04-14 15:45:10,ieonline.microsoft.com
2014-04-14 15:45:42,blu177.afx.ms
2014-04-14 15:45:44,blu177.afx.ms
2014-04-14 15:45:46,g.msn.com
2014-04-14 15:45:50,h2.msn.com
2014-04-14 15:46:19,h.live.com
2014-04-14 15:47:20,blu177.mail.live.com
2014-04-14 15:47:21,blu177.afx.ms
2014-04-14 15:47:50,go.trouter.io
2014-04-14 15:49:29,proxy-blu-people.directory.live.com
2014-04-14 15:49:32,blu177.mail.live.com
2014-04-14 15:50:41,go.trouter.io
2014-04-14 15:50:42,blu177.mail.live.com
2014-04-14 15:50:42,h.live.com
2014-04-14 15:51:12,hotmail.com
2014-04-14 15:51:26,login.live.com
2014-04-14 15:51:39,login.live.com
2014-04-14 15:52:02,login.live.com
2014-04-14 15:52:08,blu177.mail.live.com
2014-04-14 15:52:08,mail.live.com
2014-04-14 15:52:14,h2.msn.com
2014-04-14 15:52:14,blu177.mail.live.com
2014-04-14 15:52:14,people.directory.live.com
2014-04-14 15:52:14,cid-50ad427121cc0354.users.storage.live.com
2014-04-14 15:52:17,proxy-blu-people.directory.live.com
2014-04-14 15:52:17,g.msn.com
2014-04-14 15:52:17,h2.msn.com
2014-04-14 15:52:17,blu177.mail.live.com
2014-04-14 15:52:17,go.trouter.io
2014-04-14 15:52:18,js.live.net
2014-04-14 15:52:18,h.live.com
2014-04-14 15:52:19,secure.shared.live.com
2014-04-14 15:52:19,byfiles.storage.msn.com
2014-04-14 15:52:20,storage.live.com
2014-04-14 15:52:21,h.live.com
2014-04-14 15:52:22,secure.shared.live.com
2014-04-14 15:52:22,blu177.mail.live.com
2014-04-14 15:52:27,h2.msn.com
2014-04-14 15:52:54,g.msn.com
2014-04-14 15:52:57,h2.msn.com
2014-04-14 15:53:01,blu177.mail.live.com
2014-04-14 15:53:04,blu177.mail.live.com
2014-04-14 15:53:06,blu177.afx.ms
2014-04-14 15:53:30,g.msn.com
2014-04-14 15:53:57,h.live.com
2014-04-14 15:54:07,blu177.afx.ms
2014-04-14 15:54:13,blu177.mail.live.com
2014-04-14 15:54:30,cid-50ad427121cc0354.users.storage.live.com
2014-04-14 15:55:18,blu177.mail.live.com
2014-04-14 15:58:19,proxy-blu-people.directory.live.com
2014-04-14 15:58:23,blu177.mail.live.com
2014-04-14 16:00:59,blu177.mail.live.com
2014-04-14 16:15:21,blu177.mail.live.com
2014-04-14 17:32:30,go.trouter.io
