timestamp,site
2014-01-30 14:20:59,go.microsoft.com
2014-01-30 14:21:00,res1.windows.microsoft.com
2014-01-30 14:21:00,windows.microsoft.com
2014-01-30 14:21:00,res2.windows.microsoft.com
2014-01-30 14:21:00,js.microsoft.com
2014-01-30 14:21:00,ajax.microsoft.com
2014-01-30 14:21:01,js.microsoft.com
2014-01-30 14:21:01,res1.windows.microsoft.com
2014-01-30 14:21:03,www.bing.com
2014-01-30 14:21:08,www.google.fr
2014-01-30 14:21:24,www.google.fr
2014-01-30 14:21:26,apis.google.com
2014-01-30 14:21:29,www.google.com
2014-01-30 14:21:32,www.google.com
2014-01-30 14:21:32,apis.google.com
2014-01-30 14:21:32,www.google.fr
2014-01-30 14:21:33,www.google.fr
2014-01-30 14:22:26,ieonline.microsoft.com
2014-01-30 14:25:32,dl.javafx.com
2014-01-30 15:04:56,office.microsoft.com
2014-01-30 15:04:56,office14client.microsoft.com
2014-01-30 15:04:59,office.microsoft.com
2014-01-30 15:05:00,office.microsoft.com
2014-02-04 10:20:15,clients1.google.com
2014-02-04 10:20:17,gtglobal-ocsp.geotrust.com
2014-02-04 10:20:19,clients1.google.com
2014-02-04 10:20:24,ocsp.tcs.terena.org
2014-02-04 10:20:25,ocsp.usertrust.com
2014-02-04 10:23:42,safebrowsing-cache.google.com
2014-02-04 10:23:42,safebrowsing.clients.google.com
2014-02-04 10:23:43,safebrowsing-cache.google.com
2014-02-04 10:23:44,safebrowsing-cache.google.com
2014-02-04 10:23:45,safebrowsing-cache.google.com
2014-02-04 10:24:32,ocsp.digicert.com
2014-02-04 10:24:32,www.python.org
2014-02-04 10:24:35,clients1.google.com
2014-02-04 10:24:36,ocsp.thawte.com
2014-02-04 10:24:46,www.python.org
2014-02-04 10:25:08,ocsp.thawte.com
2014-02-04 10:25:41,www.pythonanywhere.com
2014-02-04 10:27:08,ocsp.verisign.com
2014-02-04 10:27:31,ajax.googleapis.com
2014-02-04 10:29:08,ocsp.digicert.com
2014-02-04 10:40:35,docs.python.org
2014-02-04 10:40:38,www.python.org
2014-02-04 10:40:47,docs.python.org
2014-02-04 10:40:48,docs.python.org
2014-02-04 10:43:23,ajax.googleapis.com
2014-02-04 10:51:47,safebrowsing.clients.google.com
2014-02-04 10:51:47,safebrowsing-cache.google.com
2014-02-04 10:51:48,safebrowsing-cache.google.com
2014-02-13 13:50:07,www.google.fr
2014-02-13 13:50:33,www.google.fr
2014-02-13 13:50:52,ocsp.thawte.com
2014-02-13 13:50:52,gtssl-ocsp.geotrust.com
2014-02-13 13:50:53,gtssl-ocsp.geotrust.com
2014-02-13 13:50:58,geo.mozilla.org
2014-02-13 13:51:14,gtglobal-ocsp.geotrust.com
2014-02-13 13:51:14,ocsp.usertrust.com
2014-02-13 13:51:14,clients1.google.com
2014-02-13 13:51:14,ocsp.tcs.terena.org
2014-02-13 13:51:26,clients1.google.com
2014-02-13 13:51:55,gtssl-ocsp.geotrust.com
2014-02-13 14:36:19,www.google.fr
2014-02-13 14:36:20,apis.google.com
2014-02-13 14:36:22,www.google.com
2014-02-13 14:37:21,apis.google.com
2014-02-13 14:37:26,www.google.com
2014-02-13 14:37:46,www.google.fr
2014-02-13 15:04:25,www.google.fr
2014-02-13 15:04:26,apis.google.com
2014-02-13 15:04:28,www.google.com
2014-02-13 15:08:26,www.google.fr
2014-02-13 15:08:26,apis.google.com
2014-02-13 15:08:28,www.google.com
2014-02-13 15:09:00,office14client.microsoft.com
2014-02-13 15:09:01,office.microsoft.com
2014-02-13 15:09:02,office.microsoft.com
2014-02-27 13:32:28,www.bing.com
2014-02-27 13:32:28,www.pagesjaunes.fr
2014-02-27 13:32:28,logc258.at.pagesjaunes.fr
2014-02-27 13:32:29,ecn.api.tiles.virtualearth.net
2014-02-27 13:32:29,www.bing.com
2014-02-27 13:32:30,www.bing.com
2014-02-27 13:32:30,cms.abmr.net
2014-02-27 13:32:31,www.bing.com
2014-02-27 13:32:32,login.live.com
2014-02-27 13:32:32,www.bing.com
2014-02-27 13:32:33,ssl.bing.com
2014-02-27 13:32:40,logc258.at.pagesjaunes.fr
2014-02-27 13:32:40,www.pagesjaunes.fr
2014-02-27 13:32:40,www.bing.com
2014-02-27 13:32:41,www.bing.com
2014-02-27 13:32:41,cms.abmr.net
2014-02-27 13:32:45,ent.u-clermont1.fr
2014-02-27 13:32:45,www.bing.com
2014-02-27 13:32:45,www.u-clermont1.fr
2014-02-27 13:32:46,www.u-clermont1.fr
2014-02-27 13:32:46,ent.u-clermont1.fr
2014-02-27 13:32:47,www.pagesjaunes.fr
2014-02-27 13:32:47,www.bing.com
2014-02-27 13:32:48,www.bing.com
2014-02-27 13:32:48,cms.abmr.net
2014-02-27 13:32:49,www.bing.com
2014-02-27 13:32:50,www.bing.com
2014-02-27 13:32:57,www.bing.com
2014-02-27 13:33:03,ecn.api.tiles.virtualearth.net
2014-02-27 13:33:03,www.bing.com
2014-02-27 13:33:03,logc258.at.pagesjaunes.fr
2014-02-27 13:33:03,www.pagesjaunes.fr
2014-02-27 13:33:04,www.bing.com
2014-02-27 13:33:06,login.live.com
2014-02-27 13:33:06,www.bing.com
2014-02-27 13:33:07,ssl.bing.com
2014-02-27 13:33:07,www.bing.com
2014-02-27 13:33:07,fpdownload2.macromedia.com
2014-02-27 13:33:10,www.bing.com
2014-02-27 13:33:10,www.pagesjaunes.fr
2014-02-27 13:33:11,www.bing.com
2014-02-27 13:33:15,www.bing.com
2014-02-27 13:36:22,office.microsoft.com
2014-02-27 13:36:22,office14client.microsoft.com
2014-02-27 15:26:41,meta.wikimedia.org
2014-02-27 15:26:41,login.wikimedia.org
2014-02-27 15:26:41,bits.wikimedia.org
2014-02-27 15:26:41,fr.wikipedia.org
2014-03-04 13:31:33,api.bing.com
2014-03-04 13:31:36,api.bing.com
2014-03-04 13:31:39,www.bing.com
2014-03-04 13:31:40,dev.virtualearth.net
2014-03-04 13:31:40,www.bing.com
2014-03-04 13:31:41,www.bing.com
2014-03-04 13:31:41,cms.abmr.net
2014-03-04 13:31:47,www.bing.com
2014-03-04 13:31:51,www.bing.com
2014-03-04 13:31:52,www.bing.com
2014-03-04 13:31:52,dev.virtualearth.net
2014-03-04 13:31:53,logc258.at.pagesjaunes.fr
2014-03-04 13:31:53,www.pagesjaunes.fr
2014-03-04 13:31:53,www.bing.com
2014-03-04 13:34:21,ieonline.microsoft.com
2014-03-04 13:48:28,dl.patchbeam.com
2014-03-04 13:48:28,www.powerarchiver.com
2014-03-04 13:48:56,office14client.microsoft.com
2014-03-04 13:48:56,office.microsoft.com
2014-03-04 13:48:57,office.microsoft.com
2014-03-04 14:58:02,office.microsoft.com
2014-03-04 15:08:03,office.microsoft.com
2014-03-04 15:25:02,office.microsoft.com
2014-03-20 13:28:31,login.live.com
2014-03-20 13:28:40,ssl.bing.com
2014-03-20 13:30:14,ieonline.microsoft.com
2014-03-20 13:30:14,go.microsoft.com
2014-04-17 13:31:22,api.bing.com
2014-04-17 13:34:20,ieonline.microsoft.com
2014-04-17 14:34:22,ieonline.microsoft.com
2014-04-24 14:35:28,o2i.univ-bpclermont.fr
2014-04-24 14:35:28,c2i.univ-bpclermont.fr
2014-04-24 14:35:41,o2i.univ-bpclermont.fr
2014-04-24 14:35:56,o2i.univ-bpclermont.fr
2014-04-24 14:36:09,o2i.univ-bpclermont.fr
2014-04-24 14:36:14,o2i.univ-bpclermont.fr
2014-04-24 14:38:18,o2i.univ-bpclermont.fr
2014-04-24 14:38:29,o2i.univ-bpclermont.fr
2014-04-24 15:13:09,o2i.univ-bpclermont.fr
2014-04-24 15:13:21,o2i.univ-bpclermont.fr
2014-04-24 15:13:33,o2i.univ-bpclermont.fr
2014-04-24 15:13:33,c2i.univ-bpclermont.fr
