timestamp,site
2013-06-12 07:57:42,www.google.com
2013-06-12 07:57:54,ieonline.microsoft.com
2013-06-12 07:57:54,go.microsoft.com
2013-06-12 07:58:17,www.google.fr
2013-06-12 07:58:18,apis.google.com
2013-06-12 07:58:19,www.google.com
2013-06-12 07:58:27,www.google.fr
2013-06-12 07:58:27,apis.google.com
2013-06-12 07:58:28,www.google.fr
2013-06-12 07:58:28,www.google.com
2013-06-12 08:01:05,javadl-esd-secure.oracle.com
2013-06-12 08:10:13,javadl-esd-secure.oracle.com
2013-06-12 09:58:18,cnfg.toolbarservices.com
2013-06-12 09:58:19,fpdownload2.macromedia.com
2013-06-12 09:58:19,utils.delta-search.com
2013-06-12 09:58:22,www.google.fr
2013-06-12 09:58:25,www.google.com
2013-06-12 09:58:26,maps.google.fr
2013-06-12 09:58:26,www.google.fr
2013-06-12 09:58:26,www.google.com
2013-06-12 09:58:27,maps.google.fr
2013-06-12 09:58:27,mts1.google.com
2013-06-12 09:58:27,mts0.google.com
2013-06-12 09:58:28,mts0.google.com
2013-06-12 09:58:28,mts1.google.com
2013-06-12 09:58:29,khms1.google.fr
2013-06-12 09:58:29,khms0.google.fr
2013-06-12 09:58:29,mts1.google.com
2013-06-12 09:58:29,maps.google.fr
2013-06-12 09:58:29,mts0.google.com
2013-06-12 09:58:30,khms0.google.fr
2013-06-12 09:58:30,khms1.google.fr
2013-06-12 09:58:30,maps.google.fr
2013-06-12 09:58:31,khms1.google.fr
2013-06-12 09:58:31,khms0.google.fr
2013-06-12 09:58:31,mts1.google.com
2013-06-12 09:58:32,mts1.google.com
2013-06-12 09:58:32,mts0.google.com
2013-06-12 09:58:32,khms1.google.fr
2013-06-12 09:58:32,khms0.google.fr
2013-06-12 09:58:36,khms1.google.fr
2013-06-12 09:58:36,mts1.google.com
2013-06-12 09:58:36,maps.google.fr
2013-06-12 09:58:36,mts0.google.com
2013-06-12 09:58:36,www.google.com
2013-06-12 09:58:36,khms0.google.fr
2013-06-12 09:58:37,mts0.google.com
2013-06-12 09:58:37,khms1.google.fr
2013-06-12 09:58:37,khms0.google.fr
2013-06-12 09:58:37,maps.google.fr
2013-06-12 09:58:37,mts1.google.com
2013-06-12 09:58:38,khms0.google.fr
2013-06-12 09:58:38,khms1.google.fr
2013-06-12 09:58:38,mts1.google.com
2013-06-12 09:58:38,maps.google.fr
2013-06-12 09:58:38,mts0.google.com
2013-06-12 09:58:39,khms0.google.fr
2013-06-12 09:58:39,khms1.google.fr
2013-06-12 09:58:39,mts0.google.com
2013-06-12 09:58:39,maps.google.fr
2013-06-12 09:58:39,mts1.google.com
2013-06-12 09:58:48,khms0.google.fr
2013-06-12 09:58:48,khms1.google.fr
2013-06-12 09:58:48,maps.google.fr
2013-06-12 09:58:48,mts1.google.com
2013-06-12 09:58:48,mts0.google.com
2013-06-12 09:58:49,maps.google.fr
2013-06-12 09:58:49,khms1.google.fr
2013-06-12 09:58:49,mts0.google.com
2013-06-12 09:58:49,khms0.google.fr
2013-06-12 09:58:51,khms0.google.fr
2013-06-12 09:58:51,maps.google.fr
2013-06-12 09:58:51,khms1.google.fr
2013-06-12 09:58:51,mts1.google.com
2013-06-12 09:58:51,mts0.google.com
2013-06-12 09:58:53,khms1.google.fr
2013-06-12 09:58:53,khms0.google.fr
2013-06-12 09:58:53,maps.google.fr
2013-06-12 09:58:53,mts0.google.com
2013-06-12 09:58:53,mts1.google.com
2013-06-12 09:58:54,mts0.google.com
2013-06-12 09:58:54,maps.google.fr
2013-06-12 09:58:54,khms0.google.fr
2013-06-12 09:58:54,mts1.google.com
2013-06-12 09:58:54,khms1.google.fr
2013-06-12 09:58:55,khms0.google.fr
2013-06-12 09:58:55,khms1.google.fr
2013-06-12 09:58:55,mts1.google.com
2013-06-12 09:58:55,mts0.google.com
2013-06-12 09:58:55,maps.google.fr
2013-06-12 09:58:56,mts0.google.com
2013-06-12 09:58:56,mts1.google.com
2013-06-12 09:58:56,khms0.google.fr
2013-06-12 09:58:56,khms1.google.fr
2013-06-12 09:58:57,khms0.google.fr
2013-06-12 09:58:57,mts1.google.com
2013-06-12 09:58:57,maps.google.fr
2013-06-12 09:58:57,khms1.google.fr
2013-06-12 09:58:57,mts0.google.com
2013-06-12 09:58:59,maps.google.fr
2013-06-12 09:58:59,mts1.google.com
2013-06-12 09:58:59,khms0.google.fr
2013-06-12 09:58:59,mts0.google.com
2013-06-12 09:58:59,khms1.google.fr
2013-06-12 09:59:00,khms1.google.fr
2013-06-12 09:59:00,mts1.google.com
2013-06-12 09:59:00,maps.google.fr
2013-06-12 09:59:00,khms0.google.fr
2013-06-12 09:59:00,mts0.google.com
2013-06-12 09:59:01,mts0.google.com
2013-06-12 09:59:01,khms0.google.fr
2013-06-12 09:59:01,maps.google.fr
2013-06-12 09:59:01,khms1.google.fr
2013-06-12 09:59:01,mts1.google.com
2013-06-12 09:59:04,khms0.google.fr
2013-06-12 09:59:06,khms1.google.fr
2013-06-12 09:59:17,mts1.google.com
2013-06-12 09:59:17,mts0.google.com
2013-06-12 09:59:17,khms0.google.fr
2013-06-12 09:59:17,khms1.google.fr
2013-06-12 09:59:17,maps.google.fr
2013-06-12 09:59:18,khms0.google.fr
2013-06-12 09:59:18,khms1.google.fr
2013-06-12 09:59:18,maps.google.fr
2013-06-12 09:59:18,mts2.google.com
2013-06-12 09:59:18,mts3.google.com
2013-06-12 09:59:19,mts0.google.com
2013-06-12 09:59:19,mts1.google.com
2013-06-12 09:59:19,mts2.google.com
2013-06-12 09:59:19,mts3.google.com
2013-06-12 09:59:20,mts0.google.com
2013-06-12 09:59:20,maps.google.fr
2013-06-12 09:59:20,mts2.google.com
2013-06-12 09:59:20,khms1.google.fr
2013-06-12 09:59:20,mts3.google.com
2013-06-12 09:59:20,khms0.google.fr
2013-06-12 09:59:21,mts2.google.com
2013-06-12 09:59:21,mts3.google.com
2013-06-12 09:59:21,mts1.google.com
2013-06-12 09:59:23,mts3.google.com
2013-06-12 09:59:23,mts0.google.com
2013-06-12 09:59:23,maps.google.fr
2013-06-12 09:59:23,mts2.google.com
2013-06-12 09:59:24,mts1.google.com
2013-06-12 09:59:27,mts1.google.com
2013-06-12 09:59:27,maps.google.fr
2013-06-12 09:59:27,mts0.google.com
2013-06-12 09:59:27,mts2.google.com
2013-06-12 09:59:27,mts3.google.com
2013-06-12 09:59:28,mts2.google.com
2013-06-12 09:59:34,mts2.google.com
2013-06-12 09:59:35,mts3.google.com
2013-06-12 09:59:54,mts3.google.com
2013-06-12 09:59:55,khms0.google.fr
2013-06-12 09:59:55,mts0.google.com
2013-06-12 09:59:55,khms1.google.fr
2013-06-12 09:59:55,mts1.google.com
2013-06-12 09:59:55,mts2.google.com
2013-06-12 09:59:55,mts3.google.com
2013-06-12 09:59:55,maps.google.fr
2013-06-12 09:59:56,mts0.google.com
2013-06-12 09:59:56,mts2.google.com
2013-06-12 09:59:56,mts1.google.com
2013-06-12 09:59:56,mts3.google.com
2013-06-12 10:00:00,mts3.google.com
2013-06-12 10:00:31,mts1.google.com
2013-06-12 10:00:31,mts0.google.com
2013-06-12 10:00:31,maps.google.fr
2013-06-12 10:00:31,mts3.google.com
2013-06-12 10:00:31,khms1.google.fr
2013-06-12 10:00:31,mts2.google.com
2013-06-12 10:00:31,khms0.google.fr
2013-06-12 10:00:32,khms1.google.fr
2013-06-12 10:00:34,khms0.google.fr
2013-06-12 10:00:34,khms1.google.fr
2013-06-12 10:00:34,maps.google.fr
2013-06-12 10:00:34,mts0.google.com
2013-06-12 10:00:34,mts1.google.com
2013-06-12 10:00:38,mts0.google.com
2013-06-12 10:00:38,khms0.google.fr
2013-06-12 10:00:38,maps.google.fr
2013-06-12 10:00:38,khms1.google.fr
2013-06-12 10:00:38,mts1.google.com
2013-06-12 10:00:39,khms0.google.fr
2013-06-12 10:00:39,khms1.google.fr
2013-06-12 10:00:39,mts1.google.com
2013-06-12 10:00:39,maps.google.fr
2013-06-12 10:00:39,mts0.google.com
2013-06-12 10:01:08,khms0.google.fr
2013-06-12 10:01:08,khms1.google.fr
2013-06-12 10:01:08,maps.google.fr
2013-06-12 10:01:08,mts1.google.com
2013-06-12 10:01:08,mts0.google.com
2013-06-12 10:01:09,mts0.google.com
2013-06-12 10:01:09,khms0.google.fr
2013-06-12 10:01:09,mts1.google.com
2013-06-12 10:01:09,khms1.google.fr
2013-06-12 10:01:25,khms1.google.fr
2013-06-12 10:01:25,khms0.google.fr
2013-06-12 10:01:25,maps.google.fr
2013-06-12 10:01:25,mts1.google.com
2013-06-12 10:01:25,mts0.google.com
2013-06-12 10:02:01,khms1.google.fr
2013-06-12 10:02:01,khms0.google.fr
2013-06-12 10:02:01,mts0.google.com
2013-06-12 10:02:01,maps.google.fr
2013-06-12 10:02:01,mts1.google.com
2013-06-12 10:02:02,khms1.google.fr
2013-06-12 10:02:02,mts0.google.com
2013-06-12 10:02:02,khms0.google.fr
2013-06-12 10:02:02,mts1.google.com
2013-06-12 10:02:03,khms0.google.fr
2013-06-12 10:02:05,khms0.google.fr
2013-06-12 10:02:10,maps.google.fr
2013-06-12 10:02:10,khms0.google.fr
2013-06-12 10:02:10,mts1.google.com
2013-06-12 10:02:10,khms1.google.fr
2013-06-12 10:02:10,mts0.google.com
2013-06-12 10:02:44,khms0.google.fr
2013-06-12 10:02:47,mts0.google.com
2013-06-12 10:02:47,mts1.google.com
2013-06-12 10:02:47,maps.google.fr
2013-06-12 10:02:47,khms0.google.fr
2013-06-12 10:02:47,khms1.google.fr
2013-06-12 10:02:48,mts0.google.com
2013-06-12 10:02:48,mts1.google.com
2013-06-12 10:02:48,khms1.google.fr
2013-06-12 10:02:48,khms0.google.fr
2013-06-12 10:02:48,maps.google.fr
2013-06-12 10:04:18,mts0.google.com
2013-06-12 10:04:18,maps.google.fr
2013-06-12 10:04:24,mts1.google.com
2013-06-12 10:04:24,khms1.google.fr
2013-06-12 10:04:26,khms0.google.fr
2013-06-12 10:05:39,maps.google.fr
2013-06-12 10:05:39,mts0.google.com
2013-06-12 10:05:39,khms1.google.fr
2013-06-12 10:05:39,khms0.google.fr
2013-06-12 10:05:39,mts1.google.com
2013-06-12 10:05:40,khms0.google.fr
2013-06-12 10:05:42,khms0.google.fr
2013-06-12 10:05:42,khms1.google.fr
2013-06-12 10:05:42,maps.google.fr
2013-06-12 10:05:42,mts0.google.com
2013-06-12 10:05:42,mts1.google.com
2013-06-12 10:07:52,maps.google.fr
2013-06-12 10:07:52,mts0.google.com
2013-06-12 10:07:52,khms1.google.fr
2013-06-12 10:07:52,mts1.google.com
2013-06-12 10:07:52,khms0.google.fr
2013-11-22 09:13:44,www.google.com
2013-11-22 09:13:50,go.microsoft.com
2013-11-22 09:13:50,ieonline.microsoft.com
2013-11-22 09:13:55,fpdownload2.macromedia.com
2013-11-22 09:13:59,www.google.fr
2013-11-22 09:14:00,www.google.com
2013-11-22 09:15:38,www.google.fr
2013-11-22 09:16:17,www.google.fr
2013-11-22 09:16:17,www.google.com
2013-11-22 09:16:18,www.google.fr
2013-11-22 09:16:58,cnfg.toolbarservices.com
2013-11-22 09:16:59,utils.delta-search.com
2013-11-22 09:17:18,javadl-esd-secure.oracle.com
2013-11-22 09:18:39,javadl-esd-secure.oracle.com
2013-11-22 10:07:46,www.google.fr
2013-11-22 10:07:47,www.google.fr
2013-11-22 10:07:49,www.google.com
2013-11-22 10:07:55,www.google.fr
2013-11-22 10:07:55,www.google.com
2013-11-22 10:07:56,www.google.fr
2013-11-22 10:07:56,meta.wikimedia.org
2013-11-22 10:07:56,bits.wikimedia.org
2013-11-22 10:07:56,fr.wikipedia.org
2013-11-22 10:07:57,bits.wikimedia.org
2013-11-22 10:07:57,fr.wikipedia.org
2013-11-22 10:07:57,login.wikimedia.org
2013-11-22 10:08:41,bits.wikimedia.org
2013-11-22 10:08:41,login.wikimedia.org
2013-11-22 10:08:41,fr.wikipedia.org
2013-11-22 10:43:18,www.google.fr
2013-11-22 10:43:19,www.google.fr
2013-11-22 10:43:20,apis.google.com
2013-11-22 10:47:20,apis.google.com
2013-11-22 10:47:23,www.google.fr
2013-11-22 10:48:16,www.google.fr
2013-11-22 10:49:22,www.google.fr
2013-11-22 11:02:31,www.google.fr
2013-11-22 11:07:20,www.google.fr
2013-11-22 11:13:39,plus.google.com
2013-11-22 11:13:39,accounts.google.com
2013-11-22 11:13:40,accounts.youtube.com
2013-11-22 11:13:55,accounts.google.fr
2013-11-22 11:13:57,accounts.google.com
2013-11-22 11:13:57,accounts.youtube.com
2013-11-22 11:13:57,accounts.google.fr
2013-11-22 11:13:57,plus.google.com
2013-11-22 11:14:02,plus.google.com
2013-11-22 11:14:37,plus.google.com
2013-11-22 11:14:39,www.google.com
2013-11-22 11:14:40,plus.google.com
2013-11-22 11:14:40,apis.google.com
2013-11-22 11:14:40,www.google.com
2013-11-22 11:14:41,talkgadget.google.com
2013-11-22 11:14:42,talkgadget.google.com
2013-11-22 11:14:43,clients6.google.com
2013-11-22 11:14:43,plus.google.com
2013-11-22 11:14:43,talkgadget.google.com
2013-11-22 11:14:44,plus.google.com
2013-11-22 11:14:44,apis.google.com
2013-11-22 11:14:44,accounts.google.com
2013-11-22 11:14:44,clients6.google.com
2013-11-22 11:14:44,talkgadget.google.com
2013-11-22 11:14:52,www.google.fr
2013-11-22 11:14:53,plus.google.com
2013-11-22 11:14:56,talkgadget.google.com
2013-11-22 11:14:57,plus.google.com
2013-11-22 11:14:59,talkgadget.google.com
2013-11-22 11:14:59,plus.google.com
2013-11-22 11:14:59,clients6.google.com
2013-11-22 11:15:04,talkgadget.google.com
2013-11-22 11:15:04,clients6.google.com
2013-11-22 11:15:04,plus.google.com
2013-11-22 11:15:05,plus.google.com
2013-11-22 11:15:05,clients6.google.com
2013-11-22 11:15:05,talkgadget.google.com
2013-11-22 11:15:06,talkgadget.google.com
2013-11-22 11:16:05,talkgadget.google.com
2013-11-22 11:16:50,www.google.fr
2013-11-22 11:16:56,plus.google.com
2013-11-22 11:17:00,apis.google.com
2013-11-22 11:17:02,www.google.fr
2013-11-22 11:17:03,www.google.com
2013-11-22 11:17:48,plus.google.com
2013-11-22 11:17:57,www.google.com
2013-11-22 11:20:17,www.google.fr
2013-11-22 11:20:21,plus.google.com
2013-11-22 11:21:43,www.google.fr
2013-11-22 11:24:22,plus.google.com
2013-11-22 11:24:23,www.google.fr
2013-11-22 11:24:33,apis.google.com
2013-11-22 11:25:02,www.google.com
2013-11-22 11:25:02,www.google.fr
2013-11-22 11:25:03,plus.google.com
2013-11-22 11:26:37,www.google.fr
2013-11-22 11:29:02,apis.google.com
2013-11-22 11:29:02,www.google.com
2013-11-22 11:29:07,plus.google.com
2013-11-22 11:30:37,www.google.fr
2013-11-22 11:33:09,www.google.fr
2013-11-29 09:03:57,www.google.com
2013-11-29 09:03:59,www.google.fr
2013-11-29 09:04:00,apis.google.com
2013-11-29 09:04:01,www.google.com
2013-11-29 09:04:18,www.google.fr
2013-11-29 09:04:18,www.google.com
2013-11-29 09:04:18,apis.google.com
2013-11-29 09:04:19,armorgames.com
2013-11-29 09:04:19,www.reddit.com
2013-11-29 09:04:19,cache.armorgames.com
2013-11-29 09:04:20,platform.stumbleupon.com
2013-11-29 09:04:20,ajax.googleapis.com
2013-11-29 09:04:20,static.ak.facebook.com
2013-11-29 09:04:20,www.stumbleupon.com
2013-11-29 09:04:20,cache.armorgames.com
2013-11-29 09:04:20,connect.facebook.net
2013-11-29 09:04:20,armorgames.com
2013-11-29 09:04:20,www.reddit.com
2013-11-29 09:04:20,gamemedia.armorgames.com
2013-11-29 09:04:20,platform.twitter.com
2013-11-29 09:04:21,twitter.com
2013-11-29 09:04:21,www.facebook.com
2013-11-29 09:04:21,platform.twitter.com
2013-11-29 09:04:21,www.reddit.com
2013-11-29 09:04:21,cache.armorgames.com
2013-11-29 09:04:21,armorgames.com
2013-11-29 09:04:22,cache.armorgames.com
2013-11-29 09:04:22,www.facebook.com
2013-11-29 09:04:22,files.armorgames.com
2013-11-29 09:04:23,www.google.com
2013-11-29 09:04:23,armorgames.com
2013-11-29 09:04:24,armorgames.com
2013-11-29 09:04:27,armorgames.com
2013-11-29 09:04:27,cache.armorgames.com
2013-11-29 09:04:27,twitter.com
2013-11-29 09:04:42,armorgames.com
2013-11-29 09:06:18,ieonline.microsoft.com
2013-11-29 09:06:20,go.microsoft.com
2013-11-29 09:07:22,javadl-esd-secure.oracle.com
2013-11-29 09:07:34,www.google.com
2013-11-29 09:07:48,armorgames.com
2013-11-29 09:07:49,armorgames.com
2013-11-29 09:07:49,gamemedia.armorgames.com
2013-11-29 09:07:49,cache.armorgames.com
2013-11-29 09:07:50,hal9000.redintelligence.net
2013-11-29 09:07:50,armorgames.com
2013-11-29 09:07:50,static.ak.facebook.com
2013-11-29 09:07:50,s-static.ak.facebook.com
2013-11-29 09:07:50,www.facebook.com
2013-11-29 09:07:50,apis.google.com
2013-11-29 09:07:50,cache.armorgames.com
2013-11-29 09:07:51,www.lahalle.com
2013-11-29 09:07:51,hal9000.redintelligence.net
2013-11-29 09:07:51,n28.hal9000.redintelligence.net
2013-11-29 09:07:51,boutique-online.orange.fr
2013-11-29 09:07:53,armorgames.com
2013-11-29 09:07:53,www.reddit.com
2013-11-29 09:07:53,static.ak.facebook.com
2013-11-29 09:07:53,s-static.ak.facebook.com
2013-11-29 09:07:54,i4.ytimg.com
2013-11-29 09:07:54,cache.armorgames.com
2013-11-29 09:07:54,gamemedia.armorgames.com
2013-11-29 09:07:54,www.reddit.com
2013-11-29 09:07:54,platform.twitter.com
2013-11-29 09:07:54,www.stumbleupon.com
2013-11-29 09:07:54,apis.google.com
2013-11-29 09:07:54,armorgames.com
2013-11-29 09:07:55,accounts.google.com
2013-11-29 09:07:55,apis.google.com
2013-11-29 09:07:55,www.facebook.com
2013-11-29 09:07:55,armorgames.com
2013-11-29 09:07:55,twitter.com
2013-11-29 09:07:56,apis.google.com
2013-11-29 09:07:56,cache.armorgames.com
2013-11-29 09:07:56,www.facebook.com
2013-11-29 09:07:58,armorgames.com
2013-11-29 09:08:16,armorgames.com
2013-11-29 09:13:02,utils.delta-search.com
2013-11-29 09:13:02,cnfg.toolbarservices.com
2013-11-29 09:13:03,www.google.com
2013-11-29 09:13:03,mlgame.fr
2013-11-29 09:13:04,mlgame.fr
2013-11-29 09:13:04,www.google.fr
2013-11-29 09:13:10,s-static.ak.facebook.com
2013-11-29 09:13:10,www.stumbleupon.com
2013-11-29 09:13:10,armorgames.com
2013-11-29 09:13:10,platform.twitter.com
2013-11-29 09:13:10,static.ak.facebook.com
2013-11-29 09:13:10,assets.pinterest.com
2013-11-29 09:13:11,s.ytimg.com
2013-11-29 09:13:11,www.youtube.com
2013-11-29 09:13:11,twitter.com
2013-11-29 09:13:12,twitter.com
2013-11-29 09:13:12,apis.google.com
2013-11-29 09:13:12,i1.ytimg.com
2013-11-29 09:13:12,core.saymedia.com
2013-11-29 09:13:12,s.ytimg.com
2013-11-29 09:13:12,www.facebook.com
2013-11-29 09:13:14,apis.google.com
2013-11-29 09:16:04,www.facebook.com
2013-11-29 09:16:07,armorgames.com
2013-11-29 09:16:08,s-static.ak.facebook.com
2013-11-29 09:16:08,static.ak.facebook.com
2013-11-29 09:16:09,choices.truste.com
2013-11-29 09:16:09,fpdownload2.macromedia.com
2013-11-29 09:16:09,www.facebook.com
2013-11-29 09:16:10,choices.truste.com
2013-11-29 09:16:11,s-static.ak.facebook.com
2013-11-29 09:16:11,platform.twitter.com
2013-11-29 09:16:11,armorgames.com
2013-11-29 09:16:11,www.reddit.com
2013-11-29 09:16:11,cache.armorgames.com
2013-11-29 09:16:11,static.ak.facebook.com
2013-11-29 09:16:12,armorgames.com
2013-11-29 09:16:12,gamemedia.armorgames.com
2013-11-29 09:16:12,www.stumbleupon.com
2013-11-29 09:16:12,twitter.com
2013-11-29 09:16:12,cache.armorgames.com
2013-11-29 09:16:12,apis.google.com
2013-11-29 09:16:12,www.reddit.com
2013-11-29 09:16:13,rp.gwallet.com
2013-11-29 09:16:13,eulerian.canal-plus.com
2013-11-29 09:16:13,www.facebook.com
2013-11-29 09:16:14,www.facebook.com
2013-11-29 09:16:14,eulerian.canal-plus.com
2013-11-29 09:16:14,cache.armorgames.com
2013-11-29 09:16:16,armorgames.com
2013-11-29 09:16:33,armorgames.com
2013-11-29 09:43:01,www.facebook.com
2013-11-29 09:43:11,www.google.fr
2013-11-29 09:43:24,connect.facebook.net
2013-11-29 09:43:24,www.google.fr
2013-11-29 09:43:24,vectagongame.com
2013-11-29 09:43:24,webplayer.unity3d.com
2013-11-29 09:43:24,code.jquery.com
2013-11-29 09:43:25,ssl-webplayer.unity3d.com
2013-11-29 09:43:25,s-static.ak.facebook.com
2013-11-29 09:43:25,vectagongame.com
2013-11-29 09:43:25,static.ak.facebook.com
2013-11-29 09:43:25,webplayer.unity3d.com
2013-11-29 09:43:25,platform.twitter.com
2013-11-29 09:43:25,platform.tumblr.com
2013-11-29 09:43:26,www.facebook.com
2013-11-29 09:43:26,platform.tumblr.com
2013-11-29 09:43:26,vectagongame.com
2013-11-29 09:43:36,s-static.ak.facebook.com
2013-11-29 09:43:36,platform.twitter.com
2013-11-29 09:43:36,webplayer.unity3d.com
2013-11-29 09:43:36,static.ak.facebook.com
2013-11-29 09:43:37,www.facebook.com
2013-11-29 09:43:38,static.ak.facebook.com
2013-11-29 09:43:38,platform.twitter.com
2013-11-29 09:43:38,s-static.ak.facebook.com
2013-11-29 09:43:38,webplayer.unity3d.com
2013-11-29 09:43:39,www.facebook.com
2013-11-29 09:43:42,www.google.fr
2013-11-29 09:43:43,i1.wp.com
2013-11-29 09:43:43,fr.primary.affinitad.com
2013-11-29 09:43:43,www.facebook.com
2013-11-29 09:43:43,di3-4.shopping.com
2013-11-29 09:43:43,twitter.com
2013-11-29 09:43:43,wtpn.twenga.fr
2013-11-29 09:43:43,ssl-webplayer.unity3d.com
2013-11-29 09:43:43,yarpp.org
2013-11-29 09:43:43,di3-1.shopping.com
2013-11-29 09:43:43,assets.pinterest.com
2013-11-29 09:43:43,s0.wp.com
2013-11-29 09:43:43,www.journaldugamer.com
2013-11-29 09:43:43,www.google.fr
2013-11-29 09:43:43,platform.twitter.com
2013-11-29 09:43:43,0.gravatar.com
2013-11-29 09:43:43,1.gravatar.com
2013-11-29 09:43:43,di3-2.shopping.com
2013-11-29 09:43:43,apis.google.com
2013-11-29 09:43:44,passets.pinterest.com
2013-11-29 09:43:44,wtpn.twenga.fr
2013-11-29 09:43:44,widgets.pinterest.com
2013-11-29 09:43:44,www.journaldugamer.com
2013-11-29 09:43:44,www.facebook.com
2013-11-29 09:43:44,platform.twitter.com
2013-11-29 09:43:45,fr.primary.affinitad.com
2013-11-29 09:43:45,apis.google.com
2013-11-29 09:43:45,accounts.google.com
2013-11-29 09:43:46,twitter.com
2013-11-29 09:43:46,apis.google.com
2013-11-29 09:43:46,wtpn.twenga.fr
2013-11-29 09:43:46,rbx-cdn-tpn.c4tw.net
2013-11-29 09:43:46,www.journaldugamer.com
2013-11-29 09:43:46,adventori.com
2013-11-29 09:43:47,i10.twenga.com
2013-11-29 09:43:47,rbx-cdn-tpn.c4tw.net
2013-11-29 09:43:47,i11.twenga.com
2013-11-29 09:43:47,ajax.googleapis.com
2013-11-29 09:44:03,www.vectagongame.com
2013-11-29 09:44:03,webplayer.unity3d.com
2013-11-29 09:44:03,static.ak.facebook.com
2013-11-29 09:44:03,s-static.ak.facebook.com
2013-11-29 09:44:04,www.facebook.com
2013-11-29 09:44:04,www.vectagongame.com
2013-11-29 09:44:04,twitter.com
2013-11-29 09:44:04,platform.twitter.com
2013-11-29 09:44:22,platform.twitter.com
2013-11-29 09:44:22,yarpp.org
2013-11-29 09:44:22,www.journaldugamer.com
2013-11-29 09:44:22,1.gravatar.com
2013-11-29 09:44:22,di3-2.shopping.com
2013-11-29 09:44:22,di3-4.shopping.com
2013-11-29 09:44:22,di3-1.shopping.com
2013-11-29 09:44:22,assets.pinterest.com
2013-11-29 09:44:22,0.gravatar.com
2013-11-29 09:44:22,fr.primary.affinitad.com
2013-11-29 09:44:22,wtpn.twenga.fr
2013-11-29 09:44:22,apis.google.com
2013-11-29 09:44:23,www.facebook.com
2013-11-29 09:44:23,widgets.pinterest.com
2013-11-29 09:44:24,match.rtbidder.net
2013-11-29 09:44:24,apis.google.com
2013-11-29 09:44:24,fr.primary.affinitad.com
2013-11-29 09:44:25,twitter.com
2013-11-29 09:44:27,www.journaldugamer.com
2013-11-29 09:44:35,twitter.com
2013-11-29 09:44:36,games.adultswim.com
2013-11-29 09:44:36,www.google.fr
2013-11-29 09:44:36,www.squid-cache.org
2013-11-29 09:44:42,www.google.fr
2013-11-29 09:44:43,www.google.fr
2013-11-29 09:44:44,www.google.fr
2013-11-29 09:44:44,platform.twitter.com
2013-11-29 09:44:44,ajax.googleapis.com
2013-11-29 09:44:44,www.flashlinegames.com
2013-11-29 09:44:45,choices.truste.com
2013-11-29 09:44:45,connect.facebook.net
2013-11-29 09:44:45,platform.twitter.com
2013-11-29 09:44:45,www.flashlinegames.com
2013-11-29 09:44:45,accounts.google.com
2013-11-29 09:44:45,apis.google.com
2013-11-29 09:44:46,s-static.ak.facebook.com
2013-11-29 09:44:46,twitter.com
2013-11-29 09:44:46,www.facebook.com
2013-11-29 09:44:46,choices.truste.com
2013-11-29 09:44:46,platform.twitter.com
2013-11-29 09:44:46,static.ak.facebook.com
2013-11-29 09:44:48,www.flashlinegames.com
2013-11-29 09:46:43,www.flashlinegames.com
2013-11-29 09:46:43,www.google.fr
2013-11-29 09:46:52,www.google.fr
2013-11-29 09:47:00,www.google.fr
2013-11-29 09:47:01,www.google.fr
2013-11-29 09:47:22,www.google.fr
2013-11-29 09:47:22,platform.twitter.com
2013-11-29 09:47:22,www.flashlinegames.com
2013-11-29 09:47:23,choices.truste.com
2013-11-29 09:47:25,www.flashlinegames.com
2013-11-29 09:47:25,choices.truste.com
2013-11-29 09:47:25,static.ak.facebook.com
2013-11-29 09:47:25,www.facebook.com
2013-11-29 09:47:25,www.google.fr
2013-11-29 09:47:25,s-static.ak.facebook.com
2013-11-29 09:47:55,twitter.com
2013-11-29 09:48:34,apis.google.com
2013-11-29 09:48:35,www.google.fr
2013-11-29 09:48:35,www.google.com
2013-11-29 09:48:38,www.google.com
2013-11-29 09:48:38,www.google.fr
2013-11-29 09:49:58,www.google.com
2013-11-29 09:50:03,www.google.com
2013-11-29 09:50:05,www.google.com
2013-11-29 09:50:05,www.google.fr
2013-11-29 09:50:06,fr.web.img4.acsta.net
2013-11-29 09:50:06,a69.g.akamai.net
2013-11-29 09:50:06,fr.web.img2.acsta.net
2013-11-29 09:50:06,fr.web.img1.acsta.net
2013-11-29 09:50:06,fr.web.img6.acsta.net
2013-11-29 09:50:06,fby.s3.amazonaws.com
2013-11-29 09:50:06,www.allocine.fr
2013-11-29 09:50:06,static1.purebreak.com
2013-11-29 09:50:06,www.google.com
2013-11-29 09:50:07,fr.web.img1.acsta.net
2013-11-29 09:50:07,fby.s3.amazonaws.com
2013-11-29 09:50:07,platform.twitter.com
2013-11-29 09:50:07,a69.g.akamai.net
2013-11-29 09:50:07,smart.allocine.fr
2013-11-29 09:50:07,accn.allocine.net
2013-11-29 09:50:07,smart2.allocine.fr
2013-11-29 09:50:07,images.allocine.fr
2013-11-29 09:50:07,www.allocine.fr
2013-11-29 09:50:08,platform.twitter.com
2013-11-29 09:50:08,fr.web.img6.acsta.net
2013-11-29 09:50:08,fr.web.img4.acsta.net
2013-11-29 09:50:08,www.allocine.fr
2013-11-29 09:50:08,fr.web.img1.acsta.net
2013-11-29 09:50:08,smart.allocine.fr
2013-11-29 09:50:08,apis.google.com
2013-11-29 09:50:09,smart.allocine.fr
2013-11-29 09:50:09,a69.g.akamai.net
2013-11-29 09:50:09,apis.google.com
2013-11-29 09:50:10,apis.google.com
2013-11-29 09:50:10,smart.allocine.fr
2013-11-29 09:50:11,images.allocine.fr
2013-11-29 09:50:11,accn.allocine.net
2013-11-29 09:50:11,smart.allocine.fr
2013-11-29 09:50:11,smart2.allocine.fr
2013-11-29 09:50:11,platform.twitter.com
2013-11-29 09:50:11,fr.web.img1.acsta.net
2013-11-29 09:50:11,a69.g.akamai.net
2013-11-29 09:50:12,apis.google.com
2013-11-29 09:50:12,accounts.google.com
2013-11-29 09:50:12,platform.twitter.com
2013-11-29 09:50:13,smart.allocine.fr
2013-11-29 09:50:13,static.ak.facebook.com
2013-11-29 09:50:13,apis.google.com
2013-11-29 09:50:13,s-static.ak.facebook.com
2013-11-29 09:50:13,www.allocine.fr
2013-11-29 09:50:14,apis.google.com
2013-11-29 09:50:14,a69.g.akamai.net
2013-11-29 09:50:14,images.allocine.fr
2013-11-29 09:50:14,smart.allocine.fr
2013-11-29 09:50:15,platform.twitter.com
2013-11-29 09:50:15,smart.allocine.fr
2013-11-29 09:50:15,accn.allocine.net
2013-11-29 09:50:15,fr.web.img1.acsta.net
2013-11-29 09:50:15,smart2.allocine.fr
2013-11-29 09:50:16,apis.google.com
2013-11-29 09:50:16,s-static.ak.facebook.com
2013-11-29 09:50:16,static.ak.facebook.com
2013-11-29 09:50:16,smart.allocine.fr
2013-11-29 09:50:17,a69.g.akamai.net
2013-11-29 09:50:17,apis.google.com
2013-11-29 09:50:17,smart.allocine.fr
2013-11-29 09:50:18,smart.allocine.fr
2013-11-29 09:50:18,a69.g.akamai.net
2013-11-29 09:50:18,accn.allocine.net
2013-11-29 09:50:18,apis.google.com
2013-11-29 09:50:18,www.facebook.com
2013-11-29 09:50:19,www.facebook.com
2013-11-29 09:50:19,apis.google.com
2013-11-29 09:50:20,yui.yahooapis.com
2013-11-29 09:50:20,www.facebook.com
2013-11-29 09:50:20,twitter.com
2013-11-29 09:50:21,www.allocine.fr
2013-11-29 09:50:21,fr.web.img4.acsta.net
2013-11-29 09:50:22,fr.web.img5.acsta.net
2013-11-29 09:50:30,www.google.fr
2013-11-29 09:50:35,www.google.fr
2013-11-29 09:50:36,www.google.fr
2013-11-29 09:51:15,www.google.fr
2013-11-29 09:51:16,armorgames.com
2013-11-29 09:51:16,connect.facebook.net
2013-11-29 09:51:16,gamemedia.armorgames.com
2013-11-29 09:51:16,cdnjs.cloudflare.com
2013-11-29 09:51:16,www.google.fr
2013-11-29 09:51:16,cache.armorgames.com
2013-11-29 09:51:17,gamemedia.armorgames.com
2013-11-29 09:51:17,static.ak.facebook.com
2013-11-29 09:51:17,armorgames.com
2013-11-29 09:51:17,assets.pinterest.com
2013-11-29 09:51:17,quests.armorgames.com
2013-11-29 09:51:17,cache.armorgames.com
2013-11-29 09:51:17,s-static.ak.facebook.com
2013-11-29 09:51:18,platform.twitter.com
2013-11-29 09:51:18,armorgames.com
2013-11-29 09:51:18,cache.armorgames.com
2013-11-29 09:51:19,www.facebook.com
2013-11-29 09:51:19,armorgames.com
2013-11-29 09:51:19,cache.armorgames.com
2013-11-29 09:51:23,gamemedia.armorgames.com
2013-11-29 09:51:24,gamemedia.armorgames.com
2013-11-29 09:51:39,www.google.fr
2013-11-29 09:51:52,armorgames.com
2013-11-29 09:51:52,www.reddit.com
2013-11-29 09:51:53,s-static.ak.facebook.com
2013-11-29 09:51:53,platform.twitter.com
2013-11-29 09:51:53,armorgames.com
2013-11-29 09:51:53,static.ak.facebook.com
2013-11-29 09:51:53,cache.armorgames.com
2013-11-29 09:51:53,www.reddit.com
2013-11-29 09:51:54,data.decathlon.fr
2013-11-29 09:51:54,armorgames.com
2013-11-29 09:51:54,twitter.com
2013-11-29 09:51:56,www.stumbleupon.com
2013-11-29 09:51:56,gamemedia.armorgames.com
2013-11-29 09:51:56,twitter.com
2013-11-29 09:51:56,armorgames.com
2013-11-29 09:51:57,apis.google.com
2013-11-29 09:51:57,armorgames.com
2013-11-29 09:51:57,gamemedia.armorgames.com
2013-11-29 09:51:58,www.facebook.com
2013-11-29 09:51:59,cache.armorgames.com
2013-11-29 09:51:59,www.facebook.com
2013-11-29 09:52:01,armorgames.com
2013-11-29 09:52:11,agi.armorgames.com
2013-11-29 09:52:18,armorgames.com
2013-11-29 09:53:00,apis.google.com
2013-11-29 09:54:19,www.facebook.com
2013-11-29 09:54:24,cache.armorgames.com
2013-11-29 09:54:24,static.ak.facebook.com
2013-11-29 09:54:24,s-static.ak.facebook.com
2013-11-29 09:54:25,platform.twitter.com
2013-11-29 09:54:25,cache.armorgames.com
2013-11-29 09:54:26,www.google.fr
2013-11-29 09:54:26,armorgames.com
2013-11-29 09:54:26,www.facebook.com
2013-11-29 09:54:27,um.simpli.fi
2013-11-29 09:54:39,armorgames.com
2013-11-29 09:54:39,www.reddit.com
2013-11-29 09:54:39,cache.armorgames.com
2013-11-29 09:54:40,static.ak.facebook.com
2013-11-29 09:54:40,www.reddit.com
2013-11-29 09:54:40,cache.armorgames.com
2013-11-29 09:54:40,armorgames.com
2013-11-29 09:54:40,platform.twitter.com
2013-11-29 09:54:40,www.stumbleupon.com
2013-11-29 09:54:40,gamemedia.armorgames.com
2013-11-29 09:54:40,s-static.ak.facebook.com
2013-11-29 09:54:41,www.facebook.com
2013-11-29 09:54:41,twitter.com
2013-11-29 09:54:41,choices.truste.com
2013-11-29 09:54:41,armorgames.com
2013-11-29 09:54:41,apis.google.com
2013-11-29 09:54:42,www.facebook.com
2013-11-29 09:54:42,choices.truste.com
2013-11-29 09:54:43,choices.truste.com
2013-11-29 09:54:43,cache.armorgames.com
2013-11-29 09:54:44,armorgames.com
2013-11-29 09:55:02,armorgames.com
2013-11-29 09:59:03,javadl-esd-secure.oracle.com
2013-11-29 10:01:08,dl.patchbeam.com
2013-11-29 10:01:29,dl.patchbeam.com
2013-11-29 10:01:29,www.powerarchiver.com
2013-11-29 10:02:43,ad.foxitsoftware.com
2013-12-13 08:05:45,www.google.com
2013-12-13 08:05:58,ieonline.microsoft.com
2013-12-13 08:05:58,go.microsoft.com
2013-12-13 08:06:15,www.google.fr
2013-12-13 08:06:16,www.google.fr
2013-12-13 08:06:17,apis.google.com
2013-12-13 08:06:18,www.google.com
2013-12-13 08:06:24,www.google.fr
2013-12-13 08:06:26,www.google.fr
2013-12-13 08:06:26,www.google.com
2013-12-13 08:06:26,apis.google.com
2013-12-13 08:07:59,ieonline.microsoft.com
2013-12-13 08:09:37,utils.delta-search.com
2013-12-13 08:09:37,cnfg.toolbarservices.com
2013-12-13 09:23:09,www.google.fr
2013-12-13 09:23:18,www.google.fr
2013-12-13 09:23:25,www.google.fr
2013-12-13 09:24:17,www.google.fr
2013-12-13 09:24:32,www.powerarchiver.com
2013-12-13 09:24:32,dl.patchbeam.com
2013-12-13 09:50:10,www.google.fr
2013-12-13 09:50:13,www.google.com
2013-12-13 09:50:14,maps.google.fr
2013-12-13 09:50:15,mts1.google.com
2013-12-13 09:50:15,mts0.google.com
2013-12-13 09:50:15,www.google.com
2013-12-13 09:50:15,www.google.fr
2013-12-13 09:50:15,maps.google.fr
2013-12-13 09:50:16,mts0.google.com
2013-12-13 09:50:16,mts1.google.com
2013-12-13 09:50:17,mts1.google.com
2013-12-13 09:50:17,mts0.google.com
2013-12-13 09:50:18,mts1.google.com
2013-12-13 09:50:19,mts0.google.com
2013-12-13 09:50:20,mts1.google.com
2013-12-13 09:50:24,mts0.google.com
2013-12-13 09:50:24,mts1.google.com
2013-12-13 09:50:24,maps.google.fr
2013-12-13 09:50:26,mts0.google.com
2013-12-13 09:50:27,mts0.google.com
2013-12-13 09:50:27,maps.google.fr
2013-12-13 09:50:27,mts1.google.com
2013-12-13 09:50:28,mts1.google.com
2013-12-13 09:50:28,mts0.google.com
2013-12-13 09:50:28,maps.google.fr
2013-12-13 09:50:29,mts1.google.com
2013-12-13 09:50:29,mts0.google.com
2013-12-13 09:50:30,mts1.google.com
2013-12-13 09:50:30,mts0.google.com
2013-12-13 09:50:31,maps.google.fr
2013-12-13 09:50:31,mts1.google.com
2013-12-13 09:50:31,mts0.google.com
2013-12-13 09:50:32,khms0.google.fr
2013-12-13 09:50:33,khms1.google.fr
2013-12-13 09:50:33,khms0.google.fr
2013-12-13 09:50:33,mts0.google.com
2013-12-13 09:50:33,maps.google.fr
2013-12-13 09:50:34,khms0.google.fr
2013-12-13 09:50:34,khms1.google.fr
2013-12-13 09:50:34,maps.google.fr
2013-12-13 09:50:35,mts1.google.com
2013-12-13 09:50:35,mts0.google.com
2013-12-13 09:50:35,maps.google.fr
2013-12-13 09:50:35,khms1.google.fr
2013-12-13 09:50:35,khms0.google.fr
2013-12-13 09:50:36,mts0.google.com
2013-12-13 09:50:36,www.google.com
2013-12-13 09:50:38,www.google.com
2013-12-13 09:50:40,www.google.com
2013-12-13 09:50:45,www.google.com
2013-12-13 09:50:48,www.google.com
2013-12-13 09:50:48,khms0.google.fr
2013-12-13 09:50:48,khms1.google.fr
2013-12-13 09:50:48,maps.google.fr
2013-12-13 09:50:48,mts0.google.com
2013-12-13 09:50:49,maps.google.fr
2013-12-13 09:50:49,mts1.google.com
2013-12-13 09:50:49,mts0.google.com
2013-12-13 09:50:50,mts0.google.com
2013-12-13 09:50:50,mts1.google.com
2013-12-13 09:50:50,maps.google.fr
2013-12-13 09:50:50,khms1.google.fr
2013-12-13 09:50:50,khms0.google.fr
2013-12-13 09:50:51,khms1.google.fr
2013-12-13 09:50:51,khms0.google.fr
2013-12-13 09:50:52,khms1.google.fr
2013-12-13 09:50:53,khms0.google.fr
2013-12-13 09:50:53,khms1.google.fr
2013-12-13 09:50:54,mts0.google.com
2013-12-13 09:50:54,maps.google.fr
2013-12-13 09:50:54,mts1.google.com
2013-12-13 09:50:55,mts0.google.com
2013-12-13 09:50:55,mts1.google.com
2013-12-13 09:50:55,khms1.google.fr
2013-12-13 09:50:55,khms0.google.fr
2013-12-13 09:50:55,maps.google.fr
2013-12-13 09:50:56,khms1.google.fr
2013-12-13 09:50:56,khms0.google.fr
2013-12-13 09:50:57,khms1.google.fr
2013-12-13 09:50:57,khms0.google.fr
2013-12-13 09:50:58,mts1.google.com
2013-12-13 09:50:58,mts0.google.com
2013-12-13 09:50:58,khms0.google.fr
2013-12-13 09:50:58,khms1.google.fr
2013-12-13 09:50:59,mts0.google.com
2013-12-13 09:50:59,mts1.google.com
2013-12-13 09:51:00,khms1.google.fr
2013-12-13 09:51:00,khms0.google.fr
2013-12-13 09:51:01,khms1.google.fr
2013-12-13 09:51:01,khms0.google.fr
2013-12-13 09:51:02,mts0.google.com
2013-12-13 09:51:02,mts1.google.com
2013-12-13 09:51:02,khms1.google.fr
2013-12-13 09:51:02,khms0.google.fr
2013-12-13 09:51:03,mts1.google.com
2013-12-13 09:51:03,maps.google.fr
2013-12-13 09:51:03,mts0.google.com
2013-12-13 09:51:03,khms0.google.fr
2013-12-13 09:51:04,mts0.google.com
2013-12-13 09:51:04,mts1.google.com
2013-12-13 09:51:05,mts0.google.com
2013-12-13 09:51:33,mts1.google.com
2013-12-13 09:51:33,mts0.google.com
2013-12-13 09:51:33,khms0.google.fr
2013-12-13 09:51:33,khms1.google.fr
2013-12-13 09:51:33,maps.google.fr
2013-12-13 09:51:34,mts1.google.com
2013-12-13 09:51:34,mts0.google.com
2013-12-13 09:51:34,khms1.google.fr
2013-12-13 09:51:34,khms0.google.fr
2013-12-13 09:51:35,khms0.google.fr
2013-12-13 09:51:35,khms1.google.fr
2013-12-13 09:51:49,khms0.google.fr
2013-12-13 09:51:49,mts0.google.com
2013-12-13 09:51:49,khms1.google.fr
2013-12-13 09:51:49,maps.google.fr
2013-12-13 09:51:49,mts1.google.com
2013-12-13 09:51:50,khms0.google.fr
2013-12-13 09:51:50,khms1.google.fr
2013-12-13 09:51:51,mts0.google.com
2013-12-13 09:51:51,mts1.google.com
2013-12-13 09:51:51,maps.google.fr
2013-12-13 09:51:52,mts1.google.com
2013-12-13 09:51:52,mts0.google.com
2013-12-13 09:51:52,khms0.google.fr
2013-12-13 09:51:52,khms1.google.fr
2013-12-13 09:51:53,khms1.google.fr
2013-12-13 09:51:53,khms0.google.fr
2013-12-13 09:51:53,mts1.google.com
2013-12-13 09:51:54,mts0.google.com
2013-12-13 09:51:54,mts1.google.com
2013-12-13 09:51:54,khms1.google.fr
2013-12-13 09:51:54,khms0.google.fr
2013-12-13 09:51:55,khms0.google.fr
2013-12-13 09:52:01,khms0.google.fr
2013-12-13 09:52:04,khms0.google.fr
2013-12-13 09:52:04,khms1.google.fr
2013-12-13 09:52:04,mts1.google.com
2013-12-13 09:52:04,maps.google.fr
2013-12-13 09:52:04,mts0.google.com
2013-12-13 09:52:05,mts1.google.com
2013-12-13 09:52:06,mts0.google.com
2013-12-13 09:52:06,mts1.google.com
2013-12-13 09:52:06,khms1.google.fr
2013-12-13 09:52:06,khms0.google.fr
2013-12-13 09:52:07,mts1.google.com
2013-12-13 09:52:07,mts0.google.com
2013-12-13 09:52:07,maps.google.fr
2013-12-13 09:52:08,khms1.google.fr
2013-12-13 09:52:08,khms0.google.fr
2013-12-13 09:52:09,khms0.google.fr
2013-12-13 09:52:09,khms1.google.fr
2013-12-13 09:52:14,khms1.google.fr
2013-12-13 09:52:14,khms0.google.fr
2013-12-13 09:52:14,mts0.google.com
2013-12-13 09:52:14,mts1.google.com
2013-12-13 09:52:15,mts0.google.com
2013-12-13 09:52:15,mts1.google.com
2013-12-13 09:52:15,khms1.google.fr
2013-12-13 09:52:15,khms0.google.fr
2013-12-13 09:52:15,maps.google.fr
2013-12-13 09:52:17,khms1.google.fr
2013-12-13 09:52:17,khms0.google.fr
2013-12-13 09:52:21,khms0.google.fr
2013-12-13 09:52:24,khms0.google.fr
2013-12-13 09:52:29,khms0.google.fr
2013-12-13 09:52:35,khms1.google.fr
2013-12-13 09:52:35,khms0.google.fr
2013-12-13 09:52:35,maps.google.fr
2013-12-13 09:52:35,mts0.google.com
2013-12-13 09:52:35,mts1.google.com
2013-12-13 09:52:38,mts1.google.com
2013-12-13 09:52:40,khms0.google.fr
2013-12-13 09:52:52,mts1.google.com
2013-12-13 09:52:55,mts1.google.com
2013-12-13 09:52:56,maps.google.fr
2013-12-13 09:52:56,mts0.google.com
2013-12-13 09:52:56,khms0.google.fr
2013-12-13 09:52:56,khms1.google.fr
2013-12-13 09:52:56,mts1.google.com
2013-12-13 09:52:57,mts1.google.com
2013-12-13 09:52:57,mts0.google.com
2013-12-13 09:52:57,mts2.google.com
2013-12-13 09:52:57,mts3.google.com
2013-12-13 09:52:58,mts2.google.com
2013-12-13 09:52:58,mts3.google.com
2013-12-13 09:52:58,mts0.google.com
2013-12-13 09:52:58,mts1.google.com
2013-12-13 09:52:59,mts0.google.com
2013-12-13 09:52:59,khms0.google.fr
2013-12-13 09:52:59,mts2.google.com
2013-12-13 09:52:59,mts3.google.com
2013-12-13 09:53:00,mts0.google.com
2013-12-13 09:53:00,mts1.google.com
2013-12-13 09:53:00,maps.google.fr
2013-12-13 09:53:00,khms1.google.fr
2013-12-13 09:53:00,khms0.google.fr
2013-12-13 09:53:01,khms0.google.fr
2013-12-13 09:53:01,khms1.google.fr
2013-12-13 09:53:05,mts3.google.com
2013-12-13 09:53:05,khms1.google.fr
2013-12-13 09:53:05,khms0.google.fr
2013-12-13 09:53:05,maps.google.fr
2013-12-13 09:53:05,mts0.google.com
2013-12-13 09:53:06,mts0.google.com
2013-12-13 09:53:06,mts1.google.com
2013-12-13 09:53:07,mts0.google.com
2013-12-13 09:53:07,mts1.google.com
2013-12-13 09:53:07,khms0.google.fr
2013-12-13 09:53:07,khms1.google.fr
2013-12-13 09:53:08,khms0.google.fr
2013-12-13 09:53:08,khms1.google.fr
2013-12-13 09:53:09,khms0.google.fr
2013-12-13 09:53:09,khms1.google.fr
2013-12-13 09:53:10,khms0.google.fr
2013-12-13 09:53:10,khms1.google.fr
2013-12-13 09:53:10,maps.google.fr
2013-12-13 09:53:11,maps.google.fr
2013-12-13 09:53:12,maps.google.fr
2013-12-13 09:53:12,mts0.google.com
2013-12-13 09:53:12,mts3.google.com
2013-12-13 09:53:12,mts2.google.com
2013-12-13 09:53:12,mts1.google.com
2013-12-13 09:53:13,mts0.google.com
2013-12-13 09:53:13,mts1.google.com
2013-12-13 09:53:13,mts2.google.com
2013-12-13 09:53:13,mts3.google.com
2013-12-13 09:53:14,mts0.google.com
2013-12-13 09:53:14,mts2.google.com
2013-12-13 09:53:15,mts2.google.com
2013-12-13 09:53:15,maps.google.fr
2013-12-13 09:53:15,mts0.google.com
2013-12-13 09:53:15,mts1.google.com
2013-12-13 09:53:16,khms0.google.fr
2013-12-13 09:53:16,mts1.google.com
2013-12-13 09:53:17,khms1.google.fr
2013-12-13 09:53:19,khms1.google.fr
2013-12-13 09:53:19,mts2.google.com
2013-12-13 09:53:19,khms0.google.fr
2013-12-13 09:53:19,mts3.google.com
2013-12-13 09:53:19,maps.google.fr
2013-12-13 09:53:19,mts1.google.com
2013-12-13 09:53:19,mts0.google.com
2013-12-13 09:53:20,mts2.google.com
2013-12-13 09:53:20,mts0.google.com
2013-12-13 09:53:20,mts3.google.com
2013-12-13 09:53:20,mts1.google.com
2013-12-13 09:53:21,mw2.google.com
2013-12-13 09:53:21,maps.google.fr
2013-12-13 09:53:21,khms1.google.fr
2013-12-13 09:53:31,khms0.google.fr
2013-12-13 09:53:33,khms0.google.fr
2013-12-13 09:53:33,mts0.google.com
2013-12-13 09:53:33,mts3.google.com
2013-12-13 09:53:33,mts1.google.com
2013-12-13 09:53:33,geo2.ggpht.com
2013-12-13 09:53:33,geo3.ggpht.com
2013-12-13 09:53:33,geo0.ggpht.com
2013-12-13 09:53:33,geo1.ggpht.com
2013-12-13 09:53:34,maps.google.fr
2013-12-13 09:53:34,geo1.ggpht.com
2013-12-13 09:53:34,static.panoramio.com.storage.googleapis.com
2013-12-13 09:53:34,mts3.google.com
2013-12-13 09:53:34,mts2.google.com
2013-12-13 09:53:35,geo3.ggpht.com
2013-12-13 09:53:35,geo2.ggpht.com
2013-12-13 09:53:48,maps.google.fr
2013-12-13 09:53:48,mw2.google.com
2013-12-13 09:53:48,geo0.ggpht.com
2013-12-13 09:53:48,www.google.com
2013-12-13 09:53:50,mts2.google.com
2013-12-13 09:53:50,maps.google.fr
2013-12-13 09:53:50,khms0.google.fr
2013-12-13 09:53:50,mts1.google.com
2013-12-13 09:53:50,mts0.google.com
2013-12-13 09:53:50,static.panoramio.com.storage.googleapis.com
2013-12-13 09:53:50,khms1.google.fr
2013-12-13 09:53:51,mts1.google.com
2013-12-13 09:53:51,mts0.google.com
2013-12-13 09:53:51,mts3.google.com
2013-12-13 09:53:51,mts2.google.com
2013-12-13 09:53:52,mts2.google.com
2013-12-13 09:53:52,mts0.google.com
2013-12-13 09:53:57,mts0.google.com
2013-12-13 09:54:01,mts0.google.com
2013-12-13 09:54:01,maps.google.fr
2013-12-13 09:54:01,mts3.google.com
2013-12-13 09:54:01,mts1.google.com
2013-12-13 09:54:01,khms0.google.fr
2013-12-13 09:54:01,mts2.google.com
2013-12-13 09:54:01,khms1.google.fr
2013-12-13 09:54:03,maps.google.fr
2013-12-13 09:54:03,mts0.google.com
2013-12-13 09:54:03,mts2.google.com
2013-12-13 09:54:03,mts1.google.com
2013-12-13 09:54:03,mts3.google.com
2013-12-13 09:54:04,mts1.google.com
2013-12-13 09:54:04,mts3.google.com
2013-12-13 09:54:04,mts0.google.com
2013-12-13 09:54:04,mts2.google.com
2013-12-13 09:54:05,mts0.google.com
2013-12-13 09:54:06,mts3.google.com
2013-12-13 09:54:06,mts0.google.com
2013-12-13 09:54:06,mts2.google.com
2013-12-13 09:54:06,khms0.google.fr
2013-12-13 09:54:06,khms1.google.fr
2013-12-13 09:54:06,mts1.google.com
2013-12-13 09:54:07,mts2.google.com
2013-12-13 09:54:07,mts1.google.com
2013-12-13 09:54:07,mts3.google.com
2013-12-13 09:54:07,mts0.google.com
2013-12-13 09:54:09,mts1.google.com
2013-12-13 09:54:09,mts2.google.com
2013-12-13 09:54:09,mts0.google.com
2013-12-13 09:54:10,mts0.google.com
2013-12-13 09:54:22,mts1.google.com
2013-12-13 09:54:25,khms1.google.fr
2013-12-13 09:54:25,khms0.google.fr
2013-12-13 09:54:25,mts3.google.com
2013-12-13 09:54:25,mts2.google.com
2013-12-13 09:55:58,mts0.google.com
2013-12-13 09:56:05,maps.google.fr
2013-12-13 09:56:14,mw2.google.com
2013-12-13 09:58:10,khms1.google.fr
2013-12-13 09:58:10,mts2.google.com
2013-12-13 09:58:10,mts3.google.com
2013-12-13 09:58:10,mts1.google.com
2013-12-13 09:59:41,mw2.google.com
2013-12-13 09:59:41,mts0.google.com
2013-12-13 09:59:41,maps.google.fr
2013-12-13 10:00:19,mts1.google.com
2013-12-13 10:00:19,mts0.google.com
2013-12-13 10:00:22,maps.google.fr
2013-12-13 10:00:22,mts0.google.com
2013-12-13 10:00:22,mts1.google.com
2013-12-13 10:00:23,mts3.google.com
2013-12-13 10:00:23,mts2.google.com
2013-12-13 10:00:23,mts0.google.com
2013-12-13 10:00:23,mts1.google.com
2013-12-13 10:00:24,khms0.google.fr
2013-12-13 10:00:24,khms1.google.fr
2013-12-13 10:00:24,mts3.google.com
2013-12-13 10:00:24,mts0.google.com
2013-12-13 10:00:24,mts1.google.com
2013-12-13 10:00:25,mts3.google.com
2013-12-13 10:00:25,mts0.google.com
2013-12-13 10:00:25,mts2.google.com
2013-12-13 10:00:25,mts1.google.com
2013-12-13 10:00:26,mts2.google.com
2013-12-13 10:00:26,mts1.google.com
2013-12-13 10:02:21,mts0.google.com
2013-12-13 10:02:40,maps.google.fr
2013-12-13 10:02:42,mts1.google.com
2013-12-13 10:02:43,mts2.google.com
2013-12-13 10:02:43,mts3.google.com
2013-12-13 10:02:43,mts0.google.com
2013-12-13 10:02:43,maps.google.fr
2013-12-13 10:02:43,mts1.google.com
2013-12-13 10:02:43,khms1.google.fr
2013-12-13 10:02:43,khms0.google.fr
2013-12-13 10:02:45,mts3.google.com
2013-12-13 10:02:46,mts2.google.com
2013-12-13 10:02:46,mts0.google.com
2013-12-13 10:02:46,mts1.google.com
2013-12-13 10:02:46,mts3.google.com
2013-12-13 10:02:46,maps.google.fr
2013-12-13 10:02:47,mts0.google.com
2013-12-13 10:02:47,mts1.google.com
2013-12-13 10:02:47,khms1.google.fr
2013-12-13 10:02:47,khms0.google.fr
2013-12-13 10:02:48,mts3.google.com
2013-12-13 10:02:48,mts1.google.com
2013-12-13 10:02:48,mts0.google.com
2013-12-13 10:02:48,mts2.google.com
2013-12-13 10:02:49,mts3.google.com
2013-12-13 10:02:49,mts1.google.com
2013-12-13 10:02:49,mts0.google.com
2013-12-13 10:02:49,mts2.google.com
2013-12-13 10:02:52,maps.google.fr
2013-12-13 10:02:52,mts1.google.com
2013-12-13 10:02:52,mts2.google.com
2013-12-13 10:02:52,mts0.google.com
2013-12-13 10:02:52,khms0.google.fr
2013-12-13 10:02:52,khms1.google.fr
2013-12-13 10:02:52,mts3.google.com
2013-12-13 10:02:53,mts1.google.com
2013-12-13 10:02:53,mts0.google.com
2013-12-13 10:02:53,khms0.google.fr
2013-12-13 10:02:53,khms1.google.fr
2013-12-13 10:02:54,maps.google.fr
2013-12-13 10:02:54,mts0.google.com
2013-12-13 10:02:54,mts1.google.com
2013-12-13 10:02:54,mts3.google.com
2013-12-13 10:02:54,mts2.google.com
2013-12-13 10:02:55,khms0.google.fr
2013-12-13 10:02:55,khms1.google.fr
2013-12-13 10:02:55,mts3.google.com
2013-12-13 10:02:55,mts0.google.com
2013-12-13 10:02:55,mts2.google.com
2013-12-13 10:02:55,mts1.google.com
2013-12-13 10:02:56,mts0.google.com
2013-12-13 10:02:56,mts1.google.com
2013-12-13 10:02:56,khms0.google.fr
2013-12-13 10:02:56,khms1.google.fr
2013-12-13 10:02:56,mts3.google.com
2013-12-13 10:02:56,mts2.google.com
2013-12-13 10:02:57,mts0.google.com
2013-12-13 10:02:57,khms1.google.fr
2013-12-13 10:02:57,mts2.google.com
2013-12-13 10:02:57,khms0.google.fr
2013-12-13 10:02:57,mts1.google.com
2013-12-13 10:02:57,mts3.google.com
2013-12-13 10:02:58,khms0.google.fr
2013-12-13 10:02:59,khms0.google.fr
2013-12-13 10:03:01,khms0.google.fr
2013-12-13 10:03:04,khms0.google.fr
2013-12-13 10:03:04,khms1.google.fr
2013-12-13 10:03:04,maps.google.fr
2013-12-13 10:03:04,mw2.google.com
2013-12-13 10:03:04,mts3.google.com
2013-12-13 10:03:04,mts2.google.com
2013-12-13 10:03:04,mts1.google.com
2013-12-13 10:03:04,mts0.google.com
2013-12-13 10:03:05,mts2.google.com
2013-12-13 10:03:05,maps.google.fr
2013-12-13 10:03:05,khms1.google.fr
2013-12-13 10:03:05,mts0.google.com
2013-12-13 10:03:05,khms0.google.fr
2013-12-13 10:03:05,mts1.google.com
2013-12-13 10:03:06,mts1.google.com
2013-12-13 10:03:06,mts2.google.com
2013-12-13 10:03:06,khms1.google.fr
2013-12-13 10:03:06,mts3.google.com
2013-12-13 10:03:06,khms0.google.fr
2013-12-13 10:03:06,mts0.google.com
2013-12-13 10:03:07,mts1.google.com
2013-12-13 10:03:08,mts0.google.com
2013-12-13 10:03:08,mts3.google.com
2013-12-13 10:03:11,mts0.google.com
2013-12-13 10:03:11,khms0.google.fr
2013-12-13 10:03:11,khms1.google.fr
2013-12-13 10:03:11,maps.google.fr
2013-12-13 10:03:11,mts1.google.com
2013-12-13 10:03:11,mts2.google.com
2013-12-13 10:03:11,mts3.google.com
2013-12-13 10:03:12,maps.google.fr
2013-12-13 10:03:30,maps.google.fr
2013-12-13 10:03:41,maps.google.fr
2013-12-13 10:03:50,maps.google.fr
2013-12-13 10:03:51,mts3.google.com
2013-12-13 10:03:51,maps.google.fr
2013-12-13 10:05:52,static.panoramio.com.storage.googleapis.com
2013-12-13 10:05:52,khms1.google.fr
2013-12-13 10:05:52,mts1.google.com
2013-12-13 10:05:52,geo0.ggpht.com
2013-12-13 10:05:52,www.google.com
2013-12-13 10:05:52,mw2.google.com
2013-12-13 10:05:52,maps.google.fr
2013-12-13 10:05:52,mts0.google.com
2013-12-13 10:05:52,khms0.google.fr
2013-12-13 10:05:52,mts3.google.com
2013-12-13 10:05:52,mts2.google.com
2013-12-13 10:06:58,mts1.google.com
2013-12-13 10:06:59,mts1.google.com
2013-12-13 10:06:59,khms1.google.fr
2013-12-13 10:06:59,mts3.google.com
2013-12-13 10:07:02,khms0.google.fr
2013-12-13 10:07:02,khms1.google.fr
2013-12-13 10:07:02,maps.google.fr
2013-12-13 10:07:02,mts3.google.com
2013-12-13 10:07:02,mts0.google.com
2013-12-13 10:07:02,mts1.google.com
2013-12-13 10:07:03,khms1.google.fr
2013-12-13 10:07:03,khms0.google.fr
2013-12-13 10:07:03,mts1.google.com
2013-12-13 10:07:03,mts0.google.com
2013-12-13 10:07:05,mts0.google.com
2013-12-13 10:07:05,khms0.google.fr
2013-12-13 10:07:05,mts1.google.com
2013-12-13 10:07:05,khms1.google.fr
2013-12-13 10:07:06,mts0.google.com
2013-12-13 10:07:07,mts1.google.com
2013-12-13 10:07:08,mts3.google.com
2013-12-13 10:07:08,mts2.google.com
2013-12-13 10:07:08,maps.google.fr
2013-12-13 10:07:08,khms1.google.fr
2013-12-13 10:07:08,mts1.google.com
2013-12-13 10:07:08,mts0.google.com
2013-12-13 10:07:08,khms0.google.fr
2013-12-13 10:07:09,mts0.google.com
2013-12-13 10:07:09,khms1.google.fr
2013-12-13 10:07:09,khms0.google.fr
2013-12-13 10:07:12,mts3.google.com
2013-12-13 10:07:12,mts1.google.com
2013-12-13 10:07:13,mts0.google.com
2013-12-13 10:07:13,mts2.google.com
2013-12-13 10:07:13,mts3.google.com
2013-12-13 10:07:13,khms1.google.fr
2013-12-13 10:07:13,maps.google.fr
2013-12-13 10:07:14,mts0.google.com
2013-12-13 10:07:14,khms0.google.fr
2013-12-13 10:07:15,mts0.google.com
2013-12-13 10:07:15,maps.google.fr
2013-12-13 10:07:15,mts1.google.com
2013-12-13 10:07:15,khms0.google.fr
2013-12-13 10:07:15,mts2.google.com
2013-12-13 10:07:16,mts2.google.com
2013-12-13 10:07:16,mts0.google.com
2013-12-13 10:07:16,mts1.google.com
2013-12-13 10:07:16,khms1.google.fr
2013-12-13 10:07:19,mts0.google.com
2013-12-13 10:07:19,khms0.google.fr
2013-12-13 10:07:20,khms0.google.fr
2013-12-13 10:07:23,mts3.google.com
2013-12-13 10:07:24,mts2.google.com
2013-12-13 10:07:29,maps.google.fr
2013-12-13 10:07:29,khms0.google.fr
2013-12-13 10:07:31,maps.google.fr
2013-12-13 10:07:33,mts2.google.com
2013-12-13 10:07:33,mts0.google.com
2013-12-13 10:07:33,maps.google.fr
2013-12-13 10:07:33,khms1.google.fr
2013-12-13 10:07:33,khms0.google.fr
2013-12-13 10:07:33,mts3.google.com
2013-12-13 10:07:34,mts1.google.com
2013-12-13 10:07:34,khms0.google.fr
2013-12-13 10:07:34,khms1.google.fr
2013-12-13 10:07:34,mts2.google.com
2013-12-13 10:07:34,mts3.google.com
2013-12-13 10:07:39,mts0.google.com
2013-12-13 10:07:43,mts1.google.com
2013-12-13 10:07:55,mts3.google.com
2013-12-13 10:07:56,mts2.google.com
2013-12-13 10:07:59,mts2.google.com
2013-12-13 10:08:01,mts1.google.com
2013-12-13 10:08:04,khms0.google.fr
2013-12-13 10:08:04,mts3.google.com
2013-12-13 10:08:04,mts2.google.com
2013-12-13 10:08:04,maps.google.fr
2013-12-13 10:08:04,khms1.google.fr
2013-12-13 10:08:04,mw2.google.com
2013-12-13 10:08:04,mts1.google.com
2013-12-13 10:08:04,mts0.google.com
2013-12-13 10:08:05,mts3.google.com
2013-12-13 10:08:05,mts2.google.com
2013-12-13 10:08:05,khms1.google.fr
2013-12-13 10:08:05,mts0.google.com
2013-12-13 10:08:05,mts1.google.com
2013-12-13 10:08:05,khms0.google.fr
2013-12-13 10:08:06,mts0.google.com
2013-12-13 10:08:07,mts0.google.com
2013-12-13 10:08:07,mts1.google.com
2013-12-13 10:08:08,mts2.google.com
2013-12-13 10:08:08,mts0.google.com
2013-12-13 10:08:08,mts3.google.com
2013-12-13 10:08:10,mts0.google.com
2013-12-13 10:08:22,khms0.google.fr
2013-12-13 10:08:47,khms1.google.fr
2013-12-13 10:08:47,mts0.google.com
2013-12-13 10:08:47,mts1.google.com
2013-12-13 10:08:47,mts2.google.com
2013-12-13 10:08:47,mts3.google.com
2013-12-13 10:08:47,khms0.google.fr
2013-12-13 10:08:47,maps.google.fr
2013-12-13 10:10:04,mts0.google.com
2013-12-13 10:12:04,khms0.google.fr
2013-12-13 10:12:04,mts0.google.com
2013-12-13 10:12:04,mts3.google.com
2013-12-13 10:12:04,khms1.google.fr
2013-12-13 10:12:04,mts1.google.com
2013-12-13 10:12:04,mts2.google.com
2013-12-13 10:22:54,mts0.google.com
2013-12-13 10:22:54,khms0.google.fr
2013-12-13 10:22:54,mts1.google.com
2013-12-13 10:22:57,mts1.google.com
2013-12-13 10:22:57,khms0.google.fr
2013-12-13 10:22:57,maps.google.fr
2013-12-13 10:22:57,mts0.google.com
2013-12-13 10:22:58,khms1.google.fr
2013-12-13 10:22:58,khms0.google.fr
2013-12-13 10:22:58,mts0.google.com
2013-12-13 10:22:59,khms1.google.fr
2013-12-13 10:22:59,khms0.google.fr
2013-12-13 10:22:59,mts3.google.com
2013-12-13 10:22:59,mts0.google.com
2013-12-13 10:22:59,mts1.google.com
2013-12-13 10:22:59,mts2.google.com
2013-12-13 10:23:00,mts2.google.com
2013-12-13 10:23:00,khms1.google.fr
2013-12-13 10:23:00,mts0.google.com
2013-12-13 10:23:00,mts1.google.com
2013-12-13 10:23:02,mts3.google.com
2013-12-13 10:23:05,khms0.google.fr
2013-12-13 10:23:06,khms1.google.fr
2013-12-13 10:23:06,mts0.google.com
2013-12-13 10:23:06,maps.google.fr
2013-12-13 10:23:06,mts3.google.com
2013-12-13 10:23:06,mts2.google.com
2013-12-13 10:23:10,mts1.google.com
2013-12-13 10:23:16,mts0.google.com
2013-12-13 10:23:16,mts1.google.com
2013-12-13 10:23:16,mts2.google.com
2013-12-13 10:23:16,maps.google.fr
2013-12-13 10:23:16,khms0.google.fr
2013-12-13 10:23:16,khms1.google.fr
2013-12-13 10:23:16,mts3.google.com
2013-12-13 10:23:17,khms1.google.fr
2013-12-13 10:23:17,khms0.google.fr
2013-12-13 10:23:18,khms1.google.fr
2013-12-13 10:23:18,khms0.google.fr
2013-12-13 10:23:19,khms0.google.fr
2013-12-13 10:23:19,khms1.google.fr
2013-12-13 10:23:20,mts0.google.com
2013-12-13 10:23:20,khms1.google.fr
2013-12-13 10:25:32,khms1.google.fr
2013-12-13 10:25:32,khms0.google.fr
2013-12-13 10:25:32,mts1.google.com
2013-12-13 10:25:32,mts3.google.com
2013-12-13 10:25:32,mts0.google.com
2013-12-13 10:25:32,mw2.google.com
2013-12-13 10:25:32,maps.google.fr
2013-12-13 10:25:32,mts2.google.com
2013-12-13 11:54:47,mts0.google.com
2013-12-17 10:35:55,office14client.microsoft.com
2013-12-17 10:35:56,office.microsoft.com
2013-12-17 10:35:59,office.microsoft.com
2013-12-17 10:36:21,fpdownload2.macromedia.com
2013-12-17 10:36:32,www.google.fr
2013-12-17 10:36:35,apis.google.com
2013-12-17 10:36:35,www.google.com
2013-12-17 10:36:39,www.google.fr
2013-12-17 10:36:42,www.google.fr
2013-12-17 10:36:42,www.google.com
2013-12-17 10:36:42,apis.google.com
2013-12-17 10:36:43,www.google.fr
2013-12-17 10:36:43,www.google.com
2013-12-17 10:36:43,images.mcafeesecure.com
2013-12-17 10:36:43,geology.com
2013-12-17 10:36:44,geology.com
2013-12-17 10:36:45,dnn506yrbagrg.cloudfront.net
2013-12-17 10:36:45,www.google.com
2013-12-17 10:36:45,geology.com
2013-12-17 10:36:46,hal9000.redintelligence.net
2013-12-17 10:36:46,www.google.com
2013-12-17 10:36:47,ea.numericable.fr
2013-12-17 10:36:48,geology.com
2013-12-17 10:36:55,images.mcafeesecure.com
2013-12-17 10:36:56,www.google.com
2013-12-17 10:36:56,geology.com
2013-12-17 10:36:57,geology.com
2013-12-17 10:36:57,dnn506yrbagrg.cloudfront.net
2013-12-17 10:39:20,ieonline.microsoft.com
2013-12-17 10:39:47,www.google.com
2013-12-17 10:39:47,geology.com
2013-12-17 10:39:47,images.mcafeesecure.com
2013-12-17 10:39:48,geology.com
2013-12-17 10:39:49,geology.com
2013-12-17 10:41:12,images.mcafeesecure.com
2013-12-17 10:41:12,geology.com
2013-12-17 10:41:13,geology.com
2013-12-17 10:41:14,www.google.com
2013-12-17 10:41:43,choices.truste.com
2013-12-17 10:41:44,choices.truste.com
2013-12-17 10:42:17,www.google.com
2013-12-17 10:42:18,geology.com
2013-12-17 10:42:18,images.mcafeesecure.com
2013-12-17 10:42:19,geology.com
2013-12-17 10:42:43,s.ytimg.com
2013-12-17 10:42:43,geology.com
2013-12-17 10:42:43,images.mcafeesecure.com
2013-12-17 10:42:43,www.youtube.com
2013-12-17 10:42:44,geology.com
2013-12-17 10:42:44,i1.ytimg.com
2013-12-17 10:42:44,www.google.com
2013-12-17 10:42:45,i1.ytimg.com
2013-12-17 10:44:22,images.mcafeesecure.com
2013-12-17 10:44:23,www.google.com
2013-12-17 10:44:23,geology.com
2013-12-17 10:44:46,images.mcafeesecure.com
2013-12-17 10:44:46,geology.com
2013-12-17 10:44:46,www.google.com
2013-12-17 10:44:46,www.youtube.com
2013-12-17 10:44:47,s.ytimg.com
2013-12-17 10:44:47,geology.com
2013-12-17 10:44:48,i1.ytimg.com
2013-12-17 10:44:48,s.ytimg.com
2013-12-17 10:44:49,i1.ytimg.com
2013-12-17 10:46:30,images.mcafeesecure.com
2013-12-17 10:46:30,geology.com
2013-12-17 10:46:30,www.google.com
2013-12-17 10:46:31,geology.com
2013-12-17 10:46:54,images.mcafeesecure.com
2013-12-17 10:46:55,geology.com
2013-12-17 10:46:56,geology.com
2013-12-17 10:46:56,dnn506yrbagrg.cloudfront.net
2013-12-17 10:47:35,images.mcafeesecure.com
2013-12-17 10:47:35,geology.com
2013-12-17 10:47:35,www.google.com
2013-12-17 10:47:48,images.mcafeesecure.com
2013-12-17 10:47:48,www.google.com
2013-12-17 10:47:48,geology.com
2013-12-17 10:47:49,connect.facebook.net
2013-12-17 10:47:49,geology.com
2013-12-17 10:47:49,platform.twitter.com
2013-12-17 10:47:50,www.facebook.com
2013-12-17 10:47:50,static.ak.facebook.com
2013-12-17 10:47:50,platform.twitter.com
2013-12-17 10:47:50,s-static.ak.facebook.com
2013-12-17 10:47:51,twitter.com
2013-12-17 10:47:52,platform.twitter.com
2013-12-17 10:48:15,platform.twitter.com
2013-12-17 10:48:15,twitter.com
2013-12-17 10:48:15,images.mcafeesecure.com
2013-12-17 10:48:15,www.google.com
2013-12-17 10:48:15,geology.com
2013-12-17 10:48:16,geology.com
2013-12-17 10:48:27,www.google.com
2013-12-17 10:48:27,geology.com
2013-12-17 10:48:27,images.mcafeesecure.com
2013-12-17 10:48:28,geology.com
2013-12-17 10:50:39,www.google.com
2013-12-17 10:50:39,geology.com
2013-12-17 10:50:39,images.mcafeesecure.com
2013-12-17 10:50:40,geology.com
2013-12-17 10:50:41,i3.ytimg.com
2013-12-17 10:51:27,images.mcafeesecure.com
2013-12-17 10:51:27,geology.com
2013-12-17 10:51:27,www.google.com
2013-12-17 10:51:28,geology.com
2013-12-17 10:51:29,eulerian.canal-plus.com
2013-12-17 10:51:30,geology.com
2013-12-17 10:52:07,images.mcafeesecure.com
2013-12-17 10:52:08,geology.com
2013-12-17 10:52:08,www.google.com
2013-12-17 10:52:09,geology.com
2013-12-17 10:53:01,images.mcafeesecure.com
2013-12-17 10:53:02,www.google.com
2013-12-17 10:53:02,geology.com
2013-12-17 10:53:03,geology.com
2013-12-17 10:53:24,images.mcafeesecure.com
2013-12-17 10:53:25,geology.com
2013-12-17 10:53:25,www.google.com
2013-12-17 10:53:49,images.mcafeesecure.com
2013-12-17 10:53:49,www.google.com
2013-12-17 10:53:49,geology.com
2013-12-17 10:53:50,geology.com
2013-12-17 10:53:58,geology.com
2013-12-17 10:53:58,www.google.com
2013-12-17 10:53:58,images.mcafeesecure.com
2013-12-17 10:53:59,geology.com
2013-12-17 10:53:59,choices.truste.com
2013-12-17 10:54:00,choices.truste.com
2013-12-17 10:54:28,geology.com
2013-12-17 10:54:28,www.google.com
2013-12-17 10:54:28,images.mcafeesecure.com
2013-12-17 10:54:29,geology.com
2013-12-17 10:55:14,images.mcafeesecure.com
2013-12-17 10:55:15,www.google.com
2013-12-17 10:55:15,geology.com
2013-12-17 10:55:15,www.youtube.com
2013-12-17 10:55:16,i1.ytimg.com
2013-12-17 10:55:16,geology.com
2013-12-17 10:55:27,images.mcafeesecure.com
2013-12-17 10:55:27,geology.com
2013-12-17 10:55:28,www.google.com
2013-12-17 10:55:28,geology.com
2013-12-17 10:56:53,images.mcafeesecure.com
2013-12-17 10:56:53,geology.com
2013-12-17 10:56:53,www.google.com
2013-12-17 10:56:54,geology.com
2013-12-17 10:56:55,geology.com
2013-12-17 10:58:01,geology.com
2013-12-17 10:58:01,www.google.com
2013-12-17 10:58:01,images.mcafeesecure.com
2013-12-17 10:58:02,geology.com
2013-12-17 10:58:03,geology.com
2013-12-17 10:58:04,geology.com
2013-12-17 10:58:15,geology.com
2013-12-17 10:58:15,images.mcafeesecure.com
2013-12-17 10:58:28,www.google.com
2013-12-17 10:58:28,geology.com
2013-12-17 10:58:28,images.mcafeesecure.com
2013-12-17 10:58:29,geology.com
2013-12-17 11:00:09,dnn506yrbagrg.cloudfront.net
2013-12-17 11:00:09,www.google.com
2013-12-17 11:00:09,geology.com
2013-12-17 11:00:09,images.mcafeesecure.com
2013-12-17 11:00:14,geology.com
2013-12-17 11:00:14,www.google.com
2013-12-17 11:00:14,images.mcafeesecure.com
2013-12-17 11:00:15,dnn506yrbagrg.cloudfront.net
2013-12-17 11:00:19,www.google.com
2013-12-17 11:00:19,geology.com
2013-12-17 11:00:19,images.mcafeesecure.com
2013-12-17 11:02:26,images.mcafeesecure.com
2013-12-17 11:02:27,geology.com
2013-12-17 11:02:27,www.google.com
2013-12-17 11:02:28,geology.com
2013-12-17 11:02:44,www.google.com
2013-12-17 11:02:44,geology.com
2013-12-17 11:02:44,images.mcafeesecure.com
2013-12-17 11:04:06,geology.com
2013-12-17 11:04:06,images.mcafeesecure.com
2013-12-17 11:04:07,geology.com
2013-12-17 11:04:07,www.google.com
2013-12-17 11:04:08,eulerian.canal-plus.com
2013-12-17 11:04:34,i4.ytimg.com
2013-12-17 11:04:38,www.google.com
2013-12-17 11:04:38,images.mcafeesecure.com
2013-12-17 11:04:39,geology.com
2013-12-17 11:05:09,www.youtube.com
2013-12-17 11:05:09,www.google.com
2013-12-17 11:05:09,geology.com
2013-12-17 11:05:09,images.mcafeesecure.com
2013-12-17 11:05:10,geology.com
2013-12-17 11:05:11,i1.ytimg.com
2013-12-17 11:05:12,i1.ytimg.com
2013-12-17 11:05:23,geology.com
2013-12-17 11:05:38,geology.com
2013-12-17 11:05:38,images.mcafeesecure.com
2013-12-17 11:05:38,www.google.com
2013-12-17 11:05:49,images.mcafeesecure.com
2013-12-17 11:05:50,www.google.com
2013-12-17 11:05:50,geology.com
2013-12-17 11:05:51,geology.com
2013-12-17 11:06:56,geology.com
2013-12-17 11:06:56,www.google.com
2013-12-17 11:06:56,images.mcafeesecure.com
2013-12-17 11:06:57,s3.amazonaws.com
2013-12-17 11:06:57,sam.zebestof.com
2013-12-17 11:06:57,geology.com
2013-12-17 11:07:09,geology.com
2013-12-17 11:07:09,www.google.com
2013-12-17 11:07:09,images.mcafeesecure.com
2013-12-17 11:09:05,geology.com
2013-12-17 11:09:05,images.mcafeesecure.com
2013-12-17 11:09:06,www.google.com
2013-12-17 11:09:58,images.mcafeesecure.com
2013-12-17 11:09:58,geology.com
2013-12-17 11:09:58,www.google.com
2013-12-17 11:09:59,geology.com
2013-12-17 11:10:00,geology.com
2013-12-17 11:11:06,images.mcafeesecure.com
2013-12-17 11:11:06,www.google.com
2013-12-17 11:11:06,geology.com
2013-12-17 11:14:00,www.google.fr
2013-12-17 11:15:18,www.google.fr
2013-12-17 11:15:19,bits.wikimedia.org
2013-12-17 11:15:19,fr.wikipedia.org
2013-12-17 11:15:20,meta.wikimedia.org
2013-12-17 11:15:20,login.wikimedia.org
2013-12-17 11:15:20,bits.wikimedia.org
2013-12-17 11:15:21,meta.wikimedia.org
2013-12-17 11:15:21,fr.wikipedia.org
2013-12-17 11:15:21,bits.wikimedia.org
2013-12-17 11:15:22,bits.wikimedia.org
2013-12-17 11:16:22,bits.wikimedia.org
2013-12-17 11:17:14,www.google.fr
2013-12-17 11:17:51,www.google.fr
2013-12-17 11:17:52,a401.idata.over-blog.com
2013-12-17 11:17:52,a407.idata.over-blog.com
2013-12-17 11:17:52,a392.idata.over-blog.com
2013-12-17 11:17:52,www.facebook.com
2013-12-17 11:17:52,img.over-blog.com
2013-12-17 11:17:52,yui.yahooapis.com
2013-12-17 11:17:52,fdata.over-blog.net
2013-12-17 11:17:52,saintebaume.over-blog.com
2013-12-17 11:17:52,a397.idata.over-blog.com
2013-12-17 11:17:52,a406.idata.over-blog.com
2013-12-17 11:17:52,www.google.fr
2013-12-17 11:17:53,platform.twitter.com
2013-12-17 11:17:53,a137.idata.over-blog.com
2013-12-17 11:17:53,idata.over-blog.com
2013-12-17 11:17:53,connect.facebook.net
2013-12-17 11:17:53,platform.linkedin.com
2013-12-17 11:17:53,fdata.over-blog.net
2013-12-17 11:17:53,saintebaume.over-blog.com
2013-12-17 11:17:53,a392.idata.over-blog.com
2013-12-17 11:17:53,a136.idata.over-blog.com
2013-12-17 11:17:54,a401.idata.over-blog.com
2013-12-17 11:17:54,www.audienceinsights.net
2013-12-17 11:17:54,platform.linkedin.com
2013-12-17 11:17:54,fdata.over-blog.net
2013-12-17 11:17:54,static.ak.facebook.com
2013-12-17 11:17:54,www.anonymousdmp.com
2013-12-17 11:17:54,s-static.ak.facebook.com
2013-12-17 11:17:55,www.facebook.com
2013-12-17 11:17:55,www.audienceinsights.net
2013-12-17 11:17:55,www.linkedin.com
2013-12-17 11:17:56,www.audienceinsights.net
2013-12-17 11:17:56,fdata.over-blog.net
2013-12-17 11:17:57,www.audienceinsights.net
2013-12-17 11:18:02,a406.idata.over-blog.com
2013-12-17 11:18:02,a400.idata.over-blog.com
2013-12-17 11:18:02,img.over-blog.com
2013-12-17 11:18:02,twitter.com
2013-12-17 11:18:03,a395.idata.over-blog.com
2013-12-17 11:18:03,a141.idata.over-blog.com
2013-12-17 11:18:07,fdata.over-blog.net
2013-12-17 11:18:12,a392.idata.over-blog.com
2013-12-17 11:18:12,img.over-blog.com
2013-12-17 11:18:12,a137.idata.over-blog.com
2013-12-17 11:18:12,a407.idata.over-blog.com
2013-12-17 11:18:25,a401.idata.over-blog.com
2013-12-17 11:18:25,www.linkedin.com
2013-12-17 11:18:25,a406.idata.over-blog.com
2013-12-17 11:18:25,a392.idata.over-blog.com
2013-12-17 11:18:25,twitter.com
2013-12-17 11:18:26,platform.linkedin.com
2013-12-17 11:18:26,platform.twitter.com
2013-12-17 11:18:26,a401.idata.over-blog.com
2013-12-17 11:18:26,a397.idata.over-blog.com
2013-12-17 11:18:26,www.audienceinsights.net
2013-12-17 11:18:26,www.facebook.com
2013-12-17 11:18:26,a407.idata.over-blog.com
2013-12-17 11:18:26,fdata.over-blog.net
2013-12-17 11:18:27,www.linkedin.com
2013-12-17 11:18:27,static.ak.facebook.com
2013-12-17 11:18:27,saintebaume.over-blog.com
2013-12-17 11:18:27,apis.google.com
2013-12-17 11:18:27,s-static.ak.facebook.com
2013-12-17 11:18:27,www.audienceinsights.net
2013-12-17 11:18:28,apis.google.com
2013-12-17 11:18:28,www.facebook.com
2013-12-17 11:18:29,accounts.google.com
2013-12-17 11:18:30,a397.idata.over-blog.com
2013-12-17 11:18:30,a392.idata.over-blog.com
2013-12-17 11:18:30,a407.idata.over-blog.com
2013-12-17 11:18:30,a406.idata.over-blog.com
2013-12-17 11:18:30,www.facebook.com
2013-12-17 11:18:30,img.over-blog.com
2013-12-17 11:18:30,accounts.google.com
2013-12-17 11:18:30,apis.google.com
2013-12-17 11:18:30,twitter.com
2013-12-17 11:18:30,a401.idata.over-blog.com
2013-12-17 11:18:30,www.linkedin.com
2013-12-17 11:18:31,www.audienceinsights.net
2013-12-17 11:18:31,platform.linkedin.com
2013-12-17 11:18:31,img.over-blog.com
2013-12-17 11:18:31,a401.idata.over-blog.com
2013-12-17 11:18:31,a392.idata.over-blog.com
2013-12-17 11:18:31,a136.idata.over-blog.com
2013-12-17 11:18:31,fdata.over-blog.net
2013-12-17 11:18:31,platform.twitter.com
2013-12-17 11:18:32,apis.google.com
2013-12-17 11:18:32,s-static.ak.facebook.com
2013-12-17 11:18:32,www.linkedin.com
2013-12-17 11:18:32,static.ak.facebook.com
2013-12-17 11:18:32,saintebaume.over-blog.com
2013-12-17 11:18:32,www.audienceinsights.net
2013-12-17 11:19:01,www.google.fr
2013-12-17 11:19:02,etat-du-monde-etat-d-etre.net
2013-12-17 11:19:02,twitter.com
2013-12-17 11:19:03,etat-du-monde-etat-d-etre.net
2013-12-17 11:19:04,etat-du-monde-etat-d-etre.net
2013-12-17 11:19:05,zone-7.net
2013-12-17 11:19:09,etat-du-monde-etat-d-etre.net
2013-12-17 11:19:10,etat-du-monde-etat-d-etre.net
2013-12-17 11:19:10,www.facebook.com
2013-12-17 11:19:11,etat-du-monde-etat-d-etre.net
2013-12-17 11:21:07,apis.google.com
2013-12-17 11:21:07,www.google.fr
2013-12-17 11:21:21,www.google.fr
2013-12-17 11:21:22,www.google.fr
2013-12-17 11:21:22,fr.wikipedia.org
2013-12-17 11:21:22,bits.wikimedia.org
2013-12-17 11:21:22,meta.wikimedia.org
2013-12-17 11:21:23,fr.wikipedia.org
2013-12-17 11:24:25,www.google.fr
2013-12-17 11:28:50,translate.google.fr
2013-12-17 11:30:04,translate.google.fr
2013-12-17 11:30:04,www.google.com
2013-12-17 11:30:04,www.google.fr
2013-12-17 11:30:11,www.google.fr
2013-12-17 11:30:15,www.google.fr
2013-12-17 11:30:16,clients1.google.fr
2013-12-17 11:30:18,www.google.fr
2013-12-17 11:30:19,clients1.google.fr
2013-12-17 11:30:28,www.google.fr
2013-12-17 11:30:29,www.google.fr
2013-12-17 11:30:39,www.google.fr
2013-12-19 16:06:03,cnfg.toolbarservices.com
2013-12-19 16:06:03,www.google.com
2013-12-19 16:06:04,utils.delta-search.com
2013-12-19 16:06:04,ajax.googleapis.com
2013-12-19 16:06:07,img.babylon.com
2013-12-19 16:06:07,ajax.googleapis.com
2013-12-19 16:06:11,www.google.com
2013-12-19 16:06:13,www.google.fr
2013-12-19 16:06:14,www.google.fr
2013-12-19 16:06:16,www.google.com
2013-12-19 16:06:28,www.google.com
2013-12-19 16:06:28,www.google.fr
2013-12-19 16:06:29,www.google.fr
2013-12-19 16:08:50,img.babylon.com
2013-12-19 16:09:04,ieonline.microsoft.com
2013-12-19 16:09:04,go.microsoft.com
2013-12-19 16:09:07,img.babylon.com
2013-12-19 16:12:12,img.babylon.com
2014-02-13 13:02:32,armmf.adobe.com
2014-02-13 13:02:34,armmf.adobe.com
2014-02-13 13:07:32,javadl-esd-secure.oracle.com
2014-02-13 13:08:53,javadl-esd-secure.oracle.com
2014-02-20 15:59:22,armmf.adobe.com
2014-02-20 15:59:24,armmf.adobe.com
2014-02-20 16:04:23,javadl-esd-secure.oracle.com
2014-02-20 16:04:29,javadl-esd-secure.oracle.com
