timestamp,site
2013-04-12 14:12:15,search.mywebs.pro
2013-04-12 14:12:18,search.mywebs.pro
2013-04-12 14:12:19,search.mywebs.pro
2013-04-12 14:12:20,webresultado.com
2013-04-12 14:12:26,go.microsoft.com
2013-04-12 14:12:26,js.microsoft.com
2013-04-12 14:12:26,windows.microsoft.com
2013-04-12 14:12:26,res1.windows.microsoft.com
2013-04-12 14:12:26,search.mywebs.pro
2013-04-12 14:12:27,res1.windows.microsoft.com
2013-04-12 14:12:27,windows.microsoft.com
2013-04-12 14:12:27,res2.windows.microsoft.com
2013-04-12 14:12:28,res2.windows.microsoft.com
2013-04-12 14:12:28,ajax.microsoft.com
2013-04-12 14:12:29,res2.windows.microsoft.com
2013-04-12 14:12:29,search.mywebs.pro
2013-04-12 14:12:30,res1.windows.microsoft.com
2013-04-12 14:12:30,res2.windows.microsoft.com
2013-04-12 14:12:30,search.mywebs.pro
2013-04-12 14:12:30,js.microsoft.com
2013-04-12 14:12:31,www.bing.com
2013-04-12 14:12:31,res2.windows.microsoft.com
2013-04-12 14:12:31,res1.windows.microsoft.com
2013-04-12 14:12:31,windows.microsoft.com
2013-04-12 14:12:31,js.microsoft.com
2013-04-12 14:13:33,ieonline.microsoft.com
2013-04-12 14:14:09,www.bing.com
2013-04-12 14:14:10,www.bing.com
2013-04-12 14:14:11,www.bing.com
2013-04-12 14:14:12,www.bing.com
2013-04-12 14:14:12,cms.abmr.net
2013-04-12 14:14:13,www.bing.com
2013-04-12 14:14:13,login.live.com
2013-04-12 14:14:13,ssl.bing.com
2013-04-12 14:14:17,www.bing.com
2013-04-12 14:14:18,www.connaissancedesenergies.org
2013-04-12 14:14:19,www.connaissancedesenergies.org
2013-04-12 14:14:21,www.connaissancedesenergies.org
2013-04-12 14:14:21,ssl.bing.com
2013-04-12 14:14:22,www.connaissancedesenergies.org
2013-04-12 14:14:25,www.connaissancedesenergies.org
2013-04-12 14:14:25,connaissancedesenergies.org
2013-04-12 14:14:25,ajax.googleapis.com
2013-04-12 14:14:26,www.connaissancedesenergies.org
2013-04-12 14:14:40,www.connaissancedesenergies.org
2014-01-31 15:52:07,javadl-esd.sun.com
2014-01-31 15:52:08,javadl-esd.sun.com
2014-01-31 15:58:34,js.microsoft.com
2014-01-31 15:58:34,ajax.microsoft.com
2014-01-31 15:58:34,windows.microsoft.com
2014-01-31 15:58:34,go.microsoft.com
2014-01-31 15:58:35,res1.windows.microsoft.com
2014-01-31 15:58:35,res2.windows.microsoft.com
2014-01-31 15:58:35,windows.microsoft.com
2014-01-31 15:58:35,js.microsoft.com
2014-01-31 15:58:59,ieonline.microsoft.com
2014-01-31 16:15:34,bibliotheque.clermont-universite.fr
2014-01-31 16:20:02,go.microsoft.com
2014-01-31 16:20:02,www.iegallery.com
2014-01-31 16:20:03,www.iegallery.com
2014-01-31 16:20:04,www.iegallery.com
2014-01-31 16:20:55,www.bing.com
2014-01-31 16:20:56,www.bing.com
2014-01-31 16:20:57,cms.abmr.net
2014-01-31 16:20:57,www.bing.com
2014-01-31 16:21:06,maps.google.fr
2014-01-31 16:21:06,www.bing.com
2014-01-31 16:21:10,login.live.com
2014-01-31 16:21:18,mts1.google.com
2014-01-31 16:21:18,mts0.google.com
2014-01-31 16:21:18,maps.google.fr
2014-01-31 16:21:19,mts1.google.com
2014-01-31 16:21:19,mts0.google.com
2014-01-31 16:21:20,mts0.google.com
2014-01-31 16:21:20,mts1.google.com
2014-01-31 16:21:21,mts0.google.com
2014-01-31 16:21:21,apis.google.com
2014-01-31 16:21:21,mts1.google.com
2014-01-31 16:21:29,apis.google.com
2014-01-31 16:21:29,mts1.google.com
2014-01-31 16:21:29,mts0.google.com
2014-01-31 16:21:29,maps.google.fr
2014-01-31 16:21:30,mts1.google.com
2014-01-31 16:21:31,mts1.google.com
2014-01-31 16:21:31,mts0.google.com
2014-01-31 16:21:31,maps.google.fr
2014-01-31 16:21:32,mts1.google.com
2014-01-31 16:21:34,mts0.google.com
2014-01-31 16:21:59,maps.google.fr
2014-01-31 16:21:59,mts0.google.com
2014-01-31 16:22:00,mts1.google.com
2014-01-31 16:22:00,maps.google.fr
2014-01-31 16:22:00,mts0.google.com
2014-01-31 16:22:01,mts1.google.com
2014-01-31 16:22:14,mts3.google.com
2014-01-31 16:22:14,mts2.google.com
2014-01-31 16:22:14,maps.google.fr
2014-01-31 16:22:14,mts1.google.com
2014-01-31 16:22:14,mts0.google.com
2014-01-31 16:22:15,mts3.google.com
2014-01-31 16:22:15,mts2.google.com
2014-01-31 16:22:15,mts0.google.com
2014-01-31 16:22:15,maps.google.fr
2014-01-31 16:22:15,mts1.google.com
2014-01-31 16:22:16,mts3.google.com
2014-01-31 16:22:16,mts2.google.com
2014-01-31 16:22:16,mts1.google.com
2014-01-31 16:22:16,mts0.google.com
2014-01-31 16:22:21,mts1.google.com
2014-01-31 16:22:21,mts3.google.com
2014-01-31 16:22:21,mts2.google.com
2014-01-31 16:22:21,maps.google.fr
2014-01-31 16:22:21,mts0.google.com
2014-01-31 16:22:22,maps.google.fr
2014-01-31 16:22:22,mts2.google.com
2014-01-31 16:22:22,mts3.google.com
2014-01-31 16:22:22,mts1.google.com
2014-01-31 16:22:22,mts0.google.com
2014-01-31 16:22:23,mts0.google.com
2014-01-31 16:22:23,mts3.google.com
2014-01-31 16:22:26,mts3.google.com
2014-01-31 16:22:26,maps.google.fr
2014-01-31 16:22:26,mts1.google.com
2014-01-31 16:22:26,mts0.google.com
2014-01-31 16:22:26,mts2.google.com
2014-01-31 16:22:27,mts2.google.com
2014-01-31 16:22:27,maps.google.fr
2014-01-31 16:22:27,mts3.google.com
2014-01-31 16:22:34,mts2.google.com
2014-01-31 16:22:34,mts3.google.com
2014-01-31 16:22:34,maps.google.fr
2014-01-31 16:22:34,mts1.google.com
2014-01-31 16:22:34,mts0.google.com
2014-01-31 16:22:35,mts1.google.com
2014-01-31 16:22:35,mts0.google.com
2014-01-31 16:22:35,mts2.google.com
2014-01-31 16:22:35,mts3.google.com
2014-01-31 16:22:36,mts1.google.com
2014-01-31 16:22:38,maps.google.fr
2014-01-31 16:22:38,mts2.google.com
2014-01-31 16:22:39,mts2.google.com
2014-01-31 16:22:39,maps.google.fr
2014-01-31 16:22:40,mts0.google.com
2014-01-31 16:22:40,mts3.google.com
2014-01-31 16:22:40,mts1.google.com
2014-01-31 16:22:50,mts1.google.com
2014-01-31 16:22:50,mts2.google.com
2014-01-31 16:22:50,mts0.google.com
2014-01-31 16:22:50,mts3.google.com
2014-01-31 16:22:50,maps.google.fr
2014-01-31 16:22:51,mts3.google.com
2014-01-31 16:22:51,mts1.google.com
2014-01-31 16:22:53,mts1.google.com
2014-01-31 16:22:55,www.google.com
2014-01-31 16:22:55,mts1.google.com
2014-01-31 16:22:56,www.google.com
2014-01-31 16:23:05,mts3.google.com
2014-01-31 16:23:07,maps.google.fr
2014-01-31 16:23:07,www.google.com
2014-01-31 16:23:07,mts0.google.com
2014-01-31 16:23:07,mts2.google.com
2014-01-31 16:23:07,mts3.google.com
2014-01-31 16:23:07,google.fr
2014-01-31 16:23:08,www.google.fr
2014-01-31 16:23:28,maps.google.fr
2014-01-31 16:23:28,google.fr
2014-01-31 16:23:46,mts1.google.com
2014-01-31 16:23:46,www.google.fr
2014-01-31 16:23:47,mts0.google.com
2014-01-31 16:24:09,mts0.google.com
2014-01-31 16:24:09,www.google.fr
2014-01-31 16:24:10,mts0.google.com
2014-01-31 16:24:10,mts1.google.com
2014-01-31 16:24:53,www.google.fr
2014-01-31 16:24:53,mts0.google.com
2014-01-31 16:24:53,mts1.google.com
2014-01-31 16:24:54,mts1.google.com
2014-01-31 16:25:02,mts1.google.com
2014-01-31 16:25:02,www.google.fr
2014-01-31 16:25:02,mts0.google.com
2014-01-31 16:25:03,mts0.google.com
2014-01-31 16:25:03,mts1.google.com
2014-01-31 16:25:07,mts1.google.com
2014-01-31 16:25:07,www.google.fr
2014-01-31 16:25:07,mts0.google.com
2014-01-31 16:25:08,mts1.google.com
2014-01-31 16:25:09,mts1.google.com
2014-01-31 16:25:25,www.google.fr
2014-01-31 16:25:25,google.fr
2014-01-31 16:25:51,www.google.fr
2014-01-31 16:25:52,apis.google.com
2014-01-31 16:25:54,www.google.com
2014-01-31 16:26:19,www.google.fr
2014-01-31 16:26:19,apis.google.com
2014-01-31 16:26:19,www.google.com
2014-01-31 16:26:20,www.ville-chamalieres.fr
2014-01-31 16:26:20,www.google.fr
2014-01-31 16:26:23,apis.google.com
2014-01-31 16:26:23,www.ville-chamalieres.fr
2014-01-31 16:26:32,www.google.fr
2014-01-31 16:26:41,mts1.google.com
2014-01-31 16:26:41,mts0.google.com
2014-01-31 16:26:42,mts1.google.com
2014-01-31 16:26:42,cbks1.google.com
2014-01-31 16:27:16,cbks1.google.com
2014-01-31 16:27:16,mts0.google.com
2014-01-31 16:27:16,mts1.google.com
2014-01-31 16:27:16,mts3.google.com
2014-01-31 16:27:16,www.google.fr
2014-01-31 16:27:16,mts2.google.com
2014-01-31 16:27:17,mts2.google.com
2014-01-31 16:27:17,mts0.google.com
2014-01-31 16:27:17,mts1.google.com
2014-01-31 16:27:17,mts3.google.com
2014-01-31 16:27:18,mts1.google.com
2014-01-31 16:27:18,mts2.google.com
2014-01-31 16:27:18,mts3.google.com
2014-01-31 16:27:18,mts0.google.com
2014-01-31 16:27:29,geo3.ggpht.com
2014-01-31 16:27:29,geo1.ggpht.com
2014-01-31 16:27:29,mts2.google.com
2014-01-31 16:27:29,mts3.google.com
2014-01-31 16:27:29,www.google.fr
2014-01-31 16:27:29,geo0.ggpht.com
2014-01-31 16:27:29,geo2.ggpht.com
2014-01-31 16:27:30,mw2.google.com
2014-01-31 16:27:30,mts0.google.com
2014-01-31 16:27:30,static.panoramio.com.storage.googleapis.com
2014-01-31 16:27:30,geo1.ggpht.com
2014-01-31 16:27:35,geo2.ggpht.com
2014-01-31 16:27:35,mts1.google.com
2014-01-31 16:27:35,mts0.google.com
2014-01-31 16:27:36,www.google.fr
2014-01-31 16:27:36,geo1.ggpht.com
2014-01-31 16:27:51,www.google.com
2014-01-31 16:27:51,mw2.google.com
2014-01-31 16:27:51,geo0.ggpht.com
2014-01-31 16:27:51,static.panoramio.com.storage.googleapis.com
2014-01-31 16:27:52,geo1.ggpht.com
2014-01-31 16:27:52,geo3.ggpht.com
2014-01-31 16:27:52,geo0.ggpht.com
2014-01-31 16:27:54,geo2.ggpht.com
2014-01-31 16:27:54,geo0.ggpht.com
2014-01-31 16:27:54,geo3.ggpht.com
2014-01-31 16:27:58,geo0.ggpht.com
2014-01-31 16:27:58,geo2.ggpht.com
2014-01-31 16:27:58,geo3.ggpht.com
2014-01-31 16:27:58,geo1.ggpht.com
2014-01-31 16:27:58,www.google.fr
2014-01-31 16:27:58,mts0.google.com
2014-01-31 16:27:58,mw2.google.com
2014-01-31 16:27:58,mts3.google.com
2014-01-31 16:27:59,mts0.google.com
2014-01-31 16:27:59,mts1.google.com
2014-01-31 16:27:59,www.google.fr
2014-01-31 16:28:00,mts1.google.com
2014-01-31 16:28:00,mts0.google.com
2014-01-31 16:28:11,www.google.fr
2014-01-31 16:28:32,mts1.google.com
2014-01-31 16:28:32,mts0.google.com
2014-01-31 16:28:37,www.google.fr
2014-01-31 16:28:38,mts0.google.com
2014-01-31 16:28:52,mts0.google.com
2014-01-31 16:32:38,mts1.google.com
2014-01-31 16:32:39,mts0.google.com
2014-01-31 16:32:40,mts0.google.com
2014-01-31 16:33:24,www.google.fr
2014-01-31 16:33:24,mts0.google.com
2014-01-31 16:35:58,mts0.google.com
2014-01-31 16:35:59,mts1.google.com
2014-01-31 16:35:59,mts0.google.com
2014-01-31 16:36:08,www.ville-chamalieres.fr
2014-01-31 16:36:08,www.google.fr
2014-01-31 16:36:13,mts0.google.com
2014-01-31 16:36:13,www.google.fr
2014-01-31 16:36:13,mts1.google.com
2014-01-31 16:36:13,www.ville-chamalieres.fr
2014-01-31 16:36:26,www.google.fr
2014-01-31 16:36:33,apis.google.com
2014-01-31 16:36:35,www.google.fr
2014-01-31 16:36:36,apis.google.com
2014-01-31 16:36:38,www.google.com
2014-01-31 16:37:03,mts0.google.com
2014-01-31 16:37:09,www.google.com
2014-01-31 16:37:09,apis.google.com
2014-01-31 16:37:09,www.google.fr
2014-01-31 16:37:10,www.google.fr
2014-01-31 16:37:10,www.facebook.com
2014-01-31 16:37:10,cdn1.horoscope.fr
2014-01-31 16:37:10,www.horoscope.fr
2014-01-31 16:37:11,tlmq.fr
2014-01-31 16:37:11,www.horoscope.fr
2014-01-31 16:37:11,cdn1.horoscope.fr
2014-01-31 16:37:12,um.simpli.fi
2014-01-31 16:37:12,www.horoscope.fr
2014-01-31 16:37:12,www.google.com
2014-01-31 16:37:12,rp.gwallet.com
2014-01-31 16:37:13,cdn1.horoscope.fr
2014-02-14 15:53:26,javadl-esd.sun.com
2014-02-14 15:55:07,www.google.fr
2014-02-14 15:55:07,google.fr
2014-02-14 15:55:33,www.google.fr
2014-02-14 15:55:34,apis.google.com
2014-02-14 15:55:34,www.google.fr
2014-02-14 15:55:36,www.google.com
2014-02-14 15:55:36,ajax.googleapis.com
2014-02-14 15:56:38,www.google.fr
2014-02-14 15:56:53,ajax.googleapis.com
2014-02-14 15:56:53,www.google.com
2014-02-14 15:56:53,apis.google.com
2014-02-14 15:56:53,google-doodles.appspot.com
2014-02-14 15:56:53,www.google.fr
2014-02-14 15:56:53,fr.wikipedia.org
2014-02-14 15:56:53,bits.wikimedia.org
2014-02-14 15:56:53,login.wikimedia.org
2014-02-14 15:56:54,fr.wikipedia.org
2014-02-14 15:56:54,meta.wikimedia.org
2014-02-14 15:56:54,bits.wikimedia.org
2014-02-14 15:57:31,www.google.fr
2014-02-14 15:57:33,clients1.google.fr
2014-02-14 15:57:34,clients1.google.fr
2014-02-14 15:57:39,www.google.fr
2014-02-14 15:57:55,www.google.fr
2014-02-14 15:57:56,www.google.fr
2014-02-14 15:57:56,s3.chuug.com
2014-02-14 15:57:57,i.creativecommons.org
2014-02-14 15:57:57,mi2s.imag.fr
2014-02-14 15:58:05,clients1.google.fr
2014-02-14 15:58:05,www.google.fr
2014-02-14 15:58:05,stat.ajsinfo.net
2014-02-14 15:58:05,sebastien.warin.fr
2014-02-14 15:58:06,www.google.com
2014-02-14 15:58:07,www.google.com
2014-02-14 15:59:15,id.google.fr
2014-02-14 16:02:42,id.google.fr
2014-02-14 16:02:42,clients1.google.fr
2014-02-14 16:02:42,www.google.fr
2014-02-14 16:38:59,office.microsoft.com
2014-02-14 16:38:59,office14client.microsoft.com
2014-02-14 16:39:01,office.microsoft.com
2014-02-14 16:39:05,office.microsoft.com
2014-02-14 17:29:09,www.google.fr
2014-02-14 17:29:29,www.google.fr
2014-02-14 17:29:30,www.google.fr
2014-02-14 17:29:37,apis.google.com
2014-02-14 17:29:42,www.google.com
2014-02-14 17:29:42,ajax.googleapis.com
2014-02-14 17:30:30,apis.google.com
2014-02-14 17:30:30,www.google.com
2014-02-14 17:30:30,ajax.googleapis.com
2014-02-14 17:30:30,www.google.fr
2014-02-28 15:56:12,javadl-esd.sun.com
2014-02-28 15:56:16,javadl-esd.sun.com
2014-02-28 15:56:52,google.fr
2014-02-28 15:56:52,www.google.fr
2014-02-28 15:57:17,www.google.fr
2014-02-28 15:57:18,apis.google.com
2014-02-28 15:57:21,www.google.com
2014-02-28 15:57:23,www.google.fr
2014-02-28 15:57:23,accounts.google.com
2014-02-28 15:57:23,www.google.com
2014-02-28 15:57:38,www.google.fr
2014-02-28 15:57:40,apis.google.com
2014-02-28 15:57:40,accounts.youtube.com
2014-02-28 15:58:27,accounts.google.fr
2014-02-28 15:58:28,www.google.com
2014-02-28 15:58:33,plus.google.com
2014-02-28 15:58:37,accounts.google.com
2014-02-28 15:58:37,accounts.youtube.com
2014-02-28 15:58:39,drive.google.com
2014-02-28 15:58:39,www.google.fr
2014-02-28 15:58:39,accounts.google.fr
2014-02-28 15:58:40,apis.google.com
2014-02-28 15:58:40,drive.google.com
2014-02-28 15:58:40,www.google.fr
2014-02-28 15:58:40,plus.google.com
2014-02-28 15:58:40,www.google.com
2014-02-28 15:58:43,drive.google.com
2014-02-28 15:58:43,0.drive.google.com
2014-02-28 15:58:45,drive.google.com
2014-02-28 15:58:48,drive.google.com
2014-02-28 15:58:48,www.google.com
2014-02-28 15:58:48,docs.google.com
2014-02-28 15:58:48,plus.google.com
2014-02-28 15:58:49,docs.google.com
2014-02-28 15:58:54,docs.google.com
2014-02-28 15:59:27,docs.google.com
2014-02-28 15:59:28,docs.google.com
2014-02-28 15:59:29,docs.google.com
2014-02-28 15:59:31,docs.google.com
2014-02-28 15:59:33,docs.google.com
2014-02-28 15:59:39,www.google.com
2014-02-28 15:59:39,apis.google.com
2014-02-28 15:59:39,0.docs.google.com
2014-02-28 15:59:40,docs.google.com
2014-02-28 15:59:45,accounts.google.com
2014-02-28 15:59:51,gg.google.com
2014-02-28 16:00:08,www.google.com
2014-02-28 16:00:09,accounts.google.com
2014-02-28 16:00:16,apis.google.com
2014-02-28 16:00:18,1.docs.google.com
2014-02-28 16:00:30,docs.google.com
2014-02-28 16:00:30,apis.google.com
2014-02-28 16:00:31,go.microsoft.com
2014-02-28 16:00:31,shell.windows.com
2014-02-28 16:00:32,shell.windows.com
2014-02-28 16:00:33,shell.windows.com
2014-02-28 16:00:39,docs.google.com
2014-02-28 16:00:39,1.docs.google.com
2014-02-28 16:00:41,drive.google.com
2014-02-28 16:01:53,www.google.fr
2014-02-28 16:01:59,plus.google.com
2014-02-28 16:02:07,plus.google.com
2014-02-28 16:02:07,www.google.fr
2014-02-28 16:02:07,clients1.google.fr
2014-02-28 16:02:07,drive.google.com
2014-02-28 16:02:08,clients1.google.fr
2014-02-28 16:02:13,www.google.fr
2014-02-28 16:02:13,plus.google.com
2014-02-28 16:02:14,www.google.fr
2014-02-28 16:02:17,www.google.fr
2014-02-28 16:02:28,www.google.fr
2014-02-28 16:02:33,www.google.fr
2014-02-28 16:02:34,www.google.fr
2014-02-28 16:03:52,gg.google.com
2014-02-28 16:04:08,drive.google.com
2014-02-28 16:04:33,drive.google.com
2014-02-28 16:04:43,drive.google.com
2014-02-28 16:04:47,drive.google.com
2014-02-28 16:06:50,www.google.fr
2014-02-28 16:07:31,www.google.fr
2014-02-28 16:07:31,hypotheses.org
2014-02-28 16:07:31,f.hypotheses.org
2014-02-28 16:07:31,hapstancedepart.files.wordpress.com
2014-02-28 16:07:31,w.sharethis.com
2014-02-28 16:07:31,drive.google.com
2014-02-28 16:07:32,fr.hypotheses.org
2014-02-28 16:07:32,es.hypotheses.org
2014-02-28 16:07:32,hypotheses.org
2014-02-28 16:07:32,www.noosfere.org
2014-02-28 16:07:32,resf.hypotheses.org
2014-02-28 16:07:32,platform.twitter.com
2014-02-28 16:07:32,connect.facebook.net
2014-02-28 16:07:32,static.openedition.org
2014-02-28 16:07:32,f.hypotheses.org
2014-02-28 16:07:32,envers.pagesperso-orange.fr
2014-02-28 16:07:32,de.hypotheses.org
2014-02-28 16:07:33,static.openedition.org
2014-02-28 16:07:33,s-static.ak.facebook.com
2014-02-28 16:07:33,hypotheses.org
2014-02-28 16:07:33,auth.openedition.org
2014-02-28 16:07:33,i1175.photobucket.com
2014-02-28 16:07:33,platform.twitter.com
2014-02-28 16:07:33,static.ak.facebook.com
2014-02-28 16:07:33,fr.hypotheses.org
2014-02-28 16:07:33,f.hypotheses.org
2014-02-28 16:07:33,de.hypotheses.org
2014-02-28 16:07:33,es.hypotheses.org
2014-02-28 16:07:34,edge.sharethis.com
2014-02-28 16:07:34,w.sharethis.com
2014-02-28 16:07:35,w.sharethis.com
2014-02-28 16:07:43,s-static.ak.facebook.com
2014-02-28 16:07:45,platform.twitter.com
2014-02-28 16:07:45,s-static.ak.facebook.com
2014-02-28 16:07:45,www.google.fr
2014-02-28 16:07:45,hypotheses.org
2014-02-28 16:07:45,static.ak.facebook.com
2014-02-28 16:07:46,f.hypotheses.org
2014-02-28 16:07:46,hypotheses.org
2014-02-28 16:07:46,auth.openedition.org
2014-02-28 16:07:46,static.openedition.org
2014-02-28 16:07:46,platform.twitter.com
2014-02-28 16:07:47,s-static.ak.facebook.com
2014-02-28 16:07:47,static.openedition.org
2014-02-28 16:07:55,www.google.fr
2014-02-28 16:07:55,www.science-et-vie.com
2014-02-28 16:07:55,clients1.google.fr
2014-02-28 16:07:55,pbs.twimg.com
2014-02-28 16:07:56,connect.facebook.net
2014-02-28 16:07:56,www.science-et-vie.com
2014-02-28 16:07:56,scienceer.cluster005.ovh.net
2014-02-28 16:07:56,www.google.fr
2014-02-28 16:07:57,s-static.ak.facebook.com
2014-02-28 16:07:57,static.ak.facebook.com
2014-02-28 16:07:57,www.science-et-vie.com
2014-02-28 16:07:58,www.science-et-vie.com
2014-02-28 16:07:58,pr.ybp.yahoo.com
2014-02-28 16:07:58,match.rtbidder.net
2014-02-28 16:07:58,c1.adform.net
2014-02-28 16:07:58,twitter.com
2014-02-28 16:07:59,assets.pinterest.com
2014-02-28 16:07:59,apis.google.com
2014-02-28 16:07:59,accounts.google.com
2014-02-28 16:07:59,twitter.com
2014-02-28 16:07:59,scienceer.cluster005.ovh.net
2014-02-28 16:07:59,www.science-et-vie.com
2014-02-28 16:07:59,platform.twitter.com
2014-02-28 16:07:59,www.filedanstachambre.com
2014-02-28 16:07:59,www.comptoirsante.com
2014-02-28 16:07:59,www.outiror.com
2014-02-28 16:07:59,www.laplacemedia.com
2014-02-28 16:08:00,fpdownload2.macromedia.com
2014-02-28 16:08:00,www.adobe.com
2014-02-28 16:08:00,twitter.com
2014-02-28 16:08:00,wwwimages.adobe.com
2014-02-28 16:08:01,www.science-et-vie.com
2014-02-28 16:08:01,dtm.thingsremembered.com
2014-02-28 16:08:01,scienceer.cluster005.ovh.net
2014-02-28 16:08:01,rubicon-match.dotomi.com
2014-02-28 16:08:01,rp.gwallet.com
2014-02-28 16:08:02,banniere.reussissonsensemble.fr
2014-02-28 16:08:02,scienceer.cluster005.ovh.net
2014-02-28 16:08:02,www.science-et-vie.com
2014-02-28 16:08:02,www.facebook.com
2014-02-28 16:08:02,ad.publicidees.com
2014-02-28 16:08:03,www.facebook.com
2014-02-28 16:08:03,www.science-et-vie.com
2014-02-28 16:08:33,static.ak.facebook.com
2014-02-28 16:08:33,s-static.ak.facebook.com
2014-02-28 16:08:33,www.google.fr
2014-02-28 16:08:34,www.facebook.com
2014-02-28 16:08:34,um.simpli.fi
2014-02-28 16:08:35,rbp.mxptint.net
2014-02-28 16:08:35,apis.google.com
2014-02-28 16:08:36,apis.google.com
2014-02-28 16:08:39,www.facebook.com
2014-02-28 16:08:39,www.science-et-vie.com
2014-02-28 16:08:39,ia.nspmotion.com
2014-02-28 16:08:39,akfs.nspmotion.com
2014-02-28 16:08:40,www.facebook.com
2014-02-28 16:08:40,akfs.nspmotion.com
2014-02-28 16:08:40,twitter.com
2014-02-28 16:08:43,drive.google.com
2014-02-28 16:08:57,pixel2368.everesttech.net
2014-02-28 16:09:11,www.google.fr
2014-02-28 16:09:12,apis.google.com
2014-02-28 16:09:14,www.google.com
2014-02-28 16:09:29,pixel2368.everesttech.net
2014-02-28 16:09:31,plus.google.com
2014-02-28 16:10:31,www.google.fr
2014-02-28 16:10:31,apis.google.com
2014-02-28 16:10:31,www.google.com
2014-02-28 16:10:31,plus.google.com
2014-02-28 16:10:34,www.google.fr
2014-02-28 16:10:36,clients1.google.fr
2014-02-28 16:10:37,plus.google.com
2014-02-28 16:10:39,www.google.fr
2014-02-28 16:10:52,www.google.fr
2014-02-28 16:10:52,clients1.google.fr
2014-02-28 16:10:56,www.google.fr
2014-02-28 16:11:12,www.google.fr
2014-02-28 16:11:20,jeffclune.com
2014-02-28 16:11:20,www.google.fr
2014-02-28 16:11:21,www.google.fr
2014-02-28 16:11:21,jeffclune.com
2014-02-28 16:12:28,www.google.fr
2014-02-28 16:12:28,clients1.google.fr
2014-02-28 16:12:29,indiancreekwebdesign.files.wordpress.com
2014-02-28 16:12:29,www.google.fr
2014-02-28 16:12:30,www.google.fr
2014-02-28 16:12:30,plus.google.com
2014-02-28 16:12:30,s0.wp.com
2014-02-28 16:12:30,s1.wp.com
2014-02-28 16:12:30,indiancreekwebdesign.wordpress.com
2014-02-28 16:12:30,indiancreekwebdesign.files.wordpress.com
2014-02-28 16:12:30,guides.seomoz.org
2014-02-28 16:12:31,static.flickr.com
2014-02-28 16:12:31,guides.seomoz.org
2014-02-28 16:12:31,indiancreekwebdesign.files.wordpress.com
2014-02-28 16:12:31,farm4.static.flickr.com
2014-02-28 16:12:32,indiancreekwebdesign.files.wordpress.com
2014-02-28 16:12:33,s2.wp.com
2014-02-28 16:12:33,moz.com
2014-02-28 16:12:33,www.seomoz.org
2014-02-28 16:12:33,s1.wp.com
2014-02-28 16:12:33,s0.wp.com
2014-02-28 16:12:33,guides.seomoz.org
2014-02-28 16:12:33,indiancreekwebdesign.files.wordpress.com
2014-02-28 16:12:33,0.gravatar.com
2014-02-28 16:12:33,static.flickr.com
2014-02-28 16:12:34,moz.com
2014-02-28 16:12:34,static.flickr.com
2014-02-28 16:12:34,s1.wp.com
2014-02-28 16:12:34,d1avok0lzls2w.cloudfront.net
2014-02-28 16:12:34,indiancreekwebdesign.files.wordpress.com
2014-02-28 16:12:34,platform.twitter.com
2014-02-28 16:12:34,0.gravatar.com
2014-02-28 16:12:34,farm4.static.flickr.com
2014-02-28 16:12:35,farm3.static.flickr.com
2014-02-28 16:12:35,s1.wp.com
2014-02-28 16:12:35,platform.twitter.com
2014-02-28 16:12:43,drive.google.com
2014-02-28 16:12:59,plus.google.com
2014-02-28 16:13:12,plus.google.com
2014-02-28 16:13:12,www.google.fr
2014-02-28 16:13:12,clients1.google.fr
2014-02-28 16:13:13,www.google.fr
2014-02-28 16:13:17,www.google.fr
2014-02-28 16:13:28,www.google.fr
2014-02-28 16:13:28,clients1.google.fr
2014-02-28 16:13:52,www.google.fr
2014-02-28 16:13:52,clients1.google.fr
2014-02-28 16:14:02,www.google.fr
2014-02-28 16:14:05,www.google.fr
2014-02-28 16:14:06,www.google.fr
2014-02-28 16:14:12,www.google.fr
2014-02-28 16:14:20,accounts.google.com
2014-02-28 16:14:27,www.google.fr
2014-02-28 16:14:27,clients1.google.fr
2014-02-28 16:14:27,accounts.google.com
2014-02-28 16:14:34,www.wired.com
2014-02-28 16:14:34,www.google.fr
2014-02-28 16:14:37,www.wired.com
2014-02-28 16:14:37,www.google.fr
2014-02-28 16:14:38,wiredgadgetlab.disqus.com
2014-02-28 16:14:38,howto.wired.com
2014-02-28 16:14:38,subscribe.wired.com
2014-02-28 16:14:38,widgets.twimg.com
2014-02-28 16:14:38,admin.brightcove.com
2014-02-28 16:14:38,www.wired.com
2014-02-28 16:14:39,www.wired.com
2014-02-28 16:14:39,go.disqus.com
2014-02-28 16:14:39,admin.brightcove.com
2014-02-28 16:14:42,subscribe.wired.com
2014-02-28 16:14:42,disqus.com
2014-02-28 16:14:52,www.google.fr
2014-02-28 16:14:52,plus.google.com
2014-02-28 16:14:52,clients1.google.fr
2014-02-28 16:14:55,www.google.fr
2014-02-28 16:14:57,www.google.fr
2014-02-28 16:15:00,www.google.fr
2014-02-28 16:15:04,www.google.fr
2014-02-28 16:16:14,drive.google.com
2014-02-28 16:16:15,www.google.com
2014-02-28 16:16:15,drive.google.com
2014-02-28 16:16:17,docs.google.com
2014-02-28 16:16:17,www.google.com
2014-02-28 16:16:20,1.drive.google.com
2014-02-28 16:16:21,docs.google.com
2014-02-28 16:16:22,docs.google.com
2014-02-28 16:16:23,lh3.google.com
2014-02-28 16:16:23,plus.google.com
2014-02-28 16:16:23,docs.google.com
2014-02-28 16:16:40,docs.google.com
2014-02-28 16:16:41,docs.google.com
2014-02-28 16:16:41,clients2.google.com
2014-02-28 16:16:42,clients2.google.com
2014-02-28 16:16:42,docs.google.com
2014-02-28 16:16:42,apis.google.com
2014-02-28 16:16:43,docs.google.com
2014-02-28 16:16:44,www.google.com
2014-02-28 16:16:45,docs.google.com
2014-02-28 16:16:45,2.docs.google.com
2014-02-28 16:16:45,accounts.google.com
2014-02-28 16:16:52,clients1.google.fr
2014-02-28 16:16:52,www.google.fr
2014-02-28 16:16:53,plus.google.com
2014-02-28 16:16:53,www.google.fr
2014-02-28 16:16:53,1.gravatar.com
2014-02-28 16:16:53,widgets.twimg.com
2014-02-28 16:16:53,fortune.fdesouche.com
2014-02-28 16:16:58,lh5.google.com
2014-02-28 16:16:58,docs.google.com
2014-02-28 16:17:00,talkgadget.google.com
2014-02-28 16:17:00,platform.twitter.com
2014-02-28 16:17:00,connect.facebook.net
2014-02-28 16:17:00,fortune.fdesouche.com
2014-02-28 16:17:00,0.gravatar.com
2014-02-28 16:17:00,1.gravatar.com
2014-02-28 16:17:00,platform.linkedin.com
2014-02-28 16:17:01,www.gravatar.com
2014-02-28 16:17:01,www.youtube.com
2014-02-28 16:17:01,accounts.google.com
2014-02-28 16:17:01,fortune.fdesouche.com
2014-02-28 16:17:01,0.gravatar.com
2014-02-28 16:17:01,1.gravatar.com
2014-02-28 16:17:01,img15.hostingpics.net
2014-02-28 16:17:01,s.ytimg.com
2014-02-28 16:17:01,clients6.google.com
2014-02-28 16:17:01,www.google.com
2014-02-28 16:17:02,i1.ytimg.com
2014-02-28 16:17:02,talkgadget.google.com
2014-02-28 16:17:02,plus.google.com
2014-02-28 16:17:02,docs.google.com
2014-02-28 16:17:02,s.ytimg.com
2014-02-28 16:17:02,www.google.com
2014-02-28 16:17:02,www.gravatar.com
2014-02-28 16:17:03,i1.ytimg.com
2014-02-28 16:17:03,fortune.fdesouche.com
2014-02-28 16:17:04,fortune.fdesouche.com
2014-02-28 16:17:04,static.ak.facebook.com
2014-02-28 16:17:04,stats.fdesouche.com
2014-02-28 16:17:04,docs.google.com
2014-02-28 16:17:04,talkgadget.google.com
2014-02-28 16:17:04,apis.google.com
2014-02-28 16:17:04,clients6.google.com
2014-02-28 16:17:04,plus.google.com
2014-02-28 16:17:05,s-static.ak.facebook.com
2014-02-28 16:17:06,fortune.fdesouche.com
2014-02-28 16:17:06,www.facebook.com
2014-02-28 16:17:09,docs.google.com
2014-02-28 16:17:12,docs.google.com
2014-02-28 16:17:37,twitter.com
2014-02-28 16:18:02,talkgadget.google.com
2014-02-28 16:18:10,drive.google.com
2014-02-28 16:19:02,talkgadget.google.com
2014-02-28 16:20:22,apis.google.com
2014-02-28 16:20:23,lh3.google.com
2014-02-28 16:20:42,0.drive.google.com
2014-02-28 16:20:58,lh5.google.com
2014-02-28 16:21:09,gg.google.com
2014-02-28 16:22:02,www.google.com
2014-02-28 16:22:10,drive.google.com
2014-02-28 16:25:46,drive.google.com
2014-02-28 16:26:54,drive.google.com
2014-02-28 16:27:32,docs.google.com
2014-02-28 16:27:32,2.docs.google.com
2014-02-28 16:27:34,www.linkedin.com
2014-02-28 16:27:38,drive.google.com
2014-02-28 16:28:32,docs.google.com
2014-02-28 16:28:32,talkgadget.google.com
2014-02-28 16:30:26,plus.google.com
2014-02-28 16:32:10,drive.google.com
2014-02-28 16:34:15,3.docs.google.com
2014-02-28 16:34:15,clients6.google.com
2014-02-28 16:34:17,docs.google.com
2014-02-28 16:34:17,talkgadget.google.com
2014-02-28 16:34:18,talkgadget.google.com
2014-02-28 16:34:18,docs.google.com
2014-02-28 16:34:18,clients6.google.com
2014-02-28 16:34:19,docs.google.com
2014-02-28 16:34:19,talkgadget.google.com
2014-02-28 16:35:17,plus.google.com
2014-02-28 16:35:52,drive.google.com
2014-02-28 16:36:05,docs.google.com
2014-02-28 16:36:11,docs.google.com
2014-02-28 16:36:12,talkgadget.google.com
2014-02-28 16:36:13,drive.google.com
2014-02-28 16:36:14,drive.google.com
2014-02-28 16:36:15,drive.google.com
2014-02-28 16:36:16,2.drive.google.com
2014-02-28 16:36:16,apis.google.com
2014-02-28 16:36:27,apis.google.com
2014-02-28 16:36:27,drive.google.com
2014-02-28 16:36:33,drive.google.com
2014-02-28 16:36:34,drive.google.com
2014-02-28 16:36:34,www.google.com
2014-02-28 16:36:35,www.google.com
2014-02-28 16:36:35,docs.google.com
2014-02-28 16:36:35,plus.google.com
2014-02-28 16:36:41,www.google.com
2014-02-28 16:36:41,docs.google.com
2014-02-28 16:36:48,docs.google.com
2014-02-28 16:37:13,docs.google.com
2014-02-28 16:37:13,gg.google.com
2014-02-28 16:37:14,4.docs.google.com
2014-02-28 16:37:18,talkgadget.google.com
2014-02-28 16:37:20,4.docs.google.com
2014-02-28 16:37:20,docs.google.com
2014-02-28 16:37:37,docs.google.com
2014-02-28 16:37:38,3.docs.google.com
2014-02-28 16:37:38,docs.google.com
2014-02-28 16:38:21,drive.google.com
2014-02-28 16:38:21,docs.google.com
2014-02-28 16:38:21,1.drive.google.com
2014-02-28 16:38:21,apis.google.com
2014-02-28 16:38:27,drive.google.com
2014-02-28 16:39:17,www.google.com
2014-02-28 16:40:35,plus.google.com
2014-02-28 16:40:35,docs.google.com
2014-02-28 16:40:49,apis.google.com
2014-02-28 16:41:14,gg.google.com
2014-02-28 16:41:38,docs.google.com
2014-02-28 16:41:38,talkgadget.google.com
2014-02-28 16:42:27,drive.google.com
2014-02-28 16:46:20,drive.google.com
2014-02-28 16:47:44,drive.google.com
2014-02-28 16:48:04,drive.google.com
2014-02-28 16:48:04,apis.google.com
2014-02-28 16:48:04,plus.google.com
2014-02-28 16:48:07,plus.google.com
2014-02-28 16:48:08,plus.google.com
2014-02-28 16:48:09,plus.google.com
2014-02-28 16:48:09,www.google.com
2014-02-28 16:48:10,apis.google.com
2014-02-28 16:48:10,talkgadget.google.com
2014-02-28 16:48:11,plus.google.com
2014-02-28 16:48:12,plus.google.com
2014-02-28 16:48:14,3.drive.google.com
2014-02-28 16:48:17,plus.google.com
2014-02-28 16:48:17,apis.google.com
2014-02-28 16:48:17,talkgadget.google.com
2014-02-28 16:48:18,www.google.com
2014-02-28 16:48:18,plus.google.com
2014-02-28 16:48:18,talkgadget.google.com
2014-02-28 16:48:19,apis.google.com
2014-02-28 16:48:19,plus.google.com
2014-02-28 16:48:19,talkgadget.google.com
2014-02-28 16:48:19,www.google.com
2014-02-28 16:48:20,www.google.com
2014-02-28 16:48:21,talkgadget.google.com
2014-02-28 16:48:21,plus.google.com
2014-02-28 16:48:21,clients6.google.com
2014-02-28 16:48:21,accounts.google.com
2014-02-28 16:48:22,apis.google.com
2014-02-28 16:48:23,accounts.google.com
2014-02-28 16:48:25,plus.google.com
2014-02-28 16:48:27,talkgadget.google.com
2014-02-28 16:48:27,clients6.google.com
2014-02-28 16:48:30,clients6.google.com
2014-02-28 16:48:40,clients6.google.com
2014-02-28 16:48:44,clients6.google.com
2014-02-28 16:48:46,mail.google.com
2014-02-28 16:48:47,www.google.com
2014-02-28 16:48:48,talkgadget.google.com
2014-02-28 16:48:49,accounts.google.com
2014-02-28 16:48:52,accounts.google.com
2014-02-28 16:48:52,mail.google.com
2014-02-28 16:48:53,mail.google.com
2014-02-28 16:48:57,mail.google.com
2014-02-28 16:48:58,mail.google.com
2014-02-28 16:48:59,mail.google.com
2014-02-28 16:48:59,clients2.google.com
2014-02-28 16:49:00,clients2.google.com
2014-02-28 16:49:00,apis.google.com
2014-02-28 16:49:00,plus.google.com
2014-02-28 16:49:00,www.google.com
2014-02-28 16:49:01,apis.google.com
2014-02-28 16:49:03,www.google.com
2014-02-28 16:49:04,apis.google.com
2014-02-28 16:49:04,chatenabled.mail.google.com
2014-02-28 16:49:05,accounts.google.com
2014-02-28 16:49:06,b.mail.google.com
2014-02-28 16:49:09,www.google.com
2014-02-28 16:49:09,plus.google.com
2014-02-28 16:49:10,plus.google.com
2014-02-28 16:49:10,chatenabled.mail.google.com
2014-02-28 16:49:14,mail.google.com
2014-02-28 16:49:19,apis.google.com
2014-02-28 16:49:19,mail.google.com
2014-02-28 16:49:21,plus.google.com
2014-02-28 16:49:23,plus.google.com
2014-02-28 16:49:34,plus.google.com
2014-02-28 16:49:40,plus.google.com
2014-02-28 16:49:41,plus.google.com
2014-02-28 16:49:49,docs.google.com
2014-02-28 16:49:50,drive.google.com
2014-02-28 16:49:51,clients2.google.com
2014-02-28 16:49:51,docs.google.com
2014-02-28 16:49:52,apis.google.com
2014-02-28 16:49:52,docs.google.com
2014-02-28 16:49:52,clients2.google.com
2014-02-28 16:49:54,www.google.com
2014-02-28 16:49:55,5.docs.google.com
2014-02-28 16:49:55,accounts.google.com
2014-02-28 16:49:55,docs.google.com
2014-02-28 16:49:55,clients6.google.com
2014-02-28 16:49:56,talkgadget.google.com
2014-02-28 16:49:56,docs.google.com
2014-02-28 16:49:57,plus.google.com
2014-02-28 16:49:57,talkgadget.google.com
2014-02-28 16:49:57,www.google.com
2014-02-28 16:49:57,accounts.google.com
2014-02-28 16:49:58,clients6.google.com
2014-02-28 16:49:58,apis.google.com
2014-02-28 16:49:58,docs.google.com
2014-02-28 16:49:59,talkgadget.google.com
2014-02-28 16:50:00,docs.google.com
2014-02-28 16:50:01,docs.google.com
2014-02-28 16:50:02,drive.google.com
2014-02-28 16:50:02,docs.google.com
2014-02-28 16:50:02,gg.google.com
2014-02-28 16:50:02,apis.google.com
2014-02-28 16:50:02,2.drive.google.com
2014-02-28 16:50:04,4.drive.google.com
2014-02-28 16:50:07,www.google.com
2014-02-28 16:50:12,www.google.com
2014-02-28 16:50:12,drive.google.com
2014-02-28 16:50:22,docs.google.com
2014-02-28 16:50:42,docs.google.com
2014-02-28 16:50:58,mail.google.com
2014-02-28 16:50:59,talkgadget.google.com
2014-02-28 16:51:01,docs.google.com
2014-02-28 16:51:08,talkgadget.google.com
2014-02-28 16:51:08,docs.google.com
2014-02-28 16:51:08,www.google.com
2014-02-28 16:51:08,plus.google.com
2014-02-28 16:51:13,plus.google.com
2014-02-28 16:51:13,docs.google.com
2014-02-28 16:51:23,drive.google.com
2014-02-28 16:51:43,3.drive.google.com
2014-02-28 16:52:03,gg.google.com
2014-02-28 16:52:09,4.drive.google.com
2014-02-28 16:52:47,plus.google.com
2014-02-28 16:53:12,plus.google.com
2014-02-28 16:53:20,plus.google.com
2014-02-28 16:53:22,clients6.google.com
2014-02-28 16:53:34,talkgadget.google.com
2014-02-28 16:54:00,plus.google.com
2014-02-28 16:55:37,docs.google.com
2014-02-28 16:55:37,talkgadget.google.com
2014-02-28 16:56:07,docs.google.com
2014-02-28 16:56:07,talkgadget.google.com
2014-02-28 16:56:33,ajax.googleapis.com
2014-02-28 16:56:44,pis.foxitsoftware.com
2014-02-28 16:56:44,ad.foxitsoftware.com
2014-02-28 16:59:05,plus.google.com
2014-02-28 16:59:05,apis.google.com
2014-02-28 16:59:07,apis.google.com
2014-02-28 17:00:20,plus.google.com
2014-02-28 17:01:15,drive.google.com
2014-02-28 17:01:19,5.drive.google.com
2014-02-28 17:01:20,www.google.com
2014-02-28 17:01:20,talkgadget.google.com
2014-02-28 17:01:20,docs.google.com
2014-02-28 17:01:21,b.mail.google.com
2014-02-28 17:01:24,mail.google.com
2014-02-28 17:01:24,drive.google.com
2014-02-28 17:01:24,docs.google.com
2014-02-28 17:01:29,www.google.com
2014-02-28 17:01:35,plus.google.com
2014-02-28 17:01:35,docs.google.com
2014-02-28 17:01:35,www.google.com
2014-02-28 17:01:37,docs.google.com
2014-02-28 17:01:59,docs.google.com
2014-02-28 17:01:59,www.google.fr
2014-02-28 17:02:00,apis.google.com
2014-02-28 17:02:02,www.google.com
2014-02-28 17:02:04,docs.google.com
2014-02-28 17:02:16,docs.google.com
2014-02-28 17:02:24,gg.google.com
2014-02-28 17:02:26,plus.google.com
2014-02-28 17:02:37,plus.google.com
2014-02-28 17:02:37,www.google.fr
2014-02-28 17:02:37,apis.google.com
2014-02-28 17:02:37,www.google.com
2014-02-28 17:02:39,www.google.fr
2014-02-28 17:02:40,clients1.google.fr
2014-02-28 17:02:43,plus.google.com
2014-02-28 17:02:44,clients1.google.fr
2014-02-28 17:02:55,www.google.fr
2014-02-28 17:03:02,www.google.fr
2014-02-28 17:03:09,www.google.fr
2014-02-28 17:03:10,www.google.fr
2014-02-28 17:03:11,www.web-dev74.com
2014-02-28 17:03:11,www.kelsactus.com
2014-02-28 17:03:12,www.google.com
2014-02-28 17:03:12,www.lacentrale.ch
2014-02-28 17:03:12,banniere.reussissonsensemble.fr
2014-02-28 17:03:12,www.kelsactus.com
2014-02-28 17:03:12,www.web-dev74.com
2014-02-28 17:03:14,accounts.google.com
2014-02-28 17:03:23,docs.google.com
2014-02-28 17:03:24,5.docs.google.com
2014-02-28 17:03:30,drive.google.com
2014-02-28 17:03:41,docs.google.com
2014-02-28 17:03:43,6.docs.google.com
2014-02-28 17:04:20,docs.google.com
2014-02-28 17:04:23,7.docs.google.com
2014-02-28 17:04:24,talkgadget.google.com
2014-02-28 17:04:24,docs.google.com
2014-02-28 17:04:43,7.docs.google.com
2014-02-28 17:04:43,docs.google.com
2014-02-28 17:05:02,8.docs.google.com
2014-02-28 17:05:18,www.google.fr
2014-02-28 17:05:24,docs.google.com
2014-02-28 17:05:26,docs.google.com
2014-02-28 17:06:24,gg.google.com
2014-02-28 17:06:35,www.google.fr
2014-02-28 17:06:43,drive.google.com
2014-02-28 17:06:43,www.google.fr
2014-02-28 17:06:43,plus.google.com
2014-02-28 17:06:45,clients1.google.fr
2014-02-28 17:06:45,www.google.fr
2014-02-28 17:06:46,www.google.fr
2014-02-28 17:06:46,clients1.google.fr
2014-02-28 17:06:47,litis.univ-lehavre.fr
2014-02-28 17:06:57,docs.google.com
2014-02-28 17:07:09,clients1.google.fr
2014-02-28 17:07:09,www.google.fr
2014-02-28 17:07:15,accounts.google.com
2014-02-28 17:07:17,plus.google.com
2014-02-28 17:07:17,www.google.fr
2014-02-28 17:07:18,s0.wp.com
2014-02-28 17:07:18,www.google.fr
2014-02-28 17:07:18,s2.wp.com
2014-02-28 17:07:19,s2.wp.com
2014-02-28 17:07:19,s0.wp.com
2014-02-28 17:07:19,iaetrobotiquededemain.wordpress.com
2014-02-28 17:07:19,api.facebook.com
2014-02-28 17:07:19,1.gravatar.com
2014-02-28 17:07:19,s1.wp.com
2014-02-28 17:07:19,0.gravatar.com
2014-02-28 17:07:19,iaetrobotiquededemain.files.wordpress.com
2014-02-28 17:07:19,widgets.wp.com
2014-02-28 17:07:24,public-api.wordpress.com
2014-02-28 17:07:34,clients1.google.fr
2014-02-28 17:07:34,www.google.fr
2014-02-28 17:07:34,plus.google.com
2014-02-28 17:07:35,docs.google.com
2014-02-28 17:07:39,docs.google.com
2014-02-28 17:07:40,docs.google.com
2014-02-28 17:07:40,www.google.fr
2014-02-28 17:07:45,www.google.fr
2014-02-28 17:07:59,www.google.fr
2014-02-28 17:08:07,www.google.fr
2014-02-28 17:08:09,www.google.fr
2014-02-28 17:08:11,www.google.fr
2014-02-28 17:08:12,www.google.fr
2014-02-28 17:08:21,www.google.fr
2014-02-28 17:08:21,clients1.google.fr
2014-02-28 17:08:24,www.google.fr
2014-02-28 17:08:24,images.atelier.net
2014-02-28 17:08:25,www.atelier.net
2014-02-28 17:08:26,docs.google.com
2014-02-28 17:08:28,docs.google.com
2014-02-28 17:08:33,www.google.fr
2014-02-28 17:08:33,clients1.google.fr
2014-02-28 17:08:39,plus.google.com
2014-02-28 17:08:39,www.google.fr
2014-02-28 17:08:43,clients6.google.com
2014-02-28 17:08:51,www.google.fr
2014-02-28 17:08:51,clients1.google.fr
2014-02-28 17:08:54,www.google.fr
2014-02-28 17:09:02,www.google.fr
2014-02-28 17:09:05,www.google.fr
2014-02-28 17:09:15,www.google.fr
2014-02-28 17:09:16,blog.akewea.com
2014-02-28 17:09:17,www.google.fr
2014-02-28 17:09:17,feeds.feedburner.com
2014-02-28 17:09:17,piwik.akewea.com
2014-02-28 17:09:17,blog.akewea.com
2014-02-28 17:09:18,sfx-images.mozilla.org
2014-02-28 17:09:18,piwik.akewea.com
2014-02-28 17:09:37,docs.google.com
2014-02-28 17:09:56,plus.google.com
2014-02-28 17:09:56,drive.google.com
2014-02-28 17:09:56,www.google.fr
2014-02-28 17:09:56,clients1.google.fr
2014-02-28 17:10:00,www.google.fr
2014-02-28 17:10:08,www.google.fr
2014-02-28 17:10:19,www.google.fr
2014-02-28 17:10:19,clients1.google.fr
2014-02-28 17:10:23,www.google.fr
2014-02-28 17:10:27,www.google.fr
2014-02-28 17:10:30,www.google.fr
2014-02-28 17:10:34,www.google.fr
2014-02-28 17:10:40,www.google.fr
2014-02-28 17:10:55,www.google.fr
2014-02-28 17:10:55,clients1.google.fr
2014-02-28 17:11:15,www.google.fr
2014-02-28 17:11:15,clients1.google.fr
2014-02-28 17:11:25,www.google.fr
2014-02-28 17:11:25,drive.google.com
2014-02-28 17:11:25,plus.google.com
2014-02-28 17:11:28,www.google.fr
2014-02-28 17:11:31,www.google.fr
2014-02-28 17:11:33,www.google.fr
2014-02-28 17:11:40,plus.google.com
2014-02-28 17:12:05,clients1.google.fr
2014-02-28 17:12:05,www.google.fr
2014-02-28 17:12:30,clients1.google.fr
2014-02-28 17:12:30,www.google.fr
2014-02-28 17:12:34,www.google.fr
2014-02-28 17:12:40,www.google.fr
2014-02-28 17:12:48,www.google.fr
2014-02-28 17:13:01,www.google.fr
2014-02-28 17:13:10,www.google.fr
2014-02-28 17:13:40,docs.google.com
2014-02-28 17:13:42,docs.google.com
2014-02-28 17:13:42,www.google.fr
2014-02-28 17:13:45,www.google.fr
2014-02-28 17:13:46,www.cdiscount.com
2014-02-28 17:13:46,d1447tq2m68ekg.cloudfront.net
2014-02-28 17:13:46,metrics.cdiscount.com
2014-02-28 17:13:46,i1.cdiscount.com
2014-02-28 17:13:46,g.microsoft.com
2014-02-28 17:13:47,metrics.cdiscount.com
2014-02-28 17:14:01,www.google.com
2014-02-28 17:14:04,tck.toc.io
2014-02-28 17:14:07,stc.cm.chefjerome.com
2014-02-28 17:14:07,www.cdiscount.com
2014-02-28 17:14:10,cdlc.iadvize.com
2014-02-28 17:14:11,pixel.adacado.com
2014-02-28 17:14:22,ad.publicidees.com
2014-02-28 17:14:23,www.yceml.net
2014-02-28 17:14:23,ws-cdi.web-boosting.net
2014-02-28 17:14:31,ce.lijit.com
2014-02-28 17:14:31,cdlc.iadvize.com
2014-02-28 17:14:31,www.facebook.com
2014-02-28 17:14:32,y.one.impact-ad.jp
2014-02-28 17:14:32,cdlc.iadvize.com
2014-02-28 17:14:32,fstatic.iadvize.com
2014-02-28 17:14:37,fstatic.iadvize.com
2014-02-28 17:14:37,cdlc.iadvize.com
2014-02-28 17:14:39,cdlc.iadvize.com
2014-02-28 17:15:02,www.google.fr
2014-02-28 17:15:03,www.google.fr
2014-02-28 17:15:04,apis.google.com
2014-02-28 17:15:05,apis.google.com
2014-02-28 17:15:05,www.google.fr
2014-02-28 17:15:05,clients1.google.fr
2014-02-28 17:15:07,clients1.google.fr
2014-02-28 17:15:08,www.google.com
2014-02-28 17:15:21,plus.google.com
2014-02-28 17:15:22,plus.google.com
2014-02-28 17:16:00,www.google.com
2014-02-28 17:16:00,clients1.google.fr
2014-02-28 17:16:00,www.google.fr
2014-02-28 17:16:00,plus.google.com
2014-02-28 17:16:01,www.google.fr
2014-02-28 17:16:07,www.google.fr
2014-02-28 17:16:07,plus.google.com
2014-02-28 17:16:07,clients1.google.fr
2014-02-28 17:16:11,www.google.fr
2014-02-28 17:16:14,www.google.fr
2014-02-28 17:16:24,www.google.fr
2014-02-28 17:16:24,clients1.google.fr
2014-02-28 17:16:34,www.google.fr
2014-02-28 17:16:34,clients1.google.fr
2014-02-28 17:16:49,www.google.fr
2014-02-28 17:16:59,www.google.fr
2014-02-28 17:17:08,www.google.fr
2014-02-28 17:17:14,www.google.fr
2014-02-28 17:17:47,www.google.fr
2014-02-28 17:17:48,clients1.google.fr
2014-02-28 17:17:50,www.google.fr
2014-02-28 17:17:50,clients1.google.fr
2014-02-28 17:17:54,clients1.google.fr
2014-02-28 17:17:54,plus.google.com
2014-02-28 17:17:54,www.google.fr
2014-02-28 17:17:58,translate.google.com
2014-02-28 17:17:58,www.google.fr
2014-02-28 17:17:59,translate.google.com
2014-02-28 17:18:00,translate.google.com
2014-02-28 17:18:01,translate.google.com
2014-02-28 17:18:03,translate.google.com
2014-02-28 17:18:03,www.google.com
2014-02-28 17:18:04,translate.google.com
2014-02-28 17:18:04,www.google.com
2014-02-28 17:18:09,translate.google.com
2014-02-28 17:18:27,docs.google.com
2014-02-28 17:18:28,www.google.fr
2014-02-28 17:18:34,docs.google.com
2014-02-28 17:18:34,www.google.fr
2014-02-28 17:18:40,www.google.fr
2014-02-28 17:19:43,www.google.fr
2014-02-28 17:19:45,blogs.discovermagazine.com
2014-02-28 17:19:45,www.google.fr
2014-02-28 17:19:45,ajax.googleapis.com
2014-02-28 17:19:46,blogs.discovermagazine.com
2014-02-28 17:19:48,www.reddit.com
2014-02-28 17:19:48,blogs.discovermagazine.com
2014-02-28 17:19:52,d-brief.disqus.com
2014-02-28 17:19:52,go.disqus.com
2014-02-28 17:19:52,blogs.discovermagazine.com
2014-02-28 17:19:54,blogs.discovermagazine.com
2014-02-28 17:19:56,disqus.com
2014-02-28 17:19:57,blogs.discovermagazine.com
2014-02-28 17:19:58,blogs.discovermagazine.com
2014-02-28 17:19:59,blogs.discovermagazine.com
2014-02-28 17:19:59,platform.twitter.com
2014-02-28 17:20:00,platform.twitter.com
2014-02-28 17:20:01,disqus.com
2014-02-28 17:20:01,apr.lijit.com
2014-02-28 17:20:02,vap5iad3.lijit.com
2014-02-28 17:20:04,blogs.discovermagazine.com
2014-02-28 17:20:04,um.simpli.fi
2014-02-28 17:20:05,match.rtbidder.net
2014-02-28 17:20:05,ce.lijit.com
2014-02-28 17:20:06,www.facebook.com
2014-02-28 17:20:07,ce.lijit.com
2014-02-28 17:20:16,secure.kalmbach.com
2014-02-28 17:20:16,graph.facebook.com
2014-02-28 17:20:17,connect.facebook.net
2014-02-28 17:20:17,discovermagazine.com
2014-02-28 17:20:17,twitter.com
2014-02-28 17:20:18,discovermagazine.com
2014-02-28 17:20:19,blogs.discovermagazine.com
2014-02-28 17:20:19,apis.google.com
2014-02-28 17:20:20,platform.twitter.com
2014-02-28 17:20:22,ct.buzzfeed.com
2014-02-28 17:20:23,twitter.com
2014-02-28 17:20:26,static.ak.facebook.com
2014-02-28 17:20:28,platform.twitter.com
2014-02-28 17:20:28,s-static.ak.facebook.com
2014-02-28 17:20:31,www.facebook.com
2014-02-28 17:20:34,www.facebook.com
2014-02-28 17:20:36,www.facebook.com
2014-02-28 17:20:38,scistarter.com
2014-02-28 17:20:38,discovermagazine.com
2014-02-28 17:20:38,blogs.discovermagazine.com
2014-02-28 17:20:39,discovermagazine.com
2014-02-28 17:20:40,discovermagazine.com
2014-02-28 17:20:41,discovermagazine.com
2014-02-28 17:20:44,apis.google.com
2014-02-28 17:20:44,discovermagazine.com
2014-02-28 17:20:45,discovermagazine.com
2014-02-28 17:20:53,accounts.google.com
2014-02-28 17:21:10,drive.google.com
2014-02-28 17:21:12,plus.google.com
2014-02-28 17:21:17,www.google.com
2014-02-28 17:21:17,drive.google.com
2014-02-28 17:21:22,drive.google.com
2014-02-28 17:21:26,docs.google.com
2014-02-28 17:21:30,6.drive.google.com
2014-02-28 17:21:37,docs.google.com
2014-02-28 17:21:44,docs.google.com
2014-02-28 17:21:47,apis.google.com
2014-02-28 17:21:57,accounts.google.com
2014-02-28 17:22:13,bibliotheque.clermont-universite.fr
2014-02-28 17:22:35,sicd.clermont-universite.fr
2014-02-28 17:22:49,docs.google.com
2014-02-28 17:22:51,docs.google.com
2014-02-28 17:22:52,docs.google.com
2014-02-28 17:22:52,plus.google.com
2014-02-28 17:22:53,www.google.com
2014-02-28 17:22:53,docs.google.com
2014-02-28 17:23:02,clients2.google.com
2014-02-28 17:23:02,www.google.com
2014-02-28 17:23:04,apis.google.com
2014-02-28 17:23:04,chatenabled.mail.google.com
2014-02-28 17:23:06,univ-bpclermont.cyberlibris.fr.sicd.clermont-universite.fr
2014-02-28 17:23:06,sicd.clermont-universite.fr
2014-02-28 17:23:08,sicd.clermont-universite.fr
2014-02-28 17:23:23,sicd.clermont-universite.fr
2014-02-28 17:23:24,coup-cdn1.scholarvox.com
2014-02-28 17:23:24,univ-bpclermont.cyberlibris.fr.sicd.clermont-universite.fr
2014-02-28 17:23:24,coup-cdn2.scholarvox.com
2014-02-28 17:23:25,static.cyberlibris.fr.sicd.clermont-universite.fr
2014-02-28 17:23:25,coup-cdn1.scholarvox.com
2014-02-28 17:23:25,coup-cdn3.scholarvox.com
2014-02-28 17:23:25,univ-bpclermont.cyberlibris.fr.sicd.clermont-universite.fr
2014-02-28 17:23:25,coup-cdn2.scholarvox.com
2014-02-28 17:23:25,dnn506yrbagrg.cloudfront.net
2014-02-28 17:23:26,static.cyberlibris.fr.sicd.clermont-universite.fr
2014-02-28 17:23:26,univ-bpclermont.cyberlibris.fr.sicd.clermont-universite.fr
2014-02-28 17:23:26,coup-cdn1.scholarvox.com
2014-02-28 17:23:27,univ-bpclermont.cyberlibris.fr.sicd.clermont-universite.fr
2014-02-28 17:23:28,univ-bpclermont.cyberlibris.fr.sicd.clermont-universite.fr
2014-02-28 17:23:28,coup-cdn1.scholarvox.com
2014-02-28 17:23:29,coup-cdn1.scholarvox.com
2014-02-28 17:23:29,static.cyberlibris.fr.sicd.clermont-universite.fr
2014-02-28 17:23:29,univ-bpclermont.cyberlibris.fr.sicd.clermont-universite.fr
2014-02-28 17:23:30,coup-cdn1.scholarvox.com
2014-02-28 17:23:30,univ-bpclermont.cyberlibris.fr.sicd.clermont-universite.fr
2014-02-28 17:23:40,univ-bpclermont.cyberlibris.fr.sicd.clermont-universite.fr
2014-02-28 17:23:41,univ-bpclermont.cyberlibris.fr.sicd.clermont-universite.fr
2014-02-28 17:23:46,univ-bpclermont.cyberlibris.fr.sicd.clermont-universite.fr
2014-02-28 17:23:47,univ-bpclermont.cyberlibris.fr.sicd.clermont-universite.fr
2014-02-28 17:23:48,plus.google.com
2014-02-28 17:23:48,univ-bpclermont.cyberlibris.fr.sicd.clermont-universite.fr
2014-02-28 17:24:39,coup-cdn3.scholarvox.com
2014-02-28 17:24:39,coup-cdn2.scholarvox.com
2014-02-28 17:24:39,coup-cdn1.scholarvox.com
2014-02-28 17:24:39,univ-bpclermont.cyberlibris.fr.sicd.clermont-universite.fr
2014-02-28 17:24:39,sicd.clermont-universite.fr
2014-02-28 17:24:40,univ-bpclermont.cyberlibris.fr.sicd.clermont-universite.fr
2014-02-28 17:24:40,dnn506yrbagrg.cloudfront.net
2014-02-28 17:24:40,coup-cdn1.scholarvox.com
2014-02-28 17:24:40,coup-cdn2.scholarvox.com
2014-02-28 17:24:41,univ-bpclermont.cyberlibris.fr.sicd.clermont-universite.fr
2014-02-28 17:24:41,coup-cdn1.scholarvox.com
2014-02-28 17:24:41,static.cyberlibris.fr.sicd.clermont-universite.fr
2014-02-28 17:24:42,univ-bpclermont.cyberlibris.fr.sicd.clermont-universite.fr
2014-02-28 17:24:42,coup-cdn2.scholarvox.com
2014-02-28 17:24:42,static.cyberlibris.fr.sicd.clermont-universite.fr
2014-02-28 17:24:53,mail.google.com
2014-02-28 17:25:06,univ-bpclermont.cyberlibris.fr.sicd.clermont-universite.fr
2014-02-28 17:25:07,univ-bpclermont.cyberlibris.fr.sicd.clermont-universite.fr
2014-02-28 17:25:11,univ-bpclermont.cyberlibris.fr.sicd.clermont-universite.fr
2014-02-28 17:25:12,univ-bpclermont.cyberlibris.fr.sicd.clermont-universite.fr
2014-02-28 17:25:13,univ-bpclermont.cyberlibris.fr.sicd.clermont-universite.fr
2014-02-28 17:25:16,univ-bpclermont.cyberlibris.fr.sicd.clermont-universite.fr
2014-02-28 17:25:17,univ-bpclermont.cyberlibris.fr.sicd.clermont-universite.fr
2014-02-28 17:25:19,drive.google.com
2014-02-28 17:25:26,drive.google.com
2014-02-28 17:25:33,univ-bpclermont.cyberlibris.fr.sicd.clermont-universite.fr
2014-02-28 17:25:34,univ-bpclermont.cyberlibris.fr.sicd.clermont-universite.fr
2014-02-28 17:25:35,univ-bpclermont.cyberlibris.fr.sicd.clermont-universite.fr
2014-02-28 17:25:36,univ-bpclermont.cyberlibris.fr.sicd.clermont-universite.fr
2014-02-28 17:25:37,univ-bpclermont.cyberlibris.fr.sicd.clermont-universite.fr
2014-02-28 17:25:40,univ-bpclermont.cyberlibris.fr.sicd.clermont-universite.fr
2014-02-28 17:25:56,univ-bpclermont.cyberlibris.fr.sicd.clermont-universite.fr
2014-02-28 17:25:57,univ-bpclermont.cyberlibris.fr.sicd.clermont-universite.fr
2014-02-28 17:26:00,univ-bpclermont.cyberlibris.fr.sicd.clermont-universite.fr
2014-02-28 17:26:02,univ-bpclermont.cyberlibris.fr.sicd.clermont-universite.fr
2014-02-28 17:26:03,univ-bpclermont.cyberlibris.fr.sicd.clermont-universite.fr
2014-02-28 17:26:08,univ-bpclermont.cyberlibris.fr.sicd.clermont-universite.fr
2014-02-28 17:26:16,univ-bpclermont.cyberlibris.fr.sicd.clermont-universite.fr
2014-02-28 17:26:21,univ-bpclermont.cyberlibris.fr.sicd.clermont-universite.fr
2014-02-28 17:26:23,univ-bpclermont.cyberlibris.fr.sicd.clermont-universite.fr
2014-02-28 17:26:26,univ-bpclermont.cyberlibris.fr.sicd.clermont-universite.fr
2014-02-28 17:26:28,univ-bpclermont.cyberlibris.fr.sicd.clermont-universite.fr
2014-02-28 17:26:40,univ-bpclermont.cyberlibris.fr.sicd.clermont-universite.fr
2014-02-28 17:26:44,univ-bpclermont.cyberlibris.fr.sicd.clermont-universite.fr
2014-02-28 17:26:46,univ-bpclermont.cyberlibris.fr.sicd.clermont-universite.fr
2014-02-28 17:26:47,univ-bpclermont.cyberlibris.fr.sicd.clermont-universite.fr
2014-02-28 17:27:04,plus.google.com
2014-02-28 17:27:32,coup-cdn1.scholarvox.com
2014-02-28 17:27:32,univ-bpclermont.cyberlibris.fr.sicd.clermont-universite.fr
2014-02-28 17:27:32,coup-cdn3.scholarvox.com
2014-02-28 17:27:32,coup-cdn2.scholarvox.com
2014-02-28 17:27:33,univ-bpclermont.cyberlibris.fr.sicd.clermont-universite.fr
2014-02-28 17:27:33,coup-cdn2.scholarvox.com
2014-02-28 17:27:33,coup-cdn1.scholarvox.com
2014-02-28 17:27:33,coup-cdn3.scholarvox.com
2014-02-28 17:27:34,univ-bpclermont.cyberlibris.fr.sicd.clermont-universite.fr
2014-02-28 17:27:35,coup-cdn1.scholarvox.com
2014-02-28 17:27:35,univ-bpclermont.cyberlibris.fr.sicd.clermont-universite.fr
2014-02-28 17:27:35,static.cyberlibris.fr.sicd.clermont-universite.fr
2014-02-28 17:27:37,univ-bpclermont.cyberlibris.fr.sicd.clermont-universite.fr
2014-02-28 17:27:38,univ-bpclermont.cyberlibris.fr.sicd.clermont-universite.fr
2014-02-28 17:27:39,univ-bpclermont.cyberlibris.fr.sicd.clermont-universite.fr
2014-02-28 17:27:40,univ-bpclermont.cyberlibris.fr.sicd.clermont-universite.fr
2014-02-28 17:27:48,coup-cdn2.scholarvox.com
2014-02-28 17:27:48,univ-bpclermont.cyberlibris.fr.sicd.clermont-universite.fr
2014-02-28 17:27:49,univ-bpclermont.cyberlibris.fr.sicd.clermont-universite.fr
2014-02-28 17:27:50,univ-bpclermont.cyberlibris.fr.sicd.clermont-universite.fr
2014-02-28 17:27:51,univ-bpclermont.cyberlibris.fr.sicd.clermont-universite.fr
2014-02-28 17:27:51,coup-cdn3.scholarvox.com
2014-02-28 17:27:53,univ-bpclermont.cyberlibris.fr.sicd.clermont-universite.fr
2014-02-28 17:27:54,univ-bpclermont.cyberlibris.fr.sicd.clermont-universite.fr
2014-02-28 17:27:54,coup-cdn2.scholarvox.com
2014-02-28 17:27:55,plus.google.com
2014-02-28 17:27:55,univ-bpclermont.cyberlibris.fr.sicd.clermont-universite.fr
2014-02-28 17:27:56,univ-bpclermont.cyberlibris.fr.sicd.clermont-universite.fr
2014-02-28 17:27:57,univ-bpclermont.cyberlibris.fr.sicd.clermont-universite.fr
2014-02-28 17:27:58,univ-bpclermont.cyberlibris.fr.sicd.clermont-universite.fr
2014-02-28 17:28:06,univ-bpclermont.cyberlibris.fr.sicd.clermont-universite.fr
2014-02-28 17:28:07,univ-bpclermont.cyberlibris.fr.sicd.clermont-universite.fr
2014-02-28 17:28:07,static.cyberlibris.fr.sicd.clermont-universite.fr
2014-02-28 17:28:08,univ-bpclermont.cyberlibris.fr.sicd.clermont-universite.fr
2014-02-28 17:28:09,univ-bpclermont.cyberlibris.fr.sicd.clermont-universite.fr
2014-02-28 17:28:13,univ-bpclermont.cyberlibris.fr.sicd.clermont-universite.fr
2014-02-28 17:28:14,univ-bpclermont.cyberlibris.fr.sicd.clermont-universite.fr
2014-02-28 17:28:15,univ-bpclermont.cyberlibris.fr.sicd.clermont-universite.fr
2014-02-28 17:28:16,univ-bpclermont.cyberlibris.fr.sicd.clermont-universite.fr
2014-02-28 17:28:17,univ-bpclermont.cyberlibris.fr.sicd.clermont-universite.fr
2014-02-28 17:28:18,univ-bpclermont.cyberlibris.fr.sicd.clermont-universite.fr
2014-02-28 17:28:19,univ-bpclermont.cyberlibris.fr.sicd.clermont-universite.fr
2014-02-28 17:28:40,univ-bpclermont.cyberlibris.fr.sicd.clermont-universite.fr
2014-02-28 17:29:19,drive.google.com
2014-02-28 17:29:40,univ-bpclermont.cyberlibris.fr.sicd.clermont-universite.fr
2014-02-28 17:29:53,univ-bpclermont.cyberlibris.fr.sicd.clermont-universite.fr
2014-02-28 17:29:56,univ-bpclermont.cyberlibris.fr.sicd.clermont-universite.fr
2014-02-28 17:29:57,univ-bpclermont.cyberlibris.fr.sicd.clermont-universite.fr
2014-02-28 17:29:58,univ-bpclermont.cyberlibris.fr.sicd.clermont-universite.fr
2014-02-28 17:29:58,coup-cdn1.scholarvox.com
2014-02-28 17:29:59,univ-bpclermont.cyberlibris.fr.sicd.clermont-universite.fr
2014-02-28 17:30:00,static.cyberlibris.fr.sicd.clermont-universite.fr
2014-02-28 17:30:00,univ-bpclermont.cyberlibris.fr.sicd.clermont-universite.fr
2014-02-28 17:30:07,coup-cdn2.scholarvox.com
2014-02-28 17:30:07,univ-bpclermont.cyberlibris.fr.sicd.clermont-universite.fr
2014-02-28 17:30:08,univ-bpclermont.cyberlibris.fr.sicd.clermont-universite.fr
2014-02-28 17:30:09,univ-bpclermont.cyberlibris.fr.sicd.clermont-universite.fr
2014-02-28 17:30:10,univ-bpclermont.cyberlibris.fr.sicd.clermont-universite.fr
2014-02-28 17:30:10,coup-cdn2.scholarvox.com
2014-02-28 17:30:11,univ-bpclermont.cyberlibris.fr.sicd.clermont-universite.fr
2014-02-28 17:30:12,univ-bpclermont.cyberlibris.fr.sicd.clermont-universite.fr
2014-02-28 17:30:12,coup-cdn2.scholarvox.com
2014-02-28 17:30:13,univ-bpclermont.cyberlibris.fr.sicd.clermont-universite.fr
2014-02-28 17:30:14,univ-bpclermont.cyberlibris.fr.sicd.clermont-universite.fr
2014-02-28 17:30:14,static.cyberlibris.fr.sicd.clermont-universite.fr
2014-02-28 17:30:15,univ-bpclermont.cyberlibris.fr.sicd.clermont-universite.fr
2014-02-28 17:30:16,univ-bpclermont.cyberlibris.fr.sicd.clermont-universite.fr
2014-02-28 17:30:17,univ-bpclermont.cyberlibris.fr.sicd.clermont-universite.fr
2014-02-28 17:30:26,coup-cdn2.scholarvox.com
2014-02-28 17:30:27,univ-bpclermont.cyberlibris.fr.sicd.clermont-universite.fr
2014-02-28 17:30:28,univ-bpclermont.cyberlibris.fr.sicd.clermont-universite.fr
2014-02-28 17:30:28,static.cyberlibris.fr.sicd.clermont-universite.fr
2014-02-28 17:30:29,univ-bpclermont.cyberlibris.fr.sicd.clermont-universite.fr
2014-02-28 17:30:30,univ-bpclermont.cyberlibris.fr.sicd.clermont-universite.fr
2014-02-28 17:30:37,univ-bpclermont.cyberlibris.fr.sicd.clermont-universite.fr
2014-02-28 17:30:38,univ-bpclermont.cyberlibris.fr.sicd.clermont-universite.fr
2014-02-28 17:30:39,static.cyberlibris.fr.sicd.clermont-universite.fr
2014-02-28 17:30:39,univ-bpclermont.cyberlibris.fr.sicd.clermont-universite.fr
2014-02-28 17:30:40,univ-bpclermont.cyberlibris.fr.sicd.clermont-universite.fr
2014-02-28 17:30:43,docs.google.com
2014-02-28 17:30:44,8.docs.google.com
2014-02-28 17:30:44,docs.google.com
2014-02-28 17:31:01,5.drive.google.com
2014-02-28 17:31:01,mail.google.com
2014-02-28 17:31:01,b.mail.google.com
2014-02-28 17:31:39,www.google.fr
2014-02-28 17:31:40,clients1.google.fr
2014-02-28 17:31:40,apis.google.com
2014-02-28 17:31:40,www.google.fr
2014-02-28 17:31:42,www.google.com
2014-02-28 17:31:56,accounts.google.com
2014-02-28 17:31:57,accounts.google.com
2014-02-28 17:32:00,accounts.youtube.com
2014-02-28 17:32:05,accounts.youtube.com
2014-02-28 17:32:05,www.google.fr
2014-02-28 17:32:05,accounts.google.com
2014-02-28 17:32:05,www.google.com
2014-03-21 15:54:02,go.microsoft.com
2014-03-21 15:54:03,windows.microsoft.com
2014-03-21 15:54:03,res2.windows.microsoft.com
2014-03-21 15:54:03,res1.windows.microsoft.com
2014-03-21 15:54:03,js.microsoft.com
2014-03-21 15:54:03,ajax.microsoft.com
2014-03-21 15:54:07,www.bing.com
2014-03-21 15:54:14,www.google.fr
2014-03-21 15:54:14,www.google.com
2014-03-21 15:54:15,apis.google.com
2014-03-21 15:55:03,fr.ask.com
2014-03-21 15:55:03,search.mywebs.pro
2014-03-21 15:55:04,www.google.com
2014-03-21 15:55:05,fr.ask.com
2014-03-21 15:55:05,www.google.com
2014-03-21 15:55:05,sp.fr.ask.com
2014-03-21 15:55:10,fr.ask.com
2014-03-21 15:55:10,www.google.com
2014-03-21 15:55:11,fr.ask.com
2014-03-21 15:55:11,www.google.com
2014-03-21 15:55:35,fr.ask.com
2014-03-21 15:55:36,fr.ask.com
2014-03-21 15:55:36,www.google.com
2014-03-21 15:55:40,fr.ask.com
2014-03-21 15:55:41,www.google.com
2014-03-21 15:55:41,fr.ask.com
2014-03-21 15:55:53,go.microsoft.com
2014-03-21 15:55:53,ieonline.microsoft.com
2014-03-21 15:55:58,www.google.fr
2014-03-21 15:55:58,apis.google.com
2014-03-21 15:55:58,www.google.com
2014-03-21 15:56:24,www.google.fr
2014-03-21 15:57:02,ieonline.microsoft.com
2014-03-21 15:59:00,www.google.com
2014-03-21 15:59:00,www.google.fr
2014-03-21 16:00:25,www.google.fr
2014-03-21 16:00:28,clients1.google.fr
2014-03-21 16:00:28,www.google.fr
2014-03-21 16:00:28,www.google.com
2014-03-21 16:00:38,www.robotbuzz.fr
2014-03-21 16:00:38,www.google.fr
2014-03-21 16:00:39,www.google.fr
2014-03-21 16:00:39,dtym7iokkjlif.cloudfront.net
2014-03-21 16:00:39,www.robotbuzz.fr
2014-03-21 16:00:39,dsms0mj1bbhn4.cloudfront.net
2014-03-21 16:00:40,1.gravatar.com
2014-03-21 16:00:40,static.ak.facebook.com
2014-03-21 16:00:40,download.macromedia.com
2014-03-21 16:00:40,robotbuzz.fr
2014-03-21 16:00:40,0.gravatar.com
2014-03-21 16:00:40,s-static.ak.facebook.com
2014-03-21 16:00:40,connect.facebook.net
2014-03-21 16:00:40,platform.twitter.com
2014-03-21 16:00:40,www.robotbuzz.fr
2014-03-21 16:00:40,fpdownload2.macromedia.com
2014-03-21 16:00:40,www.google.fr
2014-03-21 16:00:41,www.google.com
2014-03-21 16:00:41,www.pere.tk
2014-03-21 16:00:41,platform.twitter.com
2014-03-21 16:00:41,www.robotbuzz.fr
2014-03-21 16:00:41,robotbuzz.fr
2014-03-21 16:00:41,iledelareunion.tk
2014-03-21 16:00:41,rcm-fr.amazon.fr
2014-03-21 16:00:41,www.generationrobots.com
2014-03-21 16:00:41,www.assoc-amazon.fr
2014-03-21 16:00:41,objectif-bebe.tk
2014-03-21 16:00:41,spectrum.ieee.org
2014-03-21 16:00:41,i.creativecommons.org
2014-03-21 16:00:41,www.iheartrobotics.com
2014-03-21 16:00:41,www.pob-technology.com
2014-03-21 16:00:41,ecx.images-amazon.com
2014-03-21 16:00:42,wms.assoc-amazon.fr
2014-03-21 16:00:42,fpdownload.macromedia.com
2014-03-21 16:00:42,twitter.com
2014-03-21 16:00:42,www.robocommunity.com
2014-03-21 16:00:42,fpdownload2.macromedia.com
2014-03-21 16:00:42,www.robotbuzz.fr
2014-03-21 16:00:42,www.plasticpals.com
2014-03-21 16:00:42,www.roboticmagazine.com
2014-03-21 16:00:42,www.generationrobots.com
2014-03-21 16:00:42,www.robot-advance.com
2014-03-21 16:00:42,www.facebook.com
2014-03-21 16:00:42,ak.cdiscount.com
2014-03-21 16:00:42,rcm-fr.amazon.fr
2014-03-21 16:00:42,ecx.images-amazon.com
2014-03-21 16:00:42,education.awabot.com
2014-03-21 16:00:43,z-ecx.images-amazon.com
2014-03-21 16:00:43,feeds.delicious.com
2014-03-21 16:00:43,www.facebook.com
2014-03-21 16:00:43,www.robotbuzz.fr
2014-03-21 16:00:43,twitter.com
2014-03-21 16:00:43,education.awabot.com
2014-03-21 16:00:43,www.linkedin.com
2014-03-21 16:00:43,www.google.fr
2014-03-21 16:00:43,www.amazon.fr
2014-03-21 16:01:08,www.google.com
2014-03-21 16:01:18,www.google.fr
2014-03-21 16:01:18,clients1.google.fr
2014-03-21 16:01:23,www.google.fr
2014-03-21 16:01:27,www.slate.fr
2014-03-21 16:01:27,www.google.fr
2014-03-21 16:01:29,www.google.fr
2014-03-21 16:01:29,www.slate.fr
2014-03-21 16:01:30,www.slate.fr
2014-03-21 16:01:34,clients1.google.fr
2014-03-21 16:01:34,www.google.fr
2014-03-21 16:01:47,www.google.fr
2014-03-21 16:01:50,www.google.fr
2014-03-21 16:01:58,www.google.fr
2014-03-21 16:01:59,www.google.fr
2014-03-21 16:02:16,www.google.fr
2014-03-21 16:02:36,www.manpowergroup.fr
2014-03-21 16:02:36,www.google.fr
2014-03-21 16:02:37,apis.google.com
2014-03-21 16:02:37,widgets.twimg.com
2014-03-21 16:02:37,www.manpowergroup.fr
2014-03-21 16:02:37,platform.linkedin.com
2014-03-21 16:02:37,static.ak.facebook.com
2014-03-21 16:02:37,connect.facebook.net
2014-03-21 16:02:37,www.facebook.com
2014-03-21 16:02:38,www.linkedin.com
2014-03-21 16:02:38,s-static.ak.facebook.com
2014-03-21 16:02:38,www.facebook.com
2014-03-21 16:02:38,twitter.com
2014-03-21 16:02:38,apis.google.com
2014-03-21 16:02:38,accounts.google.com
2014-03-21 16:02:38,www.manpowergroup.fr
2014-03-21 16:02:41,www.facebook.com
2014-03-21 16:02:41,accounts.google.com
2014-03-21 16:02:45,www.facebook.com
2014-03-21 16:02:48,www.facebook.com
2014-03-21 16:02:50,www.facebook.com
2014-03-21 16:02:54,www.facebook.com
2014-03-21 16:03:34,www.facebook.com
2014-03-21 16:03:36,widgets.twimg.com
2014-03-21 16:03:36,www.manpowergroup.fr
2014-03-21 16:03:36,www.linkedin.com
2014-03-21 16:03:36,www.google.fr
2014-03-21 16:03:36,platform.linkedin.com
2014-03-21 16:03:36,www.facebook.com
2014-03-21 16:03:37,www.facebook.com
2014-03-21 16:03:37,apis.google.com
2014-03-21 16:03:37,www.linkedin.com
2014-03-21 16:03:37,static.ak.facebook.com
2014-03-21 16:03:37,www.manpowergroup.fr
2014-03-21 16:03:37,platform.twitter.com
2014-03-21 16:03:37,s-static.ak.facebook.com
2014-03-21 16:03:48,www.linkedin.com
2014-03-21 16:03:56,search.mywebs.pro
2014-03-21 16:03:57,www.google.com
2014-03-21 16:03:57,fr.ask.com
2014-03-21 16:04:07,twitter.com
2014-03-21 16:04:07,www.google.fr
2014-03-21 16:04:07,www.google.com
2014-03-21 16:04:08,twitter.com
2014-03-21 16:04:26,www.google.com
2014-03-21 16:04:26,www.google.fr
2014-03-21 16:04:47,www.google.fr
2014-03-21 16:04:47,wims.unice.fr
2014-03-21 16:04:50,ticewims.unice.fr
2014-03-21 16:04:50,unt.unice.fr
2014-03-21 16:04:51,ticewims.unice.fr
2014-03-21 16:05:01,ticewims.unice.fr
2014-03-21 16:05:14,ticewims.unice.fr
2014-03-21 16:05:15,ticewims.unice.fr
2014-03-21 16:05:25,ticewims.unice.fr
2014-03-21 16:05:31,ticewims.unice.fr
2014-03-21 16:05:36,ticewims.unice.fr
2014-03-21 16:05:37,ticewims.unice.fr
2014-03-21 16:05:38,ticewims.unice.fr
2014-03-21 16:05:43,ticewims.unice.fr
2014-03-21 16:05:55,ticewims.unice.fr
2014-03-21 16:06:06,ticewims.unice.fr
2014-03-21 16:06:07,wims.unice.fr
2014-03-21 16:06:19,www.google.fr
2014-03-21 16:06:20,www.sigayret.fr
2014-03-21 16:06:36,www.google.fr
2014-03-21 16:06:36,clients1.google.fr
2014-03-21 16:06:36,pbs.twimg.com
2014-03-21 16:06:36,platform.twitter.com
2014-03-21 16:06:51,www.sigayret.fr
2014-03-21 16:07:42,www.google.fr
2014-03-21 16:08:39,www.google.fr
2014-03-21 16:08:41,s-static.ak.facebook.com
2014-03-21 16:08:41,www.robotbuzz.fr
2014-03-21 16:08:41,download.macromedia.com
2014-03-21 16:08:41,1.gravatar.com
2014-03-21 16:08:41,0.gravatar.com
2014-03-21 16:08:41,fpdownload2.macromedia.com
2014-03-21 16:08:41,static.ak.facebook.com
2014-03-21 16:08:42,fpdownload2.macromedia.com
2014-03-21 16:08:42,iledelareunion.tk
2014-03-21 16:08:42,fpdownload.macromedia.com
2014-03-21 16:08:42,www.robotbuzz.fr
2014-03-21 16:08:42,www.generationrobots.com
2014-03-21 16:08:42,www.assoc-amazon.fr
2014-03-21 16:08:42,rcm-fr.amazon.fr
2014-03-21 16:08:42,ecx.images-amazon.com
2014-03-21 16:08:42,education.awabot.com
2014-03-21 16:08:42,www.facebook.com
2014-03-21 16:08:42,twitter.com
2014-03-21 16:08:43,ecx.images-amazon.com
2014-03-21 16:08:43,www.generationrobots.com
2014-03-21 16:08:43,www.amazon.fr
2014-03-21 16:08:43,www.facebook.com
2014-03-21 16:08:43,www.robot-advance.com
2014-03-21 16:08:43,feeds.delicious.com
2014-03-21 16:08:44,www.linkedin.com
2014-03-21 16:09:36,www.google.fr
2014-03-21 16:50:50,www.google.fr
2014-03-21 16:50:50,clients1.google.fr
2014-03-21 16:50:51,clients1.google.fr
2014-03-21 16:51:05,www.google.fr
2014-03-21 16:51:12,www.google.fr
2014-03-21 16:51:18,www.google.fr
2014-03-21 16:51:21,www.google.fr
2014-03-21 16:51:22,www.google.fr
2014-03-21 16:51:33,clients1.google.fr
2014-03-21 16:51:33,www.google.fr
2014-03-21 16:51:37,www.google.fr
2014-03-21 16:51:37,w.sharethis.com
2014-03-21 16:51:38,platform.twitter.com
2014-03-21 16:51:43,platform.twitter.com
2014-03-21 16:51:44,pbs.twimg.com
2014-03-21 16:51:44,twitter.com
2014-03-21 16:51:44,w.sharethis.com
2014-03-21 16:51:44,edge.sharethis.com
2014-03-21 16:52:14,syndication.twitter.com
2014-03-21 16:52:15,twitter.com
2014-03-21 16:52:45,syndication.twitter.com
2014-03-21 16:54:14,syndication.twitter.com
2014-03-21 16:54:27,platform.twitter.com
2014-03-21 16:54:27,pbs.twimg.com
2014-03-21 16:55:44,syndication.twitter.com
2014-03-21 16:57:14,syndication.twitter.com
2014-03-21 16:58:44,syndication.twitter.com
2014-03-21 17:00:14,syndication.twitter.com
2014-03-21 17:01:44,syndication.twitter.com
2014-03-21 17:03:14,syndication.twitter.com
2014-03-21 17:04:44,syndication.twitter.com
2014-03-21 17:06:14,syndication.twitter.com
2014-03-21 17:07:44,syndication.twitter.com
2014-03-21 17:09:14,syndication.twitter.com
2014-03-21 17:10:44,syndication.twitter.com
2014-03-21 17:12:14,syndication.twitter.com
2014-03-21 17:13:44,syndication.twitter.com
2014-03-21 17:15:14,syndication.twitter.com
2014-03-21 17:16:44,syndication.twitter.com
2014-03-21 17:18:14,syndication.twitter.com
2014-03-21 17:19:44,syndication.twitter.com
2014-03-21 17:21:14,syndication.twitter.com
2014-03-21 17:22:44,syndication.twitter.com
2014-03-21 17:24:14,syndication.twitter.com
2014-03-21 17:25:44,syndication.twitter.com
2014-04-04 13:37:20,www.google.fr
2014-04-04 13:37:20,www.google.com
2014-04-04 13:37:21,apis.google.com
2014-04-04 13:37:24,accounts.youtube.com
2014-04-04 13:37:24,www.google.fr
2014-04-04 13:37:24,accounts.google.com
2014-04-04 13:37:25,www.google.fr
2014-04-04 13:37:50,www.google.fr
2014-04-04 13:37:51,accounts.google.fr
2014-04-04 13:37:51,apis.google.com
2014-04-04 13:37:52,www.google.com
2014-04-04 13:37:52,plus.google.com
2014-04-04 13:37:55,plus.google.com
2014-04-04 13:37:55,accounts.youtube.com
2014-04-04 13:37:59,accounts.google.fr
2014-04-04 13:37:59,drive.google.com
2014-04-04 13:37:59,www.google.fr
2014-04-04 13:38:00,drive.google.com
2014-04-04 13:38:00,apis.google.com
2014-04-04 13:38:00,www.google.com
2014-04-04 13:38:00,accounts.google.com
2014-04-04 13:38:00,plus.google.com
2014-04-04 13:38:01,0.drive.google.com
2014-04-04 13:38:02,0.drive.google.com
2014-04-04 13:38:06,drive.google.com
2014-04-04 13:38:06,docs.google.com
2014-04-04 13:38:06,plus.google.com
2014-04-04 13:38:07,docs.google.com
2014-04-04 13:38:07,drive.google.com
2014-04-04 13:38:08,docs.google.com
2014-04-04 13:38:12,www.google.com
2014-04-04 13:38:13,0.docs.google.com
2014-04-04 13:38:13,apis.google.com
2014-04-04 13:38:13,clients6.google.com
2014-04-04 13:38:14,accounts.google.com
2014-04-04 13:38:14,www.google.com
2014-04-04 13:38:14,0.docs.google.com
2014-04-04 13:38:34,docs.google.com
2014-04-04 13:38:35,docs.google.com
2014-04-04 13:38:38,clients2.google.com
2014-04-04 13:38:40,1.docs.google.com
2014-04-04 13:38:41,clients2.google.com
2014-04-04 13:38:41,apis.google.com
2014-04-04 13:38:41,docs.google.com
2014-04-04 13:38:41,clients6.google.com
2014-04-04 13:38:42,1.docs.google.com
2014-04-04 13:39:00,gg.google.com
2014-04-04 13:39:36,apis.google.com
2014-04-04 13:39:36,docs.google.com
2014-04-04 13:39:36,0.docs.google.com
2014-04-04 13:39:36,clients6.google.com
2014-04-04 13:39:36,accounts.google.com
2014-04-04 13:40:00,drive.google.com
2014-04-04 13:40:09,ieonline.microsoft.com
2014-04-04 13:40:39,docs.google.com
2014-04-04 13:42:09,docs.google.com
2014-04-04 13:42:41,apis.google.com
2014-04-04 13:43:00,gg.google.com
2014-04-04 13:44:01,drive.google.com
2014-04-04 13:44:21,lh6.google.com
2014-04-04 13:44:21,lh4.google.com
2014-04-04 13:44:21,lh5.google.com
2014-04-04 13:44:21,lh3.google.com
2014-04-04 13:44:39,docs.google.com
2014-04-04 13:45:59,drive.google.com
2014-04-04 13:48:22,lh3.google.com
2014-04-04 13:48:22,lh4.google.com
2014-04-04 13:48:22,lh5.google.com
2014-04-04 13:48:22,lh6.google.com
2014-04-04 13:49:07,plus.google.com
2014-04-04 13:50:00,drive.google.com
2014-04-04 13:53:07,plus.google.com
2014-04-04 13:54:00,drive.google.com
2014-04-04 13:55:14,drive.google.com
2014-04-04 13:55:21,docs.google.com
2014-04-04 13:55:49,rr.office.microsoft.com
2014-04-04 13:55:49,office14client.microsoft.com
2014-04-04 13:55:50,integrate.factiva.com
2014-04-04 13:55:50,rr.office.microsoft.com
2014-04-04 13:55:50,api.bing.com
2014-04-04 13:55:50,services.highbeam.com
2014-04-04 13:55:51,www.microsofttranslator.com
2014-04-04 13:55:51,www.worldlingo.com
2014-04-04 13:58:48,drive.google.com
2014-04-04 14:00:00,drive.google.com
2014-04-04 14:00:04,docs.google.com
2014-04-04 14:01:06,drive.google.com
2014-04-04 14:01:12,www.google.fr
2014-04-04 14:01:13,plus.google.com
2014-04-04 14:01:13,www.google.com
2014-04-04 14:01:18,plus.google.com
2014-04-04 14:01:28,www.google.com
2014-04-04 14:01:28,plus.google.com
2014-04-04 14:01:28,www.google.fr
2014-04-04 14:01:28,www.commentcamarche.net
2014-04-04 14:01:28,static.ccm2.net
2014-04-04 14:01:29,static.ccm2.net
2014-04-04 14:01:29,r.ccmbg.com
2014-04-04 14:01:29,ba.commentcamarche.net
2014-04-04 14:01:29,kh6qrx0f8h.s.ad6media.fr
2014-04-04 14:01:29,platform.twitter.com
2014-04-04 14:01:29,www.facebook.com
2014-04-04 14:01:29,ajax.googleapis.com
2014-04-04 14:01:30,static.ak.facebook.com
2014-04-04 14:01:30,ba.commentcamarche.net
2014-04-04 14:01:30,static.ccmbg.com
2014-04-04 14:01:30,www.commentcamarche.net
2014-04-04 14:01:30,platform.twitter.com
2014-04-04 14:01:30,static.ccm2.net
2014-04-04 14:01:30,connect.facebook.net
2014-04-04 14:01:30,www.facebook.com
2014-04-04 14:01:30,twitter.com
2014-04-04 14:01:30,s-static.ak.facebook.com
2014-04-04 14:01:31,www.facebook.com
2014-04-04 14:01:31,twitter.com
2014-04-04 14:01:32,static.ccm2.net
2014-04-04 14:01:42,www.facebook.com
2014-04-04 14:01:42,platform.twitter.com
2014-04-04 14:01:42,ba.commentcamarche.net
2014-04-04 14:01:42,www.google.fr
2014-04-04 14:01:42,www.commentcamarche.net
2014-04-04 14:01:42,plus.google.com
2014-04-04 14:01:42,s-static.ak.facebook.com
2014-04-04 14:01:42,static.ccm2.net
2014-04-04 14:01:42,static.commentcamarche.net
2014-04-04 14:01:42,r.ccmbg.com
2014-04-04 14:01:43,static.ccm2.net
2014-04-04 14:01:43,ba.commentcamarche.net
2014-04-04 14:01:43,apis.google.com
2014-04-04 14:01:43,twitter.com
2014-04-04 14:01:43,accounts.google.com
2014-04-04 14:01:43,www.facebook.com
2014-04-04 14:01:44,www.commentcamarche.net
2014-04-04 14:01:44,www.facebook.com
2014-04-04 14:01:44,accounts.google.com
2014-04-04 14:01:44,apis.google.com
2014-04-04 14:01:44,twitter.com
2014-04-04 14:01:46,static.ebz.io
2014-04-04 14:05:06,drive.google.com
2014-04-04 14:05:10,plus.google.com
2014-04-04 14:05:12,www.google.com
2014-04-04 14:06:00,www.youtube.com
2014-04-04 14:06:00,plus.google.com
2014-04-04 14:06:00,s.ytimg.com
2014-04-04 14:06:00,www.google.fr
2014-04-04 14:06:01,r4---sn-gxo5uxg-jqbe.googlevideo.com
2014-04-04 14:06:01,yt3.ggpht.com
2014-04-04 14:06:01,www.google.fr
2014-04-04 14:06:01,s.youtube.com
2014-04-04 14:06:01,s.ytimg.com
2014-04-04 14:06:01,www.youtube.com
2014-04-04 14:06:01,i1.ytimg.com
2014-04-04 14:06:02,s.youtube.com
2014-04-04 14:06:02,s.ytimg.com
2014-04-04 14:06:02,yt3.ggpht.com
2014-04-04 14:06:04,apis.google.com
2014-04-04 14:06:05,i1.ytimg.com
2014-04-04 14:06:07,plus.google.com
2014-04-04 14:06:07,i1.ytimg.com
2014-04-04 14:06:07,yt3.ggpht.com
2014-04-04 14:06:07,s.ytimg.com
2014-04-04 14:06:07,www.youtube.com
2014-04-04 14:06:07,s.youtube.com
2014-04-04 14:06:09,apis.google.com
2014-04-04 14:06:19,clients1.google.com
2014-04-04 14:06:19,i1.ytimg.com
2014-04-04 14:06:22,i1.ytimg.com
2014-04-04 14:06:22,yt3.ggpht.com
2014-04-04 14:06:22,apis.google.com
2014-04-04 14:06:28,www.google.fr
2014-04-04 14:06:28,www.clubic.com
2014-04-04 14:06:28,img.clubic.com
2014-04-04 14:06:28,s.ytimg.com
2014-04-04 14:06:28,clients1.google.com
2014-04-04 14:06:28,s.youtube.com
2014-04-04 14:06:28,plus.google.com
2014-04-04 14:06:29,www.clubic.com
2014-04-04 14:06:29,emailretargeting.com
2014-04-04 14:06:29,dc1w54.wysistat.com
2014-04-04 14:06:29,www.beead.fr
2014-04-04 14:06:29,player.m6web.fr
2014-04-04 14:06:30,player.m6web.fr
2014-04-04 14:06:30,pixel.alephd.com
2014-04-04 14:06:30,i.htfacile.fr
2014-04-04 14:06:30,www.clubic.com
2014-04-04 14:06:30,widget.achetezfacile.com
2014-04-04 14:06:30,ajax.googleapis.com
2014-04-04 14:06:31,img.clubic.com
2014-04-04 14:06:31,www.clubic.com
2014-04-04 14:06:31,hal9000.redintelligence.net
2014-04-04 14:06:31,pixel.alephd.com
2014-04-04 14:06:31,accounts.google.com
2014-04-04 14:06:31,n30.hal9000.redintelligence.net
2014-04-04 14:06:31,www.google.com
2014-04-04 14:06:32,ea.numericable.fr
2014-04-04 14:06:32,connect.facebook.net
2014-04-04 14:06:32,www.clubic.com
2014-04-04 14:06:32,platform.twitter.com
2014-04-04 14:06:33,www.facebook.com
2014-04-04 14:06:35,i1-js-14-3-01-12434-401383070-i.init.cedexis-radar.net
2014-04-04 14:06:35,dps.bing.com
2014-04-04 14:06:41,www.google.fr
2014-04-04 14:06:41,pixel.alephd.com
2014-04-04 14:06:41,www.commentcamarche.net
2014-04-04 14:06:41,ba.commentcamarche.net
2014-04-04 14:06:41,www.facebook.com
2014-04-04 14:06:41,twitter.com
2014-04-04 14:06:41,static.ccm2.net
2014-04-04 14:06:43,plus.google.com
2014-04-04 14:06:43,loadr.exelator.com
2014-04-04 14:06:43,www.facebook.com
2014-04-04 14:06:43,mm.eulerian.net
2014-04-04 14:06:43,pixel.alephd.com
2014-04-04 14:06:43,ba.commentcamarche.net
2014-04-04 14:06:44,www.facebook.com
2014-04-04 14:06:44,twitter.com
2014-04-04 14:06:45,pixel.alephd.com
2014-04-04 14:08:00,drive.google.com
2014-04-04 14:08:43,www.facebook.com
2014-04-04 14:11:23,www.commentcamarche.net
2014-04-04 14:11:23,ba.commentcamarche.net
2014-04-04 14:11:23,www.google.fr
2014-04-04 14:11:24,plus.google.com
2014-04-04 14:11:24,pixel.alephd.com
2014-04-04 14:11:24,static.ccm2.net
2014-04-04 14:11:24,www.facebook.com
2014-04-04 14:11:24,www.google.fr
2014-04-04 14:11:25,apis.google.com
2014-04-04 14:11:25,www.facebook.com
2014-04-04 14:11:26,twitter.com
2014-04-04 14:11:26,ba.commentcamarche.net
2014-04-04 14:11:27,www.facebook.com
2014-04-04 14:11:27,pixel.alephd.com
2014-04-04 14:11:28,pixel.alephd.com
2014-04-04 14:11:30,pixel2368.everesttech.net
2014-04-04 14:11:32,c1.adform.net
2014-04-04 14:11:57,twitter.com
2014-04-04 14:12:01,drive.google.com
2014-04-04 14:12:12,plus.google.com
2014-04-04 14:12:54,pixel2368.everesttech.net
2014-04-04 14:18:00,drive.google.com
2014-04-04 14:24:00,drive.google.com
2014-04-04 14:25:04,0.drive.google.com
2014-04-04 14:25:14,1.docs.google.com
2014-04-04 14:25:19,0.drive.google.com
2014-04-04 14:25:26,1.docs.google.com
2014-04-04 14:25:33,1.docs.google.com
2014-04-04 14:25:33,0.drive.google.com
2014-04-04 14:25:43,0.drive.google.com
2014-04-04 14:25:48,1.docs.google.com
2014-04-04 14:26:14,0.drive.google.com
2014-04-04 14:26:18,www.google.com
2014-04-04 14:26:19,1.docs.google.com
2014-04-04 14:26:20,clients6.google.com
2014-04-04 14:26:20,0.drive.google.com
2014-04-04 14:27:50,docs.google.com
2014-04-04 14:30:14,www.google.com
2014-04-04 14:30:18,www.google.com
2014-04-04 14:31:50,docs.google.com
2014-04-04 14:32:00,drive.google.com
2014-04-04 14:32:13,plus.google.com
2014-04-04 14:43:33,fr.ask.com
2014-04-04 14:43:33,www.google.com
2014-04-04 14:43:33,search.mywebs.pro
2014-04-04 14:43:34,sp.fr.ask.com
2014-04-04 14:43:34,fr.ask.com
2014-04-04 14:43:34,www.google.com
2014-04-04 14:43:47,www.google.com
2014-04-04 14:43:48,www.google.fr
2014-04-04 14:43:48,plus.google.com
2014-04-04 14:43:53,plus.google.com
2014-04-04 14:43:55,bibliotheque.clermont-universite.fr
2014-04-04 14:43:55,www.google.com
2014-04-04 14:43:55,www.google.fr
2014-04-04 14:43:55,plus.google.com
2014-04-04 14:43:56,bibliotheque.clermont-universite.fr
2014-04-04 14:44:00,drive.google.com
2014-04-04 14:44:07,catalogue.clermont-universite.fr
2014-04-04 14:44:10,books.google.com
2014-04-04 14:44:10,bibliotheque.clermont-universite.fr
2014-04-04 14:44:10,catalogue.clermont-universite.fr
2014-04-04 14:45:43,catalogue.clermont-universite.fr
2014-04-04 14:45:44,books.google.com
2014-04-04 14:45:44,bibliotheque.clermont-universite.fr
2014-04-04 14:45:44,catalogue.clermont-universite.fr
2014-04-04 14:52:13,plus.google.com
2014-04-04 15:00:53,1.talkgadget.google.com
2014-04-04 15:00:55,1.talkgadget.google.com
2014-04-04 15:00:55,plus.google.com
2014-04-04 15:00:56,1.talkgadget.google.com
2014-04-04 15:00:57,1.talkgadget.google.com
2014-04-04 15:00:57,docs.google.com
2014-04-04 15:01:28,1.talkgadget.google.com
2014-04-04 15:01:28,1.docs.google.com
2014-04-04 15:01:29,1.talkgadget.google.com
2014-04-04 15:01:30,0.drive.google.com
2014-04-04 15:01:32,drive.google.com
2014-04-04 15:01:32,1.talkgadget.google.com
2014-04-04 15:01:32,plus.google.com
2014-04-04 15:01:32,apis.google.com
2014-04-04 15:02:26,1.docs.google.com
2014-04-04 15:04:56,1.talkgadget.google.com
2014-04-04 15:06:29,www.google.com
2014-04-04 15:09:05,www.google.fr
2014-04-04 15:09:05,plus.google.com
2014-04-04 15:09:05,www.google.com
2014-04-04 15:09:05,fr.wikipedia.org
2014-04-04 15:09:05,bits.wikimedia.org
2014-04-04 15:09:06,fr.wikipedia.org
2014-04-04 15:09:06,meta.wikimedia.org
2014-04-04 15:09:06,login.wikimedia.org
2014-04-04 15:09:06,bits.wikimedia.org
2014-04-04 15:13:10,1.talkgadget.google.com
2014-04-04 15:13:17,clients2.google.com
2014-04-04 15:13:17,1.docs.google.com
2014-04-04 15:13:17,1.talkgadget.google.com
2014-04-04 15:13:18,clients6.google.com
2014-04-04 15:13:20,2.docs.google.com
2014-04-04 15:13:21,2.docs.google.com
2014-04-04 15:13:22,2.talkgadget.google.com
2014-04-04 15:13:22,docs.google.com
2014-04-04 15:13:23,docs.google.com
2014-04-04 15:13:23,2.talkgadget.google.com
2014-04-04 15:13:24,docs.google.com
2014-04-04 15:13:24,apis.google.com
2014-04-04 15:13:24,2.talkgadget.google.com
2014-04-04 15:14:23,2.talkgadget.google.com
2014-04-04 15:14:23,plus.google.com
2014-04-04 15:14:23,docs.google.com
2014-04-04 15:14:51,2.talkgadget.google.com
2014-04-04 15:15:17,2.talkgadget.google.com
2014-04-04 15:16:07,docs.google.com
2014-04-04 15:17:15,drive.google.com
2014-04-04 15:18:00,drive.google.com
2014-04-04 15:18:23,www.google.com
2014-04-04 15:19:16,docs.google.com
2014-04-04 15:21:10,docs.google.com
2014-04-04 15:23:23,2.talkgadget.google.com
2014-04-04 15:23:24,www.google.fr
2014-04-04 15:23:25,plus.google.com
2014-04-04 15:23:30,plus.google.com
2014-04-04 15:23:49,plus.google.com
2014-04-04 15:23:49,www.google.fr
2014-04-04 15:23:50,www.google.fr
2014-04-04 15:23:50,media.experts-univers.com
2014-04-04 15:23:50,ajax.googleapis.com
2014-04-04 15:23:50,platform.twitter.com
2014-04-04 15:23:50,experts-univers.com
2014-04-04 15:23:50,platform.linkedin.com
2014-04-04 15:23:51,connect.facebook.net
2014-04-04 15:23:51,www.linkedin.com
2014-04-04 15:23:51,platform.linkedin.com
2014-04-04 15:23:51,apis.google.com
2014-04-04 15:23:51,accounts.google.com
2014-04-04 15:23:52,apis.google.com
2014-04-04 15:23:52,twitter.com
2014-04-04 15:23:52,platform.twitter.com
2014-04-04 15:23:52,www.facebook.com
2014-04-04 15:23:52,experts-univers.com
2014-04-04 15:23:59,www.linkedin.com
2014-04-04 15:24:04,twitter.com
2014-04-04 15:24:04,www.google.fr
2014-04-04 15:24:07,developer.android.com
2014-04-04 15:24:07,www.google.fr
2014-04-04 15:24:07,plus.google.com
2014-04-04 15:24:07,s5.scribdassets.com
2014-04-04 15:24:07,s7.scribdassets.com
2014-04-04 15:24:07,fr.scribd.com
2014-04-04 15:24:07,html1.scribdassets.com
2014-04-04 15:24:07,s6.scribdassets.com
2014-04-04 15:24:07,imgv2-3.scribdassets.com
2014-04-04 15:24:07,imgv2-1.scribdassets.com
2014-04-04 15:24:07,html4.scribdassets.com
2014-04-04 15:24:07,html2.scribdassets.com
2014-04-04 15:24:07,htmlimg3.scribdassets.com
2014-04-04 15:24:07,htmlimg2.scribdassets.com
2014-04-04 15:24:07,htmlimg1.scribdassets.com
2014-04-04 15:24:07,rs5.scribd.com
2014-04-04 15:24:07,imgv2-2.scribdassets.com
2014-04-04 15:24:08,um.simpli.fi
2014-04-04 15:24:08,s5.scribdassets.com
2014-04-04 15:24:08,www.facebook.com
2014-04-04 15:24:08,connect.facebook.net
2014-04-04 15:24:08,fr.scribd.com
2014-04-04 15:24:08,imgv2-4.scribdassets.com
2014-04-04 15:24:08,rs5.scribd.com
2014-04-04 15:24:08,imgv2-2.scribdassets.com
2014-04-04 15:24:09,www.scribd.com
2014-04-04 15:24:09,www.facebook.com
2014-04-04 15:24:09,um.simpli.fi
2014-04-04 15:24:09,ce.lijit.com
2014-04-04 15:24:09,fr.scribd.com
2014-04-04 15:24:10,um.simpli.fi
2014-04-04 15:24:10,www.google.com
2014-04-04 15:24:10,www.scribd.com
2014-04-04 15:24:13,user-disp.tidaltv.com
2014-04-04 15:24:13,apnx-match.dotomi.com
2014-04-04 15:24:14,dtm.venus.com
2014-04-04 15:24:14,apnx-match.dotomi.com
2014-04-04 15:24:15,imgv2-1.scribdassets.com
2014-04-04 15:24:15,imgv2-4.scribdassets.com
2014-04-04 15:24:15,imgv2-3.scribdassets.com
2014-04-04 15:24:15,imgv2-2.scribdassets.com
2014-04-04 15:24:15,s5.scribdassets.com
2014-04-04 15:24:15,um.simpli.fi
2014-04-04 15:24:16,cm.adgrx.com
2014-04-04 15:24:38,rs5.scribd.com
2014-04-04 15:25:01,rs5.scribd.com
2014-04-04 15:25:31,rs5.scribd.com
2014-04-04 15:26:57,docs.google.com
2014-04-04 15:27:24,www.google.com
2014-04-04 15:29:11,rs5.scribd.com
2014-04-04 15:29:12,rs5.scribd.com
2014-04-04 15:29:28,2.talkgadget.google.com
2014-04-04 15:30:10,0.drive.google.com
2014-04-04 15:30:16,plus.google.com
2014-04-04 15:30:16,drive.google.com
2014-04-04 15:30:17,2.talkgadget.google.com
2014-04-04 15:30:17,2.docs.google.com
2014-04-04 15:30:17,docs.google.com
2014-04-04 15:30:26,www.google.com
2014-04-04 15:30:26,www.google.fr
2014-04-04 15:30:27,apis.google.com
2014-04-04 15:30:27,plus.google.com
2014-04-04 15:30:28,accounts.google.com
2014-04-04 15:30:29,plus.google.com
2014-04-04 15:30:32,accounts.youtube.com
2014-04-04 15:30:34,apis.google.com
2014-04-04 15:30:34,accounts.google.fr
2014-04-04 15:30:34,plus.google.com
2014-04-04 15:30:34,www.google.fr
2014-04-04 15:30:35,www.google.com
2014-04-04 15:30:35,www.google.fr
2014-04-04 15:30:37,accounts.google.com
2014-04-04 15:30:44,www.google.fr
2014-04-04 15:30:44,apis.google.com
2014-04-04 15:30:44,www.google.com
2014-04-04 15:30:44,accounts.google.fr
2014-04-04 15:30:44,accounts.youtube.com
2014-04-04 15:30:55,www.google.com
2014-04-04 15:30:55,www.google.fr
2014-04-04 15:30:56,apis.google.com
2014-04-04 15:30:58,www.google.fr
2014-04-04 15:30:58,apis.google.com
2014-04-04 15:30:58,www.google.com
2014-04-18 14:47:53,www.google.fr
2014-04-18 14:47:53,google.fr
2014-04-18 14:48:14,www.google.fr
2014-04-18 14:48:15,apis.google.com
2014-04-18 14:48:18,www.google.com
2014-04-18 14:48:20,www.google.com
2014-04-18 14:48:20,accounts.google.com
2014-04-18 14:48:20,www.google.fr
2014-04-18 14:48:20,apis.google.com
2014-04-18 14:48:20,accounts.youtube.com
2014-04-18 14:48:47,www.google.fr
2014-04-18 14:48:59,www.google.fr
2014-04-18 14:48:59,accounts.google.fr
2014-04-18 14:49:00,www.google.com
2014-04-18 14:49:05,plus.google.com
2014-04-18 14:49:54,accounts.google.com
2014-04-18 14:49:58,accounts.youtube.com
2014-04-18 14:49:58,ieonline.microsoft.com
2014-04-18 14:50:06,plus.google.com
2014-04-18 14:50:10,drive.google.com
2014-04-18 14:50:10,accounts.google.fr
2014-04-18 14:50:10,www.google.fr
2014-04-18 14:50:11,drive.google.com
2014-04-18 14:50:11,plus.google.com
2014-04-18 14:50:11,www.google.com
2014-04-18 14:50:11,apis.google.com
2014-04-18 14:50:11,accounts.google.com
2014-04-18 14:50:13,0.drive.google.com
2014-04-18 14:50:14,0.drive.google.com
2014-04-18 14:50:16,apis.google.com
2014-04-18 14:50:16,drive.google.com
2014-04-18 14:50:16,docs.google.com
2014-04-18 14:50:16,plus.google.com
2014-04-18 14:50:17,drive.google.com
2014-04-18 14:50:17,docs.google.com
2014-04-18 14:50:19,lh6.google.com
2014-04-18 14:50:19,apis.google.com
2014-04-18 14:50:19,lh3.google.com
2014-04-18 14:50:19,docs.google.com
2014-04-18 14:50:19,drive.google.com
2014-04-18 14:50:22,accounts.google.com
2014-04-18 14:50:22,lh6.google.com
2014-04-18 14:50:22,lh3.google.com
2014-04-18 14:50:33,gg.google.com
2014-04-18 14:50:40,drive.google.com
2014-04-18 14:50:43,docs.google.com
2014-04-18 14:50:46,www.google.com
2014-04-18 14:50:47,drive.google.com
2014-04-18 14:50:57,accounts.google.com
2014-04-18 14:51:24,docs.google.com
2014-04-18 14:51:26,apis.google.com
2014-04-18 14:51:27,0.docs.google.com
2014-04-18 14:51:28,docs.google.com
2014-04-18 14:51:28,0.docs.google.com
2014-04-18 14:52:14,drive.google.com
2014-04-18 14:52:50,docs.google.com
2014-04-18 14:52:58,docs.google.com
2014-04-18 14:52:58,accounts.google.com
2014-04-18 14:52:58,www.google.com
2014-04-18 14:52:58,drive.google.com
2014-04-18 14:53:04,docs.google.com
2014-04-18 14:53:04,drive.google.com
2014-04-18 14:53:05,0.drive.google.com
2014-04-18 14:53:08,1.drive.google.com
2014-04-18 14:53:09,1.drive.google.com
2014-04-18 14:53:11,docs.google.com
2014-04-18 14:53:11,gg.google.com
2014-04-18 14:53:51,0.docs.google.com
2014-04-18 14:53:51,apis.google.com
2014-04-18 14:54:05,www.google.com
2014-04-18 14:54:18,drive.google.com
2014-04-18 14:54:18,docs.google.com
2014-04-18 14:54:20,docs.google.com
2014-04-18 14:54:21,docs.google.com
2014-04-18 14:54:22,docs.google.com
2014-04-18 14:54:23,plus.google.com
2014-04-18 14:54:23,1.drive.google.com
2014-04-18 14:54:23,www.google.com
2014-04-18 14:54:23,drive.google.com
2014-04-18 14:54:23,gg.google.com
2014-04-18 14:54:23,accounts.google.com
2014-04-18 14:54:23,www.google.fr
2014-04-18 14:54:29,accounts.google.fr
2014-04-18 14:54:29,www.google.fr
2014-04-18 14:54:29,docs.google.com
2014-04-18 14:54:34,www.google.fr
2014-04-18 14:54:34,accounts.google.com
2014-04-18 14:54:34,www.google.com
2014-04-18 14:54:34,drive.google.com
2014-04-18 14:54:34,accounts.youtube.com
2014-04-18 14:54:35,www.google.fr
2014-04-18 15:09:37,www.google.fr
2014-04-18 15:09:49,www.google.fr
2014-04-18 15:10:06,www.google.fr
2014-04-18 15:10:06,www.commentcamarche.net
2014-04-18 15:10:07,www.commentcamarche.net
2014-04-18 15:10:07,r.ccmbg.com
2014-04-18 15:10:07,static.ccm2.net
2014-04-18 15:10:07,static.commentcamarche.net
2014-04-18 15:10:07,ba.commentcamarche.net
2014-04-18 15:10:07,as.beead.net
2014-04-18 15:10:07,www.facebook.com
2014-04-18 15:10:08,as.beead.net
2014-04-18 15:10:08,static.ak.facebook.com
2014-04-18 15:10:08,fpdownload2.macromedia.com
2014-04-18 15:10:08,pixel.alephd.com
2014-04-18 15:10:08,ba.commentcamarche.net
2014-04-18 15:10:08,www.commentcamarche.net
2014-04-18 15:10:08,static.ccmbg.com
2014-04-18 15:10:08,connect.facebook.net
2014-04-18 15:10:08,static.ccm2.net
2014-04-18 15:10:08,platform.twitter.com
2014-04-18 15:10:08,www.facebook.com
2014-04-18 15:10:08,s-static.ak.facebook.com
2014-04-18 15:10:09,hal9000.redintelligence.net
2014-04-18 15:10:09,static.ccm2.net
2014-04-18 15:10:09,www.effiliation-hebergement.com
2014-04-18 15:10:10,as.beead.net
2014-04-18 15:10:10,static.ebz.io
2014-04-18 15:10:10,ea.numericable.fr
2014-04-18 15:10:17,twitter.com
2014-04-18 15:10:18,twitter.com
2014-04-18 15:10:19,apis.google.com
2014-04-18 15:10:22,twitter.com
2014-04-18 15:10:22,accounts.google.com
2014-04-18 15:10:22,www.commentcamarche.net
2014-04-18 15:10:23,www.facebook.com
2014-04-18 15:10:23,apis.google.com
2014-04-18 15:10:26,dps.bing.com
2014-04-18 15:12:26,apis.google.com
2014-04-18 15:12:26,accounts.google.com
2014-04-18 15:17:31,hal9000.redintelligence.net
2014-04-18 15:18:59,www.google.fr
2014-04-18 15:19:06,ba.commentcamarche.net
2014-04-18 15:19:07,www.google.fr
2014-04-18 15:19:07,ba.commentcamarche.net
2014-04-18 15:19:08,www.google.com
2014-04-18 15:19:08,ba.commentcamarche.net
2014-04-18 15:19:08,platform.twitter.com
2014-04-18 15:19:08,s-static.ak.facebook.com
2014-04-18 15:19:08,pixel.alephd.com
2014-04-18 15:19:09,apis.google.com
2014-04-18 15:19:10,static.ebz.io
2014-04-18 15:19:10,www.google.fr
2014-04-18 15:19:11,twitter.com
2014-04-18 15:19:17,ajax.googleapis.com
2014-04-18 15:19:18,www.facebook.com
2014-04-18 15:19:18,static.ccmbg.com
2014-04-18 15:19:21,www.google.fr
2014-04-18 15:19:34,js.microsoft.com
2014-04-18 15:19:34,c.msn.com
2014-04-18 15:19:34,office.microsoft.com
2014-04-18 15:19:34,www.google.fr
2014-04-18 15:19:35,office.microsoft.com
2014-04-18 15:19:35,c.msn.com
2014-04-18 15:19:35,js.microsoft.com
2014-04-18 15:20:01,ieonline.microsoft.com
2014-04-18 15:21:47,ajax.googleapis.com
2014-04-18 15:31:15,www.google.fr
2014-04-18 15:31:16,connect.facebook.net
2014-04-18 15:31:16,platform.twitter.com
2014-04-18 15:31:16,www.google.fr
2014-04-18 15:31:16,www.excel-pratique.com
2014-04-18 15:31:16,s-static.ak.facebook.com
2014-04-18 15:31:17,www.facebook.com
2014-04-18 15:31:26,twitter.com
2014-04-18 15:31:28,apis.google.com
2014-04-18 15:31:31,apis.google.com
2014-04-18 15:31:31,twitter.com
2014-04-18 15:31:31,accounts.google.com
2014-04-18 15:31:31,www.excel-pratique.com
2014-04-18 15:34:25,accounts.google.com
2014-04-18 15:34:25,apis.google.com
2014-04-18 15:52:58,google.fr
2014-04-18 15:52:58,www.google.fr
2014-04-18 15:52:59,www.google.fr
2014-04-18 15:53:00,www.google.com
2014-04-18 15:53:00,apis.google.com
2014-04-18 15:53:16,www.google.com
2014-04-18 15:53:16,www.google.fr
2014-04-18 15:53:16,apis.google.com
2014-04-18 15:53:20,www.google.fr
2014-04-18 15:54:54,ieonline.microsoft.com
2014-04-18 15:55:44,google.fr
2014-04-18 15:55:44,www.google.fr
2014-04-18 15:55:47,www.google.fr
2014-04-18 15:55:48,www.google.com
2014-04-18 15:55:48,apis.google.com
2014-04-18 15:56:00,www.google.fr
2014-04-18 15:56:00,apis.google.com
2014-04-18 15:56:00,www.google.com
2014-04-18 15:58:12,ieonline.microsoft.com
2014-04-18 16:01:46,www.google.fr
2014-04-18 16:03:22,us-request.foxitservice.com
2014-04-18 16:03:46,www.google.fr
2014-04-18 16:04:14,ba.commentcamarche.net
2014-04-18 16:04:14,platform.twitter.com
2014-04-18 16:04:14,www.commentcamarche.net
2014-04-18 16:04:14,www.google.fr
2014-04-18 16:04:14,www.facebook.com
2014-04-18 16:04:14,static.ccm2.net
2014-04-18 16:04:14,r.ccmbg.com
2014-04-18 16:04:14,ajax.googleapis.com
2014-04-18 16:04:15,ba.commentcamarche.net
2014-04-18 16:04:15,static.ccm2.net
2014-04-18 16:04:15,pixel.alephd.com
2014-04-18 16:04:15,twitter.com
2014-04-18 16:04:15,www.facebook.com
2014-04-18 16:04:15,loadr.exelator.com
2014-04-18 16:04:16,s-static.ak.facebook.com
2014-04-18 16:04:16,www.facebook.com
2014-04-18 16:04:16,pixel.alephd.com
2014-04-18 16:04:16,platform.twitter.com
2014-04-18 16:04:16,static.ccmbg.com
2014-04-18 16:04:16,hal9000.redintelligence.net
2014-04-18 16:04:16,static.ccm2.net
2014-04-18 16:04:16,ba.commentcamarche.net
2014-04-18 16:04:16,connect.facebook.net
2014-04-18 16:04:16,static.ak.facebook.com
2014-04-18 16:04:16,twitter.com
2014-04-18 16:04:16,www.commentcamarche.net
2014-04-18 16:04:17,hal9000.redintelligence.net
2014-04-18 16:04:18,www.facebook.com
2014-04-18 16:04:18,datayr.yves-rocher.fr
2014-04-18 16:04:18,ea.numericable.fr
2014-04-18 16:04:18,images.yves-rocher.fr
2014-04-18 16:04:18,www.commentcamarche.net
2014-04-18 16:04:21,i1-js-14-3-01-10165-770483835-i.init.cedexis-radar.net
2014-04-18 16:04:22,d1r2y962f8isle.cloudfront.net
2014-04-18 16:04:23,d1r2y962f8isle.cloudfront.net
2014-04-18 16:04:23,dps.bing.com
2014-04-18 16:04:24,static.ccm2.net
2014-04-18 16:04:45,www.coursbardon-microsoftoffice.fr
2014-04-18 16:04:45,www.google.fr
2014-04-18 16:04:45,twitter.com
2014-04-18 16:04:46,www.coursbardon-microsoftoffice.fr
2014-04-18 16:10:37,www.mathforu.com
2014-04-18 16:10:45,www.google.fr
2014-04-18 16:10:45,www.commentcamarche.net
2014-04-18 16:10:46,www.google.fr
2014-04-18 16:10:46,www.google.com
2014-04-18 16:10:46,ba.commentcamarche.net
2014-04-18 16:10:46,kh6qrx0f8h.s.ad6media.fr
2014-04-18 16:10:48,twitter.com
2014-04-18 16:10:48,ba.commentcamarche.net
2014-04-18 16:10:48,pixel.alephd.com
2014-04-18 16:10:48,platform.twitter.com
2014-04-18 16:10:48,www.facebook.com
2014-04-18 16:10:48,s-static.ak.facebook.com
2014-04-18 16:10:50,www.google.fr
2014-04-18 16:10:50,www.coursbardon-microsoftoffice.fr
2014-04-18 16:11:19,twitter.com
2014-04-18 16:12:07,www.google.fr
2014-04-18 16:28:17,ieonline.microsoft.com
2014-04-18 16:33:58,office.microsoft.com
2014-04-18 16:33:58,www.google.fr
2014-04-18 16:33:59,c.msn.com
2014-04-18 16:33:59,office.microsoft.com
2014-04-18 16:33:59,js.microsoft.com
2014-04-18 16:34:09,www.google.fr
2014-04-18 16:34:10,www.pcastuces.com
2014-04-18 16:34:11,images.pcworld.com
2014-04-18 16:34:11,static.ak.facebook.com
2014-04-18 16:34:11,platform.twitter.com
2014-04-18 16:34:11,connect.facebook.net
2014-04-18 16:34:11,images.pcastuces.com
2014-04-18 16:34:11,divers.pcastuces.com
2014-04-18 16:34:11,www.pcastuces.com
2014-04-18 16:34:11,s-static.ak.facebook.com
2014-04-18 16:34:11,www.google.fr
2014-04-18 16:34:12,www.facebook.com
2014-04-18 16:34:12,platform.twitter.com
2014-04-18 16:34:12,www.pcastuces.com
2014-04-18 16:34:12,www.google.com
2014-04-18 16:34:42,twitter.com
2014-04-18 16:37:56,www.google.com
2014-04-18 16:38:44,divers.pcastuces.com
2014-04-18 16:38:44,s-static.ak.facebook.com
2014-04-18 16:38:44,www.facebook.com
2014-04-18 16:38:44,images.pcastuces.com
2014-04-18 16:38:44,images.pcworld.com
2014-04-18 16:38:44,platform.twitter.com
2014-04-18 16:38:44,connect.facebook.net
2014-04-18 16:38:44,www.pcastuces.com
2014-04-18 16:38:44,static.ak.facebook.com
2014-04-18 16:38:50,www.google.fr
2014-04-18 16:39:13,www.google.fr
2014-04-18 16:39:13,static.ccmbg.com
2014-04-18 16:39:13,cdc.linternaute.com
2014-04-18 16:39:13,r.ccmbg.com
2014-04-18 16:39:13,www.google.com
2014-04-18 16:39:13,twitter.com
2014-04-18 16:39:13,www.linternaute.com
2014-04-18 16:39:14,ajax.googleapis.com
2014-04-18 16:39:14,static.ccmbg.com
2014-04-18 16:39:14,assets.ebz.io
2014-04-18 16:39:14,www.linternaute.com
2014-04-18 16:39:14,cdc.linternaute.com
2014-04-18 16:39:15,player.mediabong.com
2014-04-18 16:39:15,r.ccmbg.com
2014-04-18 16:39:15,www.linternaute.com
2014-04-18 16:39:15,static.ccmbg.com
2014-04-18 16:39:16,r.ccmbg.com
2014-04-18 16:39:16,accounts.google.com
2014-04-18 16:39:16,widgets.pinterest.com
2014-04-18 16:39:16,endor.mediabong.com
2014-04-18 16:39:16,www.facebook.com
2014-04-18 16:39:16,apis.google.com
2014-04-18 16:39:16,player.mediabong.com
2014-04-18 16:39:16,assets.ebz.io
2014-04-18 16:39:16,static.mediabong.com
2014-04-18 16:39:17,apis.google.com
2014-04-18 16:39:17,twitter.com
2014-04-18 16:39:17,static.mediabong.com
2014-04-18 16:39:17,www.linkedin.com
2014-04-18 16:39:17,player.mediabong.net
2014-04-18 16:39:19,platform.twitter.com
2014-04-18 16:41:40,accounts.google.com
2014-04-18 16:41:40,platform.twitter.com
2014-04-18 16:46:31,i-cms.linternaute.com
2014-04-18 16:46:31,www.linternaute.com
2014-04-18 16:46:53,office.microsoft.com
2014-04-18 16:46:53,www.google.fr
2014-04-18 16:46:54,office.microsoft.com
2014-04-18 16:46:55,c.msn.com
2014-04-18 16:48:31,www.google.fr
2014-04-18 16:49:57,r.ccmbg.com
2014-04-18 16:49:57,www.google.fr
2014-04-18 16:49:57,www.commentcamarche.net
2014-04-18 16:49:57,ba.commentcamarche.net
2014-04-18 16:49:57,static.commentcamarche.net
2014-04-18 16:49:57,www.facebook.com
2014-04-18 16:49:57,static.ccm2.net
2014-04-18 16:49:58,www.facebook.com
2014-04-18 16:49:58,pixel.alephd.com
2014-04-18 16:49:58,s-static.ak.facebook.com
2014-04-18 16:49:58,platform.twitter.com
2014-04-18 16:49:59,platform.twitter.com
2014-04-18 16:49:59,www.facebook.com
2014-04-18 16:49:59,static.ccm2.net
2014-04-18 16:49:59,apis.google.com
2014-04-18 16:50:00,accounts.google.com
2014-04-18 16:50:29,twitter.com
2014-04-18 16:57:08,www.facebook.com
2014-04-18 16:57:09,www.facebook.com
2014-04-18 16:57:10,www.facebook.com
2014-04-18 16:57:12,www.facebook.com
2014-04-18 16:57:13,www.facebook.com
2014-04-18 16:57:14,www.facebook.com
2014-04-18 16:57:15,www.facebook.com
2014-04-18 16:57:16,www.facebook.com
2014-04-18 16:57:17,www.facebook.com
2014-04-18 16:57:31,www.google.fr
2014-04-18 16:58:17,ieonline.microsoft.com
2014-04-18 16:58:44,www.google.fr
2014-04-18 17:00:14,www.google.fr
2014-04-18 17:28:14,ieonline.microsoft.com
2014-04-25 15:42:54,sci.sciences.univ-bpclermont.fr
2014-04-25 15:42:55,sci.sciences.univ-bpclermont.fr
2014-04-25 15:42:55,ocsp.thawte.com
2014-04-25 15:42:56,clients1.google.com
2014-04-25 15:42:56,gtglobal-ocsp.geotrust.com
2014-04-25 15:43:12,clients1.google.com
2014-04-25 15:43:56,c2i.univ-bpclermont.fr
2014-04-25 15:43:56,o2i.univ-bpclermont.fr
2014-04-25 15:43:56,www.google.fr
2014-04-25 15:44:04,o2i.univ-bpclermont.fr
2014-04-25 15:44:06,gtssl-ocsp.geotrust.com
2014-04-25 15:44:10,o2i.univ-bpclermont.fr
2014-04-25 15:45:01,safebrowsing.clients.google.com
2014-04-25 15:45:01,safebrowsing-cache.google.com
2014-04-25 15:45:02,safebrowsing-cache.google.com
2014-04-25 15:45:51,sb-ssl.google.com
2014-04-25 15:46:48,www.google.com
2014-04-25 15:46:52,www.google.fr
2014-04-25 15:46:52,apis.google.com
2014-04-25 15:47:17,sci.sciences.univ-bpclermont.fr
2014-04-25 15:50:51,ocsp.verisign.com
2014-04-25 15:52:51,ocsp.digicert.com
2014-04-25 16:01:01,o2i.univ-bpclermont.fr
2014-04-25 16:01:02,o2i.univ-bpclermont.fr
2014-04-25 16:01:04,o2i.univ-bpclermont.fr
2014-04-25 16:01:14,o2i.univ-bpclermont.fr
2014-04-25 16:13:55,safebrowsing.clients.google.com
2014-04-25 16:13:55,safebrowsing-cache.google.com
2014-04-25 16:39:23,o2i.univ-bpclermont.fr
2014-04-25 16:39:24,o2i.univ-bpclermont.fr
2014-04-25 16:39:28,o2i.univ-bpclermont.fr
2014-04-25 16:39:29,o2i.univ-bpclermont.fr
2014-04-25 16:39:35,o2i.univ-bpclermont.fr
2014-04-25 16:39:37,o2i.univ-bpclermont.fr
2014-04-25 16:39:38,o2i.univ-bpclermont.fr
2014-04-25 16:39:40,o2i.univ-bpclermont.fr
2014-04-25 16:39:41,o2i.univ-bpclermont.fr
2014-04-25 16:39:54,o2i.univ-bpclermont.fr
2014-04-25 16:39:54,c2i.univ-bpclermont.fr
