timestamp,site
2013-11-29 12:38:38,fpdownload2.macromedia.com
2013-11-29 12:38:48,google.fr
2013-11-29 12:38:48,www.google.fr
2013-11-29 12:39:00,www.google.fr
2013-11-29 12:39:00,apis.google.com
2013-11-29 12:39:03,www.google.com
2013-11-29 12:39:10,www.google.fr
2013-11-29 12:39:10,apis.google.com
2013-11-29 12:39:10,www.google.com
2013-11-29 12:41:45,www.google.fr
2013-11-29 12:41:45,apis.google.com
2013-11-29 12:41:47,www.google.com
2013-11-29 12:41:48,www.google.com
2013-11-29 12:44:04,www.google.fr
2013-11-29 12:44:04,apis.google.com
2013-11-29 12:44:04,www.google.com
2013-12-18 13:06:46,fpdownload2.macromedia.com
2013-12-18 13:06:58,www.google.fr
2013-12-18 13:07:10,www.google.fr
2013-12-18 13:07:11,apis.google.com
2013-12-18 13:07:13,www.google.com
2013-12-18 13:07:30,drive.google.com
2013-12-18 13:07:32,accounts.google.com
2013-12-18 13:07:33,www.google.fr
2013-12-18 13:07:35,www.google.fr
2013-12-18 13:07:35,accounts.youtube.com
2013-12-18 13:08:09,www.google.fr
2013-12-18 13:08:20,accounts.google.fr
2013-12-18 13:08:21,apis.google.com
2013-12-18 13:08:21,www.google.com
2013-12-18 13:08:21,accounts.google.com
2013-12-18 13:08:22,apis.google.com
2013-12-18 13:08:22,drive.google.com
2013-12-18 13:08:22,accounts.google.fr
2013-12-18 13:08:22,accounts.youtube.com
2013-12-18 13:08:24,drive.google.com
2013-12-18 13:08:25,0.drive.google.com
2013-12-18 13:08:32,plus.google.com
2013-12-18 13:08:32,docs.google.com
2013-12-18 13:08:32,www.google.com
2013-12-18 13:08:32,drive.google.com
2013-12-18 13:08:42,docs.google.com
2013-12-18 13:08:43,docs.google.com
2013-12-18 13:08:47,docs.google.com
2013-12-18 13:08:48,apis.google.com
2013-12-18 13:09:01,plus.google.com
2013-12-18 13:09:01,drive.google.com
2013-12-18 13:09:02,drive.google.com
2013-12-18 13:09:02,docs.google.com
2013-12-18 13:09:03,clients6.google.com
2013-12-18 13:09:03,www.google.com
2013-12-18 13:09:03,docs.google.com
2013-12-18 13:09:04,docs.google.com
2013-12-18 13:09:04,accounts.google.com
2013-12-18 13:09:05,0.docs.google.com
2013-12-18 13:09:05,apis.google.com
2013-12-18 13:09:05,clients6.google.com
2013-12-18 13:09:07,drive.google.com
2013-12-18 13:09:07,docs.google.com
2013-12-18 13:09:08,docs.google.com
2013-12-18 13:09:10,docs.google.com
2013-12-18 13:09:11,apis.google.com
2013-12-18 13:09:11,docs.google.com
2013-12-18 13:09:11,clients2.google.com
2013-12-18 13:09:13,www.google.com
2013-12-18 13:09:13,1.docs.google.com
2013-12-18 13:09:13,2.docs.google.com
2013-12-18 13:09:14,accounts.google.com
2013-12-18 13:09:14,docs.google.com
2013-12-18 13:09:14,apis.google.com
2013-12-18 13:09:14,www.google.com
2013-12-18 13:09:16,docs.google.com
2013-12-18 13:09:16,3.docs.google.com
2013-12-18 13:09:17,accounts.google.com
2013-12-18 13:09:18,docs.google.com
2013-12-18 13:09:20,apis.google.com
2013-12-18 13:09:20,www.google.com
2013-12-18 13:09:21,www.google.com
2013-12-18 13:09:23,accounts.google.com
2013-12-18 13:09:23,apis.google.com
2013-12-18 13:09:23,4.docs.google.com
2013-12-18 13:09:26,clients6.google.com
2013-12-18 13:09:28,clients6.google.com
2013-12-18 13:09:31,gg.google.com
2013-12-18 13:09:35,clients6.google.com
2013-12-18 13:09:52,apis.google.com
2013-12-18 13:09:53,www.google.com
2013-12-18 13:09:53,accounts.google.com
2013-12-18 13:09:53,clients6.google.com
2013-12-18 13:10:03,5.docs.google.com
2013-12-18 13:10:09,accounts.google.com
2013-12-18 13:10:13,www.google.fr
2013-12-18 13:10:13,apis.google.com
2013-12-18 13:10:15,www.google.com
2013-12-18 13:10:18,plus.google.com
2013-12-18 13:10:38,docs.google.com
2013-12-18 13:10:38,5.docs.google.com
2013-12-18 13:10:50,docs.google.com
2013-12-18 13:11:10,docs.google.com
2013-12-18 13:11:10,2.docs.google.com
2013-12-18 13:11:12,docs.google.com
2013-12-18 13:11:17,apis.google.com
2013-12-18 13:11:17,www.google.com
2013-12-18 13:11:27,plus.google.com
2013-12-18 13:11:34,docs.google.com
2013-12-18 13:11:34,4.docs.google.com
2013-12-18 13:11:37,docs.google.com
2013-12-18 13:11:39,www.google.com
2013-12-18 13:11:39,accounts.google.com
2013-12-18 13:11:39,clients6.google.com
2013-12-18 13:11:47,www.google.fr
2013-12-18 13:11:52,0.docs.google.com
2013-12-18 13:11:52,docs.google.com
2013-12-18 13:11:54,docs.google.com
2013-12-18 13:12:13,docs.google.com
2013-12-18 13:12:13,3.docs.google.com
2013-12-18 13:12:15,docs.google.com
2013-12-18 13:12:18,apis.google.com
2013-12-18 13:12:18,clients6.google.com
2013-12-18 13:13:14,docs.google.com
2013-12-18 13:13:14,accounts.google.com
2013-12-18 13:13:26,clients6.google.com
2013-12-18 13:13:31,gg.google.com
2013-12-18 13:13:39,plus.google.com
2013-12-18 13:13:51,drive.google.com
2013-12-18 13:14:24,drive.google.com
2013-12-18 13:15:52,docs.google.com
2013-12-18 13:16:24,drive.google.com
2013-12-18 13:17:09,docs.google.com
2013-12-18 13:20:25,drive.google.com
2013-12-18 13:20:58,docs.google.com
2013-12-18 13:20:58,1.docs.google.com
2013-12-18 13:21:00,docs.google.com
2013-12-18 13:21:00,plus.google.com
2013-12-18 13:21:00,0.drive.google.com
2013-12-20 11:18:50,google.fr
2013-12-20 11:18:50,www.google.fr
2013-12-20 11:19:02,www.google.fr
2013-12-20 11:19:03,apis.google.com
2013-12-20 11:19:05,www.google.com
2013-12-20 11:19:20,plus.google.com
2013-12-20 11:19:23,www.google.com
2013-12-20 11:19:23,plus.google.com
2013-12-20 11:19:23,apis.google.com
2013-12-20 11:19:23,www.google.fr
2013-12-20 11:19:23,www.convertir-unites.info
2013-12-20 11:19:24,apis.google.com
2013-12-20 11:19:24,www.convertir-unites.info
2013-12-20 11:19:24,www.google.fr
2013-12-20 11:19:25,apis.google.com
2013-12-20 11:19:25,www.google.com
2013-12-20 11:19:27,accounts.google.com
2013-12-20 11:19:46,accounts.google.com
2013-12-20 11:19:47,www.google.com
2013-12-20 11:20:01,accounts.google.com
2013-12-20 11:20:01,plus.google.com
2013-12-20 11:20:01,www.google.fr
2013-12-20 11:20:01,meta.wikimedia.org
2013-12-20 11:20:01,login.wikimedia.org
2013-12-20 11:20:01,bits.wikimedia.org
2013-12-20 11:20:01,fr.wikipedia.org
2013-12-20 11:20:15,bits.wikimedia.org
2013-12-20 11:20:16,bits.wikimedia.org
2013-12-20 11:21:02,bits.wikimedia.org
2013-12-20 11:21:02,www.google.fr
2013-12-20 11:21:03,www.chemteam.info
2013-12-20 11:21:03,plus.google.com
2013-12-20 11:21:03,www.google.fr
2013-12-20 11:21:47,bits.wikimedia.org
2013-12-20 11:21:47,fr.wikipedia.org
2013-12-20 11:21:47,www.google.fr
2013-12-20 11:21:47,meta.wikimedia.org
2013-12-20 11:22:09,www.google.fr
2013-12-20 11:22:09,www.unitjuggler.com
2013-12-20 11:22:09,plus.google.com
2013-12-20 11:22:10,disqus.com
2013-12-20 11:22:10,go.disqus.com
2013-12-20 11:22:10,ajax.googleapis.com
2013-12-20 11:22:10,unitjuggler-fr.disqus.com
2013-12-20 11:22:10,www.unitjuggler.com
2013-12-20 11:22:10,adventori.com
2013-12-20 11:22:11,disqus.com
2013-12-20 11:22:12,disqus.com
2013-12-20 11:22:19,accounts.google.com
2013-12-20 11:22:19,apis.google.com
2013-12-20 11:22:19,www.unitjuggler.com
2013-12-20 11:22:20,disqus.com
2013-12-20 11:22:20,go.disqus.com
2013-12-20 11:22:21,disqus.com
2013-12-20 11:22:21,adventori.com
2013-12-20 11:22:40,accounts.google.com
2013-12-20 11:22:40,www.unitjuggler.com
2013-12-20 11:22:40,apis.google.com
2013-12-20 11:22:41,choices.truste.com
2013-12-20 11:22:41,go.disqus.com
2013-12-20 11:22:42,www.unitjuggler.com
2013-12-20 11:22:42,choices.truste.com
2013-12-20 11:22:42,disqus.com
2013-12-20 11:23:57,apis.google.com
2013-12-20 11:23:57,www.google.fr
2013-12-20 11:24:00,www.google.com
2013-12-20 11:24:03,plus.google.com
2013-12-20 11:25:08,apis.google.com
2013-12-20 11:25:08,fr-fr.facebook.com
2013-12-20 11:25:08,www.google.com
2013-12-20 11:25:08,plus.google.com
2013-12-20 11:25:21,fr-fr.facebook.com
2013-12-20 11:25:21,www.google.fr
2013-12-20 11:25:27,fr-fr.facebook.com
2013-12-20 11:26:27,www.google.fr
2013-12-20 11:26:27,plus.google.com
2014-02-18 11:11:25,www.google.com
2014-02-18 11:11:25,www.bing.com
2014-02-18 11:11:48,www.rcsb.org
2014-02-18 11:12:16,www.rcsb.org
2014-02-18 11:15:21,www.rcsb.org
2014-02-18 11:15:22,www.rcsb.org
2014-02-18 11:15:23,www.rcsb.org
2014-02-18 11:15:24,chart.apis.google.com
2014-02-18 11:15:24,www.wwpdb.org
2014-02-18 11:15:24,www.rcsb.org
2014-02-18 11:15:33,www.rcsb.org
2014-02-18 11:15:34,www.rcsb.org
2014-02-18 11:15:35,www.rcsb.org
2014-02-18 11:15:40,www.rcsb.org
2014-02-18 11:15:42,www.rcsb.org
2014-02-18 11:15:44,www.rcsb.org
2014-02-18 11:15:47,www.rcsb.org
2014-02-18 11:15:48,service.sbkb.org
2014-02-18 11:15:48,www.rcsb.org
2014-02-18 11:15:50,www.rcsb.org
2014-02-18 11:15:51,www.rcsb.org
2014-02-18 11:16:27,www.rcsb.org
2014-02-18 12:50:31,www.google.fr
2014-02-18 12:50:45,www.google.fr
2014-02-18 12:50:46,apis.google.com
2014-02-18 12:50:48,www.google.com
2014-02-18 12:50:53,apis.google.com
2014-02-18 12:50:53,www.google.fr
2014-02-18 12:50:54,www.google.fr
2014-02-18 12:50:54,www.google.com
2014-02-18 12:51:20,player.vimeo.com
2014-02-18 12:53:31,ieonline.microsoft.com
2014-02-18 12:59:54,player.vimeo.com
2014-02-28 13:37:47,www.google.com
2014-02-28 13:38:37,www.rcsb.org
2014-02-28 13:38:38,www.rcsb.org
2014-02-28 13:38:39,chart.apis.google.com
2014-02-28 13:38:39,www.rcsb.org
2014-02-28 13:38:40,www.wwpdb.org
2014-02-28 13:38:40,www.rcsb.org
2014-02-28 13:38:49,www.rcsb.org
2014-02-28 13:38:59,www.rcsb.org
2014-02-28 13:39:01,www.rcsb.org
2014-02-28 13:39:02,www.rcsb.org
2014-02-28 13:39:03,www.rcsb.org
2014-02-28 13:39:04,www.rcsb.org
2014-02-28 13:39:06,www.rcsb.org
2014-02-28 13:39:07,service.sbkb.org
2014-02-28 13:39:07,www.rcsb.org
2014-02-28 13:39:08,www.rcsb.org
2014-02-28 13:39:09,www.rcsb.org
2014-02-28 13:39:23,www.rcsb.org
2014-02-28 13:39:42,ieonline.microsoft.com
2014-02-28 13:39:42,go.microsoft.com
2014-03-25 10:25:31,www.google.com
2014-03-25 10:26:26,www.wwpdb.org
2014-03-25 10:26:26,chart.apis.google.com
2014-03-25 10:27:01,service.sbkb.org
2014-03-25 10:27:26,ieonline.microsoft.com
2014-03-25 10:27:26,go.microsoft.com
2014-04-03 11:25:34,www.google.com
2014-04-03 11:25:37,www.google.fr
2014-04-03 11:25:55,www.google.fr
2014-04-03 11:25:55,google.fr
2014-04-03 11:26:01,www.google.fr
2014-04-03 11:26:03,www.google.com
2014-04-03 11:26:04,apis.google.com
2014-04-03 11:26:23,www.google.com
2014-04-03 11:26:23,apis.google.com
2014-04-03 11:26:23,www.google.fr
2014-04-03 11:26:23,translate.google.com
2014-04-03 11:26:24,www.google.fr
2014-04-03 11:26:24,translate.google.com
2014-04-03 11:26:25,translate.google.com
2014-04-03 11:26:25,fpdownload2.macromedia.com
2014-04-03 11:26:25,www.google.fr
2014-04-03 11:26:26,translate.google.com
2014-04-03 11:26:26,www.google.com
2014-04-03 11:26:28,translate.google.com
2014-04-03 11:26:30,translate.google.com
2014-04-03 11:26:32,translate.google.com
2014-04-03 11:26:34,translate.google.com
2014-04-03 11:26:37,translate.google.com
2014-04-03 11:26:39,translate.google.com
2014-04-03 11:26:44,translate.google.com
2014-04-03 11:26:44,www.google.fr
2014-04-03 11:26:45,ieonline.microsoft.com
2014-04-03 11:26:45,go.microsoft.com
