timestamp,site
2014-01-23 17:12:35,fpdownload2.macromedia.com
2014-01-23 17:12:38,go.microsoft.com
2014-01-23 17:12:38,windows.microsoft.com
2014-01-23 17:12:38,ajax.microsoft.com
2014-01-23 17:12:38,js.microsoft.com
2014-01-23 17:12:38,res1.windows.microsoft.com
2014-01-23 17:12:38,res2.windows.microsoft.com
2014-01-23 17:12:42,www.bing.com
2014-01-23 17:13:01,www.google.fr
2014-01-23 17:13:13,www.google.fr
2014-01-23 17:13:16,apis.google.com
2014-01-23 17:13:16,www.google.com
2014-01-23 17:13:23,www.google.fr
2014-01-23 17:13:23,apis.google.com
2014-01-23 17:13:23,www.google.com
2014-01-23 17:15:37,ieonline.microsoft.com
2014-01-23 17:15:37,go.microsoft.com
2014-01-28 08:10:46,www.google.fr
2014-01-28 08:10:47,apis.google.com
2014-01-28 08:10:49,www.google.com
2014-01-28 08:10:52,apis.google.com
2014-01-28 08:10:52,www.google.com
2014-01-28 08:10:52,www.google.fr
2014-01-28 08:10:53,www.google.fr
2014-01-28 08:10:53,www.femmeactuelle.fr
2014-01-28 08:10:53,wwwn.femmeactuelle.fr
2014-01-28 08:10:53,assets.pinterest.com
2014-01-28 08:10:54,assets.pinterest.com
2014-01-28 08:10:54,www.femmeactuelle.fr
2014-01-28 08:10:54,bdm.femmeactuelle.fr
2014-01-28 08:10:54,api.adyoulike.com
2014-01-28 08:10:54,emailretargeting.com
2014-01-28 08:10:55,dc1w54.wysistat.com
2014-01-28 08:10:56,connect.facebook.net
2014-01-28 08:10:56,www.matvpratique.com
2014-01-28 08:10:56,static.cloud-media.fr
2014-01-28 08:10:56,api.adyoulike.com
2014-01-28 08:10:56,pixel.alephd.com
2014-01-28 08:10:56,ajax.googleapis.com
2014-01-28 08:10:56,www.femmeactuelle.fr
2014-01-28 08:10:57,www.femmeactuelle.fr
2014-01-28 08:10:57,static.ak.facebook.com
2014-01-28 08:10:57,pixel.alephd.com
2014-01-28 08:10:57,s-static.ak.facebook.com
2014-01-28 08:10:58,p0.pic.akm.vodst.com
2014-01-28 08:10:58,p1.pic.akm.vodst.com
2014-01-28 08:10:58,www.google.com
2014-01-28 08:10:58,its.tradelab.fr
2014-01-28 08:10:58,www.google.fr
2014-01-28 08:10:58,www.femmeactuelle.fr
2014-01-28 08:10:58,platform.twitter.com
2014-01-28 08:10:58,widget.achetezfacile.com
2014-01-28 08:10:58,www.facebook.com
2014-01-28 08:10:58,www.matvpratique.com
2014-01-28 08:10:58,assets.pinterest.com
2014-01-28 08:10:59,www.google.com
2014-01-28 08:10:59,widgets.pinterest.com
2014-01-28 08:10:59,s.mtvp.akm.vodst.com
2014-01-28 08:10:59,ajax.googleapis.com
2014-01-28 08:10:59,i.htfacile.fr
2014-01-28 08:10:59,passets.pinterest.com
2014-01-28 08:10:59,p1.pic.akm.vodst.com
2014-01-28 08:10:59,www.matvpratique.com
2014-01-28 08:11:08,www.femmeactuelle.fr
2014-01-28 08:11:08,twitter.com
2014-01-28 08:11:08,www.facebook.com
2014-01-28 08:11:08,platform.twitter.com
2014-01-28 08:11:15,cdns.gigya.com
2014-01-28 08:11:39,twitter.com
2014-01-28 08:11:40,its.tradelab.fr
2014-01-28 08:11:41,www.femmeactuelle.fr
2014-01-28 08:11:42,api.adyoulike.com
2014-01-28 08:11:42,dc1w54.wysistat.com
2014-01-28 08:11:42,www.femmeactuelle.fr
2014-01-28 08:11:42,assets.pinterest.com
2014-01-28 08:11:42,cdns.gigya.com
2014-01-28 08:11:43,s-static.ak.facebook.com
2014-01-28 08:11:43,apis.google.com
2014-01-28 08:11:43,static.ak.facebook.com
2014-01-28 08:11:43,pixel.alephd.com
2014-01-28 08:11:51,facebookcomment.moderatus.netino.com
2014-01-28 08:11:52,facebookcomment.moderatus.netino.com
2014-01-28 08:11:52,apis.google.com
2014-01-28 08:11:52,pixel.alephd.com
2014-01-28 08:11:52,its.tradelab.fr
2014-01-28 08:11:52,www.femmeactuelle.fr
2014-01-28 08:11:52,widget.achetezfacile.com
2014-01-28 08:11:52,platform.twitter.com
2014-01-28 08:11:52,www.google.fr
2014-01-28 08:11:52,www.facebook.com
2014-01-28 08:11:52,www.google.com
2014-01-28 08:11:53,i.htfacile.fr
2014-01-28 08:11:53,widgets.pinterest.com
2014-01-28 08:11:53,www.facebook.com
2014-01-28 08:11:53,www.matvpratique.com
2014-01-28 08:11:53,graph.facebook.com
2014-01-28 08:11:54,twitter.com
2014-01-28 08:11:59,its.tradelab.fr
2014-01-28 08:12:00,assets.pinterest.com
2014-01-28 08:12:00,dc1w54.wysistat.com
2014-01-28 08:12:00,pixel.alephd.com
2014-01-28 08:12:00,apis.google.com
2014-01-28 08:12:00,facebookcomment.moderatus.netino.com
2014-01-28 08:12:00,www.femmeactuelle.fr
2014-01-28 08:12:01,api.adyoulike.com
2014-01-28 08:12:01,images.orangepublicite.fr
2014-01-28 08:12:01,s-static.ak.facebook.com
2014-01-28 08:12:01,static.ak.facebook.com
2014-01-28 08:12:01,www.femmeactuelle.fr
2014-01-28 08:12:02,graph.facebook.com
2014-01-28 08:12:02,pixel.alephd.com
2014-01-28 08:12:02,widget.achetezfacile.com
2014-01-28 08:12:02,www.google.com
2014-01-28 08:12:02,www.google.fr
2014-01-28 08:12:02,apis.google.com
2014-01-28 08:12:02,www.facebook.com
2014-01-28 08:12:02,accounts.google.com
2014-01-28 08:12:02,platform.twitter.com
2014-01-28 08:12:02,www.matvpratique.com
2014-01-28 08:12:02,widgets.pinterest.com
2014-01-28 08:12:03,accounts.google.com
2014-01-28 08:12:03,twitter.com
2014-01-28 08:12:39,assets.pinterest.com
2014-01-28 08:12:39,www.femmeactuelle.fr
2014-01-28 08:12:40,dc1w54.wysistat.com
2014-01-28 08:12:40,pixel.alephd.com
2014-01-28 08:12:40,facebookcomment.moderatus.netino.com
2014-01-28 08:12:40,api.adyoulike.com
2014-01-28 08:12:41,tc.airfrance.com
2014-01-28 08:12:41,s-static.ak.facebook.com
2014-01-28 08:12:41,www.femmeactuelle.fr
2014-01-28 08:12:41,static.ak.facebook.com
2014-01-28 08:12:42,platform.twitter.com
2014-01-28 08:12:42,pixel.alephd.com
2014-01-28 08:12:42,widget.achetezfacile.com
2014-01-28 08:12:42,www.google.com
2014-01-28 08:12:42,www.google.fr
2014-01-28 08:12:42,www.facebook.com
2014-01-28 08:12:42,graph.facebook.com
2014-01-28 08:12:42,apis.google.com
2014-01-28 08:12:42,widgets.pinterest.com
2014-01-28 08:12:42,www.matvpratique.com
2014-01-28 08:12:44,twitter.com
2014-01-28 08:12:47,i1-js-14-3-01-10077-38579204-i.init.cedexis-radar.net
2014-01-28 08:12:49,ec2-eu-west-1a.cedexis.com
2014-01-28 08:12:50,cloudfront-dsa.cedexis.com
2014-01-28 08:12:52,akvideo.aufeminin.com
2014-01-28 08:12:53,akvideo.aufeminin.com
2014-01-28 08:13:05,pixel2368.everesttech.net
2014-01-28 08:13:20,dc1w54.wysistat.com
2014-01-28 08:13:20,api.adyoulike.com
2014-01-28 08:13:20,pixel.alephd.com
2014-01-28 08:13:20,assets.pinterest.com
2014-01-28 08:13:20,www.femmeactuelle.fr
2014-01-28 08:13:21,s-static.ak.facebook.com
2014-01-28 08:13:21,apis.google.com
2014-01-28 08:13:21,platform.twitter.com
2014-01-28 08:13:21,static.ak.facebook.com
2014-01-28 08:13:21,www.femmeactuelle.fr
2014-01-28 08:13:21,pixel.alephd.com
2014-01-28 08:13:21,www.google.com
2014-01-28 08:13:21,www.google.fr
2014-01-28 08:13:21,www.facebook.com
2014-01-28 08:13:21,widget.achetezfacile.com
2014-01-28 08:13:29,www.femmeactuelle.fr
2014-01-28 08:13:30,dc1w54.wysistat.com
2014-01-28 08:13:30,facebookcomment.moderatus.netino.com
2014-01-28 08:13:30,assets.pinterest.com
2014-01-28 08:13:30,pixel2368.everesttech.net
2014-01-28 08:13:31,s-static.ak.facebook.com
2014-01-28 08:13:31,pixel.alephd.com
2014-01-28 08:13:31,api.adyoulike.com
2014-01-28 08:13:31,static.ak.facebook.com
2014-01-28 08:13:31,www.femmeactuelle.fr
2014-01-28 08:13:33,pixel.alephd.com
2014-01-28 08:13:33,widget.achetezfacile.com
2014-01-28 08:13:33,www.google.com
2014-01-28 08:13:33,www.google.fr
2014-01-28 08:13:33,platform.twitter.com
2014-01-28 08:13:33,www.matvpratique.com
2014-01-28 08:13:33,www.facebook.com
2014-01-28 08:13:34,www.facebook.com
2014-01-28 08:13:34,twitter.com
2014-01-28 08:13:34,apis.google.com
2014-01-28 08:13:34,graph.facebook.com
2014-01-28 08:13:34,widgets.pinterest.com
2014-01-28 08:13:35,www.google.fr
2014-01-28 08:13:36,apnx-match.dotomi.com
2014-01-28 08:13:37,apnx-match.dotomi.com
2014-01-28 08:13:37,dtm.urbanoutfitters.com
2014-01-28 08:13:38,adventori.com
2014-01-28 08:13:40,www.femmeactuelle.fr
2014-01-28 08:13:40,assets.pinterest.com
2014-01-28 08:13:40,dc1w54.wysistat.com
2014-01-28 08:13:40,facebookcomment.moderatus.netino.com
2014-01-28 08:13:41,s-static.ak.facebook.com
2014-01-28 08:13:41,www.femmeactuelle.fr
2014-01-28 08:13:41,static.ak.facebook.com
2014-01-28 08:13:41,api.adyoulike.com
2014-01-28 08:13:41,pixel.alephd.com
2014-01-28 08:13:42,its.tradelab.fr
2014-01-28 08:13:42,pixel.alephd.com
2014-01-28 08:13:42,www.facebook.com
2014-01-28 08:13:43,platform.twitter.com
2014-01-28 08:13:43,widgets.pinterest.com
2014-01-28 08:13:43,www.google.fr
2014-01-28 08:13:43,www.facebook.com
2014-01-28 08:13:43,www.matvpratique.com
2014-01-28 08:13:43,widget.achetezfacile.com
2014-01-28 08:13:43,www.google.com
2014-01-28 08:13:43,ieonline.microsoft.com
2014-01-28 08:13:43,mm.eulerian.net
2014-01-28 08:13:45,apis.google.com
2014-01-28 08:13:45,www.matvpratique.com
2014-01-28 08:13:45,graph.facebook.com
2014-01-28 08:13:45,www.femmeactuelle.fr
2014-01-28 08:13:46,www.google.fr
2014-01-28 08:13:46,twitter.com
2014-01-28 08:13:48,apis.google.com
2014-01-28 08:13:48,wms.assoc-amazon.fr
2014-01-28 08:13:48,www.google.fr
2014-01-28 08:13:48,platform.twitter.com
2014-01-28 08:13:48,construiresavie.fr
2014-01-28 08:13:49,rcm-fr.amazon.fr
2014-01-28 08:13:49,static.ak.facebook.com
2014-01-28 08:13:49,www.facebook.com
2014-01-28 08:13:49,z-ecx.images-amazon.com
2014-01-28 08:13:49,www.amazon.fr
2014-01-28 08:13:49,1.gravatar.com
2014-01-28 08:13:49,0.gravatar.com
2014-01-28 08:13:49,connect.facebook.net
2014-01-28 08:13:49,construiresavie.fr
2014-01-28 08:13:49,ecx.images-amazon.com
2014-01-28 08:13:49,banners.adinlive.com
2014-01-28 08:13:49,s-static.ak.facebook.com
2014-01-28 08:13:50,ecx.images-amazon.com
2014-01-28 08:14:01,construiresavie.fr
2014-01-28 08:14:01,z-ecx.images-amazon.com
2014-01-28 08:14:01,www.facebook.com
2014-01-28 08:14:01,accounts.google.com
2014-01-28 08:14:01,apis.google.com
2014-01-28 08:14:02,construiresavie.fr
2014-01-28 08:14:02,apis.google.com
2014-01-28 08:14:04,construiresavie.fr
2014-01-28 08:14:11,twitter.com
2014-01-28 08:14:13,www.google.fr
2014-01-28 08:14:42,its.tradelab.fr
2014-01-28 08:14:42,twitter.com
2014-01-28 08:16:14,www.google.fr
2014-01-28 08:16:18,www.google.fr
2014-01-28 08:16:26,www.google.fr
2014-01-28 08:16:27,ttvpsy.psychologies.com
2014-01-28 08:16:27,www.google.fr
2014-01-28 08:16:27,s-static.ak.facebook.com
2014-01-28 08:16:27,www.psychologies.com
2014-01-28 08:16:27,medias.psychologies.com
2014-01-28 08:16:27,js.psychologies.com
2014-01-28 08:16:27,platform.linkedin.com
2014-01-28 08:16:27,static.ak.facebook.com
2014-01-28 08:16:28,medias.psychologies.com
2014-01-28 08:16:28,cshoppingbox.partner.leguide.com
2014-01-28 08:16:28,medias.doctissimo.fr
2014-01-28 08:16:28,www.psychologies.com
2014-01-28 08:16:28,home.edt02.net
2014-01-28 08:16:28,css.psychologies.com
2014-01-28 08:16:28,img.psychologies.com
2014-01-28 08:16:28,video.premiere.fr
2014-01-28 08:16:28,csimg.leguide.com
2014-01-28 08:16:28,code.jquery.com
2014-01-28 08:16:28,cimg.leguide.com
2014-01-28 08:16:29,www.psychologies.com
2014-01-28 08:16:29,www.google.fr
2014-01-28 08:16:29,accounts.google.com
2014-01-28 08:16:29,apis.google.com
2014-01-28 08:16:29,www.google.com
2014-01-28 08:16:29,csimg.leguide.com
2014-01-28 08:16:29,cimg.leguide.com
2014-01-28 08:16:29,www.facebook.com
2014-01-28 08:16:29,css.psychologies.com
2014-01-28 08:16:29,img.psychologies.com
2014-01-28 08:16:29,platform.linkedin.com
2014-01-28 08:16:37,medias.psychologies.com
2014-01-28 08:16:37,btnhi.zegive.com
2014-01-28 08:16:42,btnhi.zegive.com
2014-01-28 08:20:27,www.powerarchiver.com
2014-01-28 08:20:27,dl.patchbeam.com
2014-01-28 08:29:26,1.gravatar.com
2014-01-28 08:29:26,construiresavie.fr
2014-01-28 08:29:48,medias.psychologies.com
2014-01-28 08:32:50,twitter.com
2014-01-28 08:32:59,twitter.com
2014-01-28 08:33:08,www.google.fr
2014-01-28 08:33:08,perso.fundp.ac.be
2014-01-28 08:35:08,www.google.fr
2014-01-28 08:42:59,www.google.fr
2014-01-28 08:46:28,www.google.fr
2014-01-28 08:46:29,www.astucesinternet.com
2014-01-28 08:46:30,www.astucesinternet.com
2014-01-28 08:46:31,www.astucesinternet.com
2014-01-28 08:58:48,www.facebook.com
2014-01-28 09:43:48,www.facebook.com
2014-01-28 09:54:34,www.linkedin.com
2014-01-28 09:55:26,www.femmeactuelle.fr
2014-01-28 09:55:27,apis.google.com
2014-01-28 09:55:27,facebookcomment.moderatus.netino.com
2014-01-28 09:55:27,www.facebook.com
2014-01-28 09:55:27,pixel.alephd.com
2014-01-28 09:55:27,api.adyoulike.com
2014-01-28 09:55:27,dc1w54.wysistat.com
2014-01-28 09:55:27,assets.pinterest.com
2014-01-28 09:55:27,www.femmeactuelle.fr
2014-01-28 09:55:28,static.ak.facebook.com
2014-01-28 09:55:28,connect.facebook.net
2014-01-28 09:55:28,s-static.ak.facebook.com
2014-01-28 09:55:29,www.google.fr
2014-01-28 09:55:29,www.femmeactuelle.fr
2014-01-28 09:55:29,pixel.alephd.com
2014-01-28 09:55:29,its.tradelab.fr
2014-01-28 09:55:29,mm.eulerian.net
2014-01-28 09:55:29,widget.achetezfacile.com
2014-01-28 09:55:29,www.google.com
2014-01-28 09:55:30,apis.google.com
2014-01-28 09:55:30,graph.facebook.com
2014-01-28 09:55:30,i.htfacile.fr
2014-01-28 09:55:30,widgets.pinterest.com
2014-01-28 09:55:30,platform.twitter.com
2014-01-28 09:55:30,www.facebook.com
2014-01-28 09:55:30,assets.pinterest.com
2014-01-28 09:55:33,twitter.com
2014-01-28 09:55:54,www.google.fr
2014-01-28 09:55:55,www.google.fr
2014-01-28 09:55:55,fr.lelo.com
2014-01-28 09:55:56,fr.lelo.com
2014-01-28 09:55:57,fr.lelo.com
2014-01-28 09:55:57,www.facebook.com
2014-01-28 09:55:58,apis.google.com
2014-01-28 09:55:58,platform.twitter.com
2014-01-28 09:55:58,connect.facebook.net
2014-01-28 09:55:58,static.ak.facebook.com
2014-01-28 09:55:58,fr.lelo.com
2014-01-28 09:55:59,platform.twitter.com
2014-01-28 09:55:59,apis.google.com
2014-01-28 09:55:59,twitter.com
2014-01-28 09:55:59,www.facebook.com
2014-01-28 09:56:00,fr.lelo.com
2014-01-28 09:56:04,connect.facebook.net
2014-01-28 09:56:06,platform.twitter.com
2014-01-28 09:56:07,platform.stumbleupon.com
2014-01-28 09:56:08,platform.stumbleupon.com
2014-01-28 09:56:08,platform.twitter.com
2014-01-28 09:56:08,connect.facebook.net
2014-01-28 09:56:08,assets.pinterest.com
2014-01-28 09:56:08,widgets.pinterest.com
2014-01-28 09:56:08,fr.lelo.com
2014-01-28 09:56:30,its.tradelab.fr
2014-01-28 09:58:17,accounts.google.com
2014-01-28 09:59:08,www.femmeactuelle.fr
2014-01-28 09:59:09,dc1w54.wysistat.com
2014-01-28 09:59:09,assets.pinterest.com
2014-01-28 09:59:09,www.femmeactuelle.fr
2014-01-28 09:59:10,api.adyoulike.com
2014-01-28 09:59:21,pixel.alephd.com
2014-01-28 09:59:21,facebookcomment.moderatus.netino.com
2014-01-28 09:59:22,static.ak.facebook.com
2014-01-28 09:59:22,www.femmeactuelle.fr
2014-01-28 09:59:22,pixel.alephd.com
2014-01-28 09:59:22,s-static.ak.facebook.com
2014-01-28 09:59:23,graph.facebook.com
2014-01-28 09:59:23,i.htfacile.fr
2014-01-28 09:59:23,widgets.pinterest.com
2014-01-28 09:59:23,widget.achetezfacile.com
2014-01-28 09:59:23,www.facebook.com
2014-01-28 09:59:23,platform.twitter.com
2014-01-28 09:59:23,www.google.fr
2014-01-28 09:59:23,www.google.com
2014-01-28 09:59:23,apis.google.com
2014-01-28 09:59:23,www.matvpratique.com
2014-01-28 09:59:24,twitter.com
2014-02-04 13:44:23,dl.javafx.com
2014-02-04 16:36:15,logging.windows.microsoft.com
2014-02-04 16:36:36,logging.windows.microsoft.com
2014-02-04 16:37:05,logging.windows.microsoft.com
2014-02-04 16:37:07,logging.windows.microsoft.com
2014-02-04 16:37:56,logging.windows.microsoft.com
2014-02-04 16:37:58,logging.windows.microsoft.com
2014-02-19 13:32:27,www.google.fr
2014-02-19 13:32:42,www.google.fr
2014-02-19 13:32:43,apis.google.com
2014-02-19 13:32:45,www.google.com
2014-02-19 13:32:46,www.google.fr
2014-02-19 13:32:56,www.google.fr
2014-02-19 13:32:56,www.google.com
2014-02-19 13:32:56,c.woopic.com
2014-02-19 13:32:56,www.orange.fr
2014-02-19 13:32:56,apis.google.com
2014-02-19 13:32:57,c.woopic.com
2014-02-19 13:32:58,c.woopic.com
2014-02-19 13:33:00,iapref.orange.fr
2014-02-19 13:33:00,c.orange.fr
2014-02-19 13:33:13,www.google.fr
2014-02-19 13:33:13,c.woopic.com
2014-02-19 13:33:13,messagerie.orange.fr
2014-02-19 13:33:14,iz.orange.fr
2014-02-19 13:33:14,messagerie.orange.fr
2014-02-19 13:33:14,c.orange.fr
2014-02-19 13:33:14,c.woopic.com
2014-02-19 13:33:17,c.woopic.com
2014-02-19 13:33:17,c.orange.fr
2014-02-19 13:33:17,iz.orange.fr
2014-02-19 13:33:17,messagerie.orange.fr
2014-02-19 13:33:18,rms.orange.fr
2014-02-19 13:33:18,r.orange.fr
2014-02-19 13:33:19,webmail.orange.fr
2014-02-19 13:33:19,webmail1k.orange.fr
2014-02-19 13:33:19,id.orange.fr
2014-02-19 13:33:20,id.orange.fr
2014-02-19 13:33:20,iapref.orange.fr
2014-02-19 13:33:21,fpdownload2.macromedia.com
2014-02-19 13:33:42,id.orange.fr
2014-02-19 13:33:42,www.facebook.com
2014-02-19 13:33:57,webmail1k.orange.fr
2014-02-19 13:33:57,id.orange.fr
2014-02-19 13:33:58,webmail1k.orange.fr
2014-02-19 13:33:58,wassup.orange.fr
2014-02-19 13:33:59,c.woopic.com
2014-02-19 13:33:59,iz.orange.fr
2014-02-19 13:33:59,js.wanadoo.fr
2014-02-19 13:33:59,static.wanadoo.fr
2014-02-19 13:33:59,webmail1k.orange.fr
2014-02-19 13:34:00,static.wanadoo.fr
2014-02-19 13:34:00,iapref.orange.fr
2014-02-19 13:34:00,images.orangepublicite.fr
2014-02-19 13:34:00,c.woopic.com
2014-02-19 13:34:01,static.wanadoo.fr
2014-02-19 13:34:01,listener.ezakus.net
2014-02-19 13:34:39,js.wanadoo.fr
2014-02-19 13:34:39,iapref.orange.fr
2014-02-19 13:34:39,static.wanadoo.fr
2014-02-19 13:34:39,c.woopic.com
2014-02-19 13:34:39,webmail1k.orange.fr
2014-02-19 13:34:39,iz.orange.fr
2014-02-19 13:34:40,google.ezakus.net
2014-02-19 13:34:40,um.simpli.fi
2014-02-19 13:34:42,apnx-match.dotomi.com
2014-02-19 13:34:48,iapref.orange.fr
2014-02-19 13:34:48,iz.orange.fr
2014-02-19 13:34:48,c.woopic.com
2014-02-19 13:34:48,webmail1k.orange.fr
2014-02-19 13:34:49,images.orangepublicite.fr
2014-02-19 13:34:49,adventori.com
2014-02-19 13:34:52,webmail1k.orange.fr
2014-02-19 13:34:53,iapref.orange.fr
2014-02-19 13:34:53,static.wanadoo.fr
2014-02-19 13:34:53,js.wanadoo.fr
2014-02-19 13:34:53,c.woopic.com
2014-02-19 13:34:53,iz.orange.fr
2014-02-19 13:34:53,webmail1k.orange.fr
2014-02-19 13:34:54,serving.plexop.net
2014-02-19 13:35:02,serving.plexop.net
2014-02-19 13:35:02,static.wanadoo.fr
2014-02-19 13:35:02,c.woopic.com
2014-02-19 13:35:02,webmail1k.orange.fr
2014-02-19 13:35:02,js.wanadoo.fr
2014-02-19 13:35:02,iapref.orange.fr
2014-02-19 13:35:02,iz.orange.fr
2014-02-19 13:35:34,ieonline.microsoft.com
2014-02-19 13:36:21,js.wanadoo.fr
2014-02-19 13:36:21,webmail1k.orange.fr
2014-02-19 13:36:21,c.woopic.com
2014-02-19 13:36:21,iapref.orange.fr
2014-02-19 13:36:46,c.woopic.com
2014-02-19 13:36:46,static.wanadoo.fr
2014-02-19 13:36:46,iapref.orange.fr
2014-02-19 13:36:46,webmail1k.orange.fr
2014-02-19 13:36:46,js.wanadoo.fr
2014-02-19 13:38:03,images.orangepublicite.fr
2014-02-19 13:41:03,images.orangepublicite.fr
2014-02-19 13:48:25,js.wanadoo.fr
2014-02-19 13:48:25,c.woopic.com
2014-02-19 13:48:25,iapref.orange.fr
2014-02-19 13:52:28,www.google.fr
2014-02-19 13:52:42,www.google.fr
2014-02-19 13:52:49,www.google.fr
2014-02-19 13:52:50,www.google.fr
2014-02-19 13:53:19,player.vimeo.com
2014-02-21 17:39:38,www.google.fr
2014-02-21 17:39:51,www.google.fr
2014-02-21 17:39:52,apis.google.com
2014-02-21 17:39:54,www.google.com
2014-02-21 17:39:58,apis.google.com
2014-02-21 17:39:58,www.google.com
2014-02-21 17:39:58,www.google.fr
2014-02-21 17:39:59,www.google.fr
2014-02-21 17:39:59,iz.orange.fr
2014-02-21 17:39:59,c.woopic.com
2014-02-21 17:39:59,c.orange.fr
2014-02-21 17:39:59,messagerie.orange.fr
2014-02-21 17:40:01,messagerie.orange.fr
2014-02-21 17:40:01,iz.orange.fr
2014-02-21 17:40:01,c.woopic.com
2014-02-21 17:40:01,c.orange.fr
2014-02-21 17:40:02,r.orange.fr
2014-02-21 17:40:03,rms.orange.fr
2014-02-21 17:40:03,webmail.orange.fr
2014-02-21 17:40:03,webmail1n.orange.fr
2014-02-21 17:40:03,id.orange.fr
2014-02-21 17:40:04,id.orange.fr
2014-02-21 17:40:04,iapref.orange.fr
2014-02-21 17:40:05,www.facebook.com
2014-02-21 17:40:05,id.orange.fr
2014-02-21 17:40:44,id.orange.fr
2014-02-21 17:40:45,id.orange.fr
2014-02-21 17:40:45,webmail1n.orange.fr
2014-02-21 17:40:46,webmail1n.orange.fr
2014-02-21 17:40:46,wassup.orange.fr
2014-02-21 17:40:47,c.woopic.com
2014-02-21 17:40:47,js.wanadoo.fr
2014-02-21 17:40:47,iz.orange.fr
2014-02-21 17:40:47,webmail1n.orange.fr
2014-02-21 17:40:47,static.wanadoo.fr
2014-02-21 17:40:47,iapref.orange.fr
2014-02-21 17:40:48,c.woopic.com
2014-02-21 17:40:48,serving.plexop.net
2014-02-21 17:40:48,static.wanadoo.fr
2014-02-21 17:40:48,listener.ezakus.net
2014-02-21 17:41:09,iapref.orange.fr
2014-02-21 17:41:09,js.wanadoo.fr
2014-02-21 17:41:09,c.woopic.com
2014-02-21 17:41:09,iz.orange.fr
2014-02-21 17:41:09,webmail1n.orange.fr
2014-02-21 17:41:09,static.wanadoo.fr
2014-02-21 17:41:10,images.orangepublicite.fr
2014-02-21 17:41:10,google.ezakus.net
2014-02-21 17:41:13,apnx-match.dotomi.com
2014-02-21 17:41:13,dtm.express.com
2014-02-21 17:41:24,js.wanadoo.fr
2014-02-21 17:41:24,webmail1n.orange.fr
2014-02-21 17:41:25,iapref.orange.fr
2014-02-21 17:41:25,c.woopic.com
2014-02-21 17:41:25,apnx-match.dotomi.com
2014-02-21 17:41:25,dtm.express.com
2014-02-21 17:41:44,pixel2368.everesttech.net
2014-02-21 17:41:45,c.woopic.com
2014-02-21 17:41:45,js.wanadoo.fr
2014-02-21 17:41:45,pixel2368.everesttech.net
2014-02-21 17:41:45,static.wanadoo.fr
2014-02-21 17:41:45,iapref.orange.fr
2014-02-21 17:41:45,webmail1n.orange.fr
2014-02-21 17:41:46,dtm.express.com
2014-02-21 17:41:46,apnx-match.dotomi.com
2014-02-21 17:42:44,ieonline.microsoft.com
2014-02-25 07:59:23,www.bing.com
2014-02-25 07:59:24,www.bing.com
2014-02-25 07:59:25,www.bing.com
2014-02-25 07:59:25,cms.abmr.net
2014-02-25 07:59:28,www.bing.com
2014-02-25 07:59:29,www.google.fr
2014-02-25 07:59:34,www.bing.com
2014-02-25 07:59:35,login.live.com
2014-02-25 07:59:38,www.google.fr
2014-02-25 07:59:43,www.google.fr
2014-02-25 07:59:45,www.google.fr
2014-02-25 07:59:46,apis.google.com
2014-02-25 07:59:48,www.google.com
2014-02-25 08:00:07,www.google.fr
2014-02-25 08:00:14,www.google.com
2014-02-25 08:00:14,apis.google.com
2014-02-25 08:00:14,www.google.fr
2014-02-25 08:00:15,www.google.fr
2014-02-25 08:00:15,www.lemonde.fr
2014-02-25 08:00:15,s1.lemde.fr
2014-02-25 08:00:16,www.lemonde.fr
2014-02-25 08:00:16,s1.lemde.fr
2014-02-25 08:00:17,s1.lemde.fr
2014-02-25 08:00:17,kweb.videostep.com
2014-02-25 08:00:17,api.adyoulike.com
2014-02-25 08:00:17,videosfr.s3.amazonaws.com
2014-02-25 08:00:17,static.videostep.com
2014-02-25 08:00:17,pixel.alephd.com
2014-02-25 08:00:17,casale-match.dotomi.com
2014-02-25 08:00:17,live.lemde.fr
2014-02-25 08:00:18,y.one.impact-ad.jp
2014-02-25 08:00:18,u.videostep.com
2014-02-25 08:00:18,s1.lemde.fr
2014-02-25 08:00:18,ce.lijit.com
2014-02-25 08:00:18,www.facebook.com
2014-02-25 08:00:18,mm.eulerian.net
2014-02-25 08:00:18,api.adyoulike.com
2014-02-25 08:00:18,dtm.footlocker.com
2014-02-25 08:00:18,static.videostep.com
2014-02-25 08:00:18,its.tradelab.fr
2014-02-25 08:00:19,s374.meetrics.net
2014-02-25 08:00:19,static.videostep.com
2014-02-25 08:00:19,api.adyoulike.com
2014-02-25 08:00:19,s.videostep.com
2014-02-25 08:00:23,s.videostep.com
2014-02-25 08:00:28,live.lemde.fr
2014-02-25 08:00:31,its.tradelab.fr
2014-02-25 08:00:32,its.tradelab.fr
2014-02-25 08:00:39,www.google.fr
2014-02-25 08:00:50,www.google.fr
2014-02-25 08:00:54,www.google.fr
2014-02-25 08:00:56,www.u-clermont1.fr
2014-02-25 08:00:56,ent.u-clermont1.fr
2014-02-25 08:00:56,www.google.fr
2014-02-25 08:00:57,ent.u-clermont1.fr
2014-02-25 08:01:01,www.google.fr
2014-02-25 08:01:02,www.google.fr
2014-02-25 08:01:41,player.vimeo.com
2014-02-25 08:02:25,ieonline.microsoft.com
2014-02-25 08:06:03,www.google.fr
2014-02-25 08:06:15,www.google.fr
2014-02-25 08:07:13,www.mozilla.com
2014-02-25 08:07:14,www.mozilla.org
2014-02-25 08:07:15,www.mozilla.org
2014-02-25 08:07:35,clients1.google.com
2014-02-25 08:07:35,gtglobal-ocsp.geotrust.com
2014-02-25 08:07:40,www.google.fr
2014-02-25 08:07:40,www.google.com
2014-02-25 08:07:42,clients1.google.com
2014-02-25 08:08:04,www.squid-cache.org
2014-02-25 08:08:17,sb-ssl.google.com
2014-02-25 08:08:17,www.google.fr
2014-02-25 08:08:17,www.google.com
2014-02-25 08:08:33,www.google.fr
2014-02-25 08:08:36,www.google.fr
2014-02-25 08:10:07,www.google.fr
2014-02-25 08:17:21,www.google.fr
2014-02-25 08:17:32,www.google.fr
2014-02-25 08:17:37,i1.ytimg.com
2014-02-25 08:17:37,www.google.fr
2014-02-25 08:17:37,s.ytimg.com
2014-02-25 08:17:37,www.youtube.com
2014-02-25 08:17:38,s.ytimg.com
2014-02-25 08:17:38,i1.ytimg.com
2014-02-25 08:17:39,s.ytimg.com
2014-02-25 08:17:40,s.ytimg.com
2014-02-25 08:17:40,www.youtube.com
2014-02-25 08:17:40,i1.ytimg.com
2014-02-25 08:17:43,s.ytimg.com
2014-02-25 08:17:43,clients1.google.com
2014-02-25 08:17:46,i1.ytimg.com
2014-02-25 08:17:47,i1.ytimg.com
2014-02-25 08:17:50,yt3.ggpht.com
2014-02-25 08:17:50,apis.google.com
2014-02-25 08:17:57,clients1.google.com
2014-02-25 08:17:58,clients1.google.com
2014-02-25 08:17:59,clients1.google.com
2014-02-25 08:18:00,yt3.ggpht.com
2014-02-25 08:18:00,apis.google.com
2014-02-25 08:18:00,www.google.com
2014-02-25 08:18:00,www.youtube.com
2014-02-25 08:18:00,i1.ytimg.com
2014-02-25 08:18:00,s.ytimg.com
2014-02-25 08:18:01,s.ytimg.com
2014-02-25 08:18:01,i1.ytimg.com
2014-02-25 08:18:01,i2.ytimg.com
2014-02-25 08:18:01,adventori.com
2014-02-25 08:18:03,clients1.google.com
2014-02-25 08:18:04,www.youtube.com
2014-02-25 08:18:04,www.google.com
2014-02-25 08:18:05,i1.ytimg.com
2014-02-25 08:18:06,banniere.reussissonsensemble.fr
2014-02-25 08:19:01,www.youtube-nocookie.com
2014-02-25 08:19:01,www.youtube.com
2014-02-25 08:19:02,s.ytimg.com
2014-02-25 08:19:02,www.google.com
2014-02-25 08:19:02,s.youtube.com
2014-02-25 08:19:02,yt3.ggpht.com
2014-02-25 08:19:02,www.youtube.com
2014-02-25 08:19:02,i1.ytimg.com
2014-02-25 08:19:03,www.youtube.com
2014-02-25 08:19:03,i1.ytimg.com
2014-02-25 08:19:03,gdata.youtube.com
2014-02-25 08:19:03,s.youtube.com
2014-02-25 08:19:03,apis.google.com
2014-02-25 08:19:04,s.ytimg.com
2014-02-25 08:19:04,gdata.youtube.com
2014-02-25 08:19:04,r2---sn-gxo5uxg-jqbe.googlevideo.com
2014-02-25 08:19:04,www.youtube.com
2014-02-25 08:19:04,i1.ytimg.com
2014-02-25 08:19:04,yt3.ggpht.com
2014-02-25 08:19:04,s.youtube.com
2014-02-25 08:19:06,plus.googleapis.com
2014-02-25 08:19:08,i1.ytimg.com
2014-02-25 08:19:08,s.youtube.com
2014-02-25 08:19:09,i1.ytimg.com
2014-02-25 08:19:09,r2---sn-gxo5uxg-jqbe.googlevideo.com
2014-02-25 08:19:12,r3---sn-gxo5uxg-jqbe.googlevideo.com
2014-02-25 08:19:12,www.youtube.com
2014-02-25 08:19:12,i1.ytimg.com
2014-02-25 08:19:14,s.youtube.com
2014-02-25 08:19:15,r3---sn-gxo5uxg-jqbe.googlevideo.com
2014-02-25 08:19:15,r6---sn-25ge7n7l.googlevideo.com
2014-02-25 08:19:18,s.youtube.com
2014-02-25 08:19:19,s.youtube.com
2014-02-25 08:19:20,r3---sn-gxo5uxg-jqbe.googlevideo.com
2014-02-25 08:19:20,r6---sn-25ge7n7l.googlevideo.com
2014-02-25 08:19:22,r6---sn-25ge7n7l.googlevideo.com
2014-02-25 08:19:22,s.youtube.com
2014-02-25 08:19:22,www.youtube.com
2014-02-25 08:19:22,r3---sn-gxo5uxg-jqbe.googlevideo.com
2014-02-25 08:19:25,s.youtube.com
2014-02-25 08:19:28,www.youtube.com
2014-02-25 08:19:28,s.youtube.com
2014-02-25 08:19:31,i1.ytimg.com
2014-02-25 08:19:31,s.youtube.com
2014-02-25 08:19:31,www.youtube.com
2014-02-25 08:19:38,www.groupon.fr
2014-02-25 08:19:57,s.youtube.com
2014-02-25 08:19:57,r3---sn-gxo5uxg-jqbe.googlevideo.com
2014-02-25 08:19:57,i1.ytimg.com
2014-02-25 08:19:57,www.youtube-nocookie.com
2014-02-25 08:19:57,r3---sn-cg07luek.googlevideo.com
2014-02-25 08:19:57,yt3.ggpht.com
2014-02-25 08:19:57,www.youtube.com
2014-02-25 08:19:58,s.youtube.com
2014-02-25 08:19:58,i1.ytimg.com
2014-02-25 08:19:58,www.youtube.com
2014-02-25 08:20:00,www.youtube.com
2014-02-25 08:20:03,r3---sn-gxo5uxg-jqbe.googlevideo.com
2014-02-25 08:20:03,r3---sn-cg07luek.googlevideo.com
2014-02-25 08:20:03,s.youtube.com
2014-02-25 08:20:07,s.youtube.com
2014-02-25 08:20:08,www.youtube.com
2014-02-25 08:20:09,plus.googleapis.com
2014-02-25 08:20:09,i1.ytimg.com
2014-02-25 08:20:09,s.youtube.com
2014-02-25 08:20:17,www.facebook.com
2014-02-25 08:20:19,i1.ytimg.com
2014-02-25 08:20:20,i1.ytimg.com
2014-02-25 08:20:22,www.youtube.com
2014-02-25 08:20:22,s.ytimg.com
2014-02-25 08:20:22,www.youtube-nocookie.com
2014-02-25 08:20:22,i1.ytimg.com
2014-02-25 08:20:23,s.youtube.com
2014-02-25 08:20:23,www.youtube.com
2014-02-25 08:20:23,r4---sn-gxo5uxg-jqbe.googlevideo.com
2014-02-25 08:20:23,r4---sn-25ge7n7z.googlevideo.com
2014-02-25 08:20:23,i1.ytimg.com
2014-02-25 08:20:23,r8---sn-cg07luee.googlevideo.com
2014-02-25 08:20:24,yt3.ggpht.com
2014-02-25 08:20:24,s.youtube.com
2014-02-25 08:20:24,i1.ytimg.com
2014-02-25 08:20:24,r8---sn-cg07luee.googlevideo.com
2014-02-25 08:20:24,r4---sn-25ge7n7z.googlevideo.com
2014-02-25 08:20:24,r4---sn-gxo5uxg-jqbe.googlevideo.com
2014-02-25 08:20:27,r4---sn-gxo5uxg-jqbe.googlevideo.com
2014-02-25 08:20:27,i1.ytimg.com
2014-02-25 08:20:28,r4---sn-gxo5uxg-jqbe.googlevideo.com
2014-02-25 08:20:28,r8---sn-cg07luee.googlevideo.com
2014-02-25 08:20:28,r4---sn-25ge7n7z.googlevideo.com
2014-02-25 08:20:32,s.youtube.com
2014-02-25 08:20:34,s.youtube.com
2014-02-25 08:20:42,r8---sn-cg07luee.googlevideo.com
2014-02-25 08:20:42,r4---sn-25ge7n7z.googlevideo.com
2014-02-25 08:20:42,r4---sn-gxo5uxg-jqbe.googlevideo.com
2014-02-25 08:20:44,s.youtube.com
2014-02-25 08:21:01,r4---sn-gxo5uxg-jqbe.googlevideo.com
2014-02-25 08:21:01,r8---sn-cg07luee.googlevideo.com
2014-02-25 08:21:01,r4---sn-25ge7n7z.googlevideo.com
2014-02-25 08:21:02,s.youtube.com
2014-02-25 08:21:06,r4---sn-gxo5uxg-jqbe.googlevideo.com
2014-02-25 08:21:06,r4---sn-25ge7n7z.googlevideo.com
2014-02-25 08:21:06,r8---sn-cg07luee.googlevideo.com
2014-02-25 08:21:20,r4---sn-gxo5uxg-jqbe.googlevideo.com
2014-02-25 08:21:20,r4---sn-25ge7n7z.googlevideo.com
2014-02-25 08:21:20,r8---sn-cg07luee.googlevideo.com
2014-02-25 08:21:25,s.youtube.com
2014-02-25 08:21:32,s.youtube.com
2014-02-25 08:21:37,r8---sn-cg07luee.googlevideo.com
2014-02-25 08:21:37,r4---sn-gxo5uxg-jqbe.googlevideo.com
2014-02-25 08:21:37,r4---sn-25ge7n7z.googlevideo.com
2014-02-25 08:21:43,r4---sn-gxo5uxg-jqbe.googlevideo.com
2014-02-25 08:21:43,r4---sn-25ge7n7z.googlevideo.com
2014-02-25 08:21:43,r8---sn-cg07luee.googlevideo.com
2014-02-25 08:21:55,r4---sn-gxo5uxg-jqbe.googlevideo.com
2014-02-25 08:21:55,r4---sn-25ge7n7z.googlevideo.com
2014-02-25 08:21:55,r8---sn-cg07luee.googlevideo.com
2014-02-25 08:23:00,plus.googleapis.com
2014-02-25 08:28:42,www.google.fr
2014-02-25 08:28:53,www.google.fr
2014-02-25 08:29:48,www.google.fr
2014-02-25 08:29:51,www.google.fr
2014-02-25 08:29:53,www.google.fr
2014-02-25 08:29:53,connect.facebook.net
2014-02-25 08:29:53,network.aufeminin.com
2014-02-25 08:29:53,www.facebook.com
2014-02-25 08:29:53,im.live-guru.com
2014-02-25 08:29:53,forum.aufeminin.com
2014-02-25 08:29:53,www.aufeminin.com
2014-02-25 08:29:53,imvideo2.aufeminin.com
2014-02-25 08:29:53,imworld.aufeminin.com
2014-02-25 08:29:55,network.aufeminin.com
2014-02-25 08:29:55,static.ak.facebook.com
2014-02-25 08:29:55,s-static.ak.facebook.com
2014-02-25 08:29:57,www.google.com
2014-02-25 08:29:57,www.google.fr
2014-02-25 08:29:57,www.facebook.com
2014-02-25 08:29:58,www.google.com
2014-02-25 08:29:59,imworld.aufeminin.com
2014-02-25 08:30:00,imworld.aufeminin.com
2014-02-25 08:30:04,cdns.gigya.com
2014-02-25 08:30:04,imworld.aufeminin.com
2014-02-25 08:30:04,forum.aufeminin.com
2014-02-25 08:30:05,imworld.aufeminin.com
2014-02-25 08:30:07,i1-js-14-3-01-12165-659206341-i.init.cedexis-radar.net
2014-02-25 08:30:08,iad.rackspace.bench.cedexis.com
2014-02-25 08:30:09,transact-can.cedexis.com
2014-02-25 08:30:10,apis.google.com
2014-02-25 08:30:11,ec2-us-west-2a.cedexis.com
2014-02-25 08:30:12,accounts.google.com
2014-02-25 08:30:49,network.aufeminin.com
2014-02-25 08:30:49,apis.google.com
2014-02-25 08:30:49,accounts.google.com
2014-02-25 08:30:49,lp.longtailvideo.com
2014-02-25 08:30:49,imworld.aufeminin.com
2014-02-25 08:30:49,www.aufeminin.com
2014-02-25 08:30:50,www.aufeminin.com
2014-02-25 08:30:50,network.aufeminin.com
2014-02-25 08:30:51,network.aufeminin.com
2014-02-25 08:30:51,fr-himedia.videoplaza.tv
2014-02-25 08:30:51,cdnvideo.aufeminin.com
2014-02-25 08:30:51,network.alfemminile.com
2014-02-25 08:30:51,www.aufeminin.com
2014-02-25 08:30:52,network.aufeminin.com
2014-02-25 08:30:52,network.alfemminile.com
2014-02-25 08:30:52,fr-himedia.videoplaza.tv
2014-02-25 08:31:00,cdnvideo.aufeminin.com
2014-02-25 08:33:48,imworld.aufeminin.com
2014-02-25 08:34:19,www.google.com
2014-02-25 08:34:22,www.facebook.com
2014-02-25 08:34:28,www.google.fr
2014-02-25 08:34:29,www.google.fr
2014-02-25 08:34:29,www.smoosee.com
2014-02-25 08:34:30,accounts.google.com
2014-02-25 08:34:30,www.facebook.com
2014-02-25 08:34:30,apis.google.com
2014-02-25 08:34:30,connect.facebook.net
2014-02-25 08:34:30,platform.twitter.com
2014-02-25 08:34:30,www.smoosee.com
2014-02-25 08:34:30,s-static.ak.facebook.com
2014-02-25 08:34:33,www.smoosee.com
2014-02-25 08:34:37,www.google.fr
2014-02-25 08:34:38,image-image.linternaute.com
2014-02-25 08:34:38,www.beead.fr
2014-02-25 08:34:38,livre.linternaute.com
2014-02-25 08:34:38,r.ccm2.net
2014-02-25 08:34:38,r.ccmbg.com
2014-02-25 08:34:38,ba.linternaute.com
2014-02-25 08:34:38,static.ccmbg.com
2014-02-25 08:34:38,static.ccm2.net
2014-02-25 08:34:39,static.ccmbg.com
2014-02-25 08:34:39,as.beead.net
2014-02-25 08:34:40,www.marieandersen.net
2014-02-25 08:34:40,www.google.fr
2014-02-25 08:34:41,gm06.opentracker.net
2014-02-25 08:34:41,www.marieandersen.net
2014-02-25 08:34:41,static.ccm2.net
2014-02-25 08:34:42,as.beead.net
2014-02-25 08:34:42,static.ebz.io
2014-02-25 08:34:43,www.google.fr
2014-02-25 08:34:43,gabness.over-blog.com
2014-02-25 08:34:43,yui.yahooapis.com
2014-02-25 08:34:43,fdata.over-blog.net
2014-02-25 08:34:44,www.deezer.com
2014-02-25 08:34:44,fdata.over-blog.net
2014-02-25 08:34:44,www.audienceinsights.net
2014-02-25 08:34:44,www.anonymousdmp.com
2014-02-25 08:34:44,www.facebook.com
2014-02-25 08:34:45,it3yv1v73b.s.ad6media.fr
2014-02-25 08:34:45,style2.ad6.fr
2014-02-25 08:34:45,vyt3l67i3p.s.ad6media.fr
2014-02-25 08:34:45,fdata.over-blog.net
2014-02-25 08:34:45,www.youtube.com
2014-02-25 08:34:45,gabness.over-blog.com
2014-02-25 08:34:46,s-static.ak.facebook.com
2014-02-25 08:34:46,ea.numericable.fr
2014-02-25 08:34:46,static.ak.facebook.com
2014-02-25 08:34:46,fdata.over-blog.net
2014-02-25 08:34:46,www.linkedin.com
2014-02-25 08:34:46,vyt3l67i3p.s.ad6media.fr
2014-02-25 08:34:46,www.facebook.com
2014-02-25 08:34:46,platform.twitter.com
2014-02-25 08:34:46,platform.linkedin.com
2014-02-25 08:34:47,mon.psychologies.com
2014-02-25 08:34:47,ttvpsy.psychologies.com
2014-02-25 08:34:47,www.google.fr
2014-02-25 08:34:47,forum.psychologies.com
2014-02-25 08:34:47,code.jquery.com
2014-02-25 08:34:47,www.psychologies.com
2014-02-25 08:34:47,psycf.imdoc.fr
2014-02-25 08:34:47,medias.psychologies.com
2014-02-25 08:34:47,js.psychologies.com
2014-02-25 08:34:50,video.premiere.fr
2014-02-25 08:34:50,medias.psychologies.com
2014-02-25 08:34:50,css2.psychologies.com
2014-02-25 08:34:50,vyt3l67i3p.s.ad6media.fr
2014-02-25 08:34:50,platform.twitter.com
2014-02-25 08:34:50,ajax.googleapis.com
2014-02-25 08:34:51,platform.twitter.com
2014-02-25 08:34:51,s-static.ak.facebook.com
2014-02-25 08:34:51,www.facebook.com
2014-02-25 08:34:51,static.ak.facebook.com
2014-02-25 08:34:52,home.edt02.net
2014-02-25 08:34:52,mon.psychologies.com
2014-02-25 08:34:52,medias.doctissimo.fr
2014-02-25 08:34:52,cimg.leguide.com
2014-02-25 08:34:52,cshoppingbox.partner.leguide.com
2014-02-25 08:34:52,code.jquery.com
2014-02-25 08:34:52,www.facebook.com
2014-02-25 08:34:52,csimg.leguide.com
2014-02-25 08:34:52,platform.twitter.com
2014-02-25 08:34:52,css.psychologies.com
2014-02-25 08:34:52,video.premiere.fr
2014-02-25 08:34:53,medias.psychologies.com
2014-02-25 08:34:54,forums.futura-sciences.com
2014-02-25 08:34:54,www.google.fr
2014-02-25 08:34:55,fr.intext.adfever.com
2014-02-25 08:34:55,www.futura-sciences.com
2014-02-25 08:34:55,yui.yahooapis.com
2014-02-25 08:34:55,forums.futura-sciences.com
2014-02-25 08:34:55,www.google.fr
2014-02-25 08:34:55,www.google.com
2014-02-25 08:34:55,legacy.futura-sciences.com
2014-02-25 08:34:56,forums.futura-sciences.com
2014-02-25 08:34:56,twitter.com
2014-02-25 08:34:56,www.google.fr
2014-02-25 08:34:57,apis.google.com
2014-02-25 08:34:57,accounts.google.com
2014-02-25 08:34:57,forums.futura-sciences.com
2014-02-25 08:34:57,08.wir.skyrock.net
2014-02-25 08:34:57,mgl.skyrock.net
2014-02-25 08:34:57,auto.img.v4.skyrock.net
2014-02-25 08:34:57,legacy.futura-sciences.com
2014-02-25 08:34:57,static.v5.skyrock.net
2014-02-25 08:34:57,twitter.com
2014-02-25 08:34:57,youtube.googleapis.com
2014-02-25 08:34:57,www.google.fr
2014-02-25 08:34:57,www.futura-sciences.com
2014-02-25 08:34:58,hal9000.redintelligence.net
2014-02-25 08:34:58,static.v5.skyrock.net
2014-02-25 08:34:58,forums.futura-sciences.com
2014-02-25 08:34:59,hal9000.redintelligence.net
2014-02-25 08:34:59,apis.google.com
2014-02-25 08:34:59,www.facebook.com
2014-02-25 08:34:59,s-static.ak.facebook.com
2014-02-25 08:34:59,static.v5.skyrock.net
2014-02-25 08:34:59,accounts.google.com
2014-02-25 08:34:59,n25.hal9000.redintelligence.net
2014-02-25 08:34:59,static.ak.facebook.com
2014-02-25 08:34:59,platform.twitter.com
2014-02-25 08:34:59,banniere.reussissonsensemble.fr
2014-02-25 08:35:00,forums.futura-sciences.com
2014-02-25 08:35:00,www.facebook.com
2014-02-25 08:35:00,twitter.com
2014-02-25 08:35:00,banniere.reussissonsensemble.fr
2014-02-25 08:35:01,twitter.com
2014-02-25 08:35:02,platform.twitter.com
2014-02-25 08:35:04,apnx-match.dotomi.com
2014-02-25 08:35:04,dtm.footlocker.com
2014-02-25 08:35:06,um.simpli.fi
2014-02-25 08:35:06,www.facebook.com
2014-02-25 08:35:12,ajax.googleapis.com
2014-02-25 08:35:12,static.ccmbg.com
2014-02-25 08:35:12,ba.linternaute.com
2014-02-25 08:35:12,static.ccm2.net
2014-02-25 08:35:13,static.ak.facebook.com
2014-02-25 08:35:13,ba.linternaute.com
2014-02-25 08:35:13,www.commentcamarche.net
2014-02-25 08:35:13,www.facebook.com
2014-02-25 08:35:13,s-static.ak.facebook.com
2014-02-25 08:35:13,static.ccmbg.com
2014-02-25 08:35:13,static.ccm2.net
2014-02-25 08:35:14,livre.linternaute.com
2014-02-25 08:35:16,fdata.over-blog.net
2014-02-25 08:35:31,twitter.com
2014-02-25 08:35:33,vyt3l67i3p.s.ad6media.fr
2014-02-25 08:36:44,platform.twitter.com
2014-02-25 08:37:04,vyt3l67i3p.s.ad6media.fr
2014-02-25 08:37:04,style2.ad6.fr
2014-02-25 08:37:04,m.ad6media.fr
2014-02-25 08:37:04,it3yv1v73b.s.ad6media.fr
2014-02-25 08:37:05,www.sfr.fr
2014-02-25 08:37:05,static.s-sfr.fr
2014-02-25 08:37:06,metrics.sfr.fr
2014-02-25 08:37:06,it3yv1v73b.s.ad6media.fr
2014-02-25 08:37:06,www.sfr.fr
2014-02-25 08:37:06,static.s-sfr.fr
2014-02-25 08:37:07,style2.ad6.fr
2014-02-25 08:37:07,it3yv1v73b.s.ad6media.fr
2014-02-25 08:37:12,static.s-sfr.fr
2014-02-25 08:37:15,www.google.fr
2014-02-25 08:37:15,apis.google.com
2014-02-25 08:37:15,accounts.google.com
2014-02-25 08:37:15,medias.psychologies.com
2014-02-25 08:37:18,static.s-sfr.fr
2014-02-25 08:39:57,www.google.fr
2014-02-25 08:40:44,fdata.over-blog.net
2014-02-25 08:41:15,pixel2368.everesttech.net
2014-02-25 08:41:16,adventori.com
2014-02-25 08:42:32,pixel2368.everesttech.net
2014-02-25 08:44:41,www.google.fr
2014-02-25 08:44:42,www.google.fr
2014-02-25 08:44:46,www.google.fr
2014-02-25 08:44:48,www.google.fr
2014-02-25 08:44:49,lavoiedelamoureux.com
2014-02-25 08:44:49,ajax.googleapis.com
2014-02-25 08:44:49,wms.assoc-amazon.fr
2014-02-25 08:44:49,lapressegalactique.net
2014-02-25 08:44:50,www.currency-converter.org.uk
2014-02-25 08:44:50,lavoiedelamoureux.com
2014-02-25 08:44:50,lapressegalactique.net
2014-02-25 08:44:51,lapressegalactique.org
2014-02-25 08:44:51,www.currency-converter.org.uk
2014-02-25 08:44:51,lapressegalactique.net
2014-02-25 08:44:52,ajax.googleapis.com
2014-02-25 08:44:52,www.google.fr
2014-02-25 08:44:52,www.mecaniqueuniverselle.net
2014-02-25 08:44:52,platform.twitter.com
2014-02-25 08:44:52,www.dailymotion.com
2014-02-25 08:44:52,static.ak.facebook.com
2014-02-25 08:44:52,mecaniqueuniverselle.net
2014-02-25 08:44:53,www.facebook.com
2014-02-25 08:44:53,lapressegalactique.net
2014-02-25 08:44:53,lavoiedelamoureux.com
2014-02-25 08:44:53,www.amazon.fr
2014-02-25 08:44:53,s-static.ak.facebook.com
2014-02-25 08:44:54,lavoiedelamoureux.com
2014-02-25 08:44:54,z-ecx.images-amazon.com
2014-02-25 08:45:06,mecaniqueuniverselle.net
2014-02-25 08:45:06,www.paypalobjects.com
2014-02-25 08:45:24,twitter.com
2014-02-25 08:45:40,lapressegalactique.net
2014-02-25 08:45:56,www.google.fr
2014-02-25 08:45:59,www.google.fr
2014-02-25 08:46:05,www.google.fr
2014-02-25 08:46:06,www.energie-sante.net
2014-02-25 08:46:06,www.archive-host.com
2014-02-25 08:46:06,www.google.fr
2014-02-25 08:46:07,www.google.com
2014-02-25 08:46:07,www.energie-sante.net
2014-02-25 08:46:07,wms.assoc-amazon.fr
2014-02-25 08:46:07,www.assoc-amazon.fr
2014-02-25 08:46:08,www.energie-sante.net
2014-02-25 08:46:08,www.amazon.fr
2014-02-25 08:46:09,www.energie-sante.net
2014-02-25 08:46:56,www.paypalobjects.com
2014-02-25 08:46:56,www.google.fr
2014-02-25 08:46:57,mecaniqueuniverselle.net
2014-02-25 08:48:14,www.google.fr
2014-02-25 08:48:51,books.google.fr
2014-02-25 08:48:51,www.google.fr
2014-02-25 08:48:52,www.google.com
2014-02-25 08:48:52,www.google.fr
2014-02-25 08:48:52,bks4.books.google.fr
2014-02-25 08:48:52,books.google.fr
2014-02-25 08:49:04,apis.google.com
2014-02-25 08:49:33,books.google.fr
2014-02-25 08:49:34,books.google.fr
2014-02-25 08:49:40,books.google.fr
2014-02-25 08:49:46,books.google.fr
2014-02-25 08:50:05,apis.google.com
2014-02-25 08:55:16,books.google.fr
2014-02-25 09:05:34,www.google.fr
2014-02-25 09:06:43,medias.psychologies.com
2014-02-25 09:06:43,www.psychologies.com
2014-02-25 09:06:43,js.psychologies.com
2014-02-25 09:06:43,img.psychologies.com
2014-02-25 09:06:43,ttvpsy.psychologies.com
2014-02-25 09:06:43,connect.facebook.net
2014-02-25 09:06:43,www.google.fr
2014-02-25 09:06:44,s-static.ak.facebook.com
2014-02-25 09:06:44,cimg.leguide.com
2014-02-25 09:06:44,www.psychologies.com
2014-02-25 09:06:44,home.edt02.net
2014-02-25 09:06:44,medias.psychologies.com
2014-02-25 09:06:44,css.psychologies.com
2014-02-25 09:06:44,css2.psychologies.com
2014-02-25 09:06:44,video.premiere.fr
2014-02-25 09:06:44,static.ak.facebook.com
2014-02-25 09:06:44,img.psychologies.com
2014-02-25 09:06:45,apis.google.com
2014-02-25 09:06:45,www.google.fr
2014-02-25 09:06:45,www.google.com
2014-02-25 09:06:45,img.psychologies.com
2014-02-25 09:06:45,platform.linkedin.com
2014-02-25 09:06:45,medias.psychologies.com
2014-02-25 09:06:45,platform.twitter.com
2014-02-25 09:06:45,www.psychologies.com
2014-02-25 09:06:45,www.facebook.com
2014-02-25 09:06:47,www.facebook.com
2014-02-25 09:06:53,btnhi.zegive.com
2014-02-25 09:06:57,www.linkedin.com
2014-02-25 09:06:58,btnhi.zegive.com
2014-02-25 09:07:03,www.google.fr
2014-02-25 09:07:03,www.psychologies.com
2014-02-25 09:07:03,s-static.ak.facebook.com
2014-02-25 09:07:03,medias.psychologies.com
2014-02-25 09:07:03,static.ak.facebook.com
2014-02-25 09:07:04,cimg.leguide.com
2014-02-25 09:07:04,home.edt02.net
2014-02-25 09:07:04,video.premiere.fr
2014-02-25 09:07:04,platform.twitter.com
2014-02-25 09:07:04,www.psychologies.com
2014-02-25 09:07:04,www.google.fr
2014-02-25 09:07:04,www.google.com
2014-02-25 09:07:04,platform.linkedin.com
2014-02-25 09:07:05,www.google.fr
2014-02-25 09:07:05,www.facebook.com
2014-02-25 09:07:06,www.facebook.com
2014-02-25 09:07:06,www.google.fr
2014-02-25 09:07:06,www.parole-en-marche.org
2014-02-25 09:07:06,www.google.com
2014-02-25 09:07:06,s-static.ak.facebook.com
2014-02-25 09:07:06,apis.google.com
2014-02-25 09:07:06,static.ak.facebook.com
2014-02-25 09:07:11,www.parole-en-marche.org
2014-02-25 09:07:13,btnhi.zegive.com
2014-02-25 09:07:16,apis.google.com
2014-02-25 09:07:18,btnhi.zegive.com
2014-02-25 09:07:42,twitter.com
2014-02-25 09:08:11,www.google.fr
2014-02-25 09:08:33,www.google.fr
2014-02-25 09:08:34,www.clearblue.com
2014-02-25 09:08:35,www.clearblue.com
2014-02-25 09:08:36,www.clearblue.com
2014-02-25 09:08:36,www.google.fr
2014-02-25 09:08:37,lecerveau.mcgill.ca
2014-02-25 09:08:37,www.lecerveau.mcgill.ca
2014-02-25 09:08:37,www.clearblue.com
2014-02-25 09:08:38,www.lecerveau.mcgill.ca
2014-02-25 09:08:38,www.google.com
2014-02-25 09:08:38,www.clearblue.com
2014-02-25 09:08:38,lecerveau.mcgill.ca
2014-02-25 09:08:39,www.previewshots.com
2014-02-25 09:08:39,lecerveau.mcgill.ca
2014-02-25 09:08:41,www.google.fr
2014-02-25 09:08:41,www.natisens.com
2014-02-25 09:08:47,platform.twitter.com
2014-02-25 09:08:47,accounts.google.com
2014-02-25 09:08:47,www.linkedin.com
2014-02-25 09:08:48,www.previewshots.com
2014-02-25 09:08:49,www.previewshots.com
2014-02-25 09:08:49,lecerveau.mcgill.ca
2014-02-25 09:09:16,apis.google.com
2014-02-25 09:10:45,apis.google.com
2014-02-25 09:10:45,accounts.google.com
2014-02-25 09:10:57,www.google.fr
2014-02-25 09:11:28,www.linkedin.com
2014-02-25 09:12:19,www.clearblue.com
2014-02-25 09:12:56,www.doctissimo.fr
2014-02-25 09:12:56,mf.imdoc.fr
2014-02-25 09:12:56,medias.doctissimo.fr
2014-02-25 09:12:56,www.google.fr
2014-02-25 09:12:57,static.doctissimo.fr
2014-02-25 09:12:57,videos.doctissimo.fr
2014-02-25 09:12:57,medias.doctissimo.fr
2014-02-25 09:12:57,mf.imdoc.fr
2014-02-25 09:12:57,www.doctissimo.fr
2014-02-25 09:12:58,www.google.fr
2014-02-25 09:12:59,www.google.ca
2014-02-25 09:12:59,apis.google.com
2014-02-25 09:12:59,platform.twitter.com
2014-02-25 09:12:59,www.psychomedia.qc.ca
2014-02-25 09:13:00,www.psychomedia.qc.ca
2014-02-25 09:13:01,www.google.ca
2014-02-25 09:13:01,www.psychomedia.qc.ca
2014-02-25 09:13:02,s-static.ak.facebook.com
2014-02-25 09:13:02,www.facebook.com
2014-02-25 09:13:02,apis.google.com
2014-02-25 09:13:02,platform.twitter.com
2014-02-25 09:13:02,accounts.google.com
2014-02-25 09:13:02,static.ak.facebook.com
2014-02-25 09:13:03,www.psychomedia.qc.ca
2014-02-25 09:13:05,www.facebook.com
2014-02-25 09:13:08,ajax.googleapis.com
2014-02-25 09:13:09,plugins.longtailvideo.com
2014-02-25 09:13:09,videos.doctissimo.fr
2014-02-25 09:13:09,rm.piximedia.fr
2014-02-25 09:13:09,www.doctissimo.fr
2014-02-25 09:13:09,static.ak.facebook.com
2014-02-25 09:13:09,mf.imdoc.fr
2014-02-25 09:13:09,static.doctissimo.fr
2014-02-25 09:13:09,platform.linkedin.com
2014-02-25 09:13:09,medias.doctissimo.fr
2014-02-25 09:13:09,broadcast.piximedia.fr
2014-02-25 09:13:09,platform.twitter.com
2014-02-25 09:13:09,ajax.googleapis.com
2014-02-25 09:13:09,s-static.ak.facebook.com
2014-02-25 09:13:10,www.google.fr
2014-02-25 09:13:10,videos.doctissimo.fr
2014-02-25 09:13:10,medias.doctissimo.fr
2014-02-25 09:13:10,code.jquery.com
2014-02-25 09:13:10,www.doctissimo.fr
2014-02-25 09:13:10,col001.ip-label.net
2014-02-25 09:13:10,mf.imdoc.fr
2014-02-25 09:13:11,platform.twitter.com
2014-02-25 09:13:11,www.cnrs.fr
2014-02-25 09:13:11,videos.doctissimo.fr
2014-02-25 09:13:11,www2.cnrs.fr
2014-02-25 09:13:11,broadcast.piximedia.fr
2014-02-25 09:13:11,www.psychomedia.qc.ca
2014-02-25 09:13:11,medias.doctissimo.fr
2014-02-25 09:13:11,mf.imdoc.fr
2014-02-25 09:13:11,www.facebook.com
2014-02-25 09:13:11,apis.google.com
2014-02-25 09:13:12,mediasvideos.doctissimo.fr
2014-02-25 09:13:12,rm.piximedia.fr
2014-02-25 09:13:12,mf.imdoc.fr
2014-02-25 09:13:12,broadcast.piximedia.fr
2014-02-25 09:13:13,mf.imdoc.fr
2014-02-25 09:13:13,rm.piximedia.fr
2014-02-25 09:13:13,lp.longtailvideo.com
2014-02-25 09:13:14,mediasvideos.doctissimo.fr
2014-02-25 09:13:14,accounts.google.com
2014-02-25 09:13:14,rm.piximedia.fr
2014-02-25 09:13:14,lp.longtailvideo.com
2014-02-25 09:13:15,accounts.google.com
2014-02-25 09:13:15,mf.imdoc.fr
2014-02-25 09:13:15,rm.piximedia.fr
2014-02-25 09:13:21,www.doctissimo.fr
2014-02-25 09:13:21,twitter.com
2014-02-25 09:13:22,videos.doctissimo.fr
2014-02-25 09:13:22,twitter.com
2014-02-25 09:13:22,rm.piximedia.fr
2014-02-25 09:13:22,broadcast.piximedia.fr
2014-02-25 09:13:22,mf.imdoc.fr
2014-02-25 09:13:24,twitter.com
2014-02-25 09:13:27,rm.piximedia.fr
2014-02-25 09:13:31,rm.piximedia.fr
2014-02-25 09:13:32,www.soin-miracle.fr
2014-02-25 09:13:32,www.garnier.fr
2014-02-25 09:13:32,twitter.com
2014-02-25 09:13:33,rm.piximedia.fr
2014-02-25 09:13:33,www.garnier.fr
2014-02-25 09:13:34,www.garnier.fr
2014-02-25 09:13:34,www.google.com
2014-02-25 09:13:34,www.google.fr
2014-02-25 09:13:34,halc.iadvize.com
2014-02-25 09:13:35,www.cnrs.fr
2014-02-25 09:13:38,rm.piximedia.fr
2014-02-25 09:13:43,rm.piximedia.fr
2014-02-25 09:13:46,halc.iadvize.com
2014-02-25 09:13:54,twitter.com
2014-02-25 09:14:11,www.linkedin.com
2014-02-25 09:15:11,platform.twitter.com
2014-02-25 09:15:25,www.google.fr
2014-02-25 09:17:02,www.google.fr
2014-02-25 09:17:14,www.google.fr
2014-02-25 09:17:55,www.google.fr
2014-02-25 09:17:56,www.marieclaire.fr
2014-02-25 09:17:56,assets.pinterest.com
2014-02-25 09:17:56,api.adyoulike.com
2014-02-25 09:17:56,www.google.fr
2014-02-25 09:17:56,img.shopreflex.com
2014-02-25 09:17:57,www.dailymotion.com
2014-02-25 09:17:57,www.marieclaire.fr
2014-02-25 09:17:57,api.adyoulike.com
2014-02-25 09:17:57,ajax.googleapis.com
2014-02-25 09:18:00,img.magicmaman.com
2014-02-25 09:18:04,www.facebook.com
2014-02-25 09:18:06,platform.twitter.com
2014-02-25 09:18:06,static.ak.facebook.com
2014-02-25 09:18:06,www.facebook.com
2014-02-25 09:18:06,connect.facebook.net
2014-02-25 09:18:06,www.marieclaire.fr
2014-02-25 09:18:06,s-static.ak.facebook.com
2014-02-25 09:18:07,m.marieclaire.fr
2014-02-25 09:18:07,www.marieclaire.fr
2014-02-25 09:18:15,apis.google.com
2014-02-25 09:18:15,twitter.com
2014-02-25 09:18:18,accounts.google.com
2014-02-25 09:18:19,apis.google.com
2014-02-25 09:18:20,passets.pinterest.com
2014-02-25 09:18:20,twitter.com
2014-02-25 09:18:20,apis.google.com
2014-02-25 09:18:20,widgets.pinterest.com
2014-02-25 09:18:20,www.marieclaire.fr
2014-02-25 09:18:20,assets.pinterest.com
2014-02-25 09:18:21,passets.pinterest.com
2014-02-25 09:18:27,api.adyoulike.com
2014-02-25 09:18:27,www.marieclaire.fr
2014-02-25 09:18:27,www.dailymotion.com
2014-02-25 09:18:27,accounts.google.com
2014-02-25 09:18:29,rubicon-match.dotomi.com
2014-02-25 09:18:29,match.rtbidder.net
2014-02-25 09:18:30,dtm.footlocker.com
2014-02-25 09:18:30,www.marieclaire.fr
2014-02-25 09:18:30,its.tradelab.fr
2014-02-25 09:18:30,mm.eulerian.net
2014-02-25 09:18:31,platform.twitter.com
2014-02-25 09:18:31,www.marieclaire.fr
2014-02-25 09:18:31,m.marieclaire.fr
2014-02-25 09:18:31,static.ak.facebook.com
2014-02-25 09:18:31,its.tradelab.fr
2014-02-25 09:18:31,www.facebook.com
2014-02-25 09:18:31,s-static.ak.facebook.com
2014-02-25 09:18:32,apis.google.com
2014-02-25 09:18:34,www.facebook.com
2014-02-25 09:18:34,its.tradelab.fr
2014-02-25 09:18:34,twitter.com
2014-02-25 09:18:34,www.marieclaire.fr
2014-02-25 09:18:34,m.marieclaire.fr
2014-02-25 09:18:35,widgets.pinterest.com
2014-02-25 09:18:37,i1-js-14-3-01-10077-233536002-i.init.cedexis-radar.net
2014-02-25 09:18:38,www.dailymotion.com
2014-02-25 09:18:38,img.shopreflex.com
2014-02-25 09:18:38,www.marieclaire.fr
2014-02-25 09:18:39,x2.vindicosuite.com
2014-02-25 09:18:39,api.adyoulike.com
2014-02-25 09:18:39,www.dailymotion.com
2014-02-25 09:18:40,um.simpli.fi
2014-02-25 09:18:41,c1.adform.net
2014-02-25 09:18:41,www.marieclaire.fr
2014-02-25 09:18:41,pr.ybp.yahoo.com
2014-02-25 09:18:41,redir.adbutter.net
2014-02-25 09:18:41,ajax.googleapis.com
2014-02-25 09:18:41,tc.airfrance.com
2014-02-25 09:18:42,rp.gwallet.com
2014-02-25 09:18:42,rbp.mxptint.net
2014-02-25 09:18:43,www.marieclaire.fr
2014-02-25 09:18:45,platform.twitter.com
2014-02-25 09:18:45,www.marieclaire.fr
2014-02-25 09:18:46,twitter.com
2014-02-25 09:18:46,apis.google.com
2014-02-25 09:18:46,s-static.ak.facebook.com
2014-02-25 09:18:46,www.facebook.com
2014-02-25 09:18:46,static.ak.facebook.com
2014-02-25 09:18:46,www.marieclaire.fr
2014-02-25 09:18:46,platform.twitter.com
2014-02-25 09:18:47,www.marieclaire.fr
2014-02-25 09:18:47,m.marieclaire.fr
2014-02-25 09:18:47,twitter.com
2014-02-25 09:19:02,widgets.pinterest.com
2014-02-25 09:20:49,www.google.fr
2014-02-25 09:21:01,www.google.fr
2014-02-25 09:21:21,www.google.fr
2014-02-25 09:21:33,clients1.google.fr
2014-02-25 09:21:34,clients1.google.fr
2014-02-25 09:21:34,www.google.fr
2014-02-25 09:21:59,www.google.fr
2014-02-25 09:22:16,www.google.fr
2014-02-25 09:22:17,www.inserm.fr
2014-02-25 09:24:17,www.google.fr
2014-02-25 09:27:07,www.google.fr
2014-02-25 09:27:08,www.inserm.fr
2014-02-25 09:27:18,www.google.fr
2014-02-25 09:27:44,clients1.google.fr
2014-02-25 09:27:44,www.google.fr
2014-02-25 09:27:50,www.google.fr
2014-02-25 09:27:50,www.futura-sciences.com
2014-02-25 09:27:51,www.futura-sciences.com
2014-02-25 09:27:51,www.facebook.com
2014-02-25 09:27:51,apis.google.com
2014-02-25 09:27:54,apis.google.com
2014-02-25 09:27:54,accounts.google.com
2014-02-25 09:27:54,www.futura-sciences.com
2014-02-25 09:27:55,apis.google.com
2014-02-25 09:27:55,www.google.fr
2014-02-25 09:27:56,apis.google.com
2014-02-25 09:27:56,www.facebook.com
2014-02-25 09:27:57,www.futura-sciences.com
2014-02-25 09:27:58,s-static.ak.facebook.com
2014-02-25 09:27:58,apis.google.com
2014-02-25 09:27:58,platform.twitter.com
2014-02-25 09:27:58,static.ak.facebook.com
2014-02-25 09:27:58,www.facebook.com
2014-02-25 09:27:58,choices.truste.com
2014-02-25 09:27:59,www.facebook.com
2014-02-25 09:28:08,twitter.com
2014-02-25 09:28:26,clients1.google.fr
2014-02-25 09:28:26,www.google.fr
2014-02-25 09:28:39,www.google.fr
2014-02-25 09:28:40,clients1.google.fr
2014-02-25 09:29:07,www.google.fr
2014-02-25 09:29:07,clients1.google.fr
2014-02-25 09:29:19,www.google.fr
2014-02-25 09:29:24,www.google.fr
2014-02-25 09:30:21,www.google.fr
2014-02-25 09:30:23,www.cndp.fr
2014-02-25 09:32:23,www.google.fr
2014-03-24 15:43:05,www.google.fr
2014-03-24 15:43:18,www.google.fr
2014-03-24 15:43:19,apis.google.com
2014-03-24 15:43:21,www.google.com
2014-03-24 15:43:27,www.google.com
2014-03-24 15:43:27,apis.google.com
2014-03-24 15:43:27,www.google.fr
2014-03-24 15:46:11,ieonline.microsoft.com
2014-03-24 16:28:49,www.bing.com
2014-03-24 16:28:50,www.bing.com
2014-03-24 16:28:51,cms.abmr.net
2014-03-24 16:28:51,www.google.fr
2014-03-24 16:28:51,www.bing.com
2014-03-24 16:28:55,www.bing.com
2014-03-24 16:28:56,login.live.com
2014-03-24 16:28:56,www.google.fr
2014-03-24 16:28:59,www.bing.com
2014-03-24 16:29:02,www.google.fr
2014-03-24 16:29:06,www.google.fr
2014-03-24 16:29:07,www.google.fr
2014-03-24 16:29:12,www.google.fr
2014-03-24 16:29:13,www.google.fr
2014-03-24 16:31:33,www.google.fr
2014-04-15 08:04:51,www.google.fr
2014-04-15 08:04:55,www.google.fr
2014-04-15 08:04:55,www.google.com
2014-04-15 08:04:55,apis.google.com
2014-04-15 08:05:42,ieonline.microsoft.com
2014-04-15 08:14:16,www.bing.com
2014-04-15 08:14:17,www.bing.com
2014-04-15 08:14:17,cms.abmr.net
2014-04-15 08:14:18,www.bing.com
2014-04-15 08:14:18,www.google.fr
2014-04-15 08:14:26,www.bing.com
2014-04-15 08:14:29,www.google.fr
2014-04-15 08:14:30,apis.google.com
2014-04-15 08:14:33,www.google.com
2014-04-15 08:14:45,apis.google.com
2014-04-15 08:14:45,www.google.com
2014-04-15 08:14:45,www.google.fr
2014-04-15 08:15:47,www.google.fr
2014-04-15 08:15:48,www.google.fr
2014-04-15 08:26:42,www.youtube.com
2014-04-15 08:27:19,www.youtube.com
2014-04-15 08:27:40,www.youtube.com
2014-04-15 08:28:10,www.youtube.com
2014-04-15 08:29:19,www.youtube.com
2014-04-15 08:32:07,www.youtube.com
2014-04-15 08:32:53,www.youtube.com
2014-04-15 09:17:23,www.google.fr
2014-04-15 09:17:34,www.google.fr
2014-04-15 09:17:46,www.google.fr
2014-04-15 09:17:57,clients1.google.fr
2014-04-15 09:17:58,www.google.fr
2014-04-15 09:17:58,www.galeriegif.com
2014-04-15 09:17:58,clients1.google.fr
2014-04-15 09:17:59,s-static.ak.facebook.com
2014-04-15 09:17:59,www.facebook.com
2014-04-15 09:17:59,connect.facebook.net
2014-04-15 09:17:59,www.galeriegif.com
2014-04-15 09:17:59,static.ak.facebook.com
2014-04-15 09:18:00,www.facebook.com
2014-04-15 09:18:00,www.galeriegif.com
2014-04-15 09:18:00,www.google.com
2014-04-15 09:18:02,www.galeriegif.com
2014-04-15 09:18:03,www.galeriegif.com
2014-04-15 09:18:03,s-static.ak.facebook.com
2014-04-15 09:18:03,choices.truste.com
2014-04-15 09:18:03,www.facebook.com
2014-04-15 09:18:04,choices.truste.com
2014-04-15 09:18:04,www.google.com
2014-04-15 09:18:27,www.bing.com
2014-04-15 09:18:28,www.bing.com
2014-04-15 09:18:29,www.bing.com
2014-04-15 09:18:30,ts2.mm.bing.net
2014-04-15 09:18:30,ts3.mm.bing.net
2014-04-15 09:18:30,ts4.mm.bing.net
2014-04-15 09:18:30,ts1.mm.bing.net
2014-04-15 09:18:30,www.bing.com
2014-04-15 09:18:31,www.bing.com
2014-04-15 09:18:31,ts4.mm.bing.net
2014-04-15 09:18:31,ts3.mm.bing.net
2014-04-15 09:18:31,ts2.mm.bing.net
2014-04-15 09:18:31,ts1.mm.bing.net
2014-04-15 09:18:31,api.bing.com
2014-04-15 09:18:32,ts2.mm.bing.net
2014-04-15 09:18:32,www.bing.com
2014-04-15 09:18:32,ts4.mm.bing.net
2014-04-15 09:18:32,ts1.mm.bing.net
2014-04-15 09:18:32,ts3.mm.bing.net
2014-04-15 09:18:33,www.bing.com
2014-04-15 09:18:34,presse.david-kyriakidis.be
2014-04-15 09:18:34,www.gianni-music.com
2014-04-15 09:18:34,ts3.mm.bing.net
2014-04-15 09:18:34,ts1.mm.bing.net
2014-04-15 09:18:34,www.bing.com
2014-04-15 09:18:35,www.bing.com
2014-04-15 09:18:35,ts1.mm.bing.net
2014-04-15 09:18:35,06.img.v4.skyrock.net
2014-04-15 09:18:38,www.bing.com
2014-04-15 09:18:38,www.gianni-music.com
2014-04-15 09:18:39,www.bing.com
2014-04-15 09:18:40,ts1.mm.bing.net
2014-04-15 09:18:42,login.live.com
2014-04-15 09:18:44,www.bing.com
2014-04-15 09:18:48,www.bing.com
2014-04-15 09:19:50,ssl.bing.com
2014-04-15 09:23:44,www.google.fr
2014-04-15 09:23:56,www.google.fr
2014-04-15 09:23:56,office.microsoft.com
2014-04-15 09:23:57,office.microsoft.com
2014-04-15 09:23:57,js.microsoft.com
2014-04-15 09:23:57,c.msn.com
2014-04-15 09:23:58,office.microsoft.com
2014-04-15 09:39:35,www.youtube.com
2014-04-15 09:41:01,www.google.fr
2014-04-15 09:41:13,www.google.fr
2014-04-15 09:41:55,www.google.fr
2014-04-15 09:41:55,sante-medecine.commentcamarche.net
2014-04-15 09:41:55,r.ccmbg.com
2014-04-15 09:41:55,static.ccm2.net
2014-04-15 09:41:55,ba.commentcamarche.net
2014-04-15 09:41:56,fpdownload2.macromedia.com
2014-04-15 09:41:56,pixel.alephd.com
2014-04-15 09:41:56,www.facebook.com
2014-04-15 09:41:56,platform.twitter.com
2014-04-15 09:41:56,static.ccm2.net
2014-04-15 09:41:56,ba.commentcamarche.net
2014-04-15 09:41:56,loadr.exelator.com
2014-04-15 09:41:57,s-static.ak.facebook.com
2014-04-15 09:41:57,www.commentcamarche.net
2014-04-15 09:41:57,static.ccmbg.com
2014-04-15 09:41:57,connect.facebook.net
2014-04-15 09:41:57,platform.twitter.com
2014-04-15 09:41:57,static.ccm2.net
2014-04-15 09:41:57,pixel.alephd.com
2014-04-15 09:41:57,www.facebook.com
2014-04-15 09:41:57,mm.eulerian.net
2014-04-15 09:41:57,ba.commentcamarche.net
2014-04-15 09:41:58,pixel.alephd.com
2014-04-15 09:42:06,twitter.com
2014-04-15 09:42:07,static.ccmbg.com
2014-04-15 09:42:07,twitter.com
2014-04-15 09:42:07,ajax.googleapis.com
2014-04-15 09:42:07,www.facebook.com
2014-04-15 09:42:08,apis.google.com
2014-04-15 09:42:11,accounts.google.com
2014-04-15 09:42:13,sante-medecine.commentcamarche.net
2014-04-15 09:42:13,apis.google.com
2014-04-15 09:42:13,ajax.googleapis.com
2014-04-15 09:42:13,www.facebook.com
2014-04-15 09:42:16,www.google.fr
2014-04-15 09:42:43,www.google.fr
2014-04-15 09:42:45,fr.lelo.com
2014-04-15 09:42:45,www.google.fr
2014-04-15 09:42:46,platform.twitter.com
2014-04-15 09:42:46,connect.facebook.net
2014-04-15 09:42:46,www.facebook.com
2014-04-15 09:42:46,apis.google.com
2014-04-15 09:42:46,fr.lelo.com
2014-04-15 09:42:47,platform.twitter.com
2014-04-15 09:42:47,www.facebook.com
2014-04-15 09:42:47,fr.lelo.com
2014-04-15 09:42:48,platform.twitter.com
2014-04-15 09:42:48,www.facebook.com
2014-04-15 09:42:53,connect.facebook.net
2014-04-15 09:42:55,platform.stumbleupon.com
2014-04-15 09:42:55,accounts.google.com
2014-04-15 09:42:56,platform.twitter.com
2014-04-15 09:42:56,connect.facebook.net
2014-04-15 09:42:56,fr.lelo.com
2014-04-15 09:42:56,accounts.google.com
2014-04-15 09:42:56,platform.stumbleupon.com
2014-04-15 09:42:56,assets.pinterest.com
2014-04-15 09:42:57,assets.pinterest.com
2014-04-15 09:42:57,widgets.pinterest.com
2014-04-15 09:42:57,twitter.com
2014-04-15 09:42:57,pbs.twimg.com
2014-04-15 09:42:57,fr.lelo.com
2014-04-15 09:42:58,www.facebook.com
2014-04-15 09:42:58,apis.google.com
2014-04-15 09:42:58,twitter.com
2014-04-15 09:42:58,platform.twitter.com
2014-04-15 09:43:07,www.google.fr
2014-04-15 09:44:00,www.google.fr
2014-04-15 09:44:03,apis.google.com
2014-04-15 09:44:03,www.google.fr
2014-04-15 09:44:03,ajax.googleapis.com
2014-04-15 09:44:03,fiches.lexpress.fr
2014-04-15 09:44:04,pixel.alephd.com
2014-04-15 09:44:04,www.google.com
2014-04-15 09:44:04,s.ytimg.com
2014-04-15 09:44:04,www.youtube.com
2014-04-15 09:44:04,communaute.lexpress.fr
2014-04-15 09:44:04,admin.brightcove.com
2014-04-15 09:44:04,static.lexpress.fr
2014-04-15 09:44:05,s-static.ak.facebook.com
2014-04-15 09:44:05,www.facebook.com
2014-04-15 09:44:05,static.lexpress.fr
2014-04-15 09:44:05,communaute.lexpress.fr
2014-04-15 09:44:05,fiches.lexpress.fr
2014-04-15 09:44:05,s.ytimg.com
2014-04-15 09:44:05,i1.ytimg.com
2014-04-15 09:44:05,adventori.com
2014-04-15 09:44:06,dps.bing.com
2014-04-15 09:44:06,i1.ytimg.com
2014-04-15 09:44:10,accounts.google.com
2014-04-15 09:45:43,fiches.lexpress.fr
2014-04-15 09:45:43,static.lexpress.fr
2014-04-15 09:45:43,communaute.lexpress.fr
2014-04-15 09:45:43,www.youtube.com
2014-04-15 09:45:44,communaute.lexpress.fr
2014-04-15 09:45:44,s-static.ak.facebook.com
2014-04-15 09:45:44,fiches.lexpress.fr
2014-04-15 09:45:44,www.facebook.com
2014-04-15 09:45:44,pixel.alephd.com
2014-04-15 09:45:45,its.tradelab.fr
2014-04-15 09:45:45,i1.ytimg.com
2014-04-15 09:45:47,its.tradelab.fr
2014-04-15 09:45:47,adventori.com
2014-04-15 09:51:24,technet2.microsoft.com
2014-04-15 09:51:39,technet2.microsoft.com
2014-04-22 08:49:53,ieonline.microsoft.com
2014-04-22 08:57:35,www.google.fr
2014-04-22 08:57:36,apis.google.com
2014-04-22 08:57:38,www.google.com
2014-04-22 08:57:53,www.google.com
2014-04-22 08:57:53,www.google.fr
2014-04-22 08:57:53,apis.google.com
2014-04-22 09:00:13,www.google.fr
2014-04-24 10:31:14,sci.sciences.univ-bpclermont.fr
2014-04-24 10:31:22,www.google.fr
2014-04-24 10:31:36,www.google.fr
2014-04-24 10:31:37,apis.google.com
2014-04-24 10:31:39,www.google.com
2014-04-24 10:32:01,www.univ-bpclermont.fr
2014-04-24 10:32:01,ent.univ-bpclermont.fr
2014-04-24 10:32:01,www.google.fr
2014-04-24 10:32:01,apis.google.com
2014-04-24 10:32:01,www.google.com
2014-04-24 10:32:13,www.univ-bpclermont.fr
2014-04-24 10:32:13,ent.univ-bpclermont.fr
2014-04-24 10:32:15,www.univ-bpclermont.fr
2014-04-24 10:32:24,ent.univ-bpclermont.fr
2014-04-24 10:32:24,www.univ-bpclermont.fr
2014-04-24 10:32:25,ent.univ-bpclermont.fr
2014-04-24 10:32:26,ent.univ-bpclermont.fr
2014-04-24 10:32:26,www.univ-bpclermont.fr
2014-04-24 10:32:27,ent.univ-bpclermont.fr
2014-04-24 10:32:52,ent.univ-bpclermont.fr
2014-04-24 10:34:28,ieonline.microsoft.com
2014-04-24 10:37:27,ent.univ-bpclermont.fr
2014-04-24 10:42:27,ent.univ-bpclermont.fr
2014-04-24 10:47:27,ent.univ-bpclermont.fr
2014-04-24 10:49:01,edt.univ-bpclermont.fr
2014-04-24 10:49:01,www.univ-bpclermont.fr
2014-04-24 10:49:01,dokudsi.univ-bpclermont.fr
2014-04-24 10:49:01,forums.univ-bpclermont.fr
2014-04-24 10:49:01,filez.univ-bpclermont.fr
2014-04-24 10:49:01,ent.univ-bpclermont.fr
2014-04-24 10:49:01,reunions.univ-bpclermont.fr
2014-04-24 10:49:01,graal.univ-bpclermont.fr
2014-04-24 10:49:01,claroline.univ-bpclermont.fr
2014-04-24 10:49:01,stages.univ-bpclermont.fr
2014-04-24 10:49:02,claroline.univ-bpclermont.fr
2014-04-24 10:49:06,ent.univ-bpclermont.fr
2014-04-24 10:49:06,edt.univ-bpclermont.fr
2014-04-24 10:49:07,ent.univ-bpclermont.fr
2014-04-24 10:49:07,www.univ-bpclermont.fr
