timestamp,site
2013-12-17 08:13:32,fr.start2.mozilla.com
2013-12-17 08:13:33,start.mozilla.org
2013-12-17 08:13:33,fr.www.mozilla.com
2013-12-17 08:13:33,www.mozilla.org
2013-12-17 08:13:34,www.mozilla.org
2013-12-17 08:13:36,start.mozilla.org
2013-12-17 08:13:36,www.mozilla.org
2013-12-17 08:13:40,www.google.fr
2013-12-17 08:13:40,www.lemonde.fr
2013-12-17 08:13:40,rss.lemonde.fr
2013-12-17 08:13:40,fr.fxfeeds.mozilla.com
2013-12-17 08:13:40,www.google.com
2013-12-17 08:13:41,clients1.google.fr
2013-12-17 08:13:41,www.google.fr
2013-12-17 08:13:42,www.google.fr
2013-12-17 08:13:44,www.google.fr
2013-12-17 08:13:56,www.google.fr
2013-12-17 08:14:56,fr.start2.mozilla.com
2013-12-17 08:14:56,start.mozilla.org
2013-12-17 08:14:59,www.google.com
2013-12-17 08:14:59,www.google.fr
2013-12-17 08:14:59,clients1.google.fr
2013-12-17 08:15:01,www.google.fr
2013-12-17 08:16:20,fpdownload2.macromedia.com
2013-12-17 08:16:35,go.microsoft.com
2013-12-17 08:16:36,cdp1.public-trust.com
2013-12-17 08:16:36,mscrl.microsoft.com
2013-12-17 08:16:36,www.iegallery.com
2013-12-17 08:16:37,www.iegallery.com
2013-12-17 08:16:38,www.iegallery.com
2013-12-17 08:16:41,search.live.com
2013-12-17 08:16:42,www.bing.com
2013-12-17 08:16:43,www.bing.com
2013-12-17 08:16:43,cms.abmr.net
2013-12-17 08:16:43,www.live.com
2013-12-17 08:16:43,crl.geotrust.com
2013-12-17 08:16:44,crl.tcs.terena.org
2013-12-17 08:16:44,crl.usertrust.com
2013-12-17 08:16:44,pki.google.com
2013-12-17 08:16:44,crl.geotrust.com
2013-12-17 08:17:38,ieonline.microsoft.com
2013-12-19 13:32:30,fr.msn.com
2013-12-19 13:32:30,www.bing.com
2013-12-19 13:32:30,c.fr.msn.com
2013-12-19 13:32:30,h2.msn.com
2013-12-19 13:32:31,img2.video.s-msn.com
2013-12-19 13:32:31,hub.video.msn.com
2013-12-19 13:32:31,ia.nspmotion.com
2013-12-19 13:32:31,fr.msn.com
2013-12-19 13:32:31,spot.static.meetic.com
2013-12-19 13:32:31,msfs.nspmotion.com
2013-12-19 13:32:31,img1.video.s-msn.com
2013-12-19 13:32:31,api.bing.com
2013-12-19 13:32:31,h2.msn.com
2013-12-19 13:32:31,www.bing.com
2013-12-19 13:32:31,c.fr.msn.com
2013-12-19 13:32:32,msfs.nspmotion.com
2013-12-19 13:32:32,platform.twitter.com
2013-12-19 13:32:32,connect.facebook.net
2013-12-19 13:32:33,fr.msn.com
2013-12-19 13:32:33,msfs.nspmotion.com
2013-12-19 13:32:33,s-static.ak.facebook.com
2013-12-19 13:32:33,static.ak.facebook.com
2013-12-19 13:32:33,img2.video.s-msn.com
2013-12-19 13:32:34,hub.video.msn.com
2013-12-19 13:32:34,www.facebook.com
2013-12-19 13:32:34,msfs.nspmotion.com
2013-12-19 13:32:34,video.msn.com
2013-12-19 13:32:34,picda.ilius.net
2013-12-19 13:32:35,img1.video.s-msn.com
2013-12-19 13:32:35,ia.nspmotion.com
2013-12-19 13:32:35,www.facebook.com
2013-12-19 13:32:35,picda.ilius.net
2013-12-19 13:32:35,download.skype.com
2013-12-19 13:32:35,platform.twitter.com
2013-12-19 13:32:36,ia.nspmotion.com
2013-12-19 13:32:36,i3.microsoft.com
2013-12-19 13:32:36,www.microsoft.com
2013-12-19 13:32:36,g.msn.com
2013-12-19 13:32:37,res1.windows.microsoft.com
2013-12-19 13:32:37,www.facebook.com
2013-12-19 13:32:37,banners.affility.com
2013-12-19 13:32:37,res2.windows.microsoft.com
2013-12-19 13:32:37,www.youtube.com
2013-12-19 13:32:37,www.microsoft.com
2013-12-19 13:32:38,platform.twitter.com
2013-12-19 13:32:38,tracker.affility.com
2013-12-19 13:32:38,www.microsoft.com
2013-12-19 13:32:38,s.ytimg.com
2013-12-19 13:32:42,pbs.twimg.com
2013-12-19 13:32:43,www.bing.com
2013-12-19 13:32:43,ia.nspmotion.com
2013-12-19 13:32:43,pbs.twimg.com
2013-12-19 13:32:43,login.live.com
2013-12-19 13:32:44,www.bing.com
2013-12-19 13:32:44,cms.abmr.net
2013-12-19 13:32:45,www.bing.com
2013-12-19 13:32:46,login.live.com
2013-12-19 13:32:47,www.bing.com
2013-12-19 13:32:50,twitter.com
2013-12-19 13:32:59,ssl.bing.com
2013-12-19 15:20:21,c.fr.msn.com
2013-12-19 15:20:21,api.bing.com
2013-12-19 15:20:21,www.bing.com
2013-12-19 15:20:21,fr.msn.com
2013-12-19 15:20:22,msfs.nspmotion.com
2013-12-19 15:20:22,ia.nspmotion.com
2013-12-19 15:20:22,img1.video.s-msn.com
2013-12-19 15:20:22,hub.video.msn.com
2013-12-19 15:20:22,www.bing.com
2013-12-19 15:20:23,platform.twitter.com
2013-12-19 15:20:23,fr.msn.com
2013-12-19 15:20:23,spot.static.meetic.com
2013-12-19 15:20:23,www.bing.com
2013-12-19 15:20:23,connect.facebook.net
2013-12-19 15:20:23,hub.video.msn.com
2013-12-19 15:20:23,static.ak.facebook.com
2013-12-19 15:20:24,ia.nspmotion.com
2013-12-19 15:20:24,s-static.ak.facebook.com
2013-12-19 15:20:24,www.facebook.com
2013-12-19 15:20:24,fr.msn.com
2013-12-19 15:20:24,api.bing.com
2013-12-19 15:20:25,picda.ilius.net
2013-12-19 15:20:25,www.facebook.com
2013-12-19 15:20:26,www.bing.com
2013-12-19 15:20:26,fr.bing.com
2013-12-19 15:20:26,g.msn.com
2013-12-19 15:20:26,api.bing.com
2013-12-19 15:20:27,www.bing.com
2013-12-19 15:20:28,login.live.com
2013-12-19 15:20:28,platform.twitter.com
2013-12-19 15:20:28,www.bing.com
2013-12-19 15:20:33,login.live.com
2014-04-23 10:27:55,www.univ-bpclermont.fr
2014-04-23 10:27:56,www.univ-bpclermont.fr
2014-04-23 10:27:57,www.univ-bpclermont.fr
2014-04-23 10:28:15,www.univ-bpclermont.fr
2014-04-23 10:28:26,www.univ-bpclermont.fr
2014-04-23 10:28:30,www.univ-bpclermont.fr
2014-04-23 10:28:32,www.univ-bpclermont.fr
2014-04-23 10:28:35,www.univ-bpclermont.fr
2014-04-23 10:30:37,sb-ssl.google.com
2014-04-23 10:37:54,www.facebook.com
2014-04-23 10:38:45,pixel2368.everesttech.net
2014-04-23 10:39:25,www.facebook.com
2014-04-23 10:40:38,apis.google.com
2014-04-23 10:40:40,www.google.fr
2014-04-23 10:40:50,www.google.com
2014-04-23 10:42:45,www.googleapis.com
2014-04-23 10:49:41,www.google.com
2014-04-23 10:52:35,www.google.com
2014-04-23 10:52:56,www.google.fr
2014-04-23 10:56:25,ajax.googleapis.com
2014-04-23 10:59:06,www.googleapis.com
2014-04-23 11:44:11,www.googleapis.com
