timestamp,site
2013-02-12 12:18:57,accounts.google.com
2013-02-12 12:19:00,accounts.youtube.com
2013-02-12 12:19:02,mail.google.com
2013-02-12 12:19:16,accounts.google.fr
2013-02-12 12:19:17,mail.google.com
2013-02-12 12:19:17,accounts.google.com
2013-02-12 12:19:17,accounts.youtube.com
2013-02-12 12:19:17,accounts.google.fr
2013-02-12 12:19:19,www.google.com
2013-02-12 12:19:19,plus.google.com
2013-02-12 12:19:19,clients2.google.com
2013-02-12 12:19:19,mail.google.com
2013-02-12 12:19:19,apis.google.com
2013-02-12 12:19:21,b.mail.google.com
2013-02-12 12:19:21,plus.google.com
2013-02-12 12:19:21,accounts.google.com
2013-02-12 12:19:21,apis.google.com
2013-02-12 12:19:21,clients2.google.com
2013-02-12 12:19:21,chatenabled.mail.google.com
2013-02-12 12:19:21,www.google.com
2013-02-12 12:19:24,chatenabled.mail.google.com
2013-02-12 12:19:24,plus.google.com
2013-02-12 12:19:46,accounts.youtube.com
2013-02-12 12:19:46,accounts.google.fr
2013-02-12 12:19:46,www.google.com
2013-02-12 12:19:46,www.google.fr
2013-02-12 12:19:46,b.mail.google.com
2013-02-12 12:19:46,mail.google.com
2013-02-12 12:19:47,accounts.google.com
2013-02-12 12:19:47,mail.google.com
2013-02-12 12:19:47,accounts.google.fr
2013-02-12 12:19:47,accounts.youtube.com
2013-02-12 12:20:51,www.google.fr
2013-02-12 12:20:51,accounts.google.fr
2013-02-12 12:21:03,accounts.google.fr
2013-02-12 12:21:05,mail.google.com
2013-02-12 12:21:07,accounts.google.com
2013-02-12 12:21:10,accounts.youtube.com
2013-02-12 12:21:10,accounts.google.com
2013-02-12 12:21:24,accounts.google.fr
2013-02-12 12:21:25,apis.google.com
2013-02-12 12:21:26,accounts.google.fr
2013-02-12 12:21:26,accounts.youtube.com
2013-02-12 12:21:26,clients2.google.com
2013-02-12 12:21:26,plus.google.com
2013-02-12 12:21:26,accounts.google.com
2013-02-12 12:21:28,www.google.com
2013-02-12 12:21:29,clients2.google.com
2013-02-12 12:21:29,chatenabled.mail.google.com
2013-02-12 12:21:29,b.mail.google.com
2013-02-12 12:21:30,apis.google.com
2013-02-12 12:21:39,www.google.com
2013-02-12 12:21:58,clients6.google.com
2013-02-12 12:23:26,mail.google.com
2013-02-12 12:25:29,chatenabled.mail.google.com
2013-02-12 12:25:30,plus.google.com
2013-02-12 12:25:31,plus.google.com
2013-02-12 12:25:58,apis.google.com
2013-02-12 12:25:58,clients6.google.com
2013-02-12 12:35:31,plus.google.com
2013-02-12 12:35:41,plus.google.com
2013-02-12 12:36:37,b.mail.google.com
2013-02-12 12:36:37,www.google.com
2013-02-12 12:36:37,accounts.google.fr
2013-02-12 12:36:37,www.google.fr
2013-02-12 12:36:39,www.google.fr
2013-02-12 12:36:39,accounts.google.fr
2013-02-12 12:36:44,www.google.fr
2013-02-12 12:36:44,accounts.youtube.com
2013-02-12 12:36:44,accounts.google.fr
2013-02-12 12:36:44,accounts.google.com
2013-02-12 12:36:44,mail.google.com
2013-02-12 12:36:51,accounts.google.fr
2013-02-12 12:36:55,accounts.google.fr
2013-02-12 12:36:55,accounts.google.com
2013-02-12 12:36:55,accounts.youtube.com
2013-02-12 12:36:55,www.google.com
2013-02-12 12:36:55,www.google.fr
2013-02-12 12:36:57,www.google.fr
2013-02-12 12:37:04,translate.google.fr
2013-02-12 12:37:05,mail.google.com
2013-02-12 12:37:05,apis.google.com
2013-02-12 12:37:07,www.google.fr
2013-02-12 12:37:08,www.google.fr
2013-02-12 12:38:01,www.google.fr
2013-02-12 12:38:16,www.google.com
2013-02-12 12:38:26,translate.google.fr
2013-02-12 12:39:48,translate.google.fr
2013-02-12 12:39:51,www.google.com
2013-02-12 12:40:34,translate.google.fr
2013-02-12 12:40:44,translate.google.fr
2013-02-12 12:50:45,accounts.youtube.com
2013-02-12 12:50:57,www.google.fr
2013-02-12 12:50:57,en.wikipedia.org
2013-02-12 12:50:57,bits.wikimedia.org
2013-02-12 12:50:57,translate.google.fr
2013-02-12 12:50:58,login.wikimedia.org
2013-02-12 12:50:58,en.wikipedia.org
2013-02-12 12:50:58,bits.wikimedia.org
2013-02-12 12:50:58,meta.wikimedia.org
2013-02-12 12:51:12,en.wikipedia.org
2013-02-12 12:51:12,login.wikimedia.org
2013-02-12 12:51:12,bits.wikimedia.org
2013-02-12 12:51:47,translate.google.fr
2013-02-12 12:51:48,apis.google.com
2013-02-12 12:51:50,www.google.com
2013-02-12 12:51:50,inputtools.google.com
2013-02-12 12:52:12,bits.wikimedia.org
2013-02-12 12:52:12,login.wikimedia.org
2013-02-12 12:52:12,en.wikipedia.org
2013-02-12 12:52:36,translate.google.fr
2013-02-12 12:52:39,www.google.com
2013-02-12 12:52:54,inputtools.google.com
2013-02-12 12:52:54,apis.google.com
2013-02-12 12:52:54,www.google.com
2013-02-12 12:54:01,translate.google.fr
2013-02-12 12:54:17,www.google.fr
2013-02-12 12:54:18,www.google.fr
2013-02-12 12:54:18,www.enterprisingengineers.com
2013-02-12 12:54:19,www.enterprisingengineers.com
2013-02-12 12:54:20,www.enterprisingengineers.com
2013-02-12 12:54:21,www.enterprisingengineers.com
2013-02-12 12:54:47,www.google.fr
2013-02-12 12:54:49,wiki.answers.com
2013-02-12 12:54:55,www.google.fr
2013-02-12 12:54:56,aka.automatismes.pagesperso-orange.fr
2013-02-12 12:55:49,www.google.fr
2013-02-12 12:55:51,www.cse-uniserve.com.au
2013-02-12 12:56:52,www.google.fr
2013-02-12 12:57:06,translate.google.fr
2013-04-12 17:21:29,fpdownload2.macromedia.com
2013-04-12 17:21:45,accounts.google.com
2013-04-12 17:21:48,accounts.youtube.com
2013-04-12 17:21:50,mail.google.com
2013-04-12 17:22:19,accounts.google.fr
2013-04-12 17:22:21,accounts.google.com
2013-04-12 17:22:21,accounts.youtube.com
2013-04-12 17:22:21,plus.google.com
2013-04-12 17:22:21,accounts.google.fr
2013-04-12 17:22:21,mail.google.com
2013-04-12 17:22:21,apis.google.com
2013-04-12 17:22:21,clients2.google.com
2013-04-12 17:22:22,clients2.google.com
2013-04-12 17:22:22,plus.google.com
2013-04-12 17:22:22,apis.google.com
2013-04-12 17:22:23,www.google.com
2013-04-12 17:22:25,chatenabled.mail.google.com
2013-04-12 17:22:25,apis.google.com
2013-04-12 17:22:25,b.mail.google.com
2013-04-12 17:22:25,accounts.google.com
2013-04-12 17:22:25,plus.google.com
2013-04-12 17:22:26,www.google.com
2013-04-12 17:22:29,apis.google.com
2013-04-12 17:22:29,chatenabled.mail.google.com
2013-04-12 17:22:29,plus.google.com
2013-04-12 17:22:29,mail.google.com
2013-04-12 17:22:39,mail.google.com
2013-04-12 17:22:39,plus.google.com
2013-04-12 17:22:46,www.google.com
2013-04-12 17:22:46,www.google.fr
2013-04-12 17:22:52,accounts.google.com
2013-04-12 17:22:53,www.google.fr
2013-04-12 17:22:54,apis.google.com
2013-04-12 17:22:56,www.google.com
2013-04-12 17:23:03,plus.google.com
2013-04-12 17:23:10,www.google.com
2013-04-12 17:23:10,apis.google.com
2013-04-12 17:23:10,www.google.fr
2013-04-12 17:23:10,plus.google.com
2013-04-12 17:24:21,mail.google.com
2013-04-12 17:24:31,b.mail.google.com
2013-04-12 17:24:31,mail.google.com
2013-11-15 12:59:17,www.google.fr
2013-11-15 12:59:20,apis.google.com
2013-11-15 12:59:22,www.google.com
2013-11-15 12:59:23,go.microsoft.com
2013-11-15 12:59:23,js.microsoft.com
2013-11-15 12:59:23,res2.windows.microsoft.com
2013-11-15 12:59:23,res1.windows.microsoft.com
2013-11-15 12:59:23,windows.microsoft.com
2013-11-15 12:59:23,ajax.microsoft.com
2013-11-15 12:59:24,js.microsoft.com
2013-11-15 12:59:24,res1.windows.microsoft.com
2013-11-15 12:59:24,res2.windows.microsoft.com
2013-11-15 12:59:24,windows.microsoft.com
2013-11-15 12:59:27,www.google.com
2013-11-15 12:59:28,drive.google.com
2013-11-15 12:59:29,accounts.google.com
2013-11-15 12:59:29,accounts.youtube.com
2013-11-15 12:59:29,apis.google.com
2013-11-15 12:59:30,www.google.fr
2013-11-15 12:59:42,www.google.fr
2013-11-15 12:59:43,www.google.com
2013-11-15 12:59:43,accounts.google.fr
2013-11-15 12:59:44,accounts.youtube.com
2013-11-15 12:59:44,accounts.google.fr
2013-11-15 12:59:44,accounts.google.com
2013-11-15 12:59:45,drive.google.com
2013-11-15 12:59:45,apis.google.com
2013-11-15 12:59:45,0.drive.google.com
2013-11-15 12:59:47,0.drive.google.com
2013-11-15 12:59:47,www.google.com
2013-11-15 12:59:47,drive.google.com
2013-11-15 12:59:51,drive.google.com
2013-11-15 12:59:51,plus.google.com
2013-11-15 12:59:51,docs.google.com
2013-11-15 12:59:54,docs.google.com
2013-11-15 12:59:55,docs.google.com
2013-11-15 12:59:56,accounts.google.com
2013-11-15 12:59:56,www.google.com
2013-11-15 12:59:57,plus.google.com
2013-11-15 13:00:02,0.drive.google.com
2013-11-15 13:00:05,docs.google.com
2013-11-15 13:00:44,docs.google.com
2013-11-15 13:00:45,gg.google.com
2013-11-15 13:01:23,drive.google.com
2013-11-15 13:01:25,plus.google.com
2013-11-15 13:01:25,docs.google.com
2013-11-15 13:01:30,maps.google.fr
2013-11-15 13:01:31,www.google.fr
2013-11-15 13:01:31,docs.google.com
2013-11-15 13:01:32,www.google.fr
2013-11-15 13:01:32,maps.google.fr
2013-11-15 13:01:33,mts0.google.com
2013-11-15 13:01:33,www.google.fr
2013-11-15 13:01:34,mts0.google.com
2013-11-15 13:01:35,www.google.fr
2013-11-15 13:01:35,mts0.google.com
2013-11-15 13:01:36,www.google.fr
2013-11-15 13:01:36,mt.google.com
2013-11-15 13:01:36,mts0.google.com
2013-11-15 13:01:37,www.google.fr
2013-11-15 13:01:37,mts0.google.com
2013-11-15 13:01:38,mts0.google.com
2013-11-15 13:01:38,www.google.fr
2013-11-15 13:01:38,mt.google.com
2013-11-15 13:01:39,gg.google.fr
2013-11-15 13:01:40,gg.google.fr
2013-11-15 13:01:40,mts0.google.com
2013-11-15 13:01:40,www.google.fr
2013-11-15 13:01:40,plus.google.com
2013-11-15 13:01:41,mts0.google.com
2013-11-15 13:01:42,apis.google.com
2013-11-15 13:01:42,www.google.com
2013-11-15 13:01:42,mts0.google.com
2013-11-15 13:01:43,mts0.google.com
2013-11-15 13:01:44,mts0.google.com
2013-11-15 13:01:45,mts0.google.com
2013-11-15 13:01:46,www.google.com
2013-11-15 13:01:46,mts0.google.com
2013-11-15 13:01:46,accounts.google.com
2013-11-15 13:01:46,mail.google.com
2013-11-15 13:01:47,mts0.google.com
2013-11-15 13:01:48,apis.google.com
2013-11-15 13:01:48,www.google.fr
2013-11-15 13:01:49,mail.google.com
2013-11-15 13:01:49,accounts.google.com
2013-11-15 13:01:49,clients2.google.com
2013-11-15 13:01:49,www.google.fr
2013-11-15 13:01:49,www.google.com
2013-11-15 13:01:52,chatenabled.mail.google.com
2013-11-15 13:01:52,plus.google.com
2013-11-15 13:01:52,mail.google.com
2013-11-15 13:01:52,clients2.google.com
2013-11-15 13:01:55,apis.google.com
2013-11-15 13:01:55,accounts.google.com
2013-11-15 13:01:55,chatenabled.mail.google.com
2013-11-15 13:01:55,mail.google.com
2013-11-15 13:01:55,plus.google.com
2013-11-15 13:01:59,plus.google.com
2013-11-15 13:02:00,plus.google.com
2013-11-15 13:02:01,apis.google.com
2013-11-15 13:02:01,plus.google.com
2013-11-15 13:02:03,apis.google.com
2013-11-15 13:02:10,ieonline.microsoft.com
2013-11-15 13:02:10,go.microsoft.com
2013-11-15 13:02:13,mail.google.com
2013-11-15 13:03:14,mail.google.com
2013-11-15 13:03:14,plus.google.com
2013-11-15 13:03:14,apis.google.com
2013-11-15 13:03:51,docs.google.com
2013-11-15 13:03:52,docs.google.com
2013-11-15 13:03:54,apis.google.com
2013-11-15 13:03:55,drive.google.com
2013-11-15 13:03:56,www.google.com
2013-11-15 13:03:56,accounts.google.com
2013-11-15 13:03:57,docs.google.com
2013-11-15 13:03:57,plus.google.com
2013-11-15 13:04:45,gg.google.com
2013-11-15 13:05:23,drive.google.com
2013-11-15 13:05:26,plus.google.com
2013-11-15 13:05:27,www.google.com
2013-11-15 13:05:36,plus.google.com
2013-11-15 13:07:34,drive.google.com
2013-11-15 13:07:35,0.drive.google.com
2013-11-15 13:09:45,www.google.fr
2013-11-15 13:09:47,mail.google.com
2013-11-15 13:09:47,www.google.com
2013-11-15 13:09:47,accounts.google.com
2013-11-15 13:09:48,accounts.youtube.com
2013-11-15 13:10:05,accounts.google.fr
2013-11-15 13:10:07,clients2.google.com
2013-11-15 13:10:07,plus.google.com
2013-11-15 13:10:08,www.google.fr
2013-11-15 13:10:10,accounts.google.fr
2013-11-15 13:10:10,www.google.com
2013-11-15 13:10:10,accounts.youtube.com
2013-11-15 13:10:10,chatenabled.mail.google.com
2013-11-15 13:10:10,accounts.google.com
2013-11-15 13:10:10,mail.google.com
2013-11-15 13:10:11,clients2.google.com
2013-11-15 13:10:12,chatenabled.mail.google.com
2013-11-15 13:10:12,apis.google.com
2013-11-15 13:10:13,mail.google.com
2013-11-15 13:10:21,mail.google.com
2013-11-15 13:10:24,drive.google.com
2013-11-15 13:10:25,apis.google.com
2013-11-15 13:10:26,drive.google.com
2013-11-15 13:10:27,drive.google.com
2013-11-15 13:10:27,apis.google.com
2013-11-15 13:10:27,0.drive.google.com
2013-11-15 13:10:27,www.google.com
2013-11-15 13:10:27,mail.google.com
2013-11-15 13:10:28,drive.google.com
2013-11-15 13:10:28,clients6.google.com
2013-11-15 13:10:29,plus.google.com
2013-11-15 13:11:29,drive.google.com
2013-11-15 13:11:29,0.drive.google.com
2013-11-15 13:11:29,www.google.com
2013-11-15 13:14:21,mail.google.com
2013-11-15 13:14:28,apis.google.com
2013-11-15 13:14:28,mail.google.com
2013-11-15 13:14:29,clients6.google.com
2013-11-15 13:14:32,mail.google.com
2013-11-15 13:14:41,clients6.google.com
2013-11-15 13:15:06,plus.google.com
2013-11-15 13:16:32,www.google.fr
2013-11-15 13:16:34,plus.google.com
2013-11-15 13:16:35,www.google.com
2013-11-15 13:16:36,maps.google.fr
2013-11-15 13:16:37,maps.google.fr
2013-11-15 13:16:37,www.google.com
2013-11-15 13:16:37,plus.google.com
2013-11-15 13:16:39,www.google.fr
2013-11-15 13:16:40,gg.google.fr
2013-11-15 13:16:42,gg.google.fr
2013-11-15 13:16:42,www.google.fr
2013-11-15 13:16:42,mts0.google.com
2013-11-15 13:16:43,www.google.fr
2013-11-15 13:16:44,mts0.google.com
2013-11-15 13:16:45,mts0.google.com
2013-11-15 13:16:45,plus.google.com
2013-11-15 13:16:46,www.google.fr
2013-11-15 13:16:46,khms1.google.com
2013-11-15 13:16:46,gg.google.fr
2013-11-15 13:16:46,mts0.google.com
2013-11-15 13:16:46,khms0.google.com
2013-11-15 13:16:46,khms3.google.com
2013-11-15 13:16:46,khms2.google.com
2013-11-15 13:16:47,khms3.google.com
2013-11-15 13:16:47,khms1.google.com
2013-11-15 13:16:47,khms0.google.com
2013-11-15 13:16:47,khms2.google.com
2013-11-15 13:16:47,www.google.fr
2013-11-15 13:16:48,khms3.google.com
2013-11-15 13:16:48,khms1.google.com
2013-11-15 13:16:48,khms2.google.com
2013-11-15 13:16:48,khms0.google.com
2013-11-15 13:16:48,gg.google.fr
2013-11-15 13:16:50,khms1.google.com
2013-11-15 13:16:52,khms3.google.com
2013-11-15 13:16:52,khms1.google.com
2013-11-15 13:16:52,khms2.google.com
2013-11-15 13:16:52,khms0.google.com
2013-11-15 13:16:52,geo0.ggpht.com
2013-11-15 13:16:55,khms2.google.com
2013-11-15 13:16:55,khms3.google.com
2013-11-15 13:16:55,khms0.google.com
2013-11-15 13:16:55,khms1.google.com
2013-11-15 13:16:55,www.google.fr
2013-11-15 13:16:55,geo0.ggpht.com
2013-11-15 13:16:55,mts0.google.com
2013-11-15 13:16:55,gg.google.fr
2013-11-15 13:16:56,khms0.google.com
2013-11-15 13:16:56,khms1.google.com
2013-11-15 13:16:56,khms2.google.com
2013-11-15 13:16:57,khms3.google.com
2013-11-15 13:16:57,mts0.google.com
2013-11-15 13:16:57,www.google.fr
2013-11-15 13:16:57,khms0.google.com
2013-11-15 13:16:57,khms1.google.com
2013-11-15 13:16:57,khms2.google.com
2013-11-15 13:16:58,khms0.google.com
2013-11-15 13:16:58,khms3.google.com
2013-11-15 13:16:58,khms2.google.com
2013-11-15 13:16:58,khms1.google.com
2013-11-15 13:16:59,khms2.google.com
2013-11-15 13:16:59,khms3.google.com
2013-11-15 13:16:59,mts0.google.com
2013-11-15 13:16:59,www.google.fr
2013-11-15 13:16:59,khms0.google.com
2013-11-15 13:16:59,khms1.google.com
2013-11-15 13:16:59,gg.google.fr
2013-11-15 13:17:00,khms1.google.com
2013-11-15 13:17:00,khms0.google.com
2013-11-15 13:17:00,khms2.google.com
2013-11-15 13:17:03,khms3.google.com
2013-11-15 13:17:03,khms1.google.com
2013-11-15 13:17:03,khms2.google.com
2013-11-15 13:17:03,khms0.google.com
2013-11-15 13:17:03,www.google.fr
2013-11-15 13:17:04,khms2.google.com
2013-11-15 13:17:04,khms3.google.com
2013-11-15 13:17:04,khms1.google.com
2013-11-15 13:17:05,khms2.google.com
2013-11-15 13:17:05,www.google.fr
2013-11-15 13:17:06,www.google.fr
2013-11-15 13:17:06,khms0.google.com
2013-11-15 13:17:06,khms1.google.com
2013-11-15 13:17:06,gg.google.fr
2013-11-15 13:17:06,khms3.google.com
2013-11-15 13:17:06,khms2.google.com
2013-11-15 13:17:07,khms0.google.com
2013-11-15 13:17:09,khms1.google.com
2013-11-15 13:17:23,khms0.google.com
2013-11-15 13:17:26,mail.google.com
2013-11-15 13:17:27,khms1.google.com
2013-11-15 13:17:27,khms3.google.com
2013-11-15 13:17:27,khms2.google.com
2013-11-15 13:17:27,khms0.google.com
2013-11-15 13:17:27,mail.google.com
2013-11-15 13:17:27,www.google.fr
2013-11-15 13:17:27,gg.google.fr
2013-11-15 13:41:27,dl.javafx.com
2013-11-22 12:10:02,www.google.fr
2013-11-22 12:10:14,www.google.fr
2013-11-22 12:10:15,apis.google.com
2013-11-22 12:10:18,www.google.com
2013-11-22 12:10:20,apis.google.com
2013-11-22 12:10:20,www.google.fr
2013-11-22 12:10:25,www.google.fr
2013-11-22 12:10:25,www.google.com
2013-11-22 12:10:26,www.google.fr
2013-11-22 12:12:21,www.google.fr
2013-11-22 12:12:22,apis.google.com
2013-11-22 12:12:24,www.google.com
2013-11-22 12:13:15,mail.google.com
2013-11-22 12:13:17,accounts.google.com
2013-11-22 12:13:17,www.google.com
2013-11-22 12:13:17,mail.google.com
2013-11-22 12:13:17,apis.google.com
2013-11-22 12:13:17,www.google.fr
2013-11-22 12:13:18,www.google.com
2013-11-22 12:13:20,www.google.com
2013-11-22 12:13:20,mail.google.com
2013-11-22 12:13:20,accounts.google.com
2013-11-22 12:13:21,www.google.com
2013-11-22 12:13:21,mail.google.com
2013-11-22 12:13:21,apis.google.com
2013-11-22 12:13:21,accounts.google.com
2013-11-22 12:14:11,apis.google.com
2013-11-22 12:14:16,accounts.youtube.com
2013-11-22 12:14:36,accounts.google.fr
2013-11-22 12:14:38,accounts.google.com
2013-11-22 12:14:38,accounts.youtube.com
2013-11-22 12:14:38,accounts.google.fr
2013-11-22 12:14:38,apis.google.com
2013-11-22 12:14:38,mail.google.com
2013-11-22 12:14:38,clients2.google.com
2013-11-22 12:14:38,plus.google.com
2013-11-22 12:14:38,www.google.com
2013-11-22 12:14:39,clients2.google.com
2013-11-22 12:14:41,plus.google.com
2013-11-22 12:14:42,chatenabled.mail.google.com
2013-11-22 12:14:42,b.mail.google.com
2013-11-22 12:14:42,plus.google.com
2013-11-22 12:14:43,apis.google.com
2013-11-22 12:14:52,apis.google.com
2013-11-22 12:16:22,chatenabled.mail.google.com
2013-11-22 12:16:22,apis.google.com
2013-11-22 12:16:22,mail.google.com
2013-11-22 12:16:22,plus.google.com
2013-11-22 12:17:29,plus.google.com
2013-11-22 12:17:32,www.google.fr
2013-11-22 12:17:32,plus.google.com
2013-11-22 12:17:32,www.google.com
2013-11-22 12:17:32,mail.google.com
2013-11-22 12:17:32,accounts.google.fr
2013-11-22 12:17:32,b.mail.google.com
2013-11-22 12:17:33,accounts.youtube.com
2013-11-22 12:17:33,mail.google.com
2013-11-22 12:17:33,accounts.google.fr
2013-11-22 12:17:33,accounts.google.com
2013-11-26 08:52:33,armmf.adobe.com
2013-11-26 08:52:39,armmf.adobe.com
2013-11-26 08:52:41,armmf.adobe.com
2013-11-26 08:52:47,armmf.adobe.com
2013-11-27 13:20:01,fpdownload2.macromedia.com
2013-11-27 13:20:15,www.google.fr
2013-11-27 13:20:16,apis.google.com
2013-11-27 13:20:18,www.google.com
2013-11-27 13:20:20,mail.google.com
2013-11-27 13:20:20,www.google.com
2013-11-27 13:20:23,www.google.fr
2013-11-27 13:20:23,mail.google.com
2013-11-27 13:20:23,www.google.com
2013-11-27 13:20:23,accounts.google.com
2013-11-27 13:20:23,apis.google.com
2013-11-27 13:20:35,www.google.fr
2013-11-27 13:20:35,accounts.google.com
2013-11-27 13:20:35,mail.google.com
2013-11-27 13:20:35,www.google.com
2013-11-27 13:20:36,mail.google.com
2013-11-27 13:20:36,apis.google.com
2013-11-27 13:20:36,accounts.google.com
2013-11-27 13:20:38,apis.google.com
2013-11-27 13:20:41,accounts.youtube.com
2013-11-27 13:20:56,accounts.google.fr
2013-11-27 13:20:57,accounts.google.com
2013-11-27 13:20:57,accounts.youtube.com
2013-11-27 13:20:57,accounts.google.fr
2013-11-27 13:20:57,apis.google.com
2013-11-27 13:20:57,mail.google.com
2013-11-27 13:20:58,apis.google.com
2013-11-27 13:20:58,www.google.com
2013-11-27 13:20:58,mail.google.com
2013-11-27 13:21:00,clients2.google.com
2013-11-27 13:21:00,plus.google.com
2013-11-27 13:21:00,apis.google.com
2013-11-27 13:21:00,mail.google.com
2013-11-27 13:21:02,plus.google.com
2013-11-27 13:21:02,apis.google.com
2013-11-27 13:21:03,chatenabled.mail.google.com
2013-11-27 13:21:03,b.mail.google.com
2013-11-27 13:21:40,clients6.google.com
2013-11-27 13:21:40,plus.google.com
2013-11-27 13:22:18,mail.google.com
2013-11-27 13:22:28,plus.google.com
2013-11-27 13:22:35,plus.google.com
2013-11-27 13:22:35,apis.google.com
2013-11-27 13:22:35,clients6.google.com
2013-11-27 13:22:35,chatenabled.mail.google.com
2013-11-27 13:22:36,apis.google.com
2013-11-27 13:22:40,plus.google.com
2013-11-27 13:22:41,apis.google.com
2013-11-27 13:22:41,mail.google.com
2013-11-27 13:22:41,plus.google.com
2013-11-27 13:22:41,b.mail.google.com
2013-11-29 15:16:00,javadl-esd.sun.com
2013-12-13 15:12:27,fpdownload2.macromedia.com
2013-12-13 15:12:31,go.microsoft.com
2013-12-13 15:12:32,www.iegallery.com
2013-12-13 15:12:33,www.iegallery.com
2013-12-13 15:12:34,www.iegallery.com
2013-12-13 15:12:36,www.iegallery.com
2013-12-13 15:12:43,www.google.com
2013-12-13 15:12:43,www.google.fr
2013-12-13 15:12:58,www.google.fr
2013-12-13 15:13:01,www.google.com
2013-12-13 15:13:05,www.google.com
2013-12-13 15:13:07,www.google.com
2013-12-13 15:13:07,mail.google.com
2013-12-13 15:13:07,www.google.fr
2013-12-13 15:13:21,accounts.google.com
2013-12-13 15:13:21,www.google.fr
2013-12-13 15:13:23,mail.google.com
2013-12-13 15:13:23,www.google.fr
2013-12-13 15:13:24,mail.google.com
2013-12-13 15:13:24,accounts.google.com
2013-12-13 15:13:24,www.google.com
2013-12-13 15:13:26,mail.google.com
2013-12-13 15:13:26,www.google.com
2013-12-13 15:13:27,www.google.com
2013-12-13 15:13:27,mail.google.com
2013-12-13 15:13:41,apis.google.com
2013-12-13 15:13:41,www.google.com
2013-12-13 15:13:41,mail.google.com
2013-12-13 15:13:41,accounts.google.com
2013-12-13 15:13:46,apis.google.com
2013-12-13 15:13:47,accounts.youtube.com
2013-12-13 15:13:58,accounts.google.fr
2013-12-13 15:14:00,accounts.google.com
2013-12-13 15:14:00,accounts.youtube.com
2013-12-13 15:14:01,accounts.google.fr
2013-12-13 15:14:01,mail.google.com
2013-12-13 15:14:02,mail.google.com
2013-12-13 15:14:02,apis.google.com
2013-12-13 15:14:02,www.google.com
2013-12-13 15:14:02,clients2.google.com
2013-12-13 15:14:03,plus.google.com
2013-12-13 15:14:04,mail.google.com
2013-12-13 15:14:04,plus.google.com
2013-12-13 15:14:04,apis.google.com
2013-12-13 15:14:04,clients2.google.com
2013-12-13 15:14:05,plus.google.com
2013-12-13 15:14:05,mail.google.com
2013-12-13 15:14:08,chatenabled.mail.google.com
2013-12-13 15:14:08,mail.google.com
2013-12-13 15:14:08,b.mail.google.com
2013-12-13 15:14:17,plus.google.com
2013-12-13 15:15:03,plus.google.com
2013-12-13 15:15:05,chatenabled.mail.google.com
2013-12-13 15:15:06,b.mail.google.com
2013-12-13 15:17:45,mail.google.com
2013-12-13 15:17:45,b.mail.google.com
2013-12-13 15:18:45,mail.google.com
2014-01-15 12:55:48,fpdownload2.macromedia.com
2014-01-15 12:55:52,res1.windows.microsoft.com
2014-01-15 12:55:52,res2.windows.microsoft.com
2014-01-15 12:55:52,js.microsoft.com
2014-01-15 12:55:52,ajax.microsoft.com
2014-01-15 12:55:52,go.microsoft.com
2014-01-15 12:55:52,windows.microsoft.com
2014-01-15 12:55:56,www.google.com
2014-01-15 12:55:58,www.google.com
2014-01-15 12:55:58,www.google.fr
2014-01-15 12:56:12,www.google.fr
2014-01-15 12:56:13,apis.google.com
2014-01-15 12:56:15,www.google.com
2014-01-15 12:56:17,mail.google.com
2014-01-15 12:56:17,www.google.com
2014-01-15 12:56:31,accounts.google.com
2014-01-15 12:56:31,www.google.fr
2014-01-15 12:56:34,apis.google.com
2014-01-15 12:56:34,www.google.com
2014-01-15 12:56:34,accounts.google.com
2014-01-15 12:56:34,mail.google.com
2014-01-15 12:56:40,accounts.google.com
2014-01-15 12:56:40,apis.google.com
2014-01-15 12:56:54,accounts.youtube.com
2014-01-15 12:56:54,accounts.google.fr
2014-01-15 12:56:58,www.google.com
2014-01-15 12:56:58,accounts.google.com
2014-01-15 12:56:58,accounts.google.fr
2014-01-15 12:56:58,apis.google.com
2014-01-15 12:56:58,mail.google.com
2014-01-15 12:56:58,clients2.google.com
2014-01-15 12:56:58,plus.google.com
2014-01-15 12:57:02,mail.google.com
2014-01-15 12:57:02,chatenabled.mail.google.com
2014-01-15 12:57:09,clients2.google.com
2014-01-15 12:57:09,apis.google.com
2014-01-15 12:57:12,plus.google.com
2014-01-15 12:58:50,ieonline.microsoft.com
2014-01-15 12:58:50,go.microsoft.com
2014-01-15 13:00:59,apis.google.com
2014-01-15 13:01:02,chatenabled.mail.google.com
2014-01-15 13:01:13,plus.google.com
2014-01-15 13:02:00,mail.google.com
2014-01-15 13:03:08,mail.google.com
2014-01-15 13:03:08,plus.google.com
2014-01-15 13:03:21,mail.google.com
2014-01-15 13:03:22,apis.google.com
2014-01-15 13:03:46,mail.google.com
2014-01-15 13:03:47,plus.google.com
2014-01-15 13:03:57,www.google.fr
2014-01-15 13:03:57,apis.google.com
2014-01-15 13:04:02,plus.google.com
2014-01-15 13:04:03,fr-fr.facebook.com
2014-01-15 13:04:11,www.google.fr
2014-01-15 13:04:11,apis.google.com
2014-01-15 13:04:11,plus.google.com
2014-01-15 13:04:11,mail.google.com
2014-02-13 13:03:27,www.google.fr
2014-02-13 13:03:27,www.google.com
2014-02-13 13:03:43,www.google.fr
2014-02-13 13:03:44,apis.google.com
2014-02-13 13:03:46,www.google.com
2014-02-13 13:03:48,www.google.com
2014-02-13 13:03:48,mail.google.com
2014-02-13 13:03:50,accounts.google.com
2014-02-13 13:04:02,www.google.fr
2014-02-13 13:04:02,apis.google.com
2014-02-13 13:04:04,accounts.youtube.com
2014-02-13 13:04:05,www.google.fr
2014-02-13 13:04:27,accounts.google.fr
2014-02-13 13:04:29,www.google.com
2014-02-13 13:04:29,www.google.fr
2014-02-13 13:04:31,clients2.google.com
2014-02-13 13:04:31,mail.google.com
2014-02-13 13:04:31,accounts.google.fr
2014-02-13 13:04:31,accounts.youtube.com
2014-02-13 13:04:31,accounts.google.com
2014-02-13 13:04:31,plus.google.com
2014-02-13 13:04:32,mail.google.com
2014-02-13 13:04:32,drive.google.com
2014-02-13 13:04:32,plus.google.com
2014-02-13 13:04:32,www.google.com
2014-02-13 13:04:32,clients2.google.com
2014-02-13 13:04:32,apis.google.com
2014-02-13 13:04:33,drive.google.com
2014-02-13 13:04:33,accounts.google.com
2014-02-13 13:04:34,mail.google.com
2014-02-13 13:04:34,apis.google.com
2014-02-13 13:04:35,chatenabled.mail.google.com
2014-02-13 13:04:36,plus.google.com
2014-02-13 13:04:36,mail.google.com
2014-02-13 13:04:46,mail.google.com
2014-02-13 13:05:04,clients6.google.com
2014-02-13 13:06:33,ieonline.microsoft.com
2014-02-13 13:06:47,chatenabled.mail.google.com
2014-02-13 13:06:47,drive.google.com
2014-02-13 13:06:49,mail.google.com
2014-02-13 13:06:51,www.google.com
2014-02-13 13:06:51,www.google.fr
2014-02-13 13:06:51,clients6.google.com
2014-02-13 13:06:51,apis.google.com
2014-02-13 13:06:54,accounts.youtube.com
2014-02-13 13:06:54,accounts.google.com
2014-02-13 13:06:54,accounts.google.fr
2014-02-13 13:06:54,www.google.com
2014-02-13 13:06:54,mail.google.com
2014-02-17 12:09:15,www.google.com
2014-02-17 12:09:15,www.google.fr
2014-02-17 12:09:30,www.google.fr
2014-02-17 12:09:32,apis.google.com
2014-02-17 12:09:34,www.google.com
2014-02-17 12:09:44,apis.google.com
2014-02-17 12:09:44,www.google.com
2014-02-17 12:09:44,www.google.fr
2014-02-17 12:12:05,ieonline.microsoft.com
2014-03-02 12:08:40,mail.google.com
2014-03-02 12:08:42,accounts.google.com
2014-03-02 12:08:45,accounts.youtube.com
2014-03-02 12:09:37,mail.google.com
2014-03-02 12:09:37,accounts.google.com
2014-03-02 12:09:37,accounts.youtube.com
2014-03-02 12:09:37,ieonline.microsoft.com
2014-03-04 15:47:12,www.google.com
2014-03-04 15:47:13,clients1.google.com
2014-03-04 15:47:13,gtglobal-ocsp.geotrust.com
2014-03-04 15:47:16,www.google.fr
2014-03-04 15:47:16,mail.google.com
2014-03-04 15:47:16,clients1.google.com
2014-03-04 15:47:17,clients1.google.com
2014-03-04 15:47:32,clients1.google.com
2014-03-04 15:48:02,dl.patchbeam.com
2014-03-04 15:48:02,gtssl-ocsp.geotrust.com
2014-03-04 15:48:23,dl.patchbeam.com
2014-03-04 15:48:23,www.powerarchiver.com
2014-03-04 15:50:11,www.google.fr
2014-03-04 15:50:25,accounts.google.fr
2014-03-04 15:50:25,accounts.youtube.com
2014-03-04 15:50:28,www.google.com
2014-03-04 15:50:28,clients2.google.com
2014-03-04 15:50:29,accounts.google.com
2014-03-04 15:50:29,chatenabled.mail.google.com
2014-03-04 15:50:34,plus.google.com
2014-03-04 15:50:34,drive.google.com
2014-03-04 15:51:04,clients6.google.com
2014-03-04 15:51:04,apis.google.com
2014-03-04 15:51:33,safebrowsing-cache.google.com
2014-03-04 15:51:33,safebrowsing.clients.google.com
2014-03-04 15:52:15,www.google.fr
2014-03-04 15:52:16,accounts.google.com
2014-03-04 15:52:16,accounts.youtube.com
2014-03-04 15:52:16,accounts.google.fr
2014-03-04 15:52:16,sb-ssl.google.com
2014-03-04 15:52:16,mail.google.com
2014-03-04 15:52:16,www.google.com
2014-03-04 15:53:11,gtglobal-ocsp.geotrust.com
2014-03-04 15:53:11,clients1.google.com
2014-03-04 15:53:11,mail.google.com
2014-03-04 15:53:11,gmail.com
2014-03-04 15:53:12,clients1.google.com
2014-03-04 15:53:18,safebrowsing.clients.google.com
2014-03-04 15:53:18,safebrowsing-cache.google.com
2014-03-04 15:53:19,safebrowsing-cache.google.com
2014-03-04 15:53:22,clients1.google.com
2014-03-04 15:53:25,clients1.google.com
2014-03-04 15:53:26,clients1.google.com
2014-03-04 15:53:28,www.squid-cache.org
2014-03-04 15:53:34,gtssl-ocsp.geotrust.com
2014-03-04 15:56:14,sb-ssl.google.com
2014-03-04 15:56:18,accounts.youtube.com
2014-03-04 15:56:19,accounts.google.co.ma
2014-03-04 15:56:19,accounts.google.fr
2014-03-04 15:56:21,clients2.google.com
2014-03-04 15:56:22,www.google.com
2014-03-04 15:56:22,chatenabled.mail.google.com
2014-03-04 15:56:22,accounts.google.com
2014-03-04 15:56:31,apis.google.com
2014-03-04 15:57:17,drive.google.com
2014-03-04 15:57:20,plus.google.com
2014-03-04 15:57:22,clients6.google.com
2014-03-04 15:58:31,www.google.fr
2014-03-04 15:58:31,www.google.co.ma
2014-03-04 15:58:33,ocsp.thawte.com
2014-03-04 15:58:50,accounts.google.co.ma
2014-03-04 15:58:50,accounts.google.fr
2014-03-04 15:58:50,accounts.youtube.com
2014-03-04 15:58:50,accounts.google.com
2014-03-04 15:58:50,www.google.com
2014-03-04 15:58:50,mail.google.com
