timestamp,site
2013-04-12 08:22:16,search.mywebs.pro
2013-04-12 08:22:18,webresultado.com
2013-04-12 08:22:31,search.mywebs.pro
2013-04-12 08:22:38,search.mywebs.pro
2013-04-12 08:22:38,www.google.fr
2013-04-12 08:22:38,google.fr
2013-04-12 08:22:40,search.mywebs.pro
2013-04-12 08:23:12,www.google.fr
2013-04-12 08:23:17,apis.google.com
2013-04-12 08:23:19,www.google.com
2013-04-12 08:23:21,search.mywebs.pro
2013-04-12 08:23:21,go.microsoft.com
2013-04-12 08:23:22,windows.microsoft.com
2013-04-12 08:23:22,ajax.microsoft.com
2013-04-12 08:23:22,js.microsoft.com
2013-04-12 08:23:22,res2.windows.microsoft.com
2013-04-12 08:23:22,res1.windows.microsoft.com
2013-04-12 08:23:23,windows.microsoft.com
2013-04-12 08:23:27,www.google.fr
2013-04-12 08:23:34,www.google.fr
2013-04-12 08:23:40,www.google.com
2013-04-12 08:23:40,apis.google.com
2013-04-12 08:23:40,www.google.fr
2013-04-12 08:23:40,ieonline.microsoft.com
2013-04-12 10:13:23,search.mywebs.pro
2013-04-12 10:13:25,search.mywebs.pro
2013-04-12 10:13:26,search.mywebs.pro
2013-04-12 10:13:28,hotmail.com
2013-04-12 10:13:29,www.bing.com
2013-04-12 10:13:47,webresultado.com
2013-04-12 10:13:47,login.live.com
2013-04-12 10:14:06,login.live.com
2013-04-12 10:14:11,login.live.com
2013-04-12 10:14:21,mail.live.com
2013-04-12 10:14:21,dub114.mail.live.com
2013-04-12 10:14:22,login.live.com
2013-04-12 10:14:23,dub114.mail.live.com
2013-04-12 10:14:24,dub114.mail.live.com
2013-04-12 10:14:25,dub114.mail.live.com
2013-04-12 10:14:26,dub114.mail.live.com
2013-04-12 10:14:26,cid-c10238c0e2d74653.users.storage.live.com
2013-04-12 10:14:27,dub114.mail.live.com
2013-04-12 10:14:28,dub114.mail.live.com
2013-04-12 10:14:28,people.directory.live.com
2013-04-12 10:14:30,people.directory.live.com
2013-04-12 10:14:31,h.live.com
2013-04-12 10:14:32,dub114.mail.live.com
2013-04-12 10:14:32,blufiles.storage.msn.com
2013-04-12 10:14:33,dub114.mail.live.com
2013-04-12 10:14:33,h.live.com
2013-04-12 10:14:33,js.live.net
2013-04-12 10:14:34,h.live.com
2013-04-12 10:14:34,g.msn.com
2013-04-12 10:14:34,dub114.mail.live.com
2013-04-12 10:14:34,secure.shared.live.com
2013-04-12 10:14:35,dub114.mail.live.com
2013-04-12 10:14:35,secure.shared.live.com
2013-04-12 10:14:35,g.msn.com
2013-04-12 10:14:35,ea.numericable.fr
2013-04-12 10:14:35,h2.msn.com
2013-04-12 10:14:35,h.live.com
2013-04-12 10:14:36,go.trouter.io
2013-04-12 10:14:36,dub114.mail.live.com
2013-04-12 10:14:36,h.live.com
2013-04-12 10:14:36,api.skype.com
2013-04-12 10:14:37,h.live.com
2013-04-12 10:14:37,login.live.com
2013-04-12 10:14:38,h.live.com
2013-04-12 10:14:38,storage.live.com
2013-09-12 14:54:36,go.microsoft.com
2013-09-12 14:54:37,www.iegallery.com
2013-09-12 14:54:37,www.google.fr
2013-09-12 14:54:37,google.fr
2013-09-12 14:54:38,www.iegallery.com
2013-09-12 14:54:39,www.iegallery.com
2013-09-12 14:54:40,www.iegallery.com
2013-09-12 14:54:41,www.iegallery.com
2013-09-12 14:54:41,www.bing.com
2013-09-12 14:54:45,google.fr
2013-09-12 14:54:45,www.google.fr
2013-09-12 14:54:56,onenewspage.com
2013-09-12 14:54:56,www.google.fr
2013-09-12 14:54:57,www.onenewspage.com
2013-09-12 14:55:00,s-static.ak.facebook.com
2013-09-12 14:55:00,static.ak.facebook.com
2013-09-12 14:55:00,connect.facebook.net
2013-09-12 14:55:06,www.facebook.com
2013-09-12 14:55:06,www.onenewspage.com
2013-09-12 14:55:07,www.google.fr
2013-09-12 14:55:08,pbs.twimg.com
2013-09-12 14:55:08,www.google.fr
2013-09-12 14:55:09,static.ak.facebook.com
2013-09-12 14:55:09,s.srvntrk.com
2013-09-12 14:55:10,www.google.com
2013-09-12 14:55:10,s-static.ak.facebook.com
2013-09-12 14:55:11,www.google.fr
2013-09-12 14:55:17,www.google.com
2013-09-12 14:55:19,www.facebook.com
2013-09-12 14:55:20,www.onenewspage.com
2013-09-12 14:55:22,eplayer-static.clipsyndicate.com
2013-09-12 14:55:22,pbs.twimg.com
2013-09-12 14:55:22,eplayer.clipsyndicate.com
2013-09-12 14:55:22,www.google.com
2013-09-12 14:55:22,accounts.google.com
2013-09-12 14:55:23,pbs.twimg.com
2013-09-12 14:55:23,static.ak.facebook.com
2013-09-12 14:55:23,s-static.ak.facebook.com
2013-09-12 14:55:24,www.google.com
2013-09-12 14:55:24,eplayer.clipsyndicate.com
2013-09-12 14:55:25,www.google.com
2013-09-12 14:55:25,eplayer.clipsyndicate.com
2013-09-12 14:55:25,video-static.clipsyndicate.com
2013-09-12 14:55:25,eplayer-static.clipsyndicate.com
2013-09-12 14:55:32,accounts.youtube.com
2013-09-12 14:55:42,www.facebook.com
2013-09-12 14:55:43,www.onenewspage.com
2013-09-12 14:55:44,www.facebook.com
2013-09-12 14:55:46,accounts.youtube.com
2013-09-12 14:55:46,accounts.google.com
2013-09-12 14:55:46,accounts.google.fr
2013-09-12 14:55:47,accounts.google.fr
2013-09-12 14:55:50,www.google.fr
2013-09-12 14:55:51,ieonline.microsoft.com
2013-09-12 14:55:52,www.google.com
2013-09-12 14:55:52,www.google.fr
2013-09-12 14:55:52,mail.google.com
2013-09-12 14:55:53,accounts.google.com
2013-09-12 14:55:53,plus.google.com
2013-09-12 14:55:53,apis.google.com
2013-09-12 14:55:54,apis.google.com
2013-09-12 14:55:55,mail.google.com
2013-09-12 14:55:56,mail.google.com
2013-09-12 14:55:57,mail.google.com
2013-09-12 14:55:57,www.google.com
2013-09-12 14:55:58,clients2.google.com
2013-09-12 14:55:59,mail.google.com
2013-09-12 14:55:59,clients2.google.com
2013-09-12 14:56:00,apis.google.com
2013-09-12 14:56:00,plus.google.com
2013-09-12 14:56:01,plus.google.com
2013-09-12 14:56:01,apis.google.com
2013-09-12 14:56:01,mail.google.com
2013-09-12 14:56:02,apis.google.com
2013-09-12 14:56:03,mail.google.com
2013-09-12 14:56:03,accounts.google.com
2013-09-12 14:56:04,mail.google.com
2013-09-12 14:56:06,apis.google.com
2013-09-12 14:56:10,apis.google.com
2013-09-12 14:56:15,chatenabled.mail.google.com
2013-09-12 14:56:15,plus.google.com
2013-09-12 14:56:16,www.google.com
2013-09-12 14:56:19,www.onenewspage.com
2013-09-12 14:56:20,b.mail.google.com
2013-09-12 14:56:20,mail.google.com
2013-09-12 14:56:20,chatenabled.mail.google.com
2013-09-12 14:56:25,drive.google.com
2013-09-12 14:56:29,api.bing.com
2013-09-12 14:56:30,www.bing.com
2013-09-12 14:56:31,www.bing.com
2013-09-12 14:56:31,cms.abmr.net
2013-09-12 14:56:32,www.bing.com
2013-09-12 14:56:34,www.bing.com
2013-09-12 14:56:38,drive.google.com
2013-09-12 14:56:40,drive.google.com
2013-09-12 14:56:42,login.live.com
2013-09-12 14:56:43,drive.google.com
2013-09-12 14:56:44,drive.google.com
2013-09-12 14:56:45,drive.google.com
2013-09-12 14:56:47,apis.google.com
2013-09-12 14:56:49,apis.google.com
2013-09-12 14:56:49,0.drive.google.com
2013-09-12 14:56:51,www.google.com
2013-09-12 14:56:52,www.google.com
2013-09-12 14:56:54,docs.google.com
2013-09-12 14:56:54,drive.google.com
2013-09-12 14:56:54,www.google.com
2013-09-12 14:56:57,plus.google.com
2013-09-12 14:56:57,docs.google.com
2013-09-12 14:56:58,docs.google.com
2013-09-12 14:56:59,docs.google.com
2013-09-12 14:57:00,plus.google.com
2013-09-12 14:57:10,drive.google.com
2013-09-12 14:57:16,mail.google.com
2013-09-12 14:57:22,apis.google.com
2013-09-12 14:57:29,apis.google.com
2013-09-12 14:57:30,mail.google.com
2013-09-12 14:57:33,mail.google.com
2013-09-12 14:57:34,generalkulture.blogspot.fr
2013-09-12 14:57:34,www.blogger.com
2013-09-12 14:57:36,www.blogger.com
2013-09-12 14:57:36,ajax.googleapis.com
2013-09-12 14:57:37,ajax.googleapis.com
2013-09-12 14:57:37,www.blogger.com
2013-09-12 14:57:37,apis.google.com
2013-09-12 14:57:37,4.bp.blogspot.com
2013-09-12 14:57:37,img15.hostingpics.net
2013-09-12 14:57:37,3.bp.blogspot.com
2013-09-12 14:57:37,2.bp.blogspot.com
2013-09-12 14:57:37,www.dailymotion.com
2013-09-12 14:57:37,dl.toofiles.com
2013-09-12 14:57:38,www.blogger.com
2013-09-12 14:57:38,4.bp.blogspot.com
2013-09-12 14:57:38,3.bp.blogspot.com
2013-09-12 14:57:38,1.bp.blogspot.com
2013-09-12 14:57:38,2.bp.blogspot.com
2013-09-12 14:57:39,www.blogger.com
2013-09-12 14:57:39,apis.google.com
2013-09-12 14:57:39,ajax.googleapis.com
2013-09-12 14:57:39,3.bp.blogspot.com
2013-09-12 14:57:39,www.dailymotion.com
2013-09-12 14:57:39,img1.blogblog.com
2013-09-12 14:57:39,2.bp.blogspot.com
2013-09-12 14:57:39,www.blogblog.com
2013-09-12 14:57:39,1.bp.blogspot.com
2013-09-12 14:57:39,4.bp.blogspot.com
2013-09-12 14:57:40,img2.blogblog.com
2013-09-12 14:57:40,4.bp.blogspot.com
2013-09-12 14:57:41,apis.google.com
2013-09-12 14:57:41,img1.blogblog.com
2013-09-12 14:57:41,www.generalkulture.blogspot.com
2013-09-12 14:57:41,www.blogger.com
2013-09-12 14:57:41,blogspot.leblogger.com
2013-09-12 14:57:41,1.bp.blogspot.com
2013-09-12 14:57:41,static.nrelate.com
2013-09-12 14:57:42,4.bp.blogspot.com
2013-09-12 14:57:42,2.bp.blogspot.com
2013-09-12 14:57:42,1.bp.blogspot.com
2013-09-12 14:57:42,www.google.com
2013-09-12 14:57:42,www.blogger.com
2013-09-12 14:57:42,ajax.googleapis.com
2013-09-12 14:57:43,generalkulture.blogspot.fr
2013-09-12 14:57:43,script-ot.googlecode.com
2013-09-12 14:57:43,4.bp.blogspot.com
2013-09-12 14:57:43,gadget-article-recommandes.googlecode.com
2013-09-12 14:57:43,3.bp.blogspot.com
2013-09-12 14:57:43,2.bp.blogspot.com
2013-09-12 14:57:43,www.blogger.com
2013-09-12 14:57:43,drive.google.com
2013-09-12 14:57:44,2.bp.blogspot.com
2013-09-12 14:57:44,s.moopz.com
2013-09-12 14:57:44,1.bp.blogspot.com
2013-09-12 14:57:44,4.bp.blogspot.com
2013-09-12 14:57:44,generalkulture.blogspot.fr
2013-09-12 14:57:44,www.facebook.com
2013-09-12 14:57:45,generalkulture.blogspot.fr
2013-09-12 14:57:45,apis.google.com
2013-09-12 14:57:46,gg.google.com
2013-09-12 14:57:48,generalkulture.blogspot.fr
2013-09-12 14:57:48,4.bp.blogspot.com
2013-09-12 14:57:48,apis.google.com
2013-09-12 14:57:49,apis.google.com
2013-09-12 14:57:49,s.moopz.com
2013-09-12 14:57:49,platform.twitter.com
2013-09-12 14:57:49,connect.facebook.net
2013-09-12 14:57:50,platform.twitter.com
2013-09-12 14:57:50,accounts.google.com
2013-09-12 14:57:50,apis.google.com
2013-09-12 14:57:51,1.bp.blogspot.com
2013-09-12 14:57:51,static.nrelate.com
2013-09-12 14:57:51,s-static.ak.facebook.com
2013-09-12 14:57:51,www.facebook.com
2013-09-12 14:57:51,3.bp.blogspot.com
2013-09-12 14:57:51,platform.twitter.com
2013-09-12 14:57:51,www.blogger.com
2013-09-12 14:57:51,static.ak.facebook.com
2013-09-12 14:57:52,2.bp.blogspot.com
2013-09-12 14:57:52,api.twitter.com
2013-09-12 14:57:52,1.bp.blogspot.com
2013-09-12 14:57:52,3.bp.blogspot.com
2013-09-12 14:57:57,platform.twitter.com
2013-09-12 14:58:04,twitter.com
2013-09-12 14:58:05,platform.twitter.com
2013-09-12 14:58:05,mail.google.com
2013-09-12 14:58:05,twitter.com
2013-09-12 14:58:06,generalkulture.blogspot.fr
2013-09-12 14:58:06,twitter.com
2013-09-12 14:58:06,gg.google.com
2013-09-12 14:58:07,www.blogger.com
2013-09-12 14:58:07,twitter.com
2013-09-12 14:58:08,www.blogger.com
2013-09-12 14:58:08,twitter.com
2013-09-12 14:58:08,gg.google.com
2013-09-12 14:58:09,1.bp.blogspot.com
2013-09-12 14:58:09,4.bp.blogspot.com
2013-09-12 14:58:09,3.bp.blogspot.com
2013-09-12 14:58:11,drive.google.com
2013-09-12 15:00:34,drive.google.com
2013-09-12 15:00:35,video-static.clipsyndicate.com
2013-09-12 15:00:36,gg.google.com
2013-09-12 15:00:37,video-static.clipsyndicate.com
2013-09-12 15:00:46,eplayer.clipsyndicate.com
2013-09-12 15:01:03,www.onenewspage.com
2013-09-12 15:01:05,eplayer.clipsyndicate.com
2013-09-12 15:01:05,ajax.googleapis.com
2013-09-12 15:01:06,s-static.ak.facebook.com
2013-09-12 15:01:06,static.ak.facebook.com
2013-09-12 15:01:07,www.facebook.com
2013-09-12 15:01:08,www.facebook.com
2013-09-12 15:01:15,ajax.googleapis.com
2013-09-12 15:01:15,www.onenewspage.com
2013-09-12 15:01:15,eplayer.clipsyndicate.com
2013-09-12 15:01:16,connect.facebook.net
2013-09-12 15:01:17,static.ak.facebook.com
2013-09-12 15:01:17,www.facebook.com
2013-09-12 15:01:17,s-static.ak.facebook.com
2013-09-12 15:01:18,www.facebook.com
2013-09-12 15:01:25,google.fr
2013-09-12 15:01:25,www.google.fr
2013-09-12 15:01:36,www.google.fr
2013-09-12 15:01:38,www.onenewspage.com
2013-09-12 15:01:38,www.google.fr
2013-09-12 15:01:39,eplayer.clipsyndicate.com
2013-09-12 15:01:39,eplayer-static.clipsyndicate.com
2013-09-12 15:01:40,pbs.twimg.com
2013-09-12 15:01:40,eplayer.clipsyndicate.com
2013-09-12 15:01:40,eplayer-static.clipsyndicate.com
2013-09-12 15:01:41,static.ak.facebook.com
2013-09-12 15:01:41,eplayer.clipsyndicate.com
2013-09-12 15:01:41,www.facebook.com
2013-09-12 15:01:41,s-static.ak.facebook.com
2013-09-12 15:01:42,eplayer.clipsyndicate.com
2013-09-12 15:01:42,eplayer-static.clipsyndicate.com
2013-09-12 15:01:42,3.bp.blogspot.com
2013-09-12 15:01:42,video-static.clipsyndicate.com
2013-09-12 15:01:43,www.facebook.com
2013-09-12 15:01:43,plus.google.com
2013-09-12 15:01:44,video-static.clipsyndicate.com
2013-09-12 15:01:47,video-static.clipsyndicate.com
2013-09-12 15:01:55,eplayer.clipsyndicate.com
2013-09-12 15:02:09,www.blogger.com
2013-09-12 15:02:12,feedproxy.google.com
2013-09-12 15:02:12,www.onenewspage.com
2013-09-12 15:02:13,mail.google.com
2013-09-12 15:02:13,www.newsy.com
2013-09-12 15:02:14,www.newsy.com
2013-09-12 15:02:14,w.sharethis.com
2013-09-12 15:02:15,www.newsy.com
2013-09-12 15:02:16,connect.facebook.net
2013-09-12 15:02:16,player.ooyala.com
2013-09-12 15:02:16,www.newsy.com
2013-09-12 15:02:17,player.ooyala.com
2013-09-12 15:02:17,cdn-api.ooyala.com
2013-09-12 15:02:17,www.newsy.com
2013-09-12 15:02:17,s-static.ak.facebook.com
2013-09-12 15:02:17,static.ak.facebook.com
2013-09-12 15:02:17,platform.twitter.com
2013-09-12 15:02:18,player.ooyala.com
2013-09-12 15:02:18,www.facebook.com
2013-09-12 15:02:18,l.ooyala.com
2013-09-12 15:02:18,www.newsy.com
2013-09-12 15:02:19,connect.facebook.net
2013-09-12 15:02:19,platform.twitter.com
2013-09-12 15:02:19,l.ooyala.com
2013-09-12 15:02:19,www.newsy.com
2013-09-12 15:02:20,twitter.com
2013-09-12 15:02:20,www.newsy.com
2013-09-12 15:02:20,platform.twitter.com
2013-09-12 15:02:20,www.facebook.com
2013-09-12 15:02:21,edge.sharethis.com
2013-09-12 15:02:21,w.sharethis.com
2013-09-12 15:02:22,w.sharethis.com
2013-09-12 15:02:22,static.ak.facebook.com
2013-09-12 15:02:22,l.ooyala.com
2013-09-12 15:02:22,www.facebook.com
2013-09-12 15:02:22,s-static.ak.facebook.com
2013-09-12 15:02:25,www.newsy.com
2013-09-12 15:03:08,www.onenewspage.com
2013-09-12 15:03:09,feedproxy.google.com
2013-09-12 15:03:09,www.newsy.com
2013-09-12 15:03:10,mail.google.com
2013-09-12 15:03:10,www.newsy.com
2013-09-12 15:03:10,w.sharethis.com
2013-09-12 15:03:11,www.newsy.com
2013-09-12 15:03:11,player.ooyala.com
2013-09-12 15:03:14,connect.facebook.net
2013-09-12 15:03:14,www.newsy.com
2013-09-12 15:03:15,static.ak.facebook.com
2013-09-12 15:03:15,platform.twitter.com
2013-09-12 15:03:15,www.newsy.com
2013-09-12 15:03:15,player.ooyala.com
2013-09-12 15:03:15,s-static.ak.facebook.com
2013-09-12 15:03:16,player.ooyala.com
2013-09-12 15:03:16,www.newsy.com
2013-09-12 15:03:20,www.newsy.com
2013-09-12 15:03:20,video-static.clipsyndicate.com
2013-09-12 15:03:22,www.newsy.com
2013-09-12 15:03:23,www.newsy.com
2013-09-12 15:03:23,www.facebook.com
2013-09-12 15:03:24,www.facebook.com
2013-09-12 15:03:24,connect.facebook.net
2013-09-12 15:03:24,www.newsy.com
2013-09-12 15:03:25,player.ooyala.com
2013-09-12 15:03:25,www.newsy.com
2013-09-12 15:03:25,platform.twitter.com
2013-09-12 15:03:26,www.facebook.com
2013-09-12 15:03:26,twitter.com
2013-09-12 15:03:26,l.ooyala.com
2013-09-12 15:03:27,static.ak.facebook.com
2013-09-12 15:03:27,www.facebook.com
2013-09-12 15:03:27,l.ooyala.com
2013-09-12 15:03:27,s-static.ak.facebook.com
2013-09-12 15:03:45,office14client.microsoft.com
2013-09-12 15:03:46,office.microsoft.com
2013-09-12 15:03:57,office.microsoft.com
2013-09-12 15:04:37,0.drive.google.com
2013-09-12 15:05:44,www.newsy.com
2013-09-12 15:06:10,mail.google.com
2013-09-12 15:06:25,plus.google.com
2013-09-12 15:07:04,plus.google.com
2013-09-12 15:08:16,player.ooyala.com
2013-09-12 15:08:17,l.ooyala.com
2013-09-12 15:08:57,reverso.com
2013-09-12 15:08:57,www.reverso.com
2013-09-12 15:08:57,www.reverso.net
2013-09-12 15:08:57,cdn2.reverso.net
2013-09-12 15:08:57,ajax.googleapis.com
2013-09-12 15:08:58,cdn2.reverso.net
2013-09-12 15:08:58,ajax.googleapis.com
2013-09-12 15:08:58,www.reverso.net
2013-09-12 15:08:58,api.conduit.com
2013-09-12 15:08:59,cdn2.reverso.net
2013-09-12 15:09:00,cdn2.reverso.net
2013-09-12 15:09:01,cdn2.reverso.net
2013-09-12 15:09:03,cdn2.reverso.net
2013-09-12 15:09:04,ajax.googleapis.com
2013-09-12 15:09:04,cdn2.reverso.net
2013-09-12 15:09:05,s-static.ak.facebook.com
2013-09-12 15:09:05,ajax.googleapis.com
2013-09-12 15:09:05,cdn2.reverso.net
2013-09-12 15:09:05,static.ak.facebook.com
2013-09-12 15:09:05,dictionnaire.reverso.net
2013-09-12 15:09:06,cdn2.reverso.net
2013-09-12 15:09:07,cdn2.reverso.net
2013-09-12 15:09:08,dictionnaire.reverso.net
2013-09-12 15:09:08,ea.numericable.fr
2013-09-12 15:10:37,www.google.fr
2013-09-12 15:10:37,google.fr
2013-09-12 15:10:44,translate.google.fr
2013-09-12 15:10:44,www.google.fr
2013-09-12 15:10:45,translate.google.fr
2013-09-12 15:10:46,translate.google.fr
2013-09-12 15:10:47,translate.google.fr
2013-09-12 15:10:48,translate.google.fr
2013-09-12 15:10:49,translate.google.fr
2013-09-12 15:10:51,translate.google.fr
2013-09-12 15:10:51,plus.google.com
2013-09-12 15:10:51,www.google.com
2013-09-12 15:10:52,translate.google.fr
2013-09-12 15:10:56,translate.google.fr
2013-09-12 15:13:16,player.ooyala.com
2013-09-12 15:13:17,l.ooyala.com
2013-09-12 15:15:50,translate.google.fr
2013-09-12 15:15:52,translate.google.fr
2013-09-12 15:15:55,translate.google.fr
2013-09-12 15:15:56,translate.google.fr
2013-09-12 15:18:06,mail.google.com
2013-09-12 15:18:16,player.ooyala.com
2013-09-12 15:18:17,l.ooyala.com
2013-09-12 15:19:45,mail.google.com
2013-09-12 15:20:17,translate.google.fr
2013-09-12 15:20:18,translate.google.fr
2013-09-12 15:20:21,translate.google.fr
2013-09-12 15:20:23,translate.google.fr
2013-09-12 15:20:24,plus.google.com
2013-09-12 15:20:25,translate.google.fr
2013-09-12 15:20:26,translate.google.fr
2013-09-12 15:20:27,translate.google.fr
2013-09-12 15:20:28,translate.google.fr
2013-09-12 15:20:29,translate.google.fr
2013-09-12 15:20:31,translate.google.fr
2013-09-12 15:20:32,translate.google.fr
2013-09-12 15:20:33,translate.google.fr
2013-09-12 15:20:37,translate.google.fr
2013-09-12 15:20:38,translate.google.fr
2013-09-12 15:20:39,translate.google.fr
2013-09-12 15:20:40,translate.google.fr
2013-09-12 15:20:41,translate.google.fr
2013-09-12 15:20:43,translate.google.fr
2013-09-12 15:20:44,translate.google.fr
2013-09-12 15:20:45,translate.google.fr
2013-09-12 15:20:46,translate.google.fr
2013-09-12 15:20:48,translate.google.fr
2013-09-12 15:20:53,plus.google.com
2013-09-12 15:20:53,translate.google.fr
2013-09-12 15:20:55,translate.google.fr
2013-09-12 15:20:56,translate.google.fr
2013-09-12 15:21:01,translate.google.fr
2013-09-12 15:21:05,plus.google.com
2013-09-12 15:21:05,translate.google.fr
2013-09-12 15:21:07,translate.google.fr
2013-09-12 15:21:10,translate.google.fr
2013-09-12 15:23:16,player.ooyala.com
2013-09-12 15:23:18,l.ooyala.com
2013-09-12 15:23:45,mail.google.com
2013-09-12 15:25:32,apis.google.com
2013-09-12 15:25:32,b.mail.google.com
2013-09-12 15:25:32,mail.google.com
2013-11-15 13:38:16,go.microsoft.com
2013-11-15 13:38:17,www.iegallery.com
2013-11-15 13:38:18,www.iegallery.com
2013-11-15 13:38:20,www.iegallery.com
2013-11-15 13:38:21,www.iegallery.com
2013-11-15 13:38:22,www.iegallery.com
2013-11-15 13:38:24,www.bing.com
2013-11-15 13:39:43,ieonline.microsoft.com
2013-11-15 14:06:05,office14client.microsoft.com
2013-11-15 14:06:07,office.microsoft.com
2013-11-15 14:48:16,office.microsoft.com
2013-11-15 14:48:16,office14client.microsoft.com
2013-11-22 14:32:39,office14client.microsoft.com
2013-11-22 14:32:40,office.microsoft.com
2013-11-22 15:20:32,go.microsoft.com
2013-11-22 15:20:33,www.iegallery.com
2013-11-22 15:20:34,www.iegallery.com
2013-11-22 15:20:35,www.iegallery.com
2013-11-22 15:20:36,www.bing.com
2013-11-22 15:20:36,www.iegallery.com
2013-11-22 15:20:37,www.iegallery.com
2013-11-22 15:21:59,ieonline.microsoft.com
2013-12-18 08:46:35,search.mywebs.pro
2013-12-18 08:46:36,search.mywebs.pro
2013-12-18 08:46:41,search.mywebs.pro
2013-12-18 08:46:41,windows.microsoft.com
2013-12-18 08:46:41,fpdownload2.macromedia.com
2013-12-18 08:46:41,go.microsoft.com
2013-12-18 08:46:42,res1.windows.microsoft.com
2013-12-18 08:46:42,js.microsoft.com
2013-12-18 08:46:42,res2.windows.microsoft.com
2013-12-18 08:46:42,windows.microsoft.com
2013-12-18 08:46:43,res2.windows.microsoft.com
2013-12-18 08:46:43,res1.windows.microsoft.com
2013-12-18 08:46:43,windows.microsoft.com
2013-12-18 08:46:44,res1.windows.microsoft.com
2013-12-18 08:46:44,js.microsoft.com
2013-12-18 08:46:44,res2.windows.microsoft.com
2013-12-18 08:46:47,www.google.fr
2013-12-18 08:47:00,webresultado.com
2013-12-18 08:47:01,www.google.fr
2013-12-18 08:48:42,search.mywebs.pro
2013-12-18 08:48:43,search.mywebs.pro
2013-12-18 08:48:44,search.mywebs.pro
2013-12-18 08:48:45,www.google.fr
2013-12-18 08:49:11,www.google.fr
2013-12-18 08:49:12,apis.google.com
2013-12-18 08:49:14,www.google.com
2013-12-18 08:49:26,www.google.com
2013-12-18 08:49:40,www.google.fr
2013-12-18 08:49:44,www.calvin.edu
2013-12-18 08:49:46,www.google.fr
2013-12-18 08:49:46,www.google.com
2013-12-18 08:49:46,apis.google.com
2013-12-18 09:10:03,search.mywebs.pro
2013-12-18 09:10:04,search.mywebs.pro
2013-12-18 09:10:05,search.mywebs.pro
2013-12-18 09:10:07,www.google.fr
2013-12-18 09:10:36,www.google.fr
2013-12-18 09:10:42,www.google.fr
2013-12-18 09:10:42,apis.google.com
2013-12-18 09:10:44,www.google.com
2013-12-18 09:10:45,www.google.fr
2013-12-18 09:10:45,fr.wikipedia.org
2013-12-18 09:10:45,www.google.com
2013-12-18 09:10:45,apis.google.com
2013-12-18 09:10:46,login.wikimedia.org
2013-12-18 09:10:46,bits.wikimedia.org
2013-12-18 09:10:47,fr.wikipedia.org
2013-12-18 09:10:47,bits.wikimedia.org
2013-12-18 09:10:47,meta.wikimedia.org
2013-12-18 09:11:00,www.google.fr
2013-12-18 09:11:01,bits.wikimedia.org
2013-12-18 09:11:09,clients1.google.fr
2013-12-18 09:11:10,www.google.fr
2013-12-18 09:11:10,clients1.google.fr
2013-12-18 09:12:28,www.google.fr
2013-12-18 09:29:25,www.google.fr
2013-12-18 09:29:28,www.extpdf.com
2013-12-18 09:29:55,moodle.polymtl.ca
2013-12-18 09:29:56,moodle.polymtl.ca
2013-12-18 09:29:57,moodle.polymtl.ca
2013-12-18 09:29:59,moodle.polymtl.ca
2013-12-18 09:30:30,www.google.fr
2014-01-31 11:54:06,go.microsoft.com
2014-01-31 11:54:07,ajax.microsoft.com
2014-01-31 11:54:07,res2.windows.microsoft.com
2014-01-31 11:54:07,res1.windows.microsoft.com
2014-01-31 11:54:07,js.microsoft.com
2014-01-31 11:54:07,windows.microsoft.com
2014-01-31 11:54:11,www.google.fr
2014-01-31 11:54:11,www.bing.com
2014-01-31 11:54:11,google.fr
2014-01-31 11:54:23,www.google.fr
2014-01-31 11:54:26,www.google.com
2014-01-31 11:54:28,accounts.google.com
2014-01-31 11:54:40,www.google.fr
2014-01-31 11:54:57,www.google.fr
2014-01-31 11:55:08,www.google.fr
2014-01-31 11:55:08,accounts.google.fr
2014-01-31 11:55:09,www.google.com
2014-01-31 11:55:14,mail.google.com
2014-01-31 11:55:16,apis.google.com
2014-01-31 11:55:16,plus.google.com
2014-01-31 11:55:16,www.google.fr
2014-01-31 11:55:16,accounts.google.fr
2014-01-31 11:55:18,mail.google.com
2014-01-31 11:55:18,accounts.google.com
2014-01-31 11:55:18,www.google.com
2014-01-31 11:55:18,www.google.fr
2014-01-31 11:55:18,clients2.google.com
2014-01-31 11:55:18,plus.google.com
2014-01-31 11:55:18,apis.google.com
2014-01-31 11:55:19,clients2.google.com
2014-01-31 11:55:19,plus.google.com
2014-01-31 11:55:22,chatenabled.mail.google.com
2014-01-31 11:55:22,plus.google.com
2014-01-31 11:55:22,mail.google.com
2014-01-31 11:55:22,apis.google.com
2014-01-31 11:55:27,accounts.google.com
2014-01-31 11:55:27,chatenabled.mail.google.com
2014-01-31 11:55:31,plus.google.com
2014-01-31 11:56:06,mail.google.com
2014-01-31 11:56:06,plus.google.com
2014-01-31 11:56:06,apis.google.com
2014-01-31 11:56:07,go.microsoft.com
2014-01-31 11:56:07,ieonline.microsoft.com
2014-02-21 09:45:45,go.microsoft.com
2014-02-21 09:45:45,runonce.msn.com
2014-02-21 09:45:46,runonce.msn.com
2014-02-21 09:46:42,google.fr
2014-02-21 09:46:42,www.google.fr
2014-02-21 09:46:43,www.google.fr
2014-02-21 09:46:43,clients1.google.fr
2014-02-21 09:46:44,accounts.google.com
2014-02-21 09:46:44,www.google.com
2014-02-21 09:46:55,accounts.google.com
2014-02-21 09:47:10,player.vimeo.com
2014-02-28 11:27:15,clients1.google.com
2014-02-28 11:27:15,gtglobal-ocsp.geotrust.com
2014-02-28 11:27:25,serge.mehl.free.fr
2014-02-28 11:27:25,www.google.fr
2014-02-28 11:27:26,ecx.images-amazon.com
2014-02-28 11:27:26,rcm-fr.amazon.fr
2014-02-28 11:27:26,serge.mehl.free.fr
2014-02-28 11:27:27,ecx.images-amazon.com
2014-02-28 11:27:27,www.google.com
2014-02-28 11:27:28,www.google.com
2014-02-28 11:27:28,clients1.google.com
2014-02-28 11:27:29,serge.mehl.free.fr
2014-02-28 11:30:11,apis.google.com
2014-02-28 11:30:12,www.google.com
2014-02-28 11:30:13,www.google.fr
2014-02-28 11:31:41,safebrowsing-cache.google.com
2014-02-28 11:31:41,safebrowsing.clients.google.com
2014-02-28 11:32:42,www.google.fr
2014-02-28 11:32:42,metgen.pagesperso-orange.fr
2014-02-28 11:32:43,metgen.pagesperso-orange.fr
2014-02-28 11:32:55,ocsp.thawte.com
2014-02-28 11:33:23,team.inria.fr
2014-02-28 11:33:23,ocsp.tcs.terena.org
2014-02-28 11:33:23,ocsp.usertrust.com
2014-02-28 11:33:24,team.inria.fr
2014-02-28 11:34:53,ocsp.verisign.com
2014-02-28 11:35:42,www.google.fr
2014-02-28 11:35:44,lamfa.u-picardie.fr
2014-02-28 11:36:02,www.google.fr
2014-02-28 11:36:53,ocsp.digicert.com
2014-02-28 11:38:56,www.google.fr
2014-02-28 11:56:10,fr.wikipedia.org
2014-02-28 11:56:10,bits.wikimedia.org
2014-02-28 11:56:10,www.google.fr
2014-02-28 11:56:11,meta.wikimedia.org
2014-02-28 11:56:11,fr.wikipedia.org
2014-02-28 11:56:11,login.wikimedia.org
2014-02-28 11:59:04,www.google.com
2014-02-28 11:59:06,www.google.fr
2014-03-28 11:23:14,www.google.fr
2014-03-28 11:23:14,google.fr
2014-03-28 11:23:28,www.google.fr
2014-03-28 11:23:31,www.google.com
2014-03-28 11:23:49,www.google.fr
2014-03-28 11:23:49,www.google.com
2014-03-28 11:23:53,ufrmeca.univ-lyon1.fr
2014-03-28 11:23:53,www.google.fr
2014-03-28 11:25:46,ieonline.microsoft.com
2014-03-28 11:41:02,search.mywebs.pro
2014-03-28 11:41:02,www.google.com
2014-03-28 11:41:02,fr.ask.com
2014-03-28 11:41:03,www.google.com
2014-03-28 11:41:03,fr.ask.com
2014-03-28 11:41:03,sp.fr.ask.com
2014-03-28 11:41:26,fr.ask.com
2014-03-28 11:41:27,www.google.com
2014-03-28 11:41:27,fr.ask.com
2014-03-28 11:41:28,events.foreseeresults.com
2014-03-28 11:41:28,sp.ask.com
2014-03-28 11:41:30,events.foreseeresults.com
2014-03-28 11:50:53,www.google.com
2014-03-28 11:50:53,fr.ask.com
2014-03-28 11:50:53,search.mywebs.pro
2014-03-28 11:50:54,sp.fr.ask.com
2014-03-28 11:50:54,fr.ask.com
2014-03-28 11:50:54,www.google.com
2014-03-28 11:50:58,google.fr
2014-03-28 11:50:58,www.google.fr
2014-03-28 11:51:12,www.google.fr
2014-03-28 11:51:13,apis.google.com
2014-03-28 11:51:15,www.google.com
2014-03-28 11:51:25,apis.google.com
2014-03-28 11:51:25,www.google.fr
2014-03-28 11:51:26,search.codes-sources.com
2014-03-28 11:51:31,www.google.fr
2014-03-28 11:51:38,search.codes-sources.com
2014-03-28 11:51:44,www.google.com
2014-03-28 11:51:44,fr.openclassrooms.com
2014-03-28 11:51:44,www.google.fr
2014-03-28 11:51:45,dnn506yrbagrg.cloudfront.net
2014-03-28 11:51:45,doug1izaerwt3.cloudfront.net
2014-03-28 11:51:45,www.google.com
2014-03-28 11:51:45,fr.openclassrooms.com
2014-03-28 11:51:48,fr.openclassrooms.com
2014-03-28 11:51:49,fr.openclassrooms.com
2014-03-28 11:51:49,ce.lijit.com
2014-03-28 11:51:49,www.facebook.com
2014-03-28 11:51:50,s.kau.li
2014-03-28 11:51:50,admaym.com
2014-03-28 11:51:50,cs.specificclick.net
2014-03-28 11:51:50,y.one.impact-ad.jp
2014-03-28 11:51:57,www.googleapis.com
2014-03-28 11:51:59,www.googleapis.com
2014-04-04 10:47:03,google.fr
2014-04-04 10:47:04,www.google.fr
2014-04-04 10:47:17,www.google.fr
2014-04-04 10:47:18,apis.google.com
2014-04-04 10:47:20,www.google.com
2014-04-04 10:47:23,www.mathworks.fr
2014-04-04 10:47:23,www.mathworks.com
2014-04-04 10:47:23,www.google.com
2014-04-04 10:47:23,apis.google.com
2014-04-04 10:47:23,www.google.fr
2014-04-04 10:47:24,www.mathworks.fr
2014-04-04 10:47:24,www.google.fr
2014-04-04 10:47:25,www.mathworks.fr
2014-04-04 10:47:32,www.mathworks.fr
2014-04-04 10:47:33,metrics.mathworks.com
2014-04-04 10:47:34,s3.amazonaws.com
2014-04-04 10:47:34,www.mathworks.fr
2014-04-04 10:47:34,p.typekit.net
2014-04-04 10:50:12,ieonline.microsoft.com
2014-04-18 10:22:29,google.fr
2014-04-18 10:22:29,www.google.fr
2014-04-18 10:22:41,www.google.fr
2014-04-18 10:22:42,apis.google.com
2014-04-18 10:22:44,www.google.com
2014-04-18 10:23:01,www.google.fr
2014-04-18 10:23:01,apis.google.com
2014-04-18 10:23:02,www.google.fr
2014-04-18 10:23:02,static.ccm2.net
2014-04-18 10:23:02,www.commentcamarche.net
2014-04-18 10:23:02,loadr.exelator.com
2014-04-18 10:23:02,platform.twitter.com
2014-04-18 10:23:02,www.google.com
2014-04-18 10:23:02,ba.commentcamarche.net
2014-04-18 10:23:02,www.facebook.com
2014-04-18 10:23:02,r.ccmbg.com
2014-04-18 10:23:03,its.tradelab.fr
2014-04-18 10:23:10,ajax.googleapis.com
2014-04-18 10:23:10,twitter.com
2014-04-18 10:23:36,ieonline.microsoft.com
2014-04-18 11:33:19,google.fr
2014-04-18 11:33:19,www.google.fr
2014-04-18 11:33:32,www.google.fr
2014-04-18 11:33:33,apis.google.com
2014-04-18 11:33:35,www.google.com
2014-04-18 11:34:50,www.google.fr
2014-04-18 11:34:58,www.google.com
2014-04-18 11:34:58,apis.google.com
2014-04-18 11:34:58,www.google.fr
2014-04-18 11:35:00,sync.uuidcshmg.com
2014-04-18 11:35:00,www.developpez.net
2014-04-18 11:35:00,ajax.googleapis.com
2014-04-18 11:35:00,www.google.fr
2014-04-18 11:35:00,www.google.com
2014-04-18 11:35:01,www.facebook.com
2014-04-18 11:35:01,www.developpez.net
2014-04-18 11:35:02,dps.bing.com
2014-04-18 11:35:38,www.google.com
2014-04-18 11:35:38,www.developpez.net
2014-04-18 11:35:39,sync.uuidcshmg.com
2014-04-18 11:35:39,www.developpez.net
2014-04-18 11:35:40,www.developpez.net
2014-04-18 11:35:44,www.google.fr
2014-04-18 11:35:45,ajax.googleapis.com
2014-04-18 11:35:45,forum.mathematex.net
2014-04-18 11:35:45,mathematex.net
2014-04-18 11:35:45,www.mathematex.net
2014-04-18 11:35:45,www.google.fr
2014-04-18 11:35:46,www.google.com
2014-04-18 11:35:57,forum.mathematex.net
2014-04-18 11:36:01,www.google.fr
2014-04-18 11:36:04,fr.intext.adfever.com
2014-04-18 11:36:04,www.futura-sciences.com
2014-04-18 11:36:04,www.google.fr
2014-04-18 11:36:04,forums.futura-sciences.com
2014-04-18 11:36:04,www.google.com
2014-04-18 11:36:04,yui.yahooapis.com
2014-04-18 11:36:04,legacy.futura-sciences.com
2014-04-18 11:36:05,forums.futura-sciences.com
2014-04-18 11:36:05,legacy.futura-sciences.com
2014-04-18 11:36:06,forums.futura-sciences.com
2014-04-18 11:36:06,legacy.futura-sciences.com
2014-04-18 11:36:06,www.futura-sciences.com
2014-04-18 11:36:06,www.google.fr
2014-04-18 11:36:07,forums.futura-sciences.com
2014-04-18 11:36:07,ver-adt.vindicosuite.com
2014-04-18 11:36:07,c.vindicosuite.com
2014-04-18 11:36:07,x2.vindicosuite.com
2014-04-18 11:36:07,fpdownload2.macromedia.com
2014-04-18 11:36:08,platform.twitter.com
2014-04-18 11:36:08,apis.google.com
2014-04-18 11:36:08,ver-adt.vindicosuite.com
2014-04-18 11:36:08,static.ak.facebook.com
2014-04-18 11:36:08,connect.facebook.net
2014-04-18 11:36:09,apis.google.com
2014-04-18 11:36:11,www.facebook.com
2014-04-18 11:36:11,platform.twitter.com
2014-04-18 11:36:12,b12.myspace.com
2014-04-18 11:36:13,b12.myspace.com
2014-04-18 11:36:16,forums.futura-sciences.com
2014-04-18 11:36:18,twitter.com
2014-04-18 11:36:21,ieonline.microsoft.com
2014-04-18 11:36:28,twitter.com
2014-04-18 11:36:28,platform.twitter.com
2014-04-18 11:36:28,b12.myspace.com
2014-04-18 11:45:40,www.google.fr
2014-04-18 11:45:40,google.fr
2014-04-18 11:45:52,www.google.fr
2014-04-18 11:45:53,apis.google.com
2014-04-18 11:45:55,www.google.com
2014-04-18 11:46:16,www.google.fr
2014-04-18 11:46:16,apis.google.com
2014-04-18 11:46:18,nte.mines-albi.fr
2014-04-18 11:46:18,www.google.fr
2014-04-18 11:46:18,www.google.com
2014-04-18 11:46:19,nte.mines-albi.fr
2014-04-18 11:46:20,nte.mines-albi.fr
2014-04-18 11:46:34,nte.mines-albi.fr
2014-04-18 11:46:38,nte.mines-albi.fr
2014-04-18 11:46:47,nte.mines-albi.fr
2014-04-18 11:47:02,www.google.fr
2014-04-18 11:47:02,www.ulb.ac.be
2014-04-18 11:47:51,www.google.fr
2014-04-18 11:47:52,perso.math.univ-toulouse.fr
2014-04-18 11:48:10,www.google.fr
2014-04-18 11:48:10,www.google.com
2014-04-18 11:48:11,ieonline.microsoft.com
2014-04-25 11:53:58,sci.sciences.univ-bpclermont.fr
2014-04-25 11:53:59,sci.sciences.univ-bpclermont.fr
2014-04-25 11:53:59,ocsp.thawte.com
2014-04-25 11:54:02,ent.univ-bpclermont.fr
2014-04-25 11:54:02,www.univ-bpclermont.fr
2014-04-25 11:54:03,clients1.google.com
2014-04-25 11:54:03,ocsp.tcs.terena.org
2014-04-25 11:54:03,gtglobal-ocsp.geotrust.com
2014-04-25 11:54:03,ent.univ-bpclermont.fr
2014-04-25 11:54:03,www.univ-bpclermont.fr
2014-04-25 11:54:03,ocsp.usertrust.com
2014-04-25 11:54:05,www.univ-bpclermont.fr
2014-04-25 11:54:11,ent.univ-bpclermont.fr
2014-04-25 11:54:12,ent.univ-bpclermont.fr
2014-04-25 11:54:12,www.univ-bpclermont.fr
2014-04-25 11:54:14,ent.univ-bpclermont.fr
2014-04-25 11:54:14,www.univ-bpclermont.fr
