timestamp,site
2014-01-29 08:19:45,javadl-esd.sun.com
2014-01-29 08:19:46,javadl-esd.sun.com
2014-01-29 08:28:11,go.microsoft.com
2014-01-29 08:28:11,windows.microsoft.com
2014-01-29 08:28:11,ajax.microsoft.com
2014-01-29 08:28:11,res1.windows.microsoft.com
2014-01-29 08:28:11,res2.windows.microsoft.com
2014-01-29 08:28:11,js.microsoft.com
2014-01-29 08:28:12,js.microsoft.com
2014-01-29 08:28:12,windows.microsoft.com
2014-01-29 08:28:12,res1.windows.microsoft.com
2014-01-29 08:28:12,res2.windows.microsoft.com
2014-01-29 08:28:15,www.bing.com
2014-01-29 08:28:25,www.google.fr
2014-01-29 08:28:30,ieonline.microsoft.com
2014-01-29 08:28:36,www.google.fr
2014-01-29 08:28:40,www.google.com
2014-01-29 08:28:40,apis.google.com
2014-01-29 08:28:47,www.google.com
2014-01-29 08:28:47,apis.google.com
2014-01-29 08:28:47,www.google.fr
2014-01-29 08:29:31,ieonline.microsoft.com
2014-01-29 09:02:00,office.microsoft.com
2014-01-29 09:02:00,office14client.microsoft.com
2014-01-29 09:02:05,office.microsoft.com
2014-01-29 09:14:53,www.google.fr
2014-01-29 09:14:54,apis.google.com
2014-01-29 09:14:56,www.google.com
2014-01-29 09:15:05,www.google.com
2014-01-29 09:15:05,apis.google.com
2014-01-29 09:15:05,login.wikimedia.org
2014-01-29 09:15:05,bits.wikimedia.org
2014-01-29 09:15:05,fr.wikipedia.org
2014-01-29 09:15:05,www.google.fr
2014-01-29 09:15:06,fr.wikipedia.org
2014-01-29 09:15:06,bits.wikimedia.org
2014-01-29 09:15:06,meta.wikimedia.org
2014-01-29 09:15:14,meta.wikimedia.org
2014-01-29 09:15:14,bits.wikimedia.org
2014-01-29 09:15:14,fr.wikipedia.org
2014-01-29 09:15:17,fr.wikipedia.org
2014-01-29 09:15:17,meta.wikimedia.org
2014-01-29 09:15:20,www.google.fr
2014-01-29 09:15:20,www.futura-sciences.com
2014-01-29 09:15:21,www.facebook.com
2014-01-29 09:15:21,www.futura-sciences.com
2014-01-29 09:15:22,connect.facebook.net
2014-01-29 09:15:22,s-static.ak.facebook.com
2014-01-29 09:15:22,www.facebook.com
2014-01-29 09:15:22,www.google.com
2014-01-29 09:15:22,platform.twitter.com
2014-01-29 09:15:22,www.futura-sciences.com
2014-01-29 09:15:22,static.ak.facebook.com
2014-01-29 09:15:22,apis.google.com
2014-01-29 09:15:23,www.facebook.com
2014-01-29 09:15:25,platform.twitter.com
2014-01-29 09:15:25,banniere.reussissonsensemble.fr
2014-01-29 09:15:25,hal9000.redintelligence.net
2014-01-29 09:15:26,ad.publicidees.com
2014-01-29 09:15:26,banniere.reussissonsensemble.fr
2014-01-29 09:15:30,platform.twitter.com
2014-01-29 09:15:32,ea.numericable.fr
2014-01-29 09:15:32,apis.google.com
2014-01-29 09:15:32,twitter.com
2014-01-29 09:15:33,apis.google.com
2014-01-29 09:15:33,twitter.com
2014-01-29 09:15:34,apis.google.com
2014-01-29 09:15:35,apis.google.com
2014-01-29 09:15:37,www.futura-sciences.com
2014-01-29 09:15:37,accounts.google.com
2014-01-29 09:16:31,www.futura-sciences.com
2014-01-29 09:16:31,ecx.images-amazon.com
2014-01-29 09:16:32,www.futura-sciences.com
2014-01-29 09:16:37,www.google.com
2014-01-29 09:16:47,www.google.fr
2014-01-29 09:16:48,meta.wikimedia.org
2014-01-29 09:16:48,fr.wikipedia.org
2014-01-29 09:16:48,bits.wikimedia.org
2014-01-29 09:16:48,www.google.fr
2014-01-29 09:17:43,www.google.fr
2014-01-29 09:21:01,bits.wikimedia.org
2014-01-29 09:21:01,fr.wikipedia.org
2014-01-29 09:21:01,meta.wikimedia.org
2014-01-29 09:21:02,bits.wikimedia.org
2014-01-29 09:21:02,fr.wikipedia.org
2014-01-29 09:21:02,meta.wikimedia.org
2014-01-29 09:21:06,fr.wikipedia.org
2014-01-29 09:22:28,www.google.fr
2014-01-29 09:24:03,www.google.fr
2014-01-29 09:24:04,www.google.fr
2014-01-29 09:24:04,www.informationhospitaliere.com
2014-01-29 09:24:05,seris.biz
2014-01-29 09:24:05,www.informationhospitaliere.com
2014-01-29 09:24:05,rs.mediapostcommunication.net
2014-01-29 09:24:05,av.mediapostcommunication.net
2014-01-29 09:24:06,www.informationhospitaliere.com
2014-01-29 09:24:12,www.google.fr
2014-01-29 09:24:12,www.informationhospitaliere.com
2014-01-29 09:24:13,www.informationhospitaliere.com
2014-01-29 09:24:23,www.google.fr
2014-01-29 09:24:23,llecg.blogspot.com
2014-01-29 09:24:24,www.blogger.com
2014-01-29 09:24:24,llecg.blogspot.fr
2014-01-29 09:24:27,www.blogger.com
2014-01-29 09:24:31,www.hon.ch
2014-01-29 09:24:36,www.honcode.ch
2014-01-29 09:24:43,www.informationhospitaliere.com
2014-01-29 09:24:43,www.honcode.ch
2014-01-29 09:26:02,www.google.fr
2014-01-29 09:26:02,llecg.blogspot.com
2014-01-29 09:26:03,llecg.blogspot.fr
2014-01-29 09:26:03,www.blogger.com
2014-01-29 09:26:10,www.google.fr
2014-01-29 09:26:13,llecg.blogspot.fr
2014-01-29 09:26:13,1.bp.blogspot.com
2014-01-29 09:26:13,apis.google.com
2014-01-29 09:26:13,img2.blogblog.com
2014-01-29 09:26:13,img1.blogblog.com
2014-01-29 09:26:13,www.blogger.com
2014-01-29 09:26:13,www.google.fr
2014-01-29 09:26:13,www.blogblog.com
2014-01-29 09:26:14,img1.blogblog.com
2014-01-29 09:26:14,www.blogger.com
2014-01-29 09:26:24,www.blogger.com
2014-01-29 09:26:24,img1.blogblog.com
2014-01-29 09:26:24,accounts.google.com
2014-01-29 09:26:24,apis.google.com
2014-01-29 09:26:24,www.google.fr
2014-01-29 09:26:26,www.biomedicale.univ-paris5.fr
2014-01-29 09:27:59,papyrus.bib.umontreal.ca
2014-01-29 09:28:01,papyrus.bib.umontreal.ca
2014-01-29 09:28:51,www.google.fr
2014-01-29 09:28:51,fr.wikipedia.org
2014-01-29 09:28:51,bits.wikimedia.org
2014-01-29 09:28:51,meta.wikimedia.org
2014-01-29 09:28:52,fr.wikipedia.org
2014-01-29 09:28:52,meta.wikimedia.org
2014-01-29 09:46:33,www.google.fr
2014-01-29 09:46:34,apis.google.com
2014-01-29 09:46:36,www.google.com
2014-01-29 09:50:33,www.google.fr
2014-01-29 09:50:34,apis.google.com
2014-01-29 09:50:36,www.google.com
2014-02-04 08:16:17,office14client.microsoft.com
2014-02-04 08:16:18,office.microsoft.com
2014-02-04 08:16:19,office.microsoft.com
2014-02-04 08:45:38,ieonline.microsoft.com
2014-02-04 08:45:40,api.bing.com
2014-02-04 08:45:41,api.bing.com
2014-02-04 08:45:42,www.google.fr
2014-02-04 08:45:45,www.google.fr
2014-02-04 08:45:46,apis.google.com
2014-02-04 08:45:48,www.google.com
2014-02-04 08:45:48,clients1.google.fr
2014-02-04 08:45:49,www.google.com
2014-02-04 08:45:55,apis.google.com
2014-02-04 08:45:55,www.google.fr
2014-02-04 08:45:55,clients1.google.fr
2014-02-04 08:45:55,www.google.com
2014-02-04 08:46:14,www.google.fr
2014-02-04 08:46:41,ieonline.microsoft.com
2014-02-04 08:46:57,onconano.webnode.fr
2014-02-04 08:46:57,files.onconano.webnode.fr
2014-02-04 08:46:57,www.google.fr
2014-02-04 08:47:00,www.google.fr
2014-02-04 08:47:00,www.transplantation-medicale.wikibis.com
2014-02-04 08:47:01,www.google.fr
2014-02-04 08:47:01,clients1.google.fr
2014-02-04 08:47:01,www.wikibis.com
2014-02-04 08:47:01,rcm-fr.amazon.fr
2014-02-04 08:47:01,www.transplantation-medicale.wikibis.com
2014-02-04 08:47:01,editions-humanis.com
2014-02-04 08:47:01,www.editions-humanis.com
2014-02-04 08:47:01,ecx.images-amazon.com
2014-02-04 08:47:02,ecx.images-amazon.com
2014-02-04 08:47:03,www.transplantation-medicale.wikibis.com
2014-02-04 08:47:03,www.google.fr
2014-02-04 08:48:25,rcm-fr.amazon.fr
2014-02-04 08:48:26,ecx.images-amazon.com
2014-02-04 08:48:26,rcm-fr.amazon.fr
2014-02-04 08:48:26,www.wikibis.com
2014-02-04 08:48:42,ieonline.microsoft.com
2014-02-04 08:48:42,www.google.fr
2014-02-04 08:48:43,www.google.fr
2014-02-04 08:48:43,meta.wikimedia.org
2014-02-04 08:48:43,login.wikimedia.org
2014-02-04 08:48:43,bits.wikimedia.org
2014-02-04 08:48:43,clients1.google.fr
2014-02-04 08:48:43,fr.wikipedia.org
2014-02-04 08:49:12,bits.wikimedia.org
2014-02-04 08:49:12,commons.wikimedia.org
2014-02-04 08:49:13,bits.wikimedia.org
2014-02-04 08:49:13,commons.wikimedia.org
2014-02-04 08:49:13,meta.wikimedia.org
2014-02-04 08:49:13,login.wikimedia.org
2014-02-04 08:49:14,commons.wikimedia.org
2014-02-04 08:49:14,bits.wikimedia.org
2014-02-04 08:54:45,office.microsoft.com
2014-02-04 09:33:34,api.bing.com
2014-02-04 09:33:35,api.bing.com
2014-02-04 09:33:36,api.bing.com
2014-02-04 09:33:37,www.bing.com
2014-02-04 09:33:38,www.google.fr
2014-02-04 09:33:38,www.bing.com
2014-02-04 09:33:38,cms.abmr.net
2014-02-04 09:33:39,www.bing.com
2014-02-04 09:33:39,www.google.fr
2014-02-04 09:33:40,www.google.com
2014-02-04 09:33:40,apis.google.com
2014-02-04 09:34:38,www.google.fr
2014-02-04 09:34:38,apis.google.com
2014-02-04 09:34:39,www.google.com
2014-02-04 09:34:39,www.google.fr
2014-02-04 09:34:39,www.linternaute.com
2014-02-04 09:34:39,static.ccmbg.com
2014-02-04 09:34:39,r.ccmbg.com
2014-02-04 09:34:39,ced.linternaute.com
2014-02-04 09:34:39,ajax.googleapis.com
2014-02-04 09:34:40,www.linternaute.com
2014-02-04 09:34:40,ced.linternaute.com
2014-02-04 09:34:40,ak.c.ooyala.com
2014-02-04 09:34:40,p.ccmbg.com
2014-02-04 09:34:40,player.ooyala.com
2014-02-04 09:34:40,loadr.exelator.com
2014-02-04 09:34:40,static.ccmbg.com
2014-02-04 09:34:40,pixel.alephd.com
2014-02-04 09:34:41,l.ooyala.com
2014-02-04 09:34:41,www.facebook.com
2014-02-04 09:34:41,videosfr.s3.amazonaws.com
2014-02-04 09:34:41,ak.c.ooyala.com
2014-02-04 09:34:41,www.linternaute.com
2014-02-04 09:34:41,www.francetvinfo.fr
2014-02-04 09:34:41,pixel.alephd.com
2014-02-04 09:34:41,player.ooyala.com
2014-02-04 09:34:42,www.facebook.com
2014-02-04 09:34:42,apis.google.com
2014-02-04 09:34:42,platform.twitter.com
2014-02-04 09:34:42,static.ccmbg.com
2014-02-04 09:34:42,video.journaldesfemmes.com
2014-02-04 09:34:42,r.ccmbg.com
2014-02-04 09:34:42,www.francetvinfo.fr
2014-02-04 09:34:42,pixel.alephd.com
2014-02-04 09:34:42,connect.facebook.net
2014-02-04 09:34:42,www.linternaute.com
2014-02-04 09:34:43,apis.google.com
2014-02-04 09:34:43,static.ak.facebook.com
2014-02-04 09:34:43,twitter.com
2014-02-04 09:34:43,accounts.google.com
2014-02-04 09:34:43,s-static.ak.facebook.com
2014-02-04 09:34:43,pixel.alephd.com
2014-02-04 09:34:43,platform.twitter.com
2014-02-04 09:34:43,l.ooyala.com
2014-02-04 09:34:43,www.facebook.com
2014-02-04 09:34:43,www.linkedin.com
2014-02-04 09:34:43,widgets.pinterest.com
2014-02-04 09:34:45,platform.twitter.com
2014-02-04 09:34:46,dps.bing.com
2014-02-04 09:34:47,r.ccmbg.com
2014-02-04 09:34:48,pixel.alephd.com
2014-02-04 09:35:14,twitter.com
2014-02-04 09:37:26,platform.twitter.com
2014-02-04 09:37:26,www.google.fr
2014-02-04 09:41:23,www.google.fr
2014-02-04 09:42:37,www.google.fr
2014-02-04 09:43:45,api.bing.com
2014-02-04 09:43:49,www.bing.com
2014-02-04 09:43:51,www.bing.com
2014-02-04 09:43:51,www.google.fr
2014-02-04 09:45:27,www.google.fr
2014-02-04 09:45:39,www.google.fr
2014-02-04 09:45:39,bits.wikimedia.org
2014-02-04 09:45:39,fr.wikipedia.org
2014-02-04 09:45:40,meta.wikimedia.org
2014-02-04 09:45:40,fr.wikipedia.org
2014-02-04 09:45:40,bits.wikimedia.org
2014-02-04 09:46:36,fr.wikipedia.org
2014-02-04 09:46:36,www.google.fr
2014-02-04 09:46:36,bits.wikimedia.org
2014-02-04 09:46:37,meta.wikimedia.org
2014-02-04 09:46:37,fr.wikipedia.org
2014-02-04 09:46:37,bits.wikimedia.org
2014-02-04 09:46:37,www.google.fr
2014-03-18 14:43:14,ieonline.microsoft.com
2014-04-03 12:56:51,ocsp.thawte.com
2014-04-03 12:56:57,www.google.com
2014-04-03 12:56:57,gtglobal-ocsp.geotrust.com
2014-04-03 12:56:57,clients1.google.com
2014-04-03 12:56:59,clients1.google.com
2014-04-03 12:57:03,www.google.fr
2014-04-03 12:57:03,clients1.google.com
2014-04-03 12:57:03,ocsp.tcs.terena.org
2014-04-03 12:57:04,ocsp.usertrust.com
2014-04-03 12:57:05,clients1.google.com
2014-04-03 12:59:56,apis.google.com
2014-04-03 12:59:57,www.google.com
2014-04-03 12:59:58,www.google.fr
2014-04-03 13:01:16,safebrowsing.clients.google.com
2014-04-03 13:01:17,safebrowsing-cache.google.com
2014-04-03 13:04:24,ocsp.verisign.com
2014-04-03 13:07:02,go.microsoft.com
2014-04-03 13:07:02,windows.microsoft.com
2014-04-03 13:07:02,res2.windows.microsoft.com
2014-04-03 13:07:03,res2.windows.microsoft.com
2014-04-03 13:07:03,res1.windows.microsoft.com
2014-04-03 13:07:03,js.microsoft.com
2014-04-03 13:07:03,windows.microsoft.com
2014-04-03 13:07:03,ajax.microsoft.com
2014-04-03 13:07:04,res1.windows.microsoft.com
2014-04-03 13:07:11,www.bing.com
2014-04-03 13:07:12,www.bing.com
2014-04-03 13:07:13,www.bing.com
2014-04-03 13:07:13,login.live.com
2014-04-03 13:07:18,www.bing.com
2014-04-03 13:08:36,office14client.microsoft.com
2014-04-03 13:08:37,office.microsoft.com
2014-04-03 13:08:38,office.microsoft.com
2014-04-03 13:09:02,static1.assistancescolaire.com
2014-04-03 13:09:03,www.lecorpshumain.fr
2014-04-03 13:10:04,go.microsoft.com
2014-04-03 13:10:04,ieonline.microsoft.com
2014-04-03 14:04:38,static1.assistancescolaire.com
2014-04-03 14:04:38,www.lecorpshumain.fr
2014-04-23 09:13:36,sci.sciences.univ-bpclermont.fr
2014-04-23 09:13:37,ocsp.thawte.com
2014-04-23 09:13:37,sci.sciences.univ-bpclermont.fr
2014-04-23 09:14:21,c2i.univ-bpclermont.fr
2014-04-23 09:14:21,o2i.univ-bpclermont.fr
2014-04-23 09:14:37,gtssl-ocsp.geotrust.com
2014-04-23 09:14:51,safebrowsing-cache.google.com
2014-04-23 09:14:51,gtglobal-ocsp.geotrust.com
2014-04-23 09:14:51,clients1.google.com
2014-04-23 09:14:51,safebrowsing.clients.google.com
2014-04-23 09:14:52,safebrowsing-cache.google.com
2014-04-23 09:15:23,o2i.univ-bpclermont.fr
2014-04-23 09:15:27,o2i.univ-bpclermont.fr
2014-04-23 09:15:53,o2i.univ-bpclermont.fr
2014-04-23 09:17:48,sb-ssl.google.com
2014-04-23 09:21:36,ocsp.verisign.com
2014-04-23 09:23:36,ocsp.digicert.com
2014-04-23 09:46:14,safebrowsing.clients.google.com
2014-04-23 09:46:15,safebrowsing-cache.google.com
