timestamp,site
2014-01-27 08:14:07,fpdownload2.macromedia.com
2014-01-27 08:14:31,www.bing.com
2014-01-27 08:14:32,www.bing.com
2014-01-27 08:14:33,www.bing.com
2014-01-27 08:14:34,www.bing.com
2014-01-27 08:14:34,cms.abmr.net
2014-01-27 08:14:35,www.bing.com
2014-01-27 08:14:36,login.live.com
2014-01-27 08:46:57,office.microsoft.com
2014-01-27 08:46:57,office14client.microsoft.com
2014-01-27 08:47:00,office.microsoft.com
2014-01-27 09:21:07,go.microsoft.com
2014-01-27 09:21:07,windows.microsoft.com
2014-01-27 09:21:07,res1.windows.microsoft.com
2014-01-27 09:21:07,res2.windows.microsoft.com
2014-01-27 09:21:07,ajax.microsoft.com
2014-01-27 09:21:07,js.microsoft.com
2014-01-27 09:21:08,res1.windows.microsoft.com
2014-01-27 09:21:08,res2.windows.microsoft.com
2014-01-27 09:21:09,res1.windows.microsoft.com
2014-01-27 09:21:10,windows.microsoft.com
2014-01-27 09:21:11,js.microsoft.com
2014-01-27 09:21:11,res1.windows.microsoft.com
2014-01-27 09:21:41,www.bing.com
2014-01-27 09:21:52,www.bing.com
2014-01-27 09:21:56,login.live.com
2014-01-27 09:22:09,www.xooit.com
2014-01-27 09:22:09,www.bing.com
2014-01-27 09:22:09,medramo.xooit.fr
2014-01-27 09:22:09,img.xooimage.com
2014-01-27 09:22:09,medramo.vraiforum.com
2014-01-27 09:22:10,medramo.vraiforum.com
2014-01-27 09:22:10,0d.img.v4.skyrock.net
2014-01-27 09:22:10,img9.xooimage.com
2014-01-27 09:22:10,img7.xooimage.com
2014-01-27 09:22:10,img5.xooimage.com
2014-01-27 09:22:10,ssl.bing.com
2014-01-27 09:22:10,img.xooimage.com
2014-01-27 09:22:11,fr.92.clickintext.net
2014-01-27 09:22:11,img.xooimage.com
2014-01-27 09:22:11,criteo.xooit.com
2014-01-27 09:22:11,fr.92.slidein.clickintext.net
2014-01-27 09:22:12,fr.92.clickintext.net
2014-01-27 09:22:13,medramo.vraiforum.com
2014-01-27 09:22:13,fr.92.clickintext.net
2014-01-27 09:22:13,fr.91.clickintext.net
2014-01-27 09:22:14,www.google.com
2014-01-27 09:22:20,www.bing.com
2014-01-27 09:22:24,ieonline.microsoft.com
2014-01-27 09:22:31,login.live.com
2014-01-27 09:22:37,www.google.fr
2014-01-27 09:22:49,www.google.fr
2014-01-27 09:22:53,apis.google.com
2014-01-27 09:22:53,www.google.com
2014-01-27 09:23:30,www.google.fr
2014-01-27 09:23:30,apis.google.com
2014-01-27 09:23:30,www.google.com
2014-01-27 09:23:31,cybermag.cybercartes.com
2014-01-27 09:23:31,www.google.fr
2014-01-27 09:23:31,use.typekit.com
2014-01-27 09:23:31,i2.wp.com
2014-01-27 09:23:31,0.gravatar.com
2014-01-27 09:23:31,1.gravatar.com
2014-01-27 09:23:31,code.jquery.com
2014-01-27 09:23:31,p.typekit.net
2014-01-27 09:23:32,www.facebook.com
2014-01-27 09:23:32,cybermag.cybercartes.com
2014-01-27 09:23:32,0.gravatar.com
2014-01-27 09:23:32,1.gravatar.com
2014-01-27 09:23:32,i2.wp.com
2014-01-27 09:23:32,use.typekit.com
2014-01-27 09:23:33,cybermag.cybercartes.com
2014-01-27 09:23:33,i2.wp.com
2014-01-27 09:23:33,1.gravatar.com
2014-01-27 09:23:33,0.gravatar.com
2014-01-27 09:23:34,cybermag.cybercartes.com
2014-01-27 09:24:16,www.mondeo.fr
2014-01-27 09:24:16,www.google.fr
2014-01-27 09:24:17,mondeo.fr
2014-01-27 09:24:17,www.mondeo.fr
2014-01-27 09:24:17,www.google.fr
2014-01-27 09:24:18,mondeo.fr
2014-01-27 09:24:18,www.mondeo.fr
2014-01-27 09:24:19,www.previewshots.com
2014-01-27 09:24:19,www.mondeo.fr
2014-01-27 09:24:19,mondeo.fr
2014-01-27 09:24:19,connect.facebook.net
2014-01-27 09:24:20,static.ak.facebook.com
2014-01-27 09:24:20,www.facebook.com
2014-01-27 09:24:20,s-static.ak.facebook.com
2014-01-27 09:24:21,www.google.com
2014-01-27 09:24:28,www.previewshots.com
2014-01-27 09:24:29,www.previewshots.com
2014-01-27 09:24:56,www.google.fr
2014-01-27 09:27:22,www.google.fr
2014-01-27 09:29:49,www.google.fr
2014-01-27 09:29:49,cybermag.cybercartes.com
2014-01-27 09:29:49,p.typekit.net
2014-01-27 09:29:50,cybermag.cybercartes.com
2014-01-27 09:29:50,1.gravatar.com
2014-01-27 09:29:50,www.facebook.com
2014-01-27 09:29:50,0.gravatar.com
2014-01-27 09:29:51,cybermag.cybercartes.com
2014-01-27 09:29:51,0.gravatar.com
2014-01-27 09:29:51,1.gravatar.com
2014-01-27 09:29:52,cybermag.cybercartes.com
2014-01-27 09:29:52,ce.lijit.com
2014-01-27 09:29:52,www.facebook.com
2014-01-27 09:32:30,www.google.fr
2014-01-27 09:32:31,www.lemag.ma
2014-01-27 09:32:31,platform.linkedin.com
2014-01-27 09:32:31,www.google.fr
2014-01-27 09:32:32,platform.twitter.com
2014-01-27 09:32:32,www.lemag.ma
2014-01-27 09:32:32,www.facebook.com
2014-01-27 09:32:32,apis.google.com
2014-01-27 09:32:33,www.lemag.ma
2014-01-27 09:32:33,platform.twitter.com
2014-01-27 09:32:34,apis.google.com
2014-01-27 09:32:34,www.linkedin.com
2014-01-27 09:32:34,www.lemag.ma
2014-01-27 09:32:35,apis.google.com
2014-01-27 09:32:35,choices.truste.com
2014-01-27 09:32:35,hal9000.redintelligence.net
2014-01-27 09:32:36,choices.truste.com
2014-01-27 09:32:36,n30.hal9000.redintelligence.net
2014-01-27 09:32:36,platform.twitter.com
2014-01-27 09:32:36,ea.numericable.fr
2014-01-27 09:32:36,www.ikks.com
2014-01-27 09:32:45,a.nonstoppartner.net
2014-01-27 09:32:46,twitter.com
2014-01-27 09:32:47,pbs.twimg.com
2014-01-27 09:32:48,twitter.com
2014-01-27 09:32:49,pbs.twimg.com
2014-01-27 09:32:49,twitter.com
2014-01-27 09:32:53,pbs.twimg.com
2014-01-27 09:32:53,www.lemag.ma
2014-01-27 09:35:55,platform.twitter.com
2014-01-27 09:37:17,www.linkedin.com
2014-01-27 09:38:18,ba.linternaute.com
2014-01-27 09:38:18,www.google.fr
2014-01-27 09:38:18,www.linternaute.com
2014-01-27 09:38:18,static.ccmbg.com
2014-01-27 09:38:19,r.ccmbg.com
2014-01-27 09:38:19,connect.facebook.net
2014-01-27 09:38:19,ajax.googleapis.com
2014-01-27 09:38:19,static.ccmbg.com
2014-01-27 09:38:19,ba.linternaute.com
2014-01-27 09:38:19,image-uniservice.linternaute.com
2014-01-27 09:38:19,home.edt02.net
2014-01-27 09:38:19,i-cms.linternaute.com
2014-01-27 09:38:20,ba.linternaute.com
2014-01-27 09:38:20,r.ccmbg.com
2014-01-27 09:38:20,videosfr.s3.amazonaws.com
2014-01-27 09:38:20,www.linternaute.com
2014-01-27 09:38:20,static.ccmbg.com
2014-01-27 09:38:26,ajax.googleapis.com
2014-01-27 09:38:27,ajax.googleapis.com
2014-01-27 09:38:27,static.ccmbg.com
2014-01-27 09:38:27,r.ccmbg.com
2014-01-27 09:38:27,player.mediabong.com
2014-01-27 09:38:28,www.facebook.com
2014-01-27 09:38:28,s-static.ak.facebook.com
2014-01-27 09:38:28,static.ak.facebook.com
2014-01-27 09:38:29,r.ccmbg.com
2014-01-27 09:38:29,www.facebook.com
2014-01-27 09:38:29,static.ccmbg.com
2014-01-27 09:41:34,www.google.fr
2014-01-27 09:43:54,www.google.fr
2014-01-27 09:43:55,www.google.fr
2014-01-27 09:43:55,s.huffpost.com
2014-01-27 09:43:55,www.huffingtonpost.fr
2014-01-27 09:43:55,api.adyoulike.com
2014-01-27 09:43:56,s.huffpost.com
2014-01-27 09:43:56,api.adyoulike.com
2014-01-27 09:43:57,s.huffpost.com
2014-01-27 09:43:57,aol.tt.omtrdc.net
2014-01-27 09:43:58,aol.tt.omtrdc.net
2014-01-27 09:43:59,publi.lemonde.fr
2014-01-27 09:43:59,s.huffpost.com
2014-01-27 09:43:59,www.huffingtonpost.fr
2014-01-27 09:43:59,www.huffingtonpost.com
2014-01-27 09:43:59,b.huffingtonpost.fr
2014-01-27 09:43:59,platform.twitter.com
2014-01-27 09:44:00,s.huffpost.com
2014-01-27 09:44:00,images.huffingtonpost.com
2014-01-27 09:44:00,b.huffingtonpost.fr
2014-01-27 09:44:00,images.orangepublicite.fr
2014-01-27 09:44:00,pixel.alephd.com
2014-01-27 09:44:00,www.huffingtonpost.fr
2014-01-27 09:44:00,i.huffpost.com
2014-01-27 09:44:01,s.huffpost.com
2014-01-27 09:44:01,pixel.alephd.com
2014-01-27 09:44:02,www.huffingtonpost.fr
2014-01-27 09:44:02,pixel.alephd.com
2014-01-27 09:44:03,platform.twitter.com
2014-01-27 09:44:03,s.huffpost.com
2014-01-27 09:44:03,pixel.alephd.com
2014-01-27 09:44:03,www.huffingtonpost.fr
2014-01-27 09:44:03,cm.adgrx.com
2014-01-27 09:44:04,i.huffpost.com
2014-01-27 09:44:04,www.huffingtonpost.fr
2014-01-27 09:44:04,graph.facebook.com
2014-01-27 09:44:04,s.huffpost.com
2014-01-27 09:44:04,twitter.com
2014-01-27 09:44:05,plus.google.com
2014-01-27 09:44:05,apis.google.com
2014-01-27 09:44:05,s.huffpost.com
2014-01-27 09:44:05,www.huffingtonpost.fr
2014-01-27 09:44:06,apis.google.com
2014-01-27 09:44:06,www.huffingtonpost.com
2014-01-27 09:44:06,graph.facebook.com
2014-01-27 09:44:06,www.reddit.com
2014-01-27 09:44:06,www.huffingtonpost.fr
2014-01-27 09:44:06,plus.google.com
2014-01-27 09:44:06,www.linkedin.com
2014-01-27 09:44:06,feeds.delicious.com
2014-01-27 09:44:06,i.huffpost.com
2014-01-27 09:44:07,i.huffpost.com
2014-01-27 09:44:08,s.huffpost.com
2014-01-27 09:44:08,accounts.google.com
2014-01-27 09:44:09,www.facebook.com
2014-01-27 09:44:10,platform.twitter.com
2014-01-27 09:44:11,b.huffingtonpost.fr
2014-01-27 09:44:11,platform.twitter.com
2014-02-24 08:03:29,www.bing.com
2014-02-24 08:03:30,www.bing.com
2014-02-24 08:03:31,www.bing.com
2014-02-24 08:03:31,cms.abmr.net
2014-02-24 08:03:32,www.bing.com
2014-02-24 08:03:40,www.bing.com
2014-02-24 08:03:45,login.live.com
2014-02-24 08:03:59,www.bing.com
2014-02-24 08:03:59,ssl.bing.com
2014-02-24 08:04:21,www.bing.com
2014-02-24 08:04:26,www.bing.com
2014-02-24 08:04:27,www.bing.com
2014-02-24 08:04:28,ssl.bing.com
2014-02-24 08:05:25,player.vimeo.com
2014-02-24 08:06:17,player.vimeo.com
2014-02-24 08:10:10,www.bing.com
2014-02-24 08:10:12,www.bing.com
2014-02-24 08:10:12,login.live.com
2014-02-24 08:10:57,player.vimeo.com
2014-02-24 08:12:16,www.bing.com
2014-02-24 08:12:17,www.bing.com
2014-02-24 08:12:18,www.bing.com
2014-02-24 08:12:18,login.live.com
2014-02-24 08:13:10,player.vimeo.com
2014-02-24 08:14:26,www.bing.com
2014-02-24 08:14:27,www.bing.com
2014-02-24 08:14:28,login.live.com
2014-02-24 08:14:28,www.bing.com
2014-02-24 08:15:18,player.vimeo.com
2014-02-24 08:17:52,www.bing.com
2014-02-24 08:17:55,www.bing.com
2014-02-24 08:18:06,login.live.com
2014-02-24 08:18:31,player.vimeo.com
2014-02-24 08:19:54,www.bing.com
2014-02-24 08:19:56,www.bing.com
2014-02-24 08:20:08,login.live.com
2014-02-24 08:20:30,player.vimeo.com
2014-02-24 08:49:25,office14client.microsoft.com
2014-02-24 08:49:26,office.microsoft.com
2014-02-24 08:49:27,office.microsoft.com
2014-02-24 09:01:36,www.bing.com
2014-02-24 09:01:38,www.bing.com
2014-02-24 09:01:38,login.live.com
2014-02-24 09:02:16,player.vimeo.com
2014-02-24 09:03:52,www.bing.com
2014-02-24 09:03:54,www.bing.com
2014-02-24 09:04:06,login.live.com
2014-02-24 09:04:43,player.vimeo.com
2014-02-24 09:05:31,www.bing.com
2014-02-24 09:05:32,www.bing.com
2014-02-24 09:06:11,player.vimeo.com
2014-02-24 09:21:27,www.bing.com
2014-02-24 09:21:28,www.bing.com
2014-02-24 09:21:29,cms.abmr.net
2014-02-24 09:21:29,login.live.com
2014-02-24 09:21:29,www.bing.com
2014-02-24 09:22:19,player.vimeo.com
2014-02-24 09:26:03,www.google.fr
2014-02-24 09:26:18,www.google.fr
2014-02-24 09:26:19,apis.google.com
2014-02-24 09:26:21,www.google.com
2014-02-24 09:27:23,www.google.com
2014-02-24 09:27:23,apis.google.com
2014-02-24 09:28:18,ajax.googleapis.com
2014-02-24 09:28:18,www.google.fr
2014-02-24 09:28:18,www.lepoint.fr
2014-02-24 09:28:19,www.lepoint.fr
2014-02-24 09:28:19,fpdownload2.macromedia.com
2014-02-24 09:28:19,www.adobe.com
2014-02-24 09:28:19,wwwimages.adobe.com
2014-02-24 09:28:19,videosfr.s3.amazonaws.com
2014-02-24 09:28:19,player.mediabong.com
2014-02-24 09:28:20,cm.eyedemand.com
2014-02-24 09:28:20,www.lepoint.fr
2014-02-24 09:28:21,www.lepoint.fr
2014-02-24 09:28:21,pixel.alephd.com
2014-02-24 09:28:22,www.lepoint.fr
2014-02-24 09:28:22,pixel.alephd.com
2014-02-24 09:28:22,mm.eulerian.net
2014-02-24 09:28:22,static.videostep.com
2014-02-24 09:28:22,kweb.videostep.com
2014-02-24 09:28:22,www.facebook.com
2014-02-24 09:28:22,its.tradelab.fr
2014-02-24 09:28:22,ajax.googleapis.com
2014-02-24 09:28:23,its.tradelab.fr
2014-02-24 09:28:23,u.videostep.com
2014-02-24 09:28:23,www.lepoint.fr
2014-02-24 09:28:24,s.videostep.com
2014-02-24 09:28:24,u.videostep.com
2014-02-24 09:28:25,i1-js-14-3-01-10334-173587228-i.init.cedexis-radar.net
2014-02-24 09:28:25,www.lepoint.fr
2014-02-24 09:28:28,netdna.cedexis.com
2014-02-24 09:28:29,s.videostep.com
2014-02-24 09:28:29,netdna.cedexis.com
2014-02-24 09:28:32,netdna.cedexis.com
2014-02-24 09:28:36,limelight.cedexis.com
2014-02-24 09:28:39,s.videostep.com
2014-02-24 09:28:40,limelight.cedexis.com
2014-02-24 09:28:48,www.lepoint.fr
2014-02-24 09:28:49,www.lepoint.fr
2014-02-24 09:28:59,s.videostep.com
2014-02-24 09:29:39,s.videostep.com
2014-02-24 09:30:16,www.google.fr
2014-02-24 09:30:17,www.lyc-alain-vesinet.ac-versailles.fr
2014-02-24 09:30:29,www.google.fr
2014-02-24 09:30:30,www.google.fr
2014-02-24 09:30:30,suite101.intl.s3.amazonaws.com
2014-02-24 09:30:30,s3-eu-west-1.amazonaws.com
2014-02-24 09:30:30,qsearch.media.net
2014-02-24 09:33:05,www.google.fr
2014-02-24 09:33:06,use.typekit.com
2014-02-24 09:33:06,p.typekit.net
2014-02-24 09:33:06,code.jquery.com
2014-02-24 09:33:06,cybermag.cybercartes.com
2014-02-24 09:33:06,www.google.fr
2014-02-24 09:33:07,1.gravatar.com
2014-02-24 09:33:07,cybermag.cybercartes.com
2014-02-24 09:33:07,0.gravatar.com
2014-02-24 09:33:07,www.facebook.com
2014-02-24 09:33:07,i2.wp.com
2014-02-24 09:33:08,0.gravatar.com
2014-02-24 09:33:08,cybermag.cybercartes.com
2014-02-24 09:33:08,i2.wp.com
2014-02-24 09:33:08,use.typekit.com
2014-02-24 09:33:08,1.gravatar.com
2014-02-24 09:33:09,cybermag.cybercartes.com
2014-02-24 09:33:32,www.google.fr
2014-02-24 09:33:33,actu.net
2014-02-24 09:33:33,static1.purepeople.com
2014-02-24 09:33:33,static-mb.minutebuzz.com
2014-02-24 09:33:33,media.melty.fr
2014-02-24 09:33:33,www.google.fr
2014-02-24 09:33:33,www.last-video.com
2014-02-24 09:33:33,image.jeuxvideo24.com
2014-02-24 09:33:33,media.meltybuzz.fr
2014-02-24 09:33:34,platform.twitter.com
2014-02-24 09:33:34,connect.facebook.net
2014-02-24 09:33:34,actu.net
2014-02-24 09:33:35,apis.google.com
2014-02-24 09:33:36,static.ak.facebook.com
2014-02-24 09:33:37,s-static.ak.facebook.com
2014-02-24 09:33:37,apis.google.com
2014-02-24 09:33:40,www.facebook.com
2014-02-24 09:33:41,www.facebook.com
2014-02-24 09:33:41,platform.twitter.com
2014-02-24 09:33:41,apis.google.com
2014-02-24 09:33:44,www.google.com
2014-02-24 09:33:53,accounts.google.com
2014-02-24 09:33:53,twitter.com
2014-02-24 09:33:56,accounts.google.com
2014-02-24 09:33:56,twitter.com
2014-02-24 09:33:56,actu.net
2014-02-24 09:34:02,www.google.com
2014-02-24 09:34:06,www.google.com
2014-02-24 09:34:09,www.facebook.com
2014-02-24 09:34:10,actu.net
2014-02-24 09:34:14,actu.net
2014-02-24 09:34:15,s-static.ak.facebook.com
2014-02-24 09:34:15,actu.net
2014-02-24 09:34:15,static.ak.facebook.com
2014-02-24 09:34:16,www.facebook.com
2014-02-24 09:34:17,www.facebook.com
2014-02-24 09:34:30,apis.google.com
2014-02-24 09:34:30,twitter.com
2014-02-24 09:34:30,www.google.fr
2014-02-24 09:34:39,www.google.fr
2014-02-24 09:34:53,www.google.fr
2014-02-24 09:34:55,apis.google.com
2014-02-24 09:34:57,www.google.com
2014-02-24 09:35:18,www.google.fr
2014-02-24 09:35:18,apis.google.com
2014-02-24 09:35:19,www.google.com
2014-02-24 09:35:19,s.huffpost.com
2014-02-24 09:35:19,www.huffingtonpost.fr
2014-02-24 09:35:19,api.adyoulike.com
2014-02-24 09:35:19,www.google.fr
2014-02-24 09:35:20,listener.ezakus.net
2014-02-24 09:35:21,s.huffpost.com
2014-02-24 09:35:22,s.huffpost.com
2014-02-24 09:35:22,www.huffingtonpost.fr
2014-02-24 09:35:22,aol.tt.omtrdc.net
2014-02-24 09:35:22,api.adyoulike.com
2014-02-24 09:35:23,i.huffpost.com
2014-02-24 09:35:23,images.huffingtonpost.com
2014-02-24 09:35:23,www.huffingtonpost.fr
2014-02-24 09:35:23,www.huffingtonpost.com
2014-02-24 09:35:23,s.huffpost.com
2014-02-24 09:35:24,i.huffpost.com
2014-02-24 09:35:24,www.facebook.com
2014-02-24 09:35:24,www.huffingtonpost.com
2014-02-24 09:35:24,www.huffingtonpost.fr
2014-02-24 09:35:24,s.huffpost.com
2014-02-24 09:35:25,www.facebook.com
2014-02-24 09:35:25,ce.lijit.com
2014-02-24 09:35:25,i.huffpost.com
2014-02-24 09:35:25,www.huffingtonpost.fr
2014-02-24 09:35:25,s.huffpost.com
2014-02-24 09:35:26,y.one.impact-ad.jp
2014-02-24 09:35:26,www.huffingtonpost.fr
2014-02-24 09:35:27,platform.twitter.com
2014-02-24 09:35:27,pixel.alephd.com
2014-02-24 09:35:27,tc.airfrance.com
2014-02-24 09:35:27,www.huffingtonpost.fr
2014-02-24 09:35:27,s.huffpost.com
2014-02-24 09:35:28,apis.google.com
2014-02-24 09:35:28,www.huffingtonpost.fr
2014-02-24 09:35:28,platform.twitter.com
2014-02-24 09:35:28,s.huffpost.com
2014-02-24 09:35:29,s.huffpost.com
2014-02-24 09:35:29,www.huffingtonpost.fr
2014-02-24 09:35:29,i.huffpost.com
2014-02-24 09:35:29,graph.facebook.com
2014-02-24 09:35:29,apis.google.com
2014-02-24 09:35:29,ajax.googleapis.com
2014-02-24 09:35:30,redir.adbutter.net
2014-02-24 09:35:30,i.huffpost.com
2014-02-24 09:35:33,i.huffpost.com
2014-02-24 09:35:33,s.huffpost.com
2014-02-24 09:35:33,www.huffingtonpost.fr
2014-02-24 09:35:33,platform.twitter.com
2014-02-24 09:35:34,i.huffpost.com
2014-02-24 09:35:37,plus.google.com
2014-02-24 09:35:38,twitter.com
2014-02-24 09:35:39,accounts.google.com
2014-02-24 09:35:43,www.huffingtonpost.fr
2014-02-24 09:35:43,plus.google.com
2014-02-24 09:35:43,apis.google.com
2014-02-24 09:36:08,twitter.com
2014-02-24 09:36:18,accounts.google.com
2014-02-24 09:36:18,www.google.fr
2014-02-24 09:36:18,static.ccmbg.com
2014-02-24 09:36:18,www.linternaute.com
2014-02-24 09:36:18,ba.linternaute.com
2014-02-24 09:36:18,i-cms.linternaute.com
2014-02-24 09:36:19,static.ccmbg.com
2014-02-24 09:36:19,image-uniservice.linternaute.com
2014-02-24 09:36:45,static.ccmbg.com
2014-02-24 09:36:45,images.orangepublicite.fr
2014-02-24 09:36:45,pixel.alephd.com
2014-02-24 09:36:45,ba.linternaute.com
2014-02-24 09:36:45,i-cms.linternaute.com
2014-02-24 09:36:45,www.pagesjaunes.fr
2014-02-24 09:36:45,www.bing.com
2014-02-24 09:36:45,loadr.exelator.com
2014-02-24 09:36:46,www.commentcamarche.net
2014-02-24 09:36:46,r.ccmbg.com
2014-02-24 09:36:46,ajax.googleapis.com
2014-02-24 09:36:46,static.ccmbg.com
2014-02-24 09:36:46,ba.linternaute.com
2014-02-24 09:36:46,static.pagesjaunes.fr
2014-02-24 09:36:46,pixel.alephd.com
2014-02-24 09:36:46,images.orangepublicite.fr
2014-02-24 09:36:46,www.bing.com
2014-02-24 09:36:47,static.pagesjaunes.fr
2014-02-24 09:36:56,www.bing.com
2014-02-24 09:36:59,login.live.com
2014-02-24 09:37:01,player.mediabong.com
2014-02-24 09:37:01,static.ccmbg.com
2014-02-24 09:37:01,r.ccmbg.com
2014-02-24 09:37:01,www.bing.com
2014-02-24 09:37:01,ajax.googleapis.com
2014-02-24 09:37:02,r.ccmbg.com
2014-02-24 09:37:02,ajax.googleapis.com
2014-02-24 09:37:02,s-static.ak.facebook.com
2014-02-24 09:37:02,static.ccmbg.com
2014-02-24 09:37:02,static.ak.facebook.com
2014-02-24 09:37:02,www.facebook.com
2014-02-24 09:37:03,www.philo5.com
2014-02-24 09:37:03,apis.google.com
2014-02-24 09:37:03,www.facebook.com
2014-02-24 09:37:03,platform.twitter.com
2014-02-24 09:37:04,www.philo5.com
2014-02-24 09:37:04,player.mediabong.com
2014-02-24 09:37:04,apis.google.com
2014-02-24 09:37:05,static.mediabong.com
2014-02-24 09:37:05,widgets.pinterest.com
2014-02-24 09:37:05,player.mediabong.com
2014-02-24 09:37:05,accounts.google.com
2014-02-24 09:37:05,twitter.com
2014-02-24 09:37:05,apis.google.com
2014-02-24 09:37:14,ssl.bing.com
2014-02-24 09:37:18,www.linternaute.com
2014-02-24 09:37:18,ba.linternaute.com
2014-02-24 09:37:18,pixel.alephd.com
2014-02-24 09:37:18,www.pagesjaunes.fr
2014-02-24 09:37:19,static.pagesjaunes.fr
2014-02-24 09:37:19,www.facebook.com
2014-02-24 09:37:19,ba.linternaute.com
2014-02-24 09:37:19,pixel.alephd.com
2014-02-24 09:37:20,www.beead.fr
2014-02-24 09:37:21,s-static.ak.facebook.com
2014-02-24 09:37:21,static.ak.facebook.com
2014-02-24 09:37:21,www.facebook.com
2014-02-24 09:37:21,static.pagesjaunes.fr
2014-02-24 09:37:21,player.mediabong.com
2014-02-24 09:37:22,static.ccmbg.com
2014-02-24 09:37:22,www.facebook.com
2014-02-24 09:37:23,twitter.com
2014-02-24 09:37:23,platform.twitter.com
2014-02-24 09:37:23,player.mediabong.com
2014-02-24 09:37:23,endor.mediabong.com
2014-02-24 09:37:23,static.mediabong.com
2014-02-24 09:37:24,endor.mediabong.com
2014-02-24 09:37:25,endor.mediabong.com
2014-02-24 09:37:27,apnx-match.dotomi.com
2014-02-24 09:37:34,www.bing.com
2014-02-24 09:37:36,www.linternaute.com
2014-02-24 09:37:36,ba.linternaute.com
2014-02-24 09:37:37,www.bing.com
2014-02-24 09:37:37,pixel.alephd.com
2014-02-24 09:37:37,www.pagesjaunes.fr
2014-02-24 09:37:37,apis.google.com
2014-02-24 09:37:37,home.edt02.net
2014-02-24 09:37:37,ba.linternaute.com
2014-02-24 09:37:38,fr.canoe.ca
2014-02-24 09:37:38,choices.truste.com
2014-02-24 09:37:38,brightcove.tvalcn.com.edgesuite.net
2014-02-24 09:37:38,player.mediabong.com
2014-02-24 09:37:38,storage.canoe.ca
2014-02-24 09:37:38,ajax.googleapis.com
2014-02-24 09:37:39,www.facebook.com
2014-02-24 09:37:39,brightcove.canoe.com.edgesuite.net
2014-02-24 09:37:39,fr.canoe.ca
2014-02-24 09:37:39,choices.truste.com
2014-02-24 09:37:39,static.ak.facebook.com
2014-02-24 09:37:39,s-static.ak.facebook.com
2014-02-24 09:37:40,choices.truste.com
2014-02-24 09:37:40,dcs.adgear.com
2014-02-24 09:37:40,www.facebook.com
2014-02-24 09:37:40,platform.twitter.com
2014-02-24 09:37:40,fr.canoe.ca
2014-02-24 09:37:41,apis.google.com
2014-02-24 09:37:41,brightcove.canoe.com.edgesuite.net
2014-02-24 09:37:41,fr.canoe.ca
2014-02-24 09:37:41,brightcove.tvasports.com.edgesuite.net
2014-02-24 09:37:41,player.mediabong.com
2014-02-24 09:37:41,korriban.mediabong.com
2014-02-24 09:37:41,fpdownload2.macromedia.com
2014-02-24 09:37:42,korriban.mediabong.com
2014-02-24 09:37:42,fr.canoe.ca
2014-02-24 09:37:42,player.mediabong.com
2014-02-24 09:37:42,twitter.com
2014-02-24 09:37:44,adventori.com
2014-02-24 09:37:44,um.simpli.fi
2014-02-24 09:37:47,fpdownload2.macromedia.com
2014-02-24 09:37:47,www.bing.com
2014-02-24 09:37:48,login.live.com
2014-02-24 09:37:49,login.live.com
2014-02-24 09:37:50,www.bing.com
2014-02-24 09:37:51,www.hypnose-dunkerque.fr
2014-02-24 09:37:52,developer.android.com
2014-02-24 09:37:52,www.hypnose-dunkerque.fr
2014-02-24 09:37:53,ba.linternaute.com
2014-02-24 09:37:53,pixel.alephd.com
2014-02-24 09:37:54,pixel.alephd.com
2014-02-24 09:37:55,3karm2h0zl.s.ad6media.fr
2014-02-24 09:37:56,www.bing.com
2014-02-24 09:37:56,ts2.mm.bing.net
2014-02-24 09:37:56,static.ak.facebook.com
2014-02-24 09:37:56,www.facebook.com
2014-02-24 09:37:56,s-static.ak.facebook.com
2014-02-24 09:37:57,pixel.alephd.com
2014-02-24 09:37:57,ba.linternaute.com
2014-02-24 09:37:58,pixel.alephd.com
2014-02-24 09:37:58,ba.linternaute.com
2014-02-24 09:37:59,static.ak.facebook.com
2014-02-24 09:37:59,www.facebook.com
2014-02-24 09:37:59,s-static.ak.facebook.com
2014-02-24 09:38:00,adventori.com
2014-02-24 09:38:00,www.facebook.com
2014-02-24 09:38:01,www.facebook.com
2014-02-24 09:38:01,platform.twitter.com
2014-02-24 09:38:02,apis.google.com
2014-02-24 09:38:02,player.mediabong.com
2014-02-24 09:38:02,www.google.fr
2014-02-24 09:38:03,encoding.mediabong.com
2014-02-24 09:38:03,static.mediabong.com
2014-02-24 09:38:03,ssl.bing.com
2014-02-24 09:38:06,www.bing.com
2014-02-24 09:38:09,login.live.com
2014-02-24 09:38:14,www.google.fr
2014-02-24 09:38:16,apis.google.com
2014-02-24 09:38:18,www.google.com
2014-02-24 09:38:30,medias.doctissimo.fr
2014-02-24 09:38:30,www.doctissimo.fr
2014-02-24 09:38:30,c.imdoc.fr
2014-02-24 09:38:30,www.google.fr
2014-02-24 09:38:30,forum.doctissimo.fr
2014-02-24 09:38:30,twitter.com
2014-02-24 09:38:30,imdoc.fr
2014-02-24 09:38:30,b.imdoc.fr
2014-02-24 09:38:31,medias.doctissimo.fr
2014-02-24 09:38:31,imdoc.fr
2014-02-24 09:38:31,mf.imdoc.fr
2014-02-24 09:38:31,images.doctissimo.fr
2014-02-24 09:38:31,static.ak.facebook.com
2014-02-24 09:38:31,b.imdoc.fr
2014-02-24 09:38:31,platform.linkedin.com
2014-02-24 09:38:31,ajax.googleapis.com
2014-02-24 09:38:31,s-static.ak.facebook.com
2014-02-24 09:38:32,static.doctissimo.fr
2014-02-24 09:38:32,imdoc.fr
2014-02-24 09:38:32,medias.doctissimo.fr
2014-02-24 09:38:32,c.imdoc.fr
2014-02-24 09:38:32,mf.imdoc.fr
2014-02-24 09:38:32,www.doctissimo.fr
2014-02-24 09:38:32,images.doctissimo.fr
2014-02-24 09:38:32,cshoppingbox.partner.leguide.com
2014-02-24 09:38:33,cimg.leguide.com
2014-02-24 09:38:33,medias.doctissimo.fr
2014-02-24 09:38:33,adventori.com
2014-02-24 09:38:33,www.doctissimo.fr
2014-02-24 09:38:35,medias.doctissimo.fr
2014-02-24 09:38:35,mf.imdoc.fr
2014-02-24 09:38:35,www.doctissimo.fr
2014-02-24 09:38:36,mf.imdoc.fr
2014-02-24 09:38:36,cimg.leguide.com
2014-02-24 09:38:36,medias.doctissimo.fr
2014-02-24 09:38:36,imdoc.fr
2014-02-24 09:38:36,cshoppingbox.partner.leguide.com
2014-02-24 09:38:36,b.imdoc.fr
2014-02-24 09:38:36,club.doctissimo.fr
2014-02-24 09:38:37,cshoppingbox.partner.leguide.com
2014-02-24 09:38:37,code.jquery.com
2014-02-24 09:38:37,csimg.leguide.com
2014-02-24 09:38:37,www.doctissimo.fr
2014-02-24 09:38:37,cimg.leguide.com
2014-02-24 09:38:38,club.doctissimo.fr
2014-02-24 09:38:38,mf.imdoc.fr
2014-02-24 09:38:38,www.facebook.com
2014-02-24 09:38:38,pr.ybp.yahoo.com
2014-02-24 09:38:41,mediasvideos.doctissimo.fr
2014-02-24 09:38:52,cimg.leguide.com
2014-02-24 09:38:54,apis.google.com
2014-02-24 09:38:54,www.google.fr
2014-02-24 09:38:55,www.google.com
2014-02-24 09:38:55,www.psychologies.com
2014-02-24 09:38:55,medias.psychologies.com
2014-02-24 09:38:55,js.psychologies.com
2014-02-24 09:38:55,connect.facebook.net
2014-02-24 09:38:55,static.ak.facebook.com
2014-02-24 09:38:55,www.google.fr
2014-02-24 09:38:56,video.premiere.fr
2014-02-24 09:38:56,ttvpsy.psychologies.com
2014-02-24 09:38:56,img.psychologies.com
2014-02-24 09:38:56,www.psychologies.com
2014-02-24 09:38:56,css.psychologies.com
2014-02-24 09:38:56,css2.psychologies.com
2014-02-24 09:38:56,s-static.ak.facebook.com
2014-02-24 09:38:56,medias.psychologies.com
2014-02-24 09:38:57,www.bioderma.com
2014-02-24 09:38:58,cimg.leguide.com
2014-02-24 09:38:59,platform.linkedin.com
2014-02-24 09:38:59,video.premiere.fr
2014-02-24 09:38:59,css.psychologies.com
2014-02-24 09:38:59,medias.psychologies.com
2014-02-24 09:38:59,code.jquery.com
2014-02-24 09:38:59,platform.twitter.com
2014-02-24 09:38:59,cimg.leguide.com
2014-02-24 09:38:59,www.psychologies.com
2014-02-24 09:38:59,home.edt02.net
2014-02-24 09:38:59,medias.doctissimo.fr
2014-02-24 09:38:59,cshoppingbox.partner.leguide.com
2014-02-24 09:39:00,www.google.fr
2014-02-24 09:39:00,www.google.com
2014-02-24 09:39:00,css.psychologies.com
2014-02-24 09:39:00,img.psychologies.com
2014-02-24 09:39:00,platform.linkedin.com
2014-02-24 09:39:00,csimg.leguide.com
2014-02-24 09:39:00,medias.psychologies.com
2014-02-24 09:39:00,cimg.leguide.com
2014-02-24 09:39:00,apis.google.com
2014-02-24 09:39:01,apis.google.com
2014-02-24 09:39:01,cimg.leguide.com
2014-02-24 09:39:01,www.facebook.com
2014-02-24 09:39:01,www.psychologies.com
2014-02-24 09:39:02,platform.twitter.com
2014-02-24 09:39:02,apis.google.com
2014-02-24 09:39:02,cimg.leguide.com
2014-02-24 09:39:04,www.linkedin.com
2014-02-24 09:39:06,btnhi.zegive.com
2014-02-24 09:39:11,btnhi.zegive.com
2014-02-24 09:39:13,www.facebook.com
2014-02-24 09:39:15,accounts.google.com
2014-02-24 09:39:26,www.google.fr
2014-02-24 09:39:27,apis.google.com
2014-02-24 09:39:29,www.google.com
2014-02-24 09:39:38,www.linkedin.com
2014-02-24 09:39:45,www.google.fr
2014-02-24 09:39:45,accounts.google.com
2014-02-24 09:39:45,www.couple-et-parents.fr
2014-02-24 09:39:46,forms.aweber.com
2014-02-24 09:39:46,www.couple-et-parents.fr
2014-02-24 09:39:47,www.couple-et-parents.fr
2014-02-24 09:39:57,www.google.fr
2014-02-24 09:39:58,www.parlerdamour.fr
2014-02-24 09:39:58,www.google.fr
2014-02-24 09:39:59,www.parlerdamour.fr
2014-02-24 09:39:59,connect.facebook.net
2014-02-24 09:40:00,static.ak.facebook.com
2014-02-24 09:40:00,www.parlerdamour.fr
2014-02-24 09:40:00,s-static.ak.facebook.com
2014-02-24 09:40:01,www.parlerdamour.fr
2014-02-24 09:40:01,choices.truste.com
2014-02-24 09:40:01,gravatar.com
2014-02-24 09:40:01,jdn.monster.com
2014-02-24 09:40:01,www.facebook.com
2014-02-24 09:40:02,jdn.monster.com
2014-02-24 09:40:02,www.facebook.com
2014-02-24 09:40:02,choices.truste.com
2014-02-24 09:40:02,www.parlerdamour.fr
2014-02-24 09:40:03,jdn.monster.com
2014-02-24 09:40:04,www.parlerdamour.fr
2014-02-24 09:40:12,choices.truste.com
2014-02-24 09:40:29,apis.google.com
2014-02-24 09:40:34,www.google.com
2014-02-24 09:40:34,www.google.fr
2014-02-24 09:40:35,apis.google.com
2014-02-24 09:40:37,www.google.com
2014-02-24 09:40:43,www.google.fr
2014-02-24 09:41:07,www.google.fr
2014-02-24 09:41:07,www.google.com
2014-02-24 09:41:07,apis.google.com
2014-02-24 09:41:08,www.lamed.fr
2014-02-24 09:41:08,www.google.fr
2014-02-24 09:41:09,www.lamed.fr
2014-02-24 09:41:09,www.webrankinfo.com
2014-02-24 09:41:10,www.lamed.fr
2014-02-24 09:42:23,player.vimeo.com
2014-02-24 09:43:21,www.google.fr
2014-02-24 09:43:22,www.yabiladi.com
2014-02-24 09:43:22,www.google.fr
2014-02-24 09:43:26,www.facebook.com
2014-02-24 09:43:31,s-static.ak.facebook.com
2014-02-24 09:43:31,static.ak.facebook.com
2014-02-24 09:43:44,www.facebook.com
2014-02-24 09:45:02,www.google.fr
2014-02-24 09:46:09,www.actualites-medicales.com
2014-02-24 09:46:09,www.google.fr
2014-02-24 09:46:49,www.google.fr
2014-03-17 08:06:19,www.bing.com
2014-03-17 08:06:20,www.bing.com
2014-03-17 08:06:21,www.bing.com
2014-03-17 08:06:21,cms.abmr.net
2014-03-17 08:06:22,www.bing.com
2014-03-17 08:06:33,login.live.com
2014-03-17 08:12:39,ad.foxitsoftware.com
2014-03-17 08:12:39,www.foxitsoftware.com
2014-03-17 08:13:16,www.foxitsoftware.com
2014-03-17 08:13:16,ad.foxitsoftware.com
2014-03-17 08:19:29,ad.foxitsoftware.com
2014-03-17 08:19:29,www.foxitsoftware.com
2014-03-17 08:20:10,www.foxitsoftware.com
2014-03-17 08:20:11,ad.foxitsoftware.com
2014-03-17 08:20:33,www.foxitsoftware.com
2014-03-17 08:20:33,ad.foxitsoftware.com
2014-03-17 08:38:04,www.foxitsoftware.com
2014-03-17 08:38:04,ad.foxitsoftware.com
2014-03-17 08:52:50,ad.foxitsoftware.com
2014-03-17 08:52:50,www.foxitsoftware.com
2014-03-17 09:27:52,www.foxitsoftware.com
2014-03-17 09:27:52,ad.foxitsoftware.com
2014-03-17 09:27:54,www.foxitsoftware.com
2014-03-17 09:27:55,ad.foxitsoftware.com
2014-03-17 09:49:47,www.foxitsoftware.com
2014-03-17 09:49:47,ad.foxitsoftware.com
2014-03-17 09:49:48,www.foxitsoftware.com
2014-03-17 09:49:48,ad.foxitsoftware.com
2014-03-17 09:49:50,www.foxitsoftware.com
2014-03-31 07:59:13,www.bing.com
2014-03-31 07:59:14,www.bing.com
2014-03-31 07:59:15,cms.abmr.net
2014-03-31 07:59:15,www.bing.com
2014-03-31 08:09:52,www.foxitsoftware.com
2014-03-31 08:09:53,ad.foxitsoftware.com
2014-03-31 08:10:01,www.foxitsoftware.com
2014-03-31 08:10:01,ad.foxitsoftware.com
2014-03-31 08:16:49,www.foxitsoftware.com
2014-03-31 08:16:49,ad.foxitsoftware.com
2014-03-31 08:18:32,www.foxitsoftware.com
2014-03-31 08:22:54,ad.foxitsoftware.com
2014-03-31 08:22:54,www.foxitsoftware.com
2014-03-31 08:22:57,www.foxitsoftware.com
2014-03-31 08:22:58,ad.foxitsoftware.com
2014-03-31 08:45:17,www.foxitsoftware.com
2014-03-31 08:45:17,ad.foxitsoftware.com
2014-03-31 08:45:19,www.foxitsoftware.com
2014-03-31 09:03:41,www.foxitsoftware.com
2014-03-31 09:03:41,ad.foxitsoftware.com
2014-03-31 09:11:15,ad.foxitsoftware.com
2014-03-31 09:11:15,www.foxitsoftware.com
2014-03-31 09:19:08,www.bing.com
2014-03-31 09:19:09,www.bing.com
2014-03-31 09:19:12,fpdownload2.macromedia.com
2014-03-31 09:19:17,www.bing.com
2014-03-31 09:19:18,www.bing.com
2014-03-31 09:19:19,www.bing.com
2014-03-31 09:19:20,www.bing.com
2014-03-31 09:19:21,ts1.mm.bing.net
2014-03-31 09:19:21,ts3.mm.bing.net
2014-03-31 09:19:21,ts2.mm.bing.net
2014-03-31 09:19:21,www.bing.com
2014-03-31 09:19:21,ts4.mm.bing.net
2014-03-31 09:19:22,ts2.mm.bing.net
2014-03-31 09:19:22,www.bing.com
2014-03-31 09:19:22,ts4.mm.bing.net
2014-03-31 09:19:22,ts3.mm.bing.net
2014-03-31 09:19:22,ts1.mm.bing.net
2014-03-31 09:19:23,ts4.mm.bing.net
2014-03-31 09:19:23,www.bing.com
2014-03-31 09:19:23,ts1.mm.bing.net
2014-03-31 09:19:23,ts2.mm.bing.net
2014-03-31 09:19:23,ts3.mm.bing.net
2014-03-31 09:19:24,www.bing.com
2014-03-31 09:19:24,ts3.mm.bing.net
2014-03-31 09:19:24,ts1.mm.bing.net
2014-03-31 09:19:24,ts4.mm.bing.net
2014-03-31 09:19:24,ts2.mm.bing.net
2014-03-31 09:19:25,www.bing.com
2014-03-31 09:19:25,ts3.mm.bing.net
2014-03-31 09:19:25,ts2.mm.bing.net
2014-03-31 09:19:25,ts1.mm.bing.net
2014-03-31 09:19:25,ts4.mm.bing.net
2014-03-31 09:19:26,ts3.mm.bing.net
2014-03-31 09:19:26,www.bing.com
2014-03-31 09:19:26,ts4.mm.bing.net
2014-03-31 09:19:26,ts1.mm.bing.net
2014-03-31 09:19:26,ts2.mm.bing.net
2014-03-31 09:19:26,api.bing.com
2014-03-31 09:19:28,ts1.mm.bing.net
2014-03-31 09:19:28,www.bing.com
2014-03-31 09:19:30,ts4.mm.bing.net
2014-03-31 09:19:30,www.presseportal.de
2014-03-31 09:19:30,www.bing.com
2014-03-31 09:19:31,www.ubp-kktc.org
2014-03-31 09:19:32,login.live.com
2014-03-31 09:19:36,ts1.mm.bing.net
2014-03-31 09:19:42,4.bp.blogspot.com
2014-03-31 09:19:42,www.loretlargent.info
2014-03-31 09:19:42,ts1.mm.bing.net
2014-03-31 09:19:42,ssl.bing.com
2014-03-31 09:19:42,www.riothouseprod.com
2014-03-31 09:19:42,idata.over-blog.com
2014-03-31 09:19:42,www.bing.com
2014-03-31 09:19:42,a397.idata.over-blog.com
2014-03-31 09:19:44,www.bing.com
2014-03-31 09:19:45,www.bing.com
2014-03-31 09:19:45,ts1.mm.bing.net
2014-03-31 09:19:45,www.ubp.edu.ar
2014-03-31 09:19:46,ts1.mm.bing.net
2014-03-31 09:22:42,ts1.mm.bing.net
2014-03-31 09:22:43,www.bing.com
2014-03-31 09:22:43,api.bing.com
2014-03-31 09:22:46,www.google.fr
2014-03-31 09:22:51,www.google.fr
2014-03-31 09:22:53,www.bing.com
2014-03-31 09:22:55,www.bing.com
2014-03-31 09:22:56,www.bing.com
2014-03-31 09:22:57,www.bing.com
2014-03-31 09:22:57,www.google.fr
2014-03-31 09:23:01,www.google.fr
2014-03-31 09:23:02,www.google.fr
2014-03-31 09:23:04,apis.google.com
2014-03-31 09:23:05,login.live.com
2014-03-31 09:23:06,www.google.com
2014-03-31 09:23:18,www.google.com
2014-03-31 09:23:18,www.google.fr
2014-03-31 09:23:18,apis.google.com
2014-03-31 09:23:19,id.google.fr
2014-03-31 09:23:19,clients1.google.fr
2014-03-31 09:23:22,id.google.fr
2014-03-31 09:23:22,clients1.google.fr
2014-03-31 09:23:28,www.google.fr
2014-03-31 09:23:29,andyventures.wordpress.com
2014-03-31 09:23:29,s2.wp.com
2014-03-31 09:23:29,s0.wp.com
2014-03-31 09:23:29,www.google.fr
2014-03-31 09:23:30,s2.wp.com
2014-03-31 09:23:30,1.gravatar.com
2014-03-31 09:23:30,0.gravatar.com
2014-03-31 09:23:30,andyventures.files.wordpress.com
2014-03-31 09:23:31,s2.wp.com
2014-03-31 09:23:31,s0.wp.com
2014-03-31 09:23:31,widgets.wp.com
2014-03-31 09:23:31,0.gravatar.com
2014-03-31 09:23:32,images.newsmax.com
2014-03-31 09:23:32,s2.wp.com
2014-03-31 09:23:32,s0.wp.com
2014-03-31 09:23:32,i.huffpost.com
2014-03-31 09:23:32,widgets.wp.com
2014-03-31 09:23:32,assets.vice.com
2014-03-31 09:23:36,public-api.wordpress.com
2014-03-31 09:23:38,public-api.wordpress.com
2014-03-31 09:23:38,s0.wp.com
2014-03-31 09:23:38,widgets.wp.com
2014-03-31 09:23:41,accounts.google.com
2014-03-31 09:23:43,api.facebook.com
2014-03-31 09:23:53,2.gravatar.com
2014-03-31 09:24:01,api.facebook.com
2014-03-31 09:24:01,public-api.wordpress.com
2014-03-31 09:24:01,id.google.fr
2014-03-31 09:24:01,accounts.google.com
2014-03-31 09:24:01,clients1.google.fr
2014-03-31 09:24:01,apis.google.com
2014-03-31 09:24:01,s0.wp.com
2014-03-31 09:24:01,www.google.fr
2014-03-31 09:24:02,www.google.fr
2014-03-31 09:24:08,www.google.fr
2014-03-31 09:24:08,1.bp.blogspot.com
2014-03-31 09:24:08,www.sugarandchic.com
2014-03-31 09:24:08,www.google.com
2014-03-31 09:24:10,www.google.fr
2014-03-31 09:24:10,1.bp.blogspot.com
2014-03-31 09:24:15,www.blogger.com
2014-03-31 09:24:24,clients1.google.fr
2014-03-31 09:24:24,www.google.fr
2014-03-31 09:24:24,id.google.fr
2014-03-31 09:24:25,www.blogger.com
2014-03-31 09:24:33,www.google.fr
2014-03-31 09:24:35,ajax.googleapis.com
2014-03-31 09:24:35,www.anthonycalleja.com
2014-03-31 09:24:35,www.google.fr
2014-03-31 09:24:36,www.anthonycalleja.com
2014-03-31 09:24:37,www.anthonycalleja.com
2014-03-31 09:24:57,www.google.fr
2014-03-31 09:24:57,clients1.google.fr
2014-03-31 09:24:57,id.google.fr
2014-03-31 09:25:04,www.google.fr
2014-03-31 09:25:09,www.google.fr
2014-03-31 09:25:16,www.google.fr
2014-03-31 09:29:26,www.google.fr
2014-03-31 09:40:49,clients1.google.fr
2014-03-31 09:40:49,www.google.fr
2014-03-31 09:40:58,www.google.fr
2014-03-31 09:40:58,www.jepic.org
2014-03-31 09:40:59,www.jepic.org
2014-03-31 09:40:59,connect.facebook.net
2014-03-31 09:40:59,platform.twitter.com
2014-03-31 09:41:00,www.facebook.com
2014-03-31 09:41:00,www.jepic.org
2014-03-31 09:41:00,static.ak.facebook.com
2014-03-31 09:41:00,platform.twitter.com
2014-03-31 09:41:01,www.jepic.org
2014-03-31 09:41:01,widgets.tcimg.com
2014-03-31 09:41:01,apis.google.com
2014-03-31 09:41:02,www.facebook.com
2014-03-31 09:41:08,s-static.ak.facebook.com
2014-03-31 09:41:10,twitter.com
2014-03-31 09:41:11,www.google.fr
2014-03-31 09:41:12,s-static.ak.facebook.com
2014-03-31 09:41:12,www.facebook.com
2014-03-31 09:41:12,www.jepic.org
2014-03-31 09:41:12,twitter.com
2014-03-31 09:41:13,www.jepic.org
2014-03-31 09:41:14,www.facebook.com
2014-03-31 09:41:17,www.facebook.com
2014-03-31 09:41:18,www.facebook.com
2014-03-31 09:41:45,twitter.com
2014-03-31 09:42:26,www.facebook.com
