timestamp,site
2013-03-12 10:09:20,fpdownload2.macromedia.com
2013-03-12 10:09:27,www.gmail.com
2013-03-12 10:09:27,mail.google.com
2013-03-12 10:09:41,accounts.google.com
2013-03-12 10:09:44,mail.google.com
2013-03-12 10:09:45,accounts.google.com
2013-03-12 10:09:45,mail.google.com
2013-03-12 10:09:46,mail.google.com
2013-03-12 10:09:49,mail.google.com
2013-03-12 10:09:59,mail.google.com
2013-03-12 10:09:59,clients2.google.com
2013-03-12 10:10:00,plus.google.com
2013-03-12 10:10:00,apis.google.com
2013-03-12 10:10:00,mail.google.com
2013-03-12 10:10:00,clients2.google.com
2013-03-12 10:10:01,plus.google.com
2013-03-12 10:10:01,www.google.com
2013-03-12 10:10:03,apis.google.com
2013-03-12 10:10:03,b.mail.google.com
2013-03-12 10:10:03,chatenabled.mail.google.com
2013-03-12 10:10:05,accounts.google.com
2013-03-12 10:10:16,www.google.com
2013-03-12 10:10:16,chatenabled.mail.google.com
2013-03-12 10:10:16,plus.google.com
2013-03-12 10:10:21,plus.google.com
2013-03-12 10:10:21,apis.google.com
2013-03-12 10:10:21,clients6.google.com
2013-03-12 10:10:40,drive.google.com
2013-03-12 10:10:55,mail.google.com
2013-03-12 10:11:10,mail.google.com
2013-03-12 10:11:25,clients6.google.com
2013-03-12 10:11:27,mail.google.com
2013-03-12 10:12:14,drive.google.com
2013-03-12 10:13:11,b.mail.google.com
2013-03-12 10:13:12,accounts.google.co.ma
2013-03-12 10:13:12,accounts.google.com
2013-03-12 10:13:12,accounts.google.fr
2013-03-12 10:13:12,www.google.com
2013-03-12 10:13:12,www.google.fr
2013-03-12 10:13:12,plus.google.com
2013-03-12 10:13:12,clients6.google.com
2013-03-12 10:13:12,www.google.co.ma
2013-03-12 10:13:12,accounts.youtube.com
2013-03-12 10:13:15,www.google.co.ma
2013-03-12 10:13:15,accounts.google.co.ma
2013-03-12 10:13:15,accounts.google.fr
2013-03-12 10:13:15,mail.google.com
2013-03-12 10:13:15,accounts.google.com
2013-05-12 15:55:06,www.gmail.com
2013-05-12 15:55:06,mail.google.com
2013-05-12 15:55:17,accounts.google.com
2013-05-12 15:55:20,accounts.youtube.com
2013-05-12 15:55:23,mail.google.com
2013-05-12 15:55:40,accounts.google.fr
2013-05-12 15:55:40,accounts.google.co.ma
2013-05-12 15:55:42,accounts.google.com
2013-05-12 15:55:42,accounts.google.co.ma
2013-05-12 15:55:42,accounts.google.fr
2013-05-12 15:55:42,accounts.youtube.com
2013-05-12 15:55:42,mail.google.com
2013-05-12 15:55:42,apis.google.com
2013-05-12 15:55:42,clients2.google.com
2013-05-12 15:55:43,plus.google.com
2013-05-12 15:55:43,clients2.google.com
2013-05-12 15:55:44,plus.google.com
2013-05-12 15:55:45,www.google.com
2013-05-12 15:55:46,apis.google.com
2013-05-12 15:55:46,chatenabled.mail.google.com
2013-05-12 15:55:47,accounts.google.com
2013-05-12 15:55:48,www.google.com
2013-05-12 15:55:49,b.mail.google.com
2013-05-12 15:55:53,clients6.google.com
2013-05-12 15:55:53,chatenabled.mail.google.com
2013-05-12 15:55:53,plus.google.com
2013-05-12 15:55:54,plus.google.com
2013-05-12 15:56:19,drive.google.com
2013-05-12 15:56:38,apis.google.com
2013-05-12 15:56:46,office14client.microsoft.com
2013-05-12 15:56:47,office.microsoft.com
2013-05-12 15:56:48,office.microsoft.com
2013-05-12 15:57:19,drive.google.com
2013-05-12 15:57:42,mail.google.com
2013-05-12 15:58:48,accounts.google.com
2013-05-12 15:58:48,accounts.youtube.com
2013-05-12 15:58:48,accounts.google.co.ma
2013-05-12 15:58:48,accounts.google.fr
2013-05-12 15:58:48,www.google.com
2013-05-12 15:58:48,www.google.co.ma
2013-05-12 15:58:48,clients6.google.com
2013-05-12 15:58:48,b.mail.google.com
2013-05-12 15:58:48,plus.google.com
2013-05-12 15:58:48,www.google.fr
2013-05-12 15:58:49,accounts.google.fr
2013-05-12 15:58:49,www.google.co.ma
2013-05-12 15:58:50,accounts.google.com
2013-05-12 15:58:50,accounts.youtube.com
2013-05-12 15:58:50,mail.google.com
2013-05-12 15:58:50,accounts.google.co.ma
2013-09-12 08:07:19,www.gmail.com
2013-09-12 08:07:19,mail.google.com
2013-09-12 08:07:33,accounts.google.com
2013-09-12 08:07:36,accounts.youtube.com
2013-09-12 08:07:38,mail.google.com
2013-09-12 08:07:55,accounts.google.co.ma
2013-09-12 08:07:55,accounts.google.fr
2013-09-12 08:07:57,mail.google.com
2013-09-12 08:07:57,accounts.google.fr
2013-09-12 08:07:57,accounts.youtube.com
2013-09-12 08:07:57,accounts.google.co.ma
2013-09-12 08:07:57,accounts.google.com
2013-09-12 08:07:58,apis.google.com
2013-09-12 08:07:58,clients2.google.com
2013-09-12 08:07:58,plus.google.com
2013-09-12 08:07:59,plus.google.com
2013-09-12 08:08:00,plus.google.com
2013-09-12 08:08:00,www.google.com
2013-09-12 08:08:01,apis.google.com
2013-09-12 08:08:01,accounts.google.com
2013-09-12 08:08:03,www.google.com
2013-09-12 08:08:05,chatenabled.mail.google.com
2013-09-12 08:08:05,b.mail.google.com
2013-09-12 08:08:16,dl.patchbeam.com
2013-09-12 08:08:31,clients6.google.com
2013-09-12 08:08:31,plus.google.com
2013-09-12 08:08:37,dl.patchbeam.com
2013-09-12 08:08:37,www.powerarchiver.com
2013-09-12 08:09:58,mail.google.com
2013-09-12 08:12:03,plus.google.com
2013-09-12 08:12:05,chatenabled.mail.google.com
2013-09-12 08:12:31,apis.google.com
2013-09-12 08:12:31,clients6.google.com
2013-09-12 08:22:04,plus.google.com
2013-09-12 08:22:14,plus.google.com
2013-09-12 08:29:59,mail.google.com
2013-09-12 08:33:17,mail.google.com
2013-09-12 08:37:17,mail.google.com
2013-09-12 08:42:14,plus.google.com
2013-09-12 08:42:17,mail.google.com
2013-09-12 08:47:17,mail.google.com
2013-09-12 08:49:44,mail.google.com
2013-09-12 08:51:17,mail.google.com
2013-09-12 08:51:39,www.google.fr
2013-09-12 08:51:40,apis.google.com
2013-09-12 08:51:42,www.google.com
2013-09-12 08:51:59,plus.google.com
2013-09-12 08:52:44,www.google.com
2013-09-12 08:52:44,apis.google.com
2013-09-12 08:52:54,www.google.fr
2013-09-12 08:53:04,plus.google.com
2013-09-12 08:53:04,www.google.fr
2013-09-12 08:53:46,www.google.fr
2013-09-12 08:53:47,tel.archives-ouvertes.fr
2013-09-12 08:54:37,www.google.fr
2013-09-12 08:56:21,www.google.fr
2013-09-12 08:56:39,www.google.fr
2013-09-12 08:58:48,www.google.fr
2013-09-12 08:58:52,plus.google.com
2013-09-12 08:58:57,www.google.fr
2013-09-12 08:58:58,www.google.fr
2013-09-12 08:58:58,docnum.univ-lorraine.fr
2013-09-12 08:58:59,docnum.univ-lorraine.fr
2013-09-12 08:59:00,docnum.univ-lorraine.fr
2013-09-12 08:59:01,docnum.univ-lorraine.fr
2013-09-12 08:59:02,docnum.univ-lorraine.fr
2013-09-12 08:59:03,docnum.univ-lorraine.fr
2013-09-12 08:59:04,docnum.univ-lorraine.fr
2013-09-12 08:59:05,docnum.univ-lorraine.fr
2013-09-12 08:59:06,docnum.univ-lorraine.fr
2013-09-12 08:59:07,docnum.univ-lorraine.fr
2013-09-12 08:59:52,www.google.fr
2013-09-12 08:59:57,plus.google.com
2013-09-12 09:02:15,plus.google.com
2013-09-12 09:14:35,b.mail.google.com
2013-09-12 09:15:20,apis.google.com
2013-09-12 09:15:20,www.google.fr
2013-09-12 09:15:23,www.google.com
2013-09-12 09:15:31,apis.google.com
2013-09-12 09:15:31,www.google.fr
2013-09-12 09:15:31,www.google.com
2013-09-12 09:15:32,www.google.fr
2013-09-12 09:15:43,plus.google.com
2013-09-12 09:15:58,mail.google.com
2013-09-12 09:22:15,plus.google.com
2013-09-12 09:24:07,www.meteojob.com
2013-09-12 09:24:08,www.meteojob.com
2013-09-12 09:24:09,images1.meteojob.com
2013-09-12 09:24:09,www.meteojob.com
2013-09-12 09:24:09,images2.meteojob.com
2013-09-12 09:24:09,images3.meteojob.com
2013-09-12 09:24:09,connect.facebook.net
2013-09-12 09:24:09,tx3n9nb4gs.s.ad6media.fr
2013-09-12 09:24:10,images1.meteojob.com
2013-09-12 09:24:10,tx3n9nb4gs.s.ad6media.fr
2013-09-12 09:24:10,static.ak.facebook.com
2013-09-12 09:24:10,images2.meteojob.com
2013-09-12 09:24:10,www.google.com
2013-09-12 09:24:10,www.meteojob.com
2013-09-12 09:24:10,s-static.ak.facebook.com
2013-09-12 09:24:10,www.facebook.com
2013-09-12 09:24:23,apis.google.com
2013-09-12 09:24:24,accounts.google.com
2013-09-12 09:25:58,mail.google.com
2013-09-12 09:27:59,plus.google.com
2013-09-12 09:28:46,plus.google.com
2013-09-12 09:41:23,mail.google.com
2013-09-12 09:42:15,plus.google.com
2013-09-12 09:44:20,mail.google.com
2013-09-12 09:46:24,mail.google.com
2013-09-12 09:49:20,mail.google.com
2013-09-12 09:51:24,mail.google.com
2013-09-12 09:54:20,mail.google.com
2013-09-12 09:56:25,mail.google.com
2013-09-12 09:59:20,mail.google.com
2013-09-12 10:01:26,mail.google.com
2013-09-12 10:02:16,plus.google.com
2013-09-12 10:04:20,mail.google.com
2013-09-12 10:06:26,mail.google.com
2013-09-12 10:09:20,mail.google.com
2013-09-12 10:11:27,mail.google.com
2013-09-12 10:13:04,mail.google.com
2013-09-12 10:13:05,b.mail.google.com
2013-09-12 10:13:05,mail.google.com
2013-09-12 10:28:28,mail.google.com
2013-09-12 10:28:40,accounts.google.com
2013-09-12 10:28:42,mail.google.com
2013-09-12 10:28:44,accounts.google.com
2013-09-12 10:28:44,mail.google.com
2013-09-12 10:28:46,mail.google.com
2013-09-12 10:28:47,mail.google.com
2013-09-12 10:28:47,www.google.com
2013-09-12 10:28:49,mail.google.com
2013-09-12 10:28:50,mail.google.com
2013-09-12 10:28:53,clients2.google.com
2013-09-12 10:28:53,apis.google.com
2013-09-12 10:28:54,plus.google.com
2013-09-12 10:28:54,clients2.google.com
2013-09-12 10:29:00,chatenabled.mail.google.com
2013-09-12 10:29:00,b.mail.google.com
2013-09-12 10:30:06,www.google.com
2013-09-12 10:32:45,mail.google.com
2013-09-12 10:32:53,apis.google.com
2013-09-12 10:32:54,plus.google.com
2013-09-12 10:32:54,apis.google.com
2013-09-12 10:32:56,plus.google.com
2013-09-12 10:33:00,chatenabled.mail.google.com
2013-09-12 10:43:06,plus.google.com
2013-09-12 11:02:31,mail.google.com
2013-09-12 11:03:06,plus.google.com
2013-09-12 11:05:05,mail.google.com
2013-09-12 11:07:31,mail.google.com
2013-09-12 11:09:34,mail.google.com
2013-09-12 11:12:32,mail.google.com
2013-09-12 11:15:05,mail.google.com
2013-09-12 11:17:33,mail.google.com
2013-09-12 11:20:05,mail.google.com
2013-09-12 11:22:34,mail.google.com
2013-09-12 11:23:07,plus.google.com
2013-09-12 11:24:42,b.mail.google.com
2013-09-12 11:25:05,mail.google.com
2013-09-12 11:27:35,mail.google.com
2013-09-12 11:30:05,mail.google.com
2013-09-12 11:32:35,mail.google.com
2013-09-12 11:35:05,mail.google.com
2013-09-12 11:37:36,mail.google.com
2013-09-12 11:40:05,mail.google.com
2013-09-12 11:42:37,mail.google.com
2013-09-12 11:43:07,plus.google.com
2013-09-12 11:45:05,mail.google.com
2013-09-12 11:47:38,mail.google.com
2013-09-12 11:50:05,mail.google.com
2013-09-12 11:54:05,mail.google.com
2013-09-12 11:55:52,b.mail.google.com
2013-09-12 11:56:04,www.google.fr
2013-09-12 11:56:04,accounts.google.co.ma
2013-09-12 11:56:04,accounts.google.com
2013-09-12 11:56:04,www.google.co.ma
2013-09-12 11:56:04,www.google.com
2013-09-12 11:56:04,accounts.youtube.com
2013-09-12 11:56:04,accounts.google.fr
2013-09-12 11:56:06,accounts.google.co.ma
2013-09-12 11:56:07,accounts.google.fr
2013-09-12 11:56:07,accounts.youtube.com
2013-09-12 11:56:07,www.google.co.ma
2013-09-12 11:56:23,accounts.google.co.ma
2013-09-12 11:56:42,mail.google.com
2013-09-12 11:56:42,accounts.google.com
2013-09-12 11:56:42,accounts.youtube.com
2013-10-12 15:35:55,fpdownload2.macromedia.com
2013-10-12 15:36:01,www.gmail.com
2013-10-12 15:36:01,mail.google.com
2013-10-12 15:36:12,accounts.google.com
2013-10-12 15:36:15,accounts.youtube.com
2013-10-12 15:36:20,mail.google.com
2013-10-12 15:36:27,mail.google.com
2013-10-12 15:36:32,accounts.google.co.ma
2013-10-12 15:36:32,accounts.google.fr
2013-10-12 15:36:34,apis.google.com
2013-10-12 15:36:34,mail.google.com
2013-10-12 15:36:34,accounts.google.fr
2013-10-12 15:36:34,plus.google.com
2013-10-12 15:36:34,accounts.youtube.com
2013-10-12 15:36:34,accounts.google.co.ma
2013-10-12 15:36:34,clients2.google.com
2013-10-12 15:36:34,accounts.google.com
2013-10-12 15:36:35,clients2.google.com
2013-10-12 15:36:35,plus.google.com
2013-10-12 15:36:35,apis.google.com
2013-10-12 15:36:35,accounts.google.com
2013-10-12 15:36:36,www.google.com
2013-10-12 15:36:38,chatenabled.mail.google.com
2013-10-12 15:36:40,b.mail.google.com
2013-10-12 15:36:44,chatenabled.mail.google.com
2013-10-12 15:36:48,mail.google.com
2013-10-12 15:36:54,plus.google.com
2013-10-12 15:36:54,b.mail.google.com
2013-10-12 15:36:54,www.google.com
2013-10-12 15:36:54,mail.google.com
2013-10-12 15:36:55,www.google.com
2013-10-12 15:36:55,accounts.google.fr
2013-10-12 15:36:55,accounts.google.com
2013-10-12 15:36:55,accounts.youtube.com
2013-10-12 15:36:55,accounts.google.co.ma
2013-10-12 15:36:55,www.google.co.ma
2013-10-12 15:36:55,www.google.fr
2013-10-12 15:37:00,accounts.google.co.ma
2013-10-12 15:37:00,accounts.google.com
2013-10-12 15:37:00,accounts.youtube.com
2013-10-12 15:37:00,mail.google.com
2013-11-20 15:49:50,fpdownload2.macromedia.com
2013-11-20 15:49:55,www.gmail.com
2013-11-20 15:49:56,mail.google.com
2013-11-20 15:49:56,accounts.google.com
2013-11-20 15:49:58,accounts.youtube.com
2013-11-20 15:50:00,www.bing.com
2013-11-20 15:50:01,mail.google.com
2013-11-20 15:50:07,accounts.google.fr
2013-11-20 15:50:07,accounts.google.co.ma
2013-11-20 15:50:11,accounts.google.com
2013-11-20 15:50:11,accounts.google.fr
2013-11-20 15:50:11,accounts.google.co.ma
2013-11-20 15:50:11,accounts.youtube.com
2013-11-20 15:50:12,mail.google.com
2013-11-20 15:50:13,mail.google.com
2013-11-20 15:50:14,clients2.google.com
2013-11-20 15:50:14,apis.google.com
2013-11-20 15:50:14,www.google.com
2013-11-20 15:50:16,plus.google.com
2013-11-20 15:50:16,mail.google.com
2013-11-20 15:50:16,clients2.google.com
2013-11-20 15:50:16,www.google.com
2013-11-20 15:50:18,accounts.google.com
2013-11-20 15:50:18,plus.google.com
2013-11-20 15:50:19,apis.google.com
2013-11-20 15:50:20,apis.google.com
2013-11-20 15:50:20,plus.google.com
2013-11-20 15:50:20,chatenabled.mail.google.com
2013-11-20 15:50:20,mail.google.com
2013-11-20 15:50:21,chatenabled.mail.google.com
2013-11-20 15:50:21,mail.google.com
2013-11-20 15:50:22,mail.google.com
2013-11-20 15:50:22,gm1.ggpht.com
2013-11-20 15:50:22,gm2.ggpht.com
2013-11-20 15:50:24,gm2.ggpht.com
2013-11-20 15:50:24,gm1.ggpht.com
2013-11-20 15:50:32,gm1.ggpht.com
2013-11-20 15:50:32,gm2.ggpht.com
2013-11-20 15:50:34,gm2.ggpht.com
2013-11-20 15:50:34,apis.google.com
2013-11-20 15:50:38,mail.google.com
2013-11-20 15:50:46,plus.google.com
2013-11-20 15:50:51,clients6.google.com
2013-11-20 15:50:51,apis.google.com
2013-11-20 15:51:05,plus.google.com
2013-11-20 15:51:05,apis.google.com
2013-11-20 15:51:05,clients6.google.com
2013-11-20 15:51:05,mail.google.com
2013-11-20 15:51:06,mail.google.com
2013-11-20 15:51:06,gm1.ggpht.com
2013-11-20 15:51:06,gm2.ggpht.com
2013-11-20 15:51:08,plus.google.com
2013-11-20 15:51:10,gm2.ggpht.com
2013-11-20 15:51:24,gm2.ggpht.com
2013-11-20 15:51:38,mail.google.com
2013-11-20 15:51:40,gm1.ggpht.com
2013-11-20 15:51:40,gm2.ggpht.com
2013-11-20 15:52:28,gm2.ggpht.com
2013-11-20 15:52:28,mail.google.com
2013-11-20 15:52:41,ieonline.microsoft.com
2013-11-20 15:52:41,go.microsoft.com
2013-11-20 15:52:54,mail.google.com
2013-11-20 15:53:04,mail.google.com
2013-11-20 15:53:15,mail.google.com
2013-11-20 15:53:47,gm1.ggpht.com
2013-11-20 15:53:47,mail.google.com
2013-11-20 15:54:22,gm2.ggpht.com
2013-11-20 15:54:22,mail.google.com
2013-11-20 15:54:39,mail.google.com
2013-11-20 15:54:55,mail.google.com
2013-11-20 15:55:10,clients6.google.com
2013-11-20 15:55:11,clients6.google.com
2013-11-20 15:55:15,mail.google.com
2013-11-20 15:55:24,plus.google.com
2013-11-20 15:56:21,mail.google.com
2013-11-20 15:56:21,gm1.ggpht.com
2013-11-20 15:56:21,gm2.ggpht.com
2013-11-20 15:57:04,mail.google.com
2013-11-20 15:57:07,mail.google.com
2013-11-20 15:58:39,gm1.ggpht.com
2013-11-20 15:58:59,gm2.ggpht.com
2013-11-20 15:59:01,mail.google.com
2013-11-20 15:59:02,gm2.ggpht.com
2013-11-20 15:59:02,gm1.ggpht.com
2013-11-20 15:59:21,clients6.google.com
2013-11-20 16:00:39,gm1.ggpht.com
2013-11-20 16:00:39,gm2.ggpht.com
2013-11-20 16:00:39,mail.google.com
2013-11-20 16:01:14,dl.patchbeam.com
2013-11-20 16:01:15,www.powerarchiver.com
2013-11-20 16:01:16,mail.google.com
2013-11-20 16:01:57,plus.google.com
2013-11-20 16:02:59,gm2.ggpht.com
2013-11-20 16:03:44,clients6.google.com
2013-11-20 16:04:16,mail.google.com
2013-11-20 16:04:55,plus.google.com
2013-11-20 16:08:54,mail.google.com
2013-11-20 16:08:55,apis.google.com
2013-11-20 16:09:07,mail.google.com
2013-11-20 16:09:10,www.google.fr
2013-11-20 16:09:10,plus.google.com
2013-11-20 16:09:11,www.google.fr
2013-11-20 16:09:11,www.google.co.ma
2013-11-20 16:09:11,www.google.com
2013-11-20 16:09:17,accounts.google.com
2013-11-20 16:09:17,mail.google.com
2013-11-20 16:09:17,accounts.youtube.com
2013-11-20 16:09:17,accounts.google.fr
2013-11-20 16:09:17,accounts.google.co.ma
2013-11-25 09:23:24,www.gmail.com
2013-11-25 09:23:25,mail.google.com
2013-11-25 09:23:36,accounts.google.com
2013-11-25 09:23:39,www.google.com
2013-11-25 09:23:39,accounts.google.com
2013-11-25 09:23:39,mail.google.com
2013-11-25 09:23:41,www.google.com
2013-11-25 09:23:41,mail.google.com
2013-11-25 09:23:44,mail.google.com
2013-11-25 09:23:44,www.google.com
2013-11-25 09:23:44,apis.google.com
2013-11-25 09:23:54,accounts.youtube.com
2013-11-25 09:23:56,accounts.google.co.ma
2013-11-25 09:23:56,accounts.google.fr
2013-11-25 09:23:57,apis.google.com
2013-11-25 09:23:58,accounts.google.com
2013-11-25 09:23:58,accounts.google.co.ma
2013-11-25 09:23:58,accounts.google.fr
2013-11-25 09:23:58,mail.google.com
2013-11-25 09:23:58,clients2.google.com
2013-11-25 09:23:58,www.google.com
2013-11-25 09:23:58,plus.google.com
2013-11-25 09:24:03,chatenabled.mail.google.com
2013-11-25 09:24:03,b.mail.google.com
2013-11-25 09:24:10,chatenabled.mail.google.com
2013-11-25 09:24:12,plus.google.com
2013-11-25 09:24:32,www.iquesta.com
2013-11-25 09:24:32,iquesta.com
2013-11-25 09:24:33,www.iquesta.com
2013-11-25 09:24:33,regie2.iquesta.com
2013-11-25 09:24:33,platform.twitter.com
2013-11-25 09:24:44,apis.google.com
2013-11-25 09:24:44,regie2.iquesta.com
2013-11-25 09:24:44,maps.google.com
2013-11-25 09:24:44,www.iquesta.com
2013-11-25 09:24:45,static.ak.facebook.com
2013-11-25 09:24:45,iquesta.com
2013-11-25 09:24:45,static.iquesta.com
2013-11-25 09:24:45,regie2.iquesta.com
2013-11-25 09:24:45,www.iquesta.com
2013-11-25 09:24:45,s-static.ak.facebook.com
2013-11-25 09:24:45,connect.facebook.net
2013-11-25 09:24:46,www.facebook.com
2013-11-25 09:24:46,www.iquesta.com
2013-11-25 09:24:46,platform.twitter.com
2013-11-25 09:24:46,static.iquesta.com
2013-11-25 09:24:47,www.iquesta.com
2013-11-25 09:24:49,accounts.google.com
2013-11-25 09:24:50,maps.googleapis.com
2013-11-25 09:24:50,accounts.google.com
2013-11-25 09:24:50,apis.google.com
2013-11-25 09:24:55,twitter.com
2013-11-25 09:25:26,twitter.com
2013-11-25 09:25:35,www.iquesta.com
2013-11-25 09:25:35,www.jobpartners.com
2013-11-25 09:25:35,www.lactalis.fr
2013-11-25 09:25:45,regie2.iquesta.com
2013-11-25 09:25:55,www.jobpartners.com
2013-11-25 09:25:55,www.lactalis.fr
2013-11-25 09:25:58,mail.google.com
2013-11-25 09:25:59,www.jobpartners.com
2013-11-25 09:25:59,www.lactalis.fr
2013-11-25 09:26:45,regie2.iquesta.com
2013-11-25 09:26:47,www.jobpartners.com
2013-11-25 09:26:47,www.lactalis.fr
2013-11-25 09:26:54,www.jobpartners.com
2013-11-25 09:26:54,www.lactalis.fr
2013-11-25 09:28:03,plus.google.com
2013-11-25 09:28:09,apis.google.com
2013-11-25 09:33:28,nexus.ensighten.com
2013-11-25 09:33:28,search.microsoft.com
2013-11-25 09:33:28,go.microsoft.com
2013-11-25 09:33:28,mail.google.com
2013-11-25 09:33:28,b.mail.google.com
2013-11-25 09:33:29,www.microsoft.com
2013-11-25 09:33:29,js.microsoft.com
2013-11-25 09:33:29,i.s-microsoft.com
2013-11-25 09:33:29,search.microsoft.com
2013-11-25 09:33:29,nexus.ensighten.com
2013-11-25 09:33:29,mail.google.com
2013-11-25 09:33:30,c1.microsoft.com
2013-11-25 09:33:35,www.google.fr
2013-11-25 09:33:38,www.google.fr
2013-11-25 09:34:09,plus.google.com
2013-11-25 09:34:09,www.google.com
2013-11-25 09:34:09,www.google.fr
2013-11-25 09:34:09,perso.mines-albi.fr
2013-11-25 09:35:04,www.google.fr
2013-11-25 09:35:27,plus.google.com
2013-11-25 09:35:27,www.google.fr
2013-11-25 09:35:28,www.u-picardie.fr
2013-11-25 09:36:00,www.google.fr
2013-11-25 09:36:01,ajax.googleapis.com
2013-11-25 09:36:01,www.google.com
2013-11-25 09:36:01,www.developpez.net
2013-11-25 09:36:01,premium.hi-mediaserver.com
2013-11-25 09:36:01,www.google.fr
2013-11-25 09:36:02,www.developpez.net
2013-11-25 09:53:47,www.google.fr
2013-11-25 09:53:48,www-gmm.insa-toulouse.fr
2013-11-25 09:54:48,www.google.fr
2013-11-25 10:28:15,plus.google.com
2013-11-25 10:28:15,www.google.fr
2013-11-25 10:28:16,www.google.fr
2013-11-25 10:28:16,use.typekit.net
2013-11-25 10:28:16,p.typekit.net
2013-11-25 10:28:16,www.actupv.info
2013-11-25 10:28:19,www.actupv.info
2013-11-25 10:28:20,www.google.com
2013-11-25 10:28:21,www.google.com
2013-11-25 10:28:21,accounts.google.com
2013-11-25 10:28:41,www.google.fr
2013-11-25 10:28:43,ajax.googleapis.com
2013-11-25 10:28:43,www.google.com
2013-11-25 10:28:43,accounts.google.com
2013-11-25 10:28:43,www.google.fr
2013-11-25 10:28:44,www.skyscrapercity.com
2013-11-25 10:28:44,www.google.com
2013-11-25 10:28:44,activate.tapatalk.com
2013-11-25 10:28:45,www.skyscrapercity.com
2013-11-25 10:28:45,ajax.googleapis.com
2013-11-25 10:28:45,www.google.com
2013-11-25 10:28:45,img535.imageshack.us
2013-11-25 10:28:45,adventori.com
2013-11-25 10:28:45,accounts.google.com
2013-11-25 10:28:46,img690.imageshack.us
2013-11-25 10:28:47,img202.imageshack.us
2013-11-25 10:28:47,www.skyscrapercity.com
2013-11-25 10:28:47,img46.imageshack.us
2013-11-25 10:28:47,farm5.static.flickr.com
2013-11-25 10:28:47,img261.imageshack.us
2013-11-25 10:28:48,ajax.googleapis.com
2013-11-25 10:29:53,ajax.googleapis.com
2013-11-25 10:34:14,www.commentcamarche.net
2013-11-25 10:34:14,plus.google.com
2013-11-25 10:34:14,www.google.fr
2013-11-25 10:34:15,static.ccm2.net
2013-11-25 10:34:15,ba.commentcamarche.net
2013-11-25 10:34:15,r.ccm2.net
2013-11-25 10:34:16,ajax.googleapis.com
2013-11-25 10:34:16,broadcast.piximedia.fr
2013-11-25 10:34:16,static.ccm2.net
2013-11-25 10:34:16,connect.facebook.net
2013-11-25 10:34:16,ba.commentcamarche.net
2013-11-25 10:34:16,rm.piximedia.fr
2013-11-25 10:34:17,s-static.ak.facebook.com
2013-11-25 10:34:17,static.ccm2.net
2013-11-25 10:34:17,static.ccmbg.com
2013-11-25 10:34:17,static.ak.facebook.com
2013-11-25 10:34:17,broadcast.piximedia.fr
2013-11-25 10:34:17,www.facebook.com
2013-11-25 10:34:17,platform.twitter.com
2013-11-25 10:34:18,static.ccm2.net
2013-11-25 10:34:18,www.facebook.com
2013-11-25 10:34:18,broadcast.piximedia.fr
2013-11-25 10:34:19,www.commentcamarche.net
2013-11-25 10:34:19,www.facebook.com
2013-11-25 10:34:20,rm.piximedia.fr
2013-11-25 10:34:20,broadcast.piximedia.fr
2013-11-25 10:34:28,twitter.com
2013-11-25 10:34:29,rm.piximedia.fr
2013-11-25 10:34:37,rm.piximedia.fr
2013-11-25 10:34:45,rm.piximedia.fr
2013-11-25 10:34:52,rm.piximedia.fr
2013-11-25 10:34:59,twitter.com
2013-11-25 10:35:04,www.google.fr
2013-11-25 10:35:04,apis.google.com
2013-11-25 10:35:07,www.google.com
2013-11-25 10:35:09,plus.google.com
2013-11-25 10:35:33,www.facebook.com
2013-11-25 10:35:44,www.google.fr
2013-11-25 10:36:03,apis.google.com
2013-11-25 10:36:03,www.google.com
2013-11-25 10:36:03,plus.google.com
2013-11-25 10:36:03,www.google.fr
2013-11-25 10:36:48,www.ann.jussieu.fr
2013-11-25 10:36:48,www.squid-cache.org
2013-11-25 10:36:48,www.google.fr
2013-11-25 10:36:58,www.google.fr
2013-11-25 10:37:10,www.google.fr
2013-11-25 10:37:11,www.gel.ulaval.ca
2013-11-25 10:37:11,w3.gel.ulaval.ca
2013-11-25 10:37:11,www.google.fr
2013-11-25 10:37:12,w3.gel.ulaval.ca
2013-11-25 10:37:21,w3.gel.ulaval.ca
2013-11-25 10:37:22,w3.gel.ulaval.ca
2013-11-25 10:37:51,www.ann.jussieu.fr
2013-11-25 11:20:24,mail.google.com
2013-11-25 11:20:34,accounts.google.com
2013-11-25 11:21:00,mail.google.com
2013-11-25 11:21:00,apis.google.com
2013-11-25 11:21:00,plus.google.com
2013-11-25 11:21:00,chatenabled.mail.google.com
2013-11-25 11:21:00,clients2.google.com
2013-11-25 11:21:00,www.google.com
2013-11-25 11:22:19,mail.google.com
2013-11-25 11:22:30,www.meteojob.com
2013-11-25 11:22:31,www.meteojob.com
2013-11-25 11:22:31,images1.meteojob.com
2013-11-25 11:22:31,images2.meteojob.com
2013-11-25 11:22:32,www.meteojob.com
2013-11-25 11:22:32,connect.facebook.net
2013-11-25 11:22:32,images2.meteojob.com
2013-11-25 11:22:32,images3.meteojob.com
2013-11-25 11:22:32,images1.meteojob.com
2013-11-25 11:22:33,tx3n9nb4gs.s.ad6media.fr
2013-11-25 11:22:33,www.meteojob.com
2013-11-25 11:22:33,s-static.ak.facebook.com
2013-11-25 11:22:33,static.ak.facebook.com
2013-11-25 11:22:33,images2.meteojob.com
2013-11-25 11:22:34,images2.meteojob.com
2013-11-25 11:22:34,www.meteojob.com
2013-11-25 11:22:34,www.facebook.com
2013-11-25 11:22:42,www.meteojob.com
2013-11-25 11:22:44,www.meteojob.com
2013-11-25 11:22:44,www.google.com
2013-11-25 11:22:44,apis.google.com
2013-11-25 11:22:45,maps.googleapis.com
2013-11-25 11:22:45,www.meteojob.com
2013-11-25 11:22:45,tx3n9nb4gs.s.ad6media.fr
2013-11-25 11:22:46,static.ak.facebook.com
2013-11-25 11:22:46,www.meteojob.com
2013-11-25 11:22:46,s-static.ak.facebook.com
2013-11-25 11:22:46,apis.google.com
2013-11-25 11:22:47,www.facebook.com
2013-11-25 11:22:48,accounts.google.com
2013-11-25 11:22:48,mt0.googleapis.com
2013-11-25 11:22:48,mt1.googleapis.com
2013-11-25 11:22:49,maps.googleapis.com
2013-11-25 11:22:54,maps.googleapis.com
2013-11-25 11:22:57,www.meteojob.com
2013-11-25 11:22:58,www.meteojob.com
2013-11-25 11:22:58,images1.meteojob.com
2013-11-25 11:22:58,images3.meteojob.com
2013-11-25 11:22:58,images2.meteojob.com
2013-11-25 11:22:59,tx3n9nb4gs.s.ad6media.fr
2013-11-25 11:22:59,images1.meteojob.com
2013-11-25 11:23:00,s-static.ak.facebook.com
2013-11-25 11:23:00,apis.google.com
2013-11-25 11:23:00,images2.meteojob.com
2013-11-25 11:23:00,images1.meteojob.com
2013-11-25 11:23:00,images3.meteojob.com
2013-11-25 11:23:00,static.ak.facebook.com
2013-11-25 11:23:01,www.facebook.com
2013-11-25 11:23:28,mail.google.com
2013-11-25 11:26:21,www.google.com
2013-11-25 11:26:21,plus.google.com
2013-11-25 11:26:21,b.mail.google.com
2013-11-25 11:26:22,accounts.google.fr
2013-11-25 11:26:22,accounts.google.com
2013-11-25 11:26:22,www.google.co.ma
2013-11-25 11:26:22,www.google.fr
2013-11-25 11:26:22,www.google.com
2013-11-25 11:26:22,accounts.google.co.ma
2013-11-25 11:26:24,accounts.google.co.ma
2013-11-25 11:26:24,mail.google.com
2013-11-25 11:26:24,accounts.google.fr
2013-11-25 11:29:31,mail.google.com
2013-11-25 11:29:43,accounts.google.com
2013-11-25 11:29:45,accounts.youtube.com
2013-11-25 11:29:48,mail.google.com
2013-11-25 11:29:55,accounts.google.com
2013-11-25 11:29:55,accounts.youtube.com
2013-11-25 11:29:55,mail.google.com
2013-11-25 11:29:55,accounts.google.co.ma
2013-12-18 10:45:37,fpdownload2.macromedia.com
2013-12-18 10:45:44,mail.google.com
2013-12-18 10:45:44,www.gmail.com
2013-12-18 10:45:58,accounts.google.com
2013-12-18 10:46:01,accounts.youtube.com
2013-12-18 10:46:03,mail.google.com
2013-12-18 10:46:21,accounts.google.co.ma
2013-12-18 10:46:22,accounts.google.co.ma
2013-12-18 10:46:25,accounts.google.fr
2013-12-18 10:46:26,accounts.google.fr
2013-12-18 10:46:26,mail.google.com
2013-12-18 10:46:26,accounts.google.co.ma
2013-12-18 10:46:26,accounts.youtube.com
2013-12-18 10:46:26,accounts.google.com
2013-12-18 10:46:27,mail.google.com
2013-12-18 10:46:27,apis.google.com
2013-12-18 10:46:27,clients2.google.com
2013-12-18 10:46:27,plus.google.com
2013-12-18 10:46:28,mail.google.com
2013-12-18 10:46:29,plus.google.com
2013-12-18 10:46:29,www.google.com
2013-12-18 10:46:31,chatenabled.mail.google.com
2013-12-18 10:46:31,b.mail.google.com
2013-12-18 10:46:31,plus.google.com
2013-12-18 10:46:32,accounts.google.com
2013-12-18 10:46:32,mail.google.com
2013-12-18 10:46:32,www.google.com
2013-12-18 10:46:38,chatenabled.mail.google.com
2013-12-18 10:46:41,apis.google.com
2013-12-18 10:46:51,apis.google.com
2013-12-18 10:46:51,plus.google.com
2013-12-18 10:46:51,gm2.ggpht.com
2013-12-18 10:46:54,mail.google.com
2013-12-18 10:46:54,clients6.google.com
2013-12-18 10:46:55,mail.google.com
2013-12-18 10:47:44,apis.google.com
2013-12-18 10:47:48,clients6.google.com
2013-12-18 10:47:52,gm2.ggpht.com
2013-12-18 10:48:09,clients6.google.com
2013-12-18 10:48:12,plus.google.com
2013-12-18 10:48:12,clients6.google.com
2013-12-18 10:48:12,apis.google.com
2013-12-18 10:48:12,mail.google.com
2013-12-18 10:48:19,gm2.ggpht.com
2013-12-18 10:48:21,mail.google.com
2013-12-18 10:48:23,gm1.ggpht.com
2013-12-18 10:48:37,mail.google.com
2013-12-18 10:48:38,b.mail.google.com
2013-12-18 10:48:39,accounts.google.fr
2013-12-18 10:48:39,www.google.com
2013-12-18 10:48:39,accounts.google.com
2013-12-18 10:48:39,plus.google.com
2013-12-18 10:48:39,clients6.google.com
2013-12-18 10:48:39,www.google.fr
2013-12-18 10:48:39,mail.google.com
2013-12-18 10:48:39,accounts.youtube.com
2013-12-18 10:48:39,www.google.co.ma
2013-12-18 10:48:39,gm1.ggpht.com
2013-12-18 10:48:39,accounts.google.co.ma
2013-12-18 10:48:40,accounts.google.fr
2013-12-18 10:48:40,www.google.co.ma
2013-12-18 10:48:42,accounts.google.co.ma
2013-12-18 10:48:42,accounts.google.com
2013-12-18 10:48:42,accounts.youtube.com
2013-12-18 10:48:42,mail.google.com
2013-12-19 11:47:42,www.gmail.com
2013-12-19 11:47:42,mail.google.com
2013-12-19 11:47:54,accounts.google.com
2013-12-19 11:47:57,accounts.youtube.com
2013-12-19 11:47:59,mail.google.com
2013-12-19 11:48:36,accounts.google.co.ma
2013-12-19 11:48:36,accounts.google.fr
2013-12-19 11:48:37,accounts.google.com
2013-12-19 11:48:38,plus.google.com
2013-12-19 11:48:38,apis.google.com
2013-12-19 11:48:38,clients2.google.com
2013-12-19 11:48:38,accounts.google.co.ma
2013-12-19 11:48:38,accounts.google.fr
2013-12-19 11:48:38,accounts.youtube.com
2013-12-19 11:48:38,mail.google.com
2013-12-19 11:48:39,plus.google.com
2013-12-19 11:48:40,www.google.com
2013-12-19 11:48:42,chatenabled.mail.google.com
2013-12-19 11:48:42,apis.google.com
2013-12-19 11:48:43,accounts.google.com
2013-12-19 11:48:49,b.mail.google.com
2013-12-19 11:48:49,www.google.com
2013-12-19 11:48:52,chatenabled.mail.google.com
2013-12-19 11:48:52,plus.google.com
2013-12-19 11:48:56,apis.google.com
2013-12-19 11:48:57,mail.google.com
2013-12-19 11:49:23,plus.google.com
2013-12-19 11:49:26,clients6.google.com
2013-12-19 11:49:26,plus.google.com
2013-12-19 11:49:40,apis.google.com
2013-12-19 11:49:43,mail.google.com
2013-12-19 11:50:01,drive.google.com
2013-12-19 11:50:27,clients6.google.com
2013-12-19 11:50:29,mail.google.com
2013-12-19 11:50:32,mail.google.com
2013-12-19 11:50:39,mail.google.com
2013-12-19 11:51:08,drive.google.com
2013-12-19 11:51:19,mail.google.com
2013-12-19 11:51:41,clients6.google.com
2013-12-19 11:51:42,plus.google.com
2013-12-19 11:54:01,mail.google.com
2013-12-19 11:54:02,mail.google.com
2013-12-19 11:54:02,apis.google.com
2013-12-19 11:54:02,b.mail.google.com
2013-12-19 11:54:02,plus.google.com
2014-01-23 15:52:28,fpdownload2.macromedia.com
2014-01-23 15:55:41,ieonline.microsoft.com
2014-01-30 11:53:10,ieonline.microsoft.com
2014-01-30 12:24:17,mail.google.com
2014-01-30 12:24:17,www.gmail.com
2014-01-30 12:24:29,accounts.google.com
2014-01-30 12:24:31,accounts.youtube.com
2014-01-30 12:24:36,mail.google.com
2014-01-30 12:24:47,mail.google.com
2014-01-30 12:24:48,accounts.google.co.ma
2014-01-30 12:24:48,accounts.google.fr
2014-01-30 12:24:49,accounts.google.co.ma
2014-01-30 12:24:49,mail.google.com
2014-01-30 12:24:50,accounts.google.com
2014-01-30 12:24:50,accounts.youtube.com
2014-01-30 12:24:50,accounts.google.co.ma
2014-01-30 12:24:50,accounts.google.fr
2014-01-30 12:24:50,mail.google.com
2014-01-30 12:24:50,clients2.google.com
2014-01-30 12:24:51,apis.google.com
2014-01-30 12:24:51,mail.google.com
2014-01-30 12:24:51,plus.google.com
2014-01-30 12:24:51,clients2.google.com
2014-01-30 12:24:53,www.google.com
2014-01-30 12:25:08,plus.google.com
2014-01-30 12:25:11,mail.google.com
2014-01-30 12:25:11,apis.google.com
2014-01-30 12:25:11,www.google.com
2014-01-30 12:25:12,apis.google.com
2014-01-30 12:25:13,accounts.google.com
2014-01-30 12:25:13,plus.google.com
2014-01-30 12:25:14,chatenabled.mail.google.com
2014-01-30 12:25:14,mail.google.com
2014-01-30 12:25:49,chatenabled.mail.google.com
2014-01-30 12:25:52,mail.google.com
2014-01-30 12:25:54,mail.google.com
2014-01-30 12:25:55,www.google.com
2014-01-30 12:25:55,plus.google.com
2014-01-30 12:25:55,www.google.fr
2014-01-30 12:25:55,mail.google.com
2014-01-30 12:25:56,accounts.youtube.com
2014-01-30 12:25:56,apis.google.com
2014-01-30 12:25:56,www.google.co.ma
2014-01-30 12:25:58,mail.google.com
2014-01-30 12:26:15,accounts.google.fr
2014-01-30 12:26:15,accounts.google.co.ma
2014-01-30 12:26:15,accounts.google.com
2014-01-30 12:26:15,www.bing.com
2014-01-30 12:26:16,www.bing.com
2014-01-30 12:26:16,cms.abmr.net
2014-01-30 12:26:18,mail.google.com
2014-01-30 12:26:18,www.bing.com
2014-01-30 12:26:18,fr-fr.facebook.com
2014-01-30 12:26:18,accounts.youtube.com
2014-01-30 12:26:26,login.live.com
2014-01-30 12:26:33,www.google.fr
2014-01-30 12:26:33,apis.google.com
2014-01-30 12:26:42,apis.google.com
2014-01-30 12:26:42,www.google.com
2014-01-30 12:26:42,www.google.fr
2014-01-30 12:29:54,mail.google.com
2014-03-02 17:23:12,mail.google.com
2014-03-02 17:23:12,www.gmail.com
2014-03-02 17:23:23,accounts.google.com
2014-03-02 17:23:26,accounts.youtube.com
2014-03-02 17:23:31,mail.google.com
2014-03-02 17:23:37,mail.google.com
2014-03-02 17:23:43,accounts.google.fr
2014-03-02 17:23:43,accounts.google.co.ma
2014-03-02 17:23:45,clients2.google.com
2014-03-02 17:23:45,mail.google.com
2014-03-02 17:23:45,accounts.google.fr
2014-03-02 17:23:45,accounts.google.co.ma
2014-03-02 17:23:45,accounts.youtube.com
2014-03-02 17:23:45,accounts.google.com
2014-03-02 17:23:45,apis.google.com
2014-03-02 17:23:46,plus.google.com
2014-03-02 17:23:46,apis.google.com
2014-03-02 17:23:46,mail.google.com
2014-03-02 17:23:46,accounts.google.com
2014-03-02 17:23:48,www.google.com
2014-03-02 17:23:49,mail.google.com
2014-03-02 17:23:49,chatenabled.mail.google.com
2014-03-02 17:23:49,plus.google.com
2014-03-02 17:23:49,apis.google.com
2014-03-02 17:23:50,www.google.com
2014-03-02 17:23:51,apis.google.com
2014-03-02 17:23:51,chatenabled.mail.google.com
2014-03-02 17:23:59,apis.google.com
2014-03-02 17:24:02,apis.google.com
2014-03-02 17:24:21,clients6.google.com
2014-03-02 17:24:22,plus.google.com
2014-03-02 17:25:01,mail.google.com
2014-03-02 17:25:02,mail.google.com
2014-03-02 17:25:03,clients6.google.com
2014-03-02 17:25:03,apis.google.com
2014-03-02 17:25:03,www.google.com
2014-03-02 17:25:03,www.google.fr
2014-03-02 17:25:03,mail.google.com
2014-03-02 17:25:04,www.google.co.ma
2014-03-02 17:25:04,www.google.com
2014-03-02 17:25:04,accounts.google.com
2014-03-02 17:25:04,accounts.google.fr
2014-03-02 17:25:24,www.google.fr
2014-03-02 17:25:24,accounts.google.co.ma
2014-03-02 17:25:25,mail.google.com
2014-03-02 17:25:32,accounts.google.com
2014-03-02 17:25:32,accounts.youtube.com
2014-03-02 17:25:32,mail.google.com
2014-03-02 17:25:32,apis.google.com
2014-03-02 17:25:32,www.google.com
2014-03-02 17:25:32,www.google.fr
2014-03-02 17:25:33,www.google.fr
2014-03-02 17:26:19,ieonline.microsoft.com
2014-03-02 17:26:21,mail.google.com
