timestamp,site
2014-01-02 08:51:19,www.google.fr
2014-01-02 08:51:20,www.google.fr
2014-01-02 08:51:20,www.google.com
2014-01-02 08:51:23,www.google.fr
2014-01-02 08:51:23,www.google.com
2014-01-02 08:51:24,mw2.google.com
2014-01-02 08:51:25,www.google.fr
2014-01-02 08:51:25,mw2.google.com
2014-01-02 08:52:23,www.google.fr
2014-01-02 08:54:30,www.handisport.org
2014-01-02 08:54:31,www.handisport.org
2014-01-02 08:54:31,fpdownload2.macromedia.com
2014-01-02 08:59:59,office.microsoft.com
2014-01-02 08:59:59,office14client.microsoft.com
2014-01-02 09:00:00,office.microsoft.com
2014-01-02 09:00:01,office.microsoft.com
2014-01-02 09:03:06,medias.psychologies.com
2014-01-02 09:03:06,www.psychologies.com
2014-01-02 09:03:07,www.psychologies.com
2014-01-02 09:03:07,js.psychologies.com
2014-01-02 09:03:07,medias.psychologies.com
2014-01-02 09:03:07,s-static.ak.facebook.com
2014-01-02 09:03:07,connect.facebook.net
2014-01-02 09:03:07,static.ak.facebook.com
2014-01-02 09:03:08,css.psychologies.com
2014-01-02 09:03:08,medias.psychologies.com
2014-01-02 09:03:08,img.psychologies.com
2014-01-02 09:03:08,video.premiere.fr
2014-01-02 09:03:08,ttvpsy.psychologies.com
2014-01-02 09:03:08,www.psychologies.com
2014-01-02 09:03:09,medias.doctissimo.fr
2014-01-02 09:03:09,cshoppingbox.partner.leguide.com
2014-01-02 09:03:09,www.psychologies.com
2014-01-02 09:03:09,home.edt02.net
2014-01-02 09:03:09,img.psychologies.com
2014-01-02 09:03:09,css.psychologies.com
2014-01-02 09:03:09,code.jquery.com
2014-01-02 09:03:09,medias.psychologies.com
2014-01-02 09:03:09,video.premiere.fr
2014-01-02 09:03:10,csimg.leguide.com
2014-01-02 09:03:10,www.psychologies.com
2014-01-02 09:03:10,medias.psychologies.com
2014-01-02 09:03:10,platform.twitter.com
2014-01-02 09:03:10,platform.linkedin.com
2014-01-02 09:03:10,img.psychologies.com
2014-01-02 09:03:10,css.psychologies.com
2014-01-02 09:03:10,apis.google.com
2014-01-02 09:03:10,btnhi.zegive.com
2014-01-02 09:03:10,video.premiere.fr
2014-01-02 09:03:10,cimg.leguide.com
2014-01-02 09:03:11,accounts.google.com
2014-01-02 09:03:11,apis.google.com
2014-01-02 09:03:11,platform.linkedin.com
2014-01-02 09:03:11,img.psychologies.com
2014-01-02 09:03:11,www.google.com
2014-01-02 09:03:11,www.google.fr
2014-01-02 09:03:11,www.psychologies.com
2014-01-02 09:03:11,www.facebook.com
2014-01-02 09:03:13,apis.google.com
2014-01-02 09:03:13,www.linkedin.com
2014-01-02 09:14:01,rr.office.microsoft.com
2014-01-02 09:14:02,services.highbeam.com
2014-01-02 09:14:02,integrate.factiva.com
2014-01-02 09:14:02,office.microsoft.com
2014-01-02 09:14:02,api.bing.com
2014-01-02 09:14:03,www.worldlingo.com
2014-01-02 09:14:03,www.microsofttranslator.com
2014-01-03 08:05:43,www.google.fr
2014-01-03 08:05:44,www.google.fr
2014-01-03 08:05:46,www.google.com
2014-01-03 08:06:12,www.google.com
2014-01-03 08:06:13,www.google.fr
2014-01-03 08:19:24,www.google.fr
2014-01-03 08:19:25,www.google.com
2014-01-03 08:19:47,bits.wikimedia.org
2014-01-03 08:19:47,fr.wikipedia.org
2014-01-03 08:19:47,www.google.com
2014-01-03 08:19:47,www.google.fr
2014-01-03 08:19:48,bits.wikimedia.org
2014-01-03 08:19:48,login.wikimedia.org
2014-01-03 08:19:50,meta.wikimedia.org
2014-01-03 08:19:50,fr.wikipedia.org
2014-01-03 08:19:50,bits.wikimedia.org
2014-01-03 08:32:52,www.google.fr
2014-01-03 08:32:53,www.google.com
2014-01-03 08:33:02,www.google.com
2014-01-03 08:33:03,www.google.fr
2014-01-03 08:33:04,id.google.fr
2014-01-03 08:33:04,clients1.google.fr
2014-01-03 08:33:04,www.google.fr
2014-01-03 08:33:07,www.google.fr
2014-01-03 08:33:10,img9.joyreactor.com
2014-01-03 08:33:10,js.joyreactor.com
2014-01-03 08:33:10,css.joyreactor.com
2014-01-03 08:33:10,www.google.fr
2014-01-03 08:33:10,joyreactor.com
2014-01-03 08:33:11,img7.joyreactor.com
2014-01-03 08:33:11,img8.joyreactor.com
2014-01-03 08:33:11,img1.joyreactor.com
2014-01-03 08:33:11,joyreactor.com
2014-01-03 08:33:11,www.facebook.com
2014-01-03 08:33:11,img0.joyreactor.com
2014-01-03 08:33:13,img2.joyreactor.com
2014-01-03 08:33:13,show.ctrmanager.com
2014-01-03 08:33:13,img1.joyreactor.com
2014-01-03 08:33:13,img6.joyreactor.com
2014-01-03 08:33:13,css.joyreactor.com
2014-01-03 08:33:13,img9.joyreactor.com
2014-01-03 08:33:13,img4.joyreactor.com
2014-01-03 08:33:13,img0.joyreactor.com
2014-01-03 08:33:13,img5.joyreactor.com
2014-01-03 08:33:13,img7.joyreactor.com
2014-01-03 08:33:13,img8.joyreactor.com
2014-01-03 08:33:14,show.ctrmanager.com
2014-01-03 08:33:14,css.joyreactor.com
2014-01-03 08:33:14,img6.joyreactor.com
2014-01-03 08:33:14,img4.joyreactor.com
2014-01-03 08:33:14,img2.joyreactor.com
2014-01-03 08:33:14,img7.joyreactor.com
2014-01-03 08:33:14,img9.joyreactor.com
2014-01-03 08:33:14,img1.joyreactor.com
2014-01-03 08:33:17,css.joyreactor.com
2014-01-03 08:33:58,www.google.fr
2014-01-03 08:33:59,img8.joyreactor.com
2014-01-03 08:33:59,www.facebook.com
2014-01-03 08:33:59,show.ctrmanager.com
2014-01-03 08:33:59,img0.joyreactor.com
2014-01-03 08:33:59,img6.joyreactor.com
2014-01-03 08:33:59,img1.joyreactor.com
2014-01-03 08:33:59,img7.joyreactor.com
2014-01-03 08:33:59,joyreactor.com
2014-01-03 08:34:00,img3.joyreactor.com
2014-01-03 08:34:00,img9.joyreactor.com
2014-01-03 08:34:00,img4.joyreactor.com
2014-01-03 08:34:00,show.ctrmanager.com
2014-01-03 08:34:00,joyreactor.com
2014-01-03 08:34:01,fpdownload2.macromedia.com
2014-01-03 08:34:01,joyreactor.com
2014-01-03 08:34:02,joyreactor.com
2014-01-03 08:34:10,css.joyreactor.com
2014-01-03 08:34:10,joyreactor.com
2014-01-03 08:34:10,id.google.fr
2014-01-03 08:34:10,www.google.fr
2014-01-03 08:34:10,clients1.google.fr
2014-01-03 08:34:10,img9.joyreactor.com
2014-01-03 08:34:11,www.google.fr
2014-01-03 08:34:11,show.ctrmanager.com
2014-01-03 08:34:11,img2.joyreactor.com
2014-01-03 08:34:11,img3.joyreactor.com
2014-01-03 08:34:11,css.joyreactor.com
2014-01-03 08:34:11,img9.joyreactor.com
2014-01-03 08:34:11,www.facebook.com
2014-01-03 08:34:11,img8.joyreactor.com
2014-01-03 08:34:11,js.joyreactor.com
2014-01-03 08:34:11,img4.joyreactor.com
2014-01-03 08:34:11,img0.joyreactor.com
2014-01-03 08:34:13,www.google.fr
2014-01-03 08:34:14,img6.joyreactor.com
2014-01-03 08:34:14,img2.joyreactor.com
2014-01-03 08:34:14,img7.joyreactor.com
2014-01-03 08:34:14,show.ctrmanager.com
2014-01-03 08:34:14,img8.joyreactor.com
2014-01-03 08:34:14,img1.joyreactor.com
2014-01-03 08:34:14,joyreactor.com
2014-01-03 08:34:14,css.joyreactor.com
2014-01-03 08:34:14,www.facebook.com
2014-01-03 08:34:14,img3.joyreactor.com
2014-01-03 08:34:14,js.joyreactor.com
2014-01-03 08:34:15,img1.joyreactor.com
2014-01-03 08:34:17,clients1.google.fr
2014-01-03 08:34:17,www.google.fr
2014-01-03 08:34:17,id.google.fr
2014-01-03 08:34:32,www.google.fr
2014-01-03 08:34:48,www.google.fr
2014-01-03 08:34:54,www.google.fr
2014-01-03 08:35:02,www.google.fr
2014-01-03 08:35:21,www.google.fr
2014-01-03 08:35:26,www.google.fr
2014-01-03 08:35:28,www.minutebuzz.com
2014-01-03 08:35:28,static-mb.minutebuzz.com
2014-01-03 08:35:28,www.google.fr
2014-01-03 08:35:29,platform.twitter.com
2014-01-03 08:35:29,static-mb.minutebuzz.com
2014-01-03 08:35:29,www.google.fr
2014-01-03 08:35:29,ajax.googleapis.com
2014-01-03 08:35:29,www.minutebuzz.com
2014-01-03 08:35:29,www.facebook.com
2014-01-03 08:35:30,s-static.ak.facebook.com
2014-01-03 08:35:30,static.ak.facebook.com
2014-01-03 08:35:30,connect.facebook.net
2014-01-03 08:35:30,static-mb.minutebuzz.com
2014-01-03 08:35:30,code.jquery.com
2014-01-03 08:35:30,www.minutebuzz.com
2014-01-03 08:35:31,twitter.com
2014-01-03 08:35:31,apis.google.com
2014-01-03 08:35:31,www.minutebuzz.com
2014-01-03 08:35:31,ws3.smartp.com
2014-01-03 08:35:31,static-mb.minutebuzz.com
2014-01-03 08:35:31,www.youtube.com
2014-01-03 08:35:31,img.youtube.com
2014-01-03 08:35:32,apis.google.com
2014-01-03 08:35:32,twitter.com
2014-01-03 08:35:32,adwords.google.com
2014-01-03 08:35:32,accounts.google.com
2014-01-03 08:35:32,www.minutebuzz.com
2014-01-03 08:35:32,s.ytimg.com
2014-01-03 08:35:32,www.google.fr
2014-01-03 08:35:34,www.minutebuzz.com
2014-01-03 08:35:34,www.facebook.com
2014-01-03 08:35:34,static-mb.minutebuzz.com
2014-01-03 08:35:34,ws3.smartp.com
2014-01-03 08:35:34,apis.google.com
2014-01-03 08:35:34,s-static.ak.facebook.com
2014-01-03 08:35:34,code.jquery.com
2014-01-03 08:35:34,www.youtube.com
2014-01-03 08:35:34,static.ak.facebook.com
2014-01-03 08:35:35,twitter.com
2014-01-03 08:36:06,www.google.fr
2014-01-03 08:36:06,www.lepreservatif-feminin.fr
2014-01-03 08:36:06,clients1.google.fr
2014-01-03 08:36:06,id.google.fr
2014-01-03 08:36:07,www.lepreservatif-feminin.fr
2014-01-03 08:36:21,www.google.fr
2014-01-03 08:36:22,www.lepreservatif-feminin.fr
2014-01-03 08:36:23,www.lepreservatif-feminin.fr
2014-01-03 08:36:24,www.lepreservatif-feminin.fr
2014-01-03 08:36:25,www.lepreservatif-feminin.fr
2014-01-03 08:36:30,www.lepreservatif-feminin.fr
2014-01-03 08:36:31,www.lepreservatif-feminin.fr
2014-01-03 08:36:49,www.lepreservatif-feminin.fr
2014-01-03 08:37:03,www.google.fr
2014-01-03 08:37:03,joyreactor.com
2014-01-03 08:37:03,clients1.google.fr
2014-01-03 08:37:03,id.google.fr
2014-01-03 08:37:04,www.facebook.com
2014-01-03 08:37:04,img6.joyreactor.com
2014-01-03 08:37:04,img1.joyreactor.com
2014-01-03 08:37:04,img7.joyreactor.com
2014-01-03 08:37:04,img4.joyreactor.com
2014-01-03 08:37:04,show.ctrmanager.com
2014-01-03 08:37:04,img0.joyreactor.com
2014-01-03 08:38:27,www.google.fr
2014-01-03 08:38:27,joyreactor.com
2014-01-03 08:38:28,img7.joyreactor.com
2014-01-03 08:38:28,css.joyreactor.com
2014-01-03 08:38:28,js.joyreactor.com
2014-01-03 08:38:28,img1.joyreactor.com
2014-01-03 08:38:28,img6.joyreactor.com
2014-01-03 08:38:28,img0.joyreactor.com
2014-01-03 08:38:28,img5.joyreactor.com
2014-01-03 08:38:28,show.ctrmanager.com
2014-01-03 08:38:28,www.facebook.com
2014-01-03 08:38:29,img4.joyreactor.com
2014-01-03 08:38:29,img3.joyreactor.com
2014-01-03 08:38:29,img2.joyreactor.com
2014-01-03 08:39:45,id.google.fr
2014-01-03 08:39:45,clients1.google.fr
2014-01-03 08:39:45,www.google.fr
2014-01-03 08:39:46,www.google.fr
2014-01-03 08:39:46,img7.joyreactor.com
2014-01-03 08:39:46,joyreactor.com
2014-01-03 08:39:46,show.ctrmanager.com
2014-01-03 08:39:46,www.facebook.com
2014-01-03 08:39:46,img3.joyreactor.com
2014-01-03 08:39:46,img4.joyreactor.com
2014-01-03 08:39:47,img5.joyreactor.com
2014-01-03 08:39:47,img8.joyreactor.com
2014-01-03 08:39:47,img9.joyreactor.com
2014-01-03 08:39:47,img0.joyreactor.com
2014-01-03 08:39:47,show.ctrmanager.com
2014-01-03 08:39:47,img4.joyreactor.com
2014-01-03 08:39:47,img6.joyreactor.com
2014-01-03 08:39:47,img7.joyreactor.com
2014-01-03 08:39:49,www.google.fr
2014-01-03 08:39:49,joyreactor.com
2014-01-03 08:39:50,img7.joyreactor.com
2014-01-03 08:39:50,show.ctrmanager.com
2014-01-03 08:39:50,www.facebook.com
2014-01-03 08:39:51,img2.joyreactor.com
2014-01-03 08:39:51,img9.joyreactor.com
2014-01-03 08:39:51,show.ctrmanager.com
2014-01-03 08:39:51,img5.joyreactor.com
2014-01-03 08:40:43,id.google.fr
2014-01-03 08:40:43,clients1.google.fr
2014-01-03 08:40:43,www.google.fr
2014-01-03 08:40:43,www.foozine.com
2014-01-03 08:40:43,www.facebook.com
2014-01-03 08:40:44,img.youtube.com
2014-01-03 08:40:44,www.foozine.com
2014-01-03 08:40:44,uztx5g24oe.s.ad6media.fr
2014-01-03 08:40:48,s-static.ak.facebook.com
2014-01-03 08:40:48,uztx5g24oe.s.ad6media.fr
2014-01-03 08:40:48,static.ak.facebook.com
2014-01-03 08:40:48,www.google.com
2014-01-03 08:40:48,style2.ad6.fr
2014-01-03 08:40:49,www.facebook.com
2014-01-03 08:40:50,www.google.com
2014-01-03 08:40:50,www.facebook.com
2014-01-03 08:40:50,uztx5g24oe.s.ad6media.fr
2014-01-03 08:40:50,static.s-sfr.fr
2014-01-03 08:40:50,style2.ad6.fr
2014-01-03 08:40:51,www.sfr.fr
2014-01-03 08:40:51,static.s-sfr.fr
2014-01-03 08:40:51,sfr.inq.com
2014-01-03 08:40:52,s1.s-sfr.fr
2014-01-03 08:40:52,box.sfr.fr
2014-01-03 08:40:52,static.s-sfr.fr
2014-01-03 08:40:52,sfr.inq.com
2014-01-03 08:40:52,www.sfr.fr
2014-01-03 08:40:52,s2.s-sfr.fr
2014-01-03 08:40:53,uztx5g24oe.s.ad6media.fr
2014-01-03 08:40:53,metrics.sfr.fr
2014-01-03 08:40:53,static.s-sfr.fr
2014-01-03 08:40:54,sfr.inq.com
2014-01-03 08:41:38,uztx5g24oe.s.ad6media.fr
2014-01-03 08:41:40,uztx5g24oe.s.ad6media.fr
2014-01-03 08:41:41,hd.mamutuelleparinternet.com
2014-01-03 08:41:41,www.adwidecenter.com
2014-01-03 08:41:42,www.adwidecenter.com
2014-01-03 08:41:42,hd.mamutuelleparinternet.com
2014-01-03 08:41:59,style2.ad6.fr
2014-01-03 08:41:59,www.google.fr
2014-01-03 08:41:59,www.foozine.com
2014-01-03 08:42:02,metrics.sfr.fr
2014-01-03 08:42:10,www.google.com
2014-01-03 08:42:12,www.google.fr
2014-01-03 08:42:12,www.foozine.com
2014-01-03 08:42:13,www.facebook.com
2014-01-03 08:42:13,uztx5g24oe.s.ad6media.fr
2014-01-03 08:42:30,www.google.fr
2014-01-03 08:42:30,www.lepreservatif-feminin.fr
2014-01-03 08:42:30,id.google.fr
2014-01-03 08:42:30,clients1.google.fr
2014-01-03 08:42:31,www.lepreservatif-feminin.fr
2014-01-03 08:42:32,www.google.fr
2014-01-03 08:42:32,www.lepreservatif-feminin.fr
2014-01-03 08:42:34,www.lepreservatif-feminin.fr
2014-01-03 08:42:35,www.lepreservatif-feminin.fr
2014-01-03 08:42:57,www.lepreservatif-feminin.fr
2014-01-03 08:43:07,www.lepreservatif-feminin.fr
2014-01-03 08:44:05,id.google.fr
2014-01-03 08:44:05,clients1.google.fr
2014-01-03 08:44:05,img.youtube.com
2014-01-03 08:44:05,www.google.fr
2014-01-03 08:44:05,www.minutebuzz.com
2014-01-03 08:44:06,s-static.ak.facebook.com
2014-01-03 08:44:06,www.google.fr
2014-01-03 08:44:06,apis.google.com
2014-01-03 08:44:06,static.ak.facebook.com
2014-01-03 08:44:06,www.facebook.com
2014-01-03 08:44:06,www.minutebuzz.com
2014-01-03 08:44:06,static-mb.minutebuzz.com
2014-01-03 08:44:06,code.jquery.com
2014-01-03 08:44:07,ws3.smartp.com
2014-01-03 08:44:07,www.minutebuzz.com
2014-01-03 08:44:07,twitter.com
2014-01-03 08:44:07,www.youtube.com
2014-01-03 08:44:07,img.youtube.com
2014-01-03 08:44:07,adwords.google.com
2014-01-03 08:44:09,www.minutebuzz.com
2014-01-03 08:44:09,www.google.fr
2014-01-03 08:44:09,i1.ytimg.com
2014-01-03 08:44:10,adwords.google.com
2014-01-03 08:44:10,www.youtube.com
2014-01-03 08:44:10,code.jquery.com
2014-01-03 08:44:10,www.minutebuzz.com
2014-01-03 08:44:10,static-mb.minutebuzz.com
2014-01-03 08:44:10,www.facebook.com
2014-01-03 08:44:10,ws3.smartp.com
2014-01-03 08:44:11,apis.google.com
2014-01-03 08:44:11,twitter.com
2014-01-03 08:44:11,s-static.ak.facebook.com
2014-01-03 08:44:11,static.ak.facebook.com
2014-01-03 08:44:11,www.youtube.com
2014-01-03 08:44:11,www.minutebuzz.com
2014-01-03 08:44:12,www.minutebuzz.com
2014-01-03 08:44:13,adwords.google.com
2014-01-03 08:44:30,clients1.google.fr
2014-01-03 08:44:30,www.google.fr
2014-01-03 08:44:30,img0.joyreactor.com
2014-01-03 08:44:30,joyreactor.com
2014-01-03 08:44:30,id.google.fr
2014-01-03 08:44:31,img8.joyreactor.com
2014-01-03 08:44:31,img9.joyreactor.com
2014-01-03 08:44:31,css.joyreactor.com
2014-01-03 08:44:31,img0.joyreactor.com
2014-01-03 08:44:31,www.google.fr
2014-01-03 08:44:31,img1.joyreactor.com
2014-01-03 08:44:31,img7.joyreactor.com
2014-01-03 08:44:31,img6.joyreactor.com
2014-01-03 08:44:31,www.facebook.com
2014-01-03 08:44:31,show.ctrmanager.com
2014-01-03 08:44:40,www.google.fr
2014-01-03 08:44:41,js.joyreactor.com
2014-01-03 08:44:41,show.ctrmanager.com
2014-01-03 08:44:41,css.joyreactor.com
2014-01-03 08:44:41,img0.joyreactor.com
2014-01-03 08:44:41,img3.joyreactor.com
2014-01-03 08:44:41,www.facebook.com
2014-01-03 08:44:41,img9.joyreactor.com
2014-01-03 08:44:41,img4.joyreactor.com
2014-01-03 08:44:41,img2.joyreactor.com
2014-01-03 08:44:41,joyreactor.com
2014-01-03 08:44:41,img5.joyreactor.com
2014-01-03 08:44:50,ajax.googleapis.com
2014-01-03 08:44:50,lapincowboy.canalblog.com
2014-01-03 08:44:50,p7.storage.canalblog.com
2014-01-03 08:44:50,clients1.google.fr
2014-01-03 08:44:50,id.google.fr
2014-01-03 08:44:50,www.google.fr
2014-01-03 08:44:50,static.canalblog.com
2014-01-03 08:44:51,s-static.ak.facebook.com
2014-01-03 08:44:51,p2.storage.canalblog.com
2014-01-03 08:44:51,profilepics.canalblog.com
2014-01-03 08:44:51,p8.storage.canalblog.com
2014-01-03 08:44:51,storage.canalblog.com
2014-01-03 08:44:51,p1.storage.canalblog.com
2014-01-03 08:44:51,p3.storage.canalblog.com
2014-01-03 08:44:51,static.ak.facebook.com
2014-01-03 08:44:51,static.canalblog.com
2014-01-03 08:44:51,p7.storage.canalblog.com
2014-01-03 08:44:52,apis.google.com
2014-01-03 08:44:52,static.canalblog.com
2014-01-03 08:44:52,www.facebook.com
2014-01-03 08:44:52,assets.pinterest.com
2014-01-03 08:44:52,platform.twitter.com
2014-01-03 08:44:52,accounts.google.com
2014-01-03 08:44:52,www.canalblog.com
2014-01-03 08:44:52,d1xnn692s7u6t6.cloudfront.net
2014-01-03 08:44:53,apis.google.com
2014-01-03 08:44:53,d1xnn692s7u6t6.cloudfront.net
2014-01-03 08:44:53,static.canalblog.com
2014-01-03 08:44:53,assets.pinterest.com
2014-01-03 08:44:53,platform.twitter.com
2014-01-03 08:44:54,www.amazon.com
2014-01-03 08:44:54,passets.pinterest.com
2014-01-03 08:44:54,widgets.pinterest.com
2014-01-03 08:44:54,twitter.com
2014-01-03 08:44:55,images-na.ssl-images-amazon.com
2014-01-03 08:44:55,twitter.com
2014-01-03 08:44:55,www.amazon.com
2014-01-03 08:44:56,images-na.ssl-images-amazon.com
2014-01-03 08:44:56,fls-na.amazon.com
2014-01-03 08:44:57,images-na.ssl-images-amazon.com
2014-01-03 08:45:19,fls-na.amazon.com
2014-01-03 08:45:19,www.google.fr
2014-01-03 08:45:19,lapincowboy.canalblog.com
2014-01-03 08:45:20,fls-na.amazon.com
2014-01-03 08:45:20,www.amazon.com
2014-01-03 08:45:21,s-static.ak.facebook.com
2014-01-03 08:45:21,apis.google.com
2014-01-03 08:45:21,www.facebook.com
2014-01-03 08:45:21,lapincowboy.canalblog.com
2014-01-03 08:45:21,www.canalblog.com
2014-01-03 08:45:21,static.ak.facebook.com
2014-01-03 08:45:22,platform.twitter.com
2014-01-03 08:45:22,assets.pinterest.com
2014-01-03 08:45:22,apis.google.com
2014-01-03 08:45:22,d1xnn692s7u6t6.cloudfront.net
2014-01-03 08:45:22,widgets.pinterest.com
2014-01-03 08:45:24,twitter.com
2014-01-03 08:45:29,www.amazon.com
2014-01-03 08:45:29,fls-na.amazon.com
2014-01-03 08:45:40,clients1.google.fr
2014-01-03 08:45:40,id.google.fr
2014-01-03 08:45:40,www.google.fr
2014-01-03 08:45:40,joyreactor.com
2014-01-03 08:45:40,img4.joyreactor.com
2014-01-03 08:45:40,img0.joyreactor.com
2014-01-03 08:45:41,img4.joyreactor.com
2014-01-03 08:45:41,img3.joyreactor.com
2014-01-03 08:45:41,img5.joyreactor.com
2014-01-03 08:45:41,show.ctrmanager.com
2014-01-03 08:45:41,img6.joyreactor.com
2014-01-03 08:45:41,img0.joyreactor.com
2014-01-03 08:45:41,css.joyreactor.com
2014-01-03 08:45:41,img8.joyreactor.com
2014-01-03 08:45:41,www.facebook.com
2014-01-03 08:45:41,img7.joyreactor.com
2014-01-03 08:45:41,img9.joyreactor.com
2014-01-03 08:45:43,www.google.fr
2014-01-03 08:45:43,joyreactor.com
2014-01-03 08:45:44,img4.joyreactor.com
2014-01-03 08:45:44,img3.joyreactor.com
2014-01-03 08:45:44,www.facebook.com
2014-01-03 08:45:44,img2.joyreactor.com
2014-01-03 08:45:44,css.joyreactor.com
2014-01-03 08:45:44,img7.joyreactor.com
2014-01-03 08:45:44,show.ctrmanager.com
2014-01-03 08:45:44,img1.joyreactor.com
2014-01-03 08:46:49,clients1.google.fr
2014-01-03 08:46:49,id.google.fr
2014-01-03 08:47:04,www.google.fr
2014-01-03 08:54:18,www.google.fr
2014-01-03 08:54:49,sante-medecine.commentcamarche.net
2014-01-03 08:54:49,www.google.fr
2014-01-03 08:54:49,static.ccm2.net
2014-01-03 08:54:49,ba.commentcamarche.net
2014-01-03 08:54:49,html5shim.googlecode.com
2014-01-03 08:54:50,www.facebook.com
2014-01-03 08:54:50,ba.commentcamarche.net
2014-01-03 08:54:50,r.ccmbg.com
2014-01-03 08:54:50,static.ccm2.net
2014-01-03 08:54:50,twitter.com
2014-01-03 08:54:50,platform.twitter.com
2014-01-03 08:54:50,pixel.alephd.com
2014-01-03 08:54:50,images.orangepublicite.fr
2014-01-03 08:54:50,static.commentcamarche.net
2014-01-03 08:54:50,apis.google.com
2014-01-03 08:54:51,accounts.google.com
2014-01-03 08:54:51,s-static.ak.facebook.com
2014-01-03 08:54:51,apis.google.com
2014-01-03 08:54:51,platform.twitter.com
2014-01-03 08:54:51,twitter.com
2014-01-03 08:54:51,www.facebook.com
2014-01-03 08:54:51,static.ccm2.net
2014-01-03 08:54:51,connect.facebook.net
2014-01-03 08:54:51,ba.commentcamarche.net
2014-01-03 08:54:51,static.ak.facebook.com
2014-01-03 08:54:52,www.facebook.com
2014-01-03 08:54:52,twitter.com
2014-01-03 08:54:52,ajax.googleapis.com
2014-01-03 08:54:52,r.ccm2.net
2014-01-03 08:54:52,static.ccm2.net
2014-01-03 08:54:52,www.commentcamarche.net
2014-01-03 08:54:52,sante-medecine.commentcamarche.net
2014-01-03 08:54:52,static.ccmbg.com
2014-01-03 08:54:52,ba.commentcamarche.net
2014-01-03 08:54:53,www.facebook.com
2014-01-03 08:55:15,www.facebook.com
2014-01-03 08:55:15,twitter.com
2014-01-03 08:55:22,twitter.com
2014-01-03 08:55:53,www.google.fr
2014-01-03 08:55:54,www.google.com
2014-01-03 08:56:10,www.google.com
2014-01-03 08:56:10,network.aufeminin.com
2014-01-03 08:56:10,teemix.aufeminin.com
2014-01-03 08:56:10,www.google.fr
2014-01-03 08:56:11,apis.google.com
2014-01-03 08:56:11,s-static.ak.facebook.com
2014-01-03 08:56:11,network.aufeminin.com
2014-01-03 08:56:11,teemix.aufeminin.com
2014-01-03 08:56:11,www.facebook.com
2014-01-03 08:56:11,imworld.aufeminin.com
2014-01-03 08:56:11,connect.facebook.net
2014-01-03 08:56:11,static.ak.facebook.com
2014-01-03 08:56:12,teemix.aufeminin.com
2014-01-03 08:56:12,s.ytimg.com
2014-01-03 08:56:12,accounts.google.com
2014-01-03 08:56:12,www.youtube.com
2014-01-03 08:56:12,www.facebook.com
2014-01-03 08:56:12,apis.google.com
2014-01-03 08:56:13,imworld.aufeminin.com
2014-01-03 08:56:13,platform.twitter.com
2014-01-03 08:56:13,s.ytimg.com
2014-01-03 08:56:13,apis.google.com
2014-01-03 08:56:13,cdns.gigya.com
2014-01-03 08:56:13,www.youtube.com
2014-01-03 08:56:14,www.facebook.com
2014-01-03 08:56:14,s.ytimg.com
2014-01-03 08:56:14,apis.google.com
2014-01-03 08:56:14,platform.twitter.com
2014-01-03 08:56:14,twitter.com
2014-01-03 08:56:39,network.aufeminin.com
2014-01-03 08:56:39,platform.twitter.com
2014-01-03 08:56:39,www.facebook.com
2014-01-03 08:56:39,twitter.com
2014-01-03 08:56:40,apis.google.com
2014-01-03 08:56:40,s-static.ak.facebook.com
2014-01-03 08:56:40,static.ak.facebook.com
2014-01-03 08:56:41,www.youtube.com
2014-01-03 08:56:41,apis.google.com
2014-01-03 08:56:41,www.facebook.com
2014-01-03 08:56:44,www.youtube.com
2014-01-03 08:56:44,twitter.com
2014-01-03 08:56:44,imworld.aufeminin.com
2014-01-03 08:56:46,network.aufeminin.com
2014-01-03 08:56:46,teemix.aufeminin.com
2014-01-03 08:56:46,www.facebook.com
2014-01-03 08:56:47,imworld.aufeminin.com
2014-01-03 08:56:47,network.aufeminin.com
2014-01-03 08:56:47,www.facebook.com
2014-01-03 08:56:47,teemix.aufeminin.com
2014-01-03 08:56:48,s-static.ak.facebook.com
2014-01-03 08:56:48,www.facebook.com
2014-01-03 08:56:48,www.youtube.com
2014-01-03 08:56:48,apis.google.com
2014-01-03 08:56:48,static.ak.facebook.com
2014-01-03 08:56:50,i1-js-14-3-01-10077-355571787-i.init.cedexis-radar.net
2014-01-03 08:56:50,fastly.bench.cedexis.com
2014-01-03 08:56:50,fastly.bench.cedexis.com.global.prod.fastly.net
2014-01-03 08:56:51,cloudfront.cedexis.com
2014-01-03 08:56:51,fastly.bench.cedexis.com
2014-01-03 08:56:52,cloudfront.cedexis.com
2014-01-03 08:56:52,probe.cedexis.org
2014-01-03 08:56:52,network.aufeminin.com
2014-01-03 08:56:52,www.youtube.com
2014-01-03 08:56:52,teemix.aufeminin.com
2014-01-03 08:56:53,www.facebook.com
2014-01-03 08:56:53,teemix.aufeminin.com
2014-01-03 08:56:53,imworld.aufeminin.com
2014-01-03 08:56:53,network.aufeminin.com
2014-01-03 08:56:53,static.ak.facebook.com
2014-01-03 08:56:53,apis.google.com
2014-01-03 08:56:53,www.youtube.com
2014-01-03 08:56:53,twitter.com
2014-01-03 08:56:54,s-static.ak.facebook.com
2014-01-03 08:56:54,network.aufeminin.com
2014-01-03 08:56:54,teemix.aufeminin.com
2014-01-03 08:56:54,www.facebook.com
2014-01-03 08:56:54,imworld.aufeminin.com
2014-01-03 08:56:55,s-static.ak.facebook.com
2014-01-03 08:56:55,www.youtube.com
2014-01-03 08:56:55,static.ak.facebook.com
2014-01-03 08:56:55,apis.google.com
2014-01-03 08:56:56,www.youtube.com
2014-01-03 08:56:56,apis.google.com
2014-01-03 08:56:56,www.facebook.com
2014-01-03 08:57:07,network.aufeminin.com
2014-01-03 08:57:07,www.facebook.com
2014-01-03 08:57:07,twitter.com
2014-01-03 08:57:07,www.youtube.com
2014-01-03 08:57:09,static.ak.facebook.com
2014-01-03 08:57:09,www.facebook.com
2014-01-03 08:57:09,www.youtube.com
2014-01-03 08:57:09,s-static.ak.facebook.com
2014-01-03 08:57:10,apis.google.com
2014-01-03 08:57:10,twitter.com
2014-01-03 08:57:49,www.google.fr
2014-01-03 08:57:50,www.google.com
2014-01-03 08:58:15,www.youtube.com
2014-01-03 08:58:17,www.google.fr
2014-01-03 08:58:17,www.lecapotier.com
2014-01-03 08:58:18,www.lecapotier.com
2014-01-03 08:58:19,www.lecapotier.com
2014-01-03 08:58:20,www.lecapotier.com
2014-01-03 08:58:21,www.lecapotier.com
2014-01-03 08:58:22,www.lecapotier.com
2014-01-03 08:58:24,www.squid-cache.org
2014-01-03 08:58:24,www.leroidelacapote.com
2014-01-03 08:58:24,www.google.fr
2014-01-03 08:58:42,www.google.fr
2014-01-03 08:58:43,ajax.googleapis.com
2014-01-03 08:58:43,www.planetoscope.com
2014-01-03 08:58:44,hal9000.redintelligence.net
2014-01-03 08:58:44,um.simpli.fi
2014-01-03 08:58:45,hal9000.redintelligence.net
2014-01-03 08:58:45,www.facebook.com
2014-01-03 08:58:45,www.123fleurs.com
2014-01-03 08:58:45,mktg.factosoft.com
2014-01-03 08:58:45,www.consoglobe.com
2014-01-03 08:58:45,enquete.consoglobe.com
2014-01-03 08:58:45,banniere.reussissonsensemble.fr
2014-01-03 08:58:45,affiliation.service-voyages.com
2014-01-03 08:58:45,www.planetoscope.com
2014-01-03 08:58:46,banniere.reussissonsensemble.fr
2014-01-03 08:58:46,autopromo.consoglobe.com
2014-01-03 08:58:46,www.planetoscope.com
2014-01-03 08:58:46,enquete.consoglobe.com
2014-01-03 08:59:27,www.lecapotier.com
2014-01-03 08:59:33,www.squid-cache.org
2014-01-03 08:59:33,www.leroidelacapote.com
2014-01-03 08:59:35,www.planetoscope.com
2014-01-03 09:00:14,www.planetoscope.com
2014-01-03 09:00:15,www.facebook.com
2014-01-03 09:00:15,enquete.consoglobe.com
2014-01-03 09:00:15,www.123fleurs.com
2014-01-03 09:00:15,rbp.mxptint.net
2014-01-03 09:00:15,hal9000.redintelligence.net
2014-01-03 09:00:16,c1.adform.net
2014-01-03 09:00:16,autopromo.consoglobe.com
2014-01-03 09:00:16,match.rtbidder.net
2014-01-03 09:00:16,ad.publicidees.com
2014-01-03 09:00:16,banniere.reussissonsensemble.fr
2014-01-03 09:00:16,n38.hal9000.redintelligence.net
2014-01-03 09:00:16,hal9000.redintelligence.net
2014-01-03 09:00:17,www.planetoscope.com
2014-01-03 09:00:17,enquete.consoglobe.com
2014-01-03 09:00:17,banniere.reussissonsensemble.fr
2014-01-03 09:00:17,hal9000.redintelligence.net
2014-01-03 09:00:18,lemoncurve.com
2014-01-03 09:00:18,ad.publicidees.com
2014-01-03 09:00:32,www.consostatic.com
2014-01-03 09:00:32,www.planetoscope.com
2014-01-03 09:00:32,www.facebook.com
2014-01-03 09:00:32,enquete.consoglobe.com
2014-01-03 09:00:33,enquete.consoglobe.com
2014-01-03 09:00:33,autopromo.consoglobe.com
2014-01-03 09:00:33,rp.gwallet.com
2014-01-03 09:00:33,www.be2.fr
2014-01-03 09:00:39,wtpn.twenga.fr
2014-01-03 09:00:39,rbx-cdn-tpn.c4tw.net
2014-01-03 09:00:40,i10.twenga.com
2014-01-03 09:00:40,i11.twenga.com
2014-01-03 09:00:41,apnx-match.dotomi.com
2014-01-03 09:00:42,apnx-match.dotomi.com
2014-01-03 09:00:42,dtm.gap.com
2014-01-03 09:00:43,adventori.com
2014-01-03 09:01:50,www.google.com
2014-01-03 09:02:13,www.google.fr
2014-01-03 09:03:14,www.planetoscope.com
2014-01-03 09:03:15,mktg.factosoft.com
2014-01-03 09:03:15,www.letribunaldunet.fr
2014-01-03 09:03:15,static.mediabong.com
2014-01-03 09:03:15,www.consostatic.com
2014-01-03 09:03:15,www.facebook.com
2014-01-03 09:03:16,www.letribunaldunet.fr
2014-01-03 09:03:16,enquete.consoglobe.com
2014-01-03 09:03:16,pr.ybp.yahoo.com
2014-01-03 09:03:16,autopromo.consoglobe.com
2014-01-03 09:03:17,enquete.consoglobe.com
2014-01-03 09:03:17,rubicon-match.dotomi.com
2014-01-03 09:03:17,www.facebook.com
2014-01-03 09:03:18,dtm.neimanmarcus.com
2014-01-03 09:03:18,um.simpli.fi
2014-01-03 09:03:20,pixel2368.everesttech.net
2014-01-03 09:03:32,www.consostatic.com
2014-01-03 09:03:32,www.planetoscope.com
2014-01-03 09:03:32,enquete.consoglobe.com
2014-01-03 09:03:32,www.facebook.com
2014-01-03 09:03:32,pixel2368.everesttech.net
2014-01-03 09:03:33,www.diamants-infos.com
2014-01-03 09:03:33,enquete.consoglobe.com
2014-01-03 09:03:33,autopromo.consoglobe.com
2014-01-03 09:03:47,www.planetoscope.com
2014-01-03 09:03:48,autopromo.consoglobe.com
2014-01-03 09:03:48,enquete.consoglobe.com
2014-01-03 09:03:48,www.facebook.com
2014-01-03 09:03:54,www.gala.fr
2014-01-03 09:03:54,www.facebook.com
2014-01-03 09:03:54,www.planetoscope.com
2014-01-03 09:03:54,www.france-appel-offre.fr
2014-01-03 09:03:54,enquete.consoglobe.com
2014-01-03 09:03:55,autopromo.consoglobe.com
2014-01-03 09:03:55,enquete.consoglobe.com
2014-01-03 09:03:56,www.planetoscope.com
2014-01-03 09:03:57,www.facebook.com
2014-01-03 09:03:57,enquete.consoglobe.com
2014-01-03 09:03:57,autopromo.consoglobe.com
2014-01-03 09:03:58,wtpn.twenga.fr
2014-01-03 09:03:58,i10.twenga.com
2014-01-03 09:03:58,i11.twenga.com
2014-01-03 09:03:59,www.planetoscope.com
2014-01-03 09:04:05,www.google.fr
2014-01-03 09:04:05,www.preservatifsenligne.fr
2014-01-03 09:04:06,www.preservatifsenligne.fr
2014-01-03 09:04:07,www.preservatifsenligne.fr
2014-01-03 09:04:13,www.preservatifsenligne.fr
2014-01-03 09:04:19,www.google.fr
2014-01-03 09:04:20,www.lavieeco.com
2014-01-03 09:04:20,www.google.com
2014-01-03 09:04:20,apis.google.com
2014-01-03 09:04:20,www.google.fr
2014-01-03 09:04:21,www.google.com
2014-01-03 09:04:21,www.lavieeco.com
2014-01-03 09:04:22,accounts.google.com
2014-01-03 09:04:22,platform.twitter.com
2014-01-03 09:04:22,www.lavieeco.com
2014-01-03 09:04:22,www.facebook.com
2014-01-03 09:04:23,twitter.com
2014-01-03 09:04:23,apis.google.com
2014-01-03 09:04:23,accounts.google.com
2014-01-03 09:04:23,platform.twitter.com
2014-01-03 09:04:23,s-static.ak.facebook.com
2014-01-03 09:04:23,static.ak.facebook.com
2014-01-03 09:04:23,www.facebook.com
2014-01-03 09:04:38,www.google.fr
2014-01-03 09:04:49,www.google.fr
2014-01-03 09:04:49,twitter.com
2014-01-03 09:04:49,www.lepreservatif-feminin.fr
2014-01-03 09:04:50,www.lepreservatif-feminin.fr
2014-01-03 09:05:29,www.lepreservatif-feminin.fr
2014-01-03 09:05:30,www.lepreservatif-feminin.fr
2014-01-03 09:07:50,www.lepreservatif-feminin.fr
2014-01-03 09:07:51,www.google.fr
2014-01-03 09:07:51,www.lepreservatif-feminin.fr
2014-01-03 09:08:04,www.preservatif-masculin.com
2014-01-03 09:08:04,www.google.fr
2014-01-03 09:08:05,www.preservatif-masculin.com
2014-01-03 09:08:07,www.google.fr
2014-01-03 09:08:08,www.google.fr
2014-01-03 09:08:08,www.categorynet.com
2014-01-03 09:08:09,www.google.fr
2014-01-03 09:08:09,www.categorynet.com
2014-01-03 09:08:10,www.categorynet.com
2014-01-03 09:08:10,www.planete-rp.com
2014-01-03 09:08:11,www.categorynet.com
2014-01-03 09:08:11,www.planete-rp.com
2014-01-03 09:08:31,www.google.fr
2014-01-03 09:08:32,www.cosmopolitan.fr
2014-01-03 09:08:32,cache.cosmopolitan.fr
2014-01-03 09:08:33,cache.cosmopolitan.fr
2014-01-03 09:08:33,www.cosmopolitan.fr
2014-01-03 09:08:33,assets.pinterest.com
2014-01-03 09:08:33,www.facebook.com
2014-01-03 09:08:34,widgets.pinterest.com
2014-01-03 09:08:34,cache.cosmopolitan.fr
2014-01-03 09:08:34,www.cosmopolitan.fr
2014-01-03 09:08:34,assets.pinterest.com
2014-01-03 09:08:34,www.ultimedia.com
2014-01-03 09:08:35,www.ultimedia.com
2014-01-03 09:08:35,cache.cosmopolitan.fr
2014-01-03 09:08:35,img.shopreflex.com
2014-01-03 09:08:35,www.cosmopolitan.fr
2014-01-03 09:08:35,passets.pinterest.com
2014-01-03 09:08:36,www.cosmopolitan.fr
2014-01-03 09:08:36,cache.cosmopolitan.fr
2014-01-03 09:08:38,cdn-ir-p.mythingsmedia.net
2014-01-03 09:08:38,videosfr.s3.amazonaws.com
2014-01-03 09:08:38,cookieb.mythings.com
2014-01-03 09:08:38,rainbow-ir-p.mythings.com
2014-01-03 09:08:39,tc.airfrance.com
2014-01-03 09:08:39,ajax.googleapis.com
2014-01-03 09:08:39,cdn-ir-p.mythingsmedia.net
2014-01-03 09:08:40,redir.adbutter.net
2014-01-03 09:08:41,www.cosmopolitan.fr
2014-01-03 09:08:41,cache.cosmopolitan.fr
2014-01-03 09:08:42,platform.twitter.com
2014-01-03 09:08:42,cache.cosmopolitan.fr
2014-01-03 09:08:42,static.ak.facebook.com
2014-01-03 09:08:42,apis.google.com
2014-01-03 09:08:42,www.facebook.com
2014-01-03 09:08:42,s-static.ak.facebook.com
2014-01-03 09:08:43,cache.cosmopolitan.fr
2014-01-03 09:08:43,www.facebook.com
2014-01-03 09:08:44,cache.cosmopolitan.fr
2014-01-03 09:08:45,cache.cosmopolitan.fr
2014-01-03 09:08:46,cache.cosmopolitan.fr
2014-01-03 09:08:48,twitter.com
2014-01-03 09:08:49,twitter.com
2014-01-03 09:08:49,cache.cosmopolitan.fr
2014-01-03 09:08:49,apis.google.com
2014-01-03 09:08:50,apis.google.com
2014-01-03 09:08:50,twitter.com
2014-01-03 09:08:50,accounts.google.com
2014-01-03 09:08:50,www.cosmopolitan.fr
2014-01-03 09:08:50,passets.pinterest.com
2014-01-03 09:08:50,cache.cosmopolitan.fr
2014-01-03 09:09:14,www.preservatif-masculin.com
2014-01-03 09:09:17,www.preservatif-masculin.com
2014-01-03 09:09:53,www.condozone.fr
2014-01-03 09:09:53,www.squid-cache.org
2014-01-03 09:10:56,www.ultimedia.com
2014-01-03 09:10:58,a.zeroredirect1.com
2014-01-03 09:10:58,vast.bp3854593.btrll.com
2014-01-03 09:10:59,stream8.ultimedia.com
2014-01-03 09:11:07,www.ultimedia.com
2014-01-03 09:11:30,www.condozone.fr
2014-01-03 09:11:30,www.squid-cache.org
2014-01-03 09:11:38,www.google.fr
2014-01-03 09:11:54,www.google.fr
2014-01-03 09:11:54,www.preservatif.org
2014-01-03 09:12:05,www.google.fr
2014-01-03 09:12:06,boutique.parti-socialiste.fr
2014-01-03 09:12:07,boutique.parti-socialiste.fr
2014-01-03 09:12:08,boutique.parti-socialiste.fr
2014-01-03 09:12:09,boutique.parti-socialiste.fr
2014-01-03 09:12:44,boutique.parti-socialiste.fr
2014-01-03 09:12:55,boutique.parti-socialiste.fr
2014-01-03 09:12:56,boutique.parti-socialiste.fr
2014-01-03 09:13:14,www.preservatif.org
2014-01-03 09:13:21,www.google.fr
2014-01-03 09:13:56,www.google.fr
2014-01-03 09:13:57,media.melty.fr
2014-01-03 09:13:57,www.melty.it
2014-01-03 09:13:57,www.melty.es
2014-01-03 09:13:57,tracking.meltystyle.fr
2014-01-03 09:13:57,ajax.googleapis.com
2014-01-03 09:13:57,media.meltystyle.fr
2014-01-03 09:13:57,www.melty.de
2014-01-03 09:13:57,www.meltystyle.fr
2014-01-03 09:13:58,fpdownload.adobe.com
2014-01-03 09:13:58,www.meltystyle.fr
2014-01-03 09:13:58,media.meltystyle.fr
2014-01-03 09:13:58,www.melty.fr
2014-01-03 09:13:58,connect.facebook.net
2014-01-03 09:13:58,static.ak.facebook.com
2014-01-03 09:13:58,www.facebook.com
2014-01-03 09:13:58,s-static.ak.facebook.com
2014-01-03 09:13:58,accounts.google.com
2014-01-03 09:13:58,apis.google.com
2014-01-03 09:13:59,www.youtube.com
2014-01-03 09:13:59,www.google.com
2014-01-03 09:13:59,media.melty.fr
2014-01-03 09:13:59,s.ytimg.com
2014-01-03 09:13:59,www.melty.fr
2014-01-03 09:13:59,www.meltystyle.fr
2014-01-03 09:14:00,i1.ytimg.com
2014-01-03 09:14:00,media-1.melty.fr
2014-01-03 09:14:00,s.ytimg.com
2014-01-03 09:14:00,media.melty.fr
2014-01-03 09:14:01,media.melty.fr
2014-01-03 09:14:02,ad.melty.fr
2014-01-03 09:14:02,www.facebook.com
2014-01-03 09:14:03,www.meltystyle.fr
2014-01-03 09:14:03,media.meltystyle.fr
2014-01-03 09:14:03,media.melty.fr
2014-01-03 09:14:04,media.meltystyle.fr
2014-01-03 09:14:04,www.meltystyle.fr
2014-01-03 09:14:05,i1-js-14-3-01-10077-250579990-i.init.cedexis-radar.net
2014-01-03 09:14:11,www.meltystyle.fr
2014-01-03 09:14:28,www.melty.fr
2014-01-03 09:14:29,s.ytimg.com
2014-01-03 09:14:29,www.youtube-nocookie.com
2014-01-03 09:14:29,www.melty.fr
2014-01-03 09:14:37,www.google.fr
2014-01-03 09:15:45,www.google.fr
2014-01-17 13:51:50,dl.javafx.com
2014-01-17 13:54:53,fpdownload2.macromedia.com
2014-01-17 13:54:57,ajax.microsoft.com
2014-01-17 13:54:57,js.microsoft.com
2014-01-17 13:54:57,res2.windows.microsoft.com
2014-01-17 13:54:57,res1.windows.microsoft.com
2014-01-17 13:54:57,windows.microsoft.com
2014-01-17 13:54:57,go.microsoft.com
2014-01-17 13:54:58,js.microsoft.com
2014-01-17 13:54:58,windows.microsoft.com
2014-01-17 13:54:58,res2.windows.microsoft.com
2014-01-17 13:54:58,res1.windows.microsoft.com
2014-01-17 13:55:02,www.google.com
2014-01-17 13:56:27,ieonline.microsoft.com
2014-03-22 08:01:56,www.google.fr
2014-03-22 08:01:58,www.google.fr
2014-03-22 08:01:58,clients1.google.fr
2014-03-22 08:02:22,www.google.fr
2014-03-22 08:02:22,clients1.google.fr
2014-03-22 08:03:02,www.google.fr
2014-03-22 08:05:20,www.google.fr
2014-03-22 08:05:38,www.google.fr
2014-03-22 08:05:39,www.google.fr
2014-03-22 08:05:39,www.planetoscope.com
2014-03-22 08:05:39,ajax.googleapis.com
2014-03-22 08:05:43,match.rtbidder.net
2014-03-22 08:05:43,pr.ybp.yahoo.com
2014-03-22 08:05:43,www.google.fr
2014-03-22 08:05:53,www.planetoscope.com
2014-03-22 08:05:53,www.facebook.com
2014-03-22 08:05:54,www.consoglobe.com
2014-03-22 08:05:54,www.planetoscope.com
2014-03-22 08:05:54,www.123fleurs.com
2014-03-22 08:05:54,mktg.factosoft.com
2014-03-22 08:05:55,www.planetoscope.com
2014-03-22 08:05:55,enquete.consoglobe.com
2014-03-22 08:05:57,fpdownload2.macromedia.com
2014-03-22 08:05:59,autopromo.consoglobe.com
2014-03-22 08:05:59,n26.hal9000.redintelligence.net
2014-03-22 08:05:59,hal9000.redintelligence.net
2014-03-22 08:05:59,banniere.reussissonsensemble.fr
2014-03-22 08:06:00,enquete.consoglobe.com
2014-03-22 08:06:00,www.planetoscope.com
2014-03-22 08:06:01,bits.wikimedia.org
2014-03-22 08:06:01,fr.wikipedia.org
2014-03-22 08:06:01,banniere.reussissonsensemble.fr
2014-03-22 08:06:01,www.google.fr
2014-03-22 08:06:02,www.facebook.com
2014-03-22 08:06:02,www.planetoscope.com
2014-03-22 08:06:02,banniere.reussissonsensemble.fr
2014-03-22 08:06:02,login.wikimedia.org
2014-03-22 08:06:02,bits.wikimedia.org
2014-03-22 08:06:04,bits.wikimedia.org
2014-03-22 08:06:04,fr.wikipedia.org
2014-03-22 08:06:04,meta.wikimedia.org
2014-03-22 08:06:05,www.cilyan.org
2014-03-22 08:06:05,bits.wikimedia.org
2014-03-22 08:06:06,www.cilyan.org
2014-03-22 08:06:12,addons.foxitsoftware.com
2014-03-22 08:06:23,www.planetoscope.com
2014-03-22 08:06:23,fpdownload2.macromedia.com
2014-03-22 08:07:59,fr.wikipedia.org
2014-03-22 08:09:29,clients1.google.fr
2014-03-22 08:09:29,login.wikimedia.org
2014-03-22 08:09:29,bits.wikimedia.org
2014-03-22 08:09:29,commons.wikimedia.org
2014-03-22 08:09:30,meta.wikimedia.org
2014-03-22 08:09:30,bits.wikimedia.org
2014-03-22 08:09:30,commons.wikimedia.org
2014-03-22 08:09:31,commons.wikimedia.org
2014-03-22 08:09:31,bits.wikimedia.org
2014-03-22 08:09:32,bits.wikimedia.org
2014-03-22 08:09:32,commons.wikimedia.org
2014-03-22 08:09:40,www.google.fr
2014-03-22 08:21:39,www.planetoscope.com
2014-03-22 08:22:48,www.google.fr
2014-03-22 08:22:49,clients1.google.fr
2014-03-22 08:22:58,www.google.fr
2014-03-22 08:22:58,clients1.google.fr
2014-03-22 08:23:02,www.google.fr
2014-03-22 08:23:03,assets4.lefigaro.fr
2014-03-22 08:23:03,www.google.fr
2014-03-22 08:23:03,plus.lefigaro.fr
2014-03-22 08:23:03,www.wk-pharma.fr
2014-03-22 08:23:03,ajax.googleapis.com
2014-03-22 08:23:03,assets5.lefigaro.fr
2014-03-22 08:23:03,www.lefigaro.fr
2014-03-22 08:23:04,assets3.lefigaro.fr
2014-03-22 08:23:04,plus.lefigaro.fr
2014-03-22 08:23:04,assets5.lefigaro.fr
2014-03-22 08:23:04,assets2.lefigaro.fr
2014-03-22 08:23:05,www.lefigaro.fr
2014-03-22 08:23:05,assets5.lefigaro.fr
2014-03-22 08:23:05,assets-data.lefigaro.fr
2014-03-22 08:23:05,plus.lefigaro.fr
2014-03-22 08:23:05,assets3.lefigaro.fr
2014-03-22 08:23:05,assets1.lefigaro.fr
2014-03-22 08:23:06,s-static.ak.facebook.com
2014-03-22 08:23:06,plus.lefigaro.fr
2014-03-22 08:23:06,connect.facebook.net
2014-03-22 08:23:06,assets4.lefigaro.fr
2014-03-22 08:23:06,www.facebook.com
2014-03-22 08:23:06,api.fidji.lefigaro.fr
2014-03-22 08:23:06,static.ak.facebook.com
2014-03-22 08:23:07,www.google.fr
2014-03-22 08:23:08,assets-pub.lefigaro.fr
2014-03-22 08:23:09,assets-pub.lefigaro.fr
2014-03-22 08:23:09,api.fidji.lefigaro.fr
2014-03-22 08:23:09,c1.adform.net
2014-03-22 08:23:10,clients1.google.fr
2014-03-22 08:23:10,assets5.lefigaro.fr
2014-03-22 08:23:10,dissertationsenligne.com
2014-03-22 08:23:10,plus.lefigaro.fr
2014-03-22 08:23:10,assets6.lefigaro.fr
2014-03-22 08:23:11,foglio.basilic.io
2014-03-22 08:23:11,assets5.lefigaro.fr
2014-03-22 08:23:11,www.lefigaro.fr
2014-03-22 08:23:11,plus.lefigaro.fr
2014-03-22 08:23:11,apis.google.com
2014-03-22 08:23:11,www.google.fr
2014-03-22 08:23:11,dnn506yrbagrg.cloudfront.net
2014-03-22 08:23:11,api.fidji.lefigaro.fr
2014-03-22 08:23:11,platform.linkedin.com
2014-03-22 08:23:12,apis.google.com
2014-03-22 08:23:12,platform.linkedin.com
2014-03-22 08:23:12,platform.twitter.com
2014-03-22 08:23:12,video.lefigaro.fr
2014-03-22 08:23:12,plus.lefigaro.fr
2014-03-22 08:23:13,www.linkedin.com
2014-03-22 08:23:14,accounts.google.com
2014-03-22 08:23:14,apis.google.com
2014-03-22 08:23:14,addons.foxitsoftware.com
2014-03-22 08:23:15,addons.foxitsoftware.com
2014-03-22 08:23:15,www.facebook.com
2014-03-22 08:23:15,apis.google.com
2014-03-22 08:23:15,clients1.google.fr
2014-03-22 08:23:16,www.lefigaro.fr
2014-03-22 08:23:16,twitter.com
2014-03-22 08:23:16,accounts.google.com
2014-03-22 08:23:16,i1-js-14-3-01-10036-142622438-i.init.cedexis-radar.net
2014-03-22 08:23:17,i1-js-14-3-01-10077-759662109-i.init.cedexis-radar.net
2014-03-22 08:23:19,limelight.cedexis.com
2014-03-22 08:23:20,limelight.cedexis.com
2014-03-22 08:23:20,www.lefigaro.fr
2014-03-22 08:23:21,aws-ap-southeast-2a.bench.cedexis.com
2014-03-22 08:23:21,www.p1xl.fr
2014-03-22 08:23:21,twitter.com
2014-03-22 08:23:22,aws-ap-southeast-2a.bench.cedexis.com
2014-03-22 08:23:22,www.lefigaro.fr
2014-03-22 08:23:23,www.p1xl.fr
2014-03-22 08:23:23,www.lefigaro.fr
2014-03-22 08:23:25,ec2-eu-west-1a.cedexis.com
2014-03-22 08:23:26,addons.foxitsoftware.com
2014-03-22 08:23:26,ec2-eu-west-1a.cedexis.com
2014-03-22 08:23:27,www.google.fr
2014-03-22 08:23:29,platform.twitter.com
2014-03-22 08:23:29,code.jquery.com
2014-03-22 08:23:29,www.strategies.fr
2014-03-22 08:23:29,www.google.fr
2014-03-22 08:23:30,assets1.lefigaro.fr
2014-03-22 08:23:30,www.strategies.fr
2014-03-22 08:23:31,s-static.ak.facebook.com
2014-03-22 08:23:31,platform.linkedin.com
2014-03-22 08:23:31,static.ak.facebook.com
2014-03-22 08:23:31,www.linkedin.com
2014-03-22 08:23:31,apis.google.com
2014-03-22 08:23:31,connect.facebook.net
2014-03-22 08:23:31,www.strategies.fr
2014-03-22 08:23:32,www.facebook.com
2014-03-22 08:23:32,accounts.google.com
2014-03-22 08:23:32,apis.google.com
2014-03-22 08:23:32,www.strategies.fr
2014-03-22 08:23:32,www.google.com
2014-03-22 08:23:32,www.google.fr
2014-03-22 08:23:33,twitter.com
2014-03-22 08:23:33,code.jquery.com
2014-03-22 08:23:33,www.strategies.fr
2014-03-22 08:23:34,www.strategies.fr
2014-03-22 08:23:38,ecvideo.aufeminin.com
2014-03-22 08:23:39,ecvideo.aufeminin.com
2014-03-22 08:24:01,www.facebook.com
2014-03-22 08:24:04,twitter.com
2014-03-22 08:24:39,www.google.fr
2014-03-22 08:25:39,www.linkedin.com
2014-03-22 08:25:43,www.google.fr
2014-03-22 08:29:02,apis.google.com
2014-03-22 08:29:02,wtpn.twenga.fr
2014-03-22 08:29:02,www.memoireonline.com
2014-03-22 08:29:02,www.google.fr
2014-03-22 08:29:02,ajax.cloudflare.com
2014-03-22 08:29:02,memoireonline.com
2014-03-22 08:29:03,www.google.fr
2014-03-22 08:29:03,s-static.ak.facebook.com
2014-03-22 08:29:03,apis.google.com
2014-03-22 08:29:03,www.memoireonline.com
2014-03-22 08:29:03,memoireonline.com
2014-03-22 08:29:03,static.ak.facebook.com
2014-03-22 08:29:03,www.google.com
2014-03-22 08:29:04,accounts.google.com
2014-03-22 08:29:04,apis.google.com
2014-03-22 08:29:04,s-static.ak.facebook.com
2014-03-22 08:29:04,static.ak.facebook.com
2014-03-22 08:29:04,www.facebook.com
2014-03-22 08:29:04,www.memoireonline.com
2014-03-22 08:29:04,memoireonline.com
2014-03-22 08:29:04,pxnh9an0r7.s.ad6media.fr
2014-03-22 08:29:05,adventori.com
2014-03-22 08:29:05,mtrc1.digital-metric.com
2014-03-22 08:29:05,www.memoireonline.com
2014-03-22 08:29:05,wtpn.twenga.fr
2014-03-22 08:29:05,pxnh9an0r7.s.ad6media.fr
2014-03-22 08:29:05,img.digital-metric.com
2014-03-22 08:29:06,www.facebook.com
2014-03-22 08:29:06,www.memoireonline.com
2014-03-22 08:29:06,accounts.google.com
2014-03-22 08:29:12,docteurdu16.blogspot.com
2014-03-22 08:29:13,www.google.fr
2014-03-22 08:29:13,apis.google.com
2014-03-22 08:29:13,www.blogger.com
2014-03-22 08:29:13,docteurdu16.blogspot.fr
2014-03-22 08:29:13,img2.blogblog.com
2014-03-22 08:29:13,img1.blogblog.com
2014-03-22 08:29:13,1.bp.blogspot.com
2014-03-22 08:29:13,3.bp.blogspot.com
2014-03-22 08:29:13,commentaire-recents.googlecode.com
2014-03-22 08:29:13,www1.blogblog.com
2014-03-22 08:29:14,www2.blogblog.com
2014-03-22 08:29:14,i.creativecommons.org
2014-03-22 08:29:14,bp2.blogger.com
2014-03-22 08:29:14,www1.blogblog.com
2014-03-22 08:29:14,www.gravatar.com
2014-03-22 08:29:14,img1.blogblog.com
2014-03-22 08:29:14,www.blogger.com
2014-03-22 08:29:14,4.bp.blogspot.com
2014-03-22 08:29:14,2.bp.blogspot.com
2014-03-22 08:29:14,www.blogblog.com
2014-03-22 08:29:14,docteurdu16.blogspot.fr
2014-03-22 08:29:14,3.bp.blogspot.com
2014-03-22 08:29:15,www.google.fr
2014-03-22 08:29:15,accounts.google.com
2014-03-22 08:29:15,ajax.googleapis.com
2014-03-22 08:29:15,static.lexpress.fr
2014-03-22 08:29:15,communaute.lexpress.fr
2014-03-22 08:29:15,blogs.lexpress.fr
2014-03-22 08:29:15,1.bp.blogspot.com
2014-03-22 08:29:15,4.bp.blogspot.com
2014-03-22 08:29:15,img1.blogblog.com
2014-03-22 08:29:15,docteurdu16.blogspot.fr
2014-03-22 08:29:15,apis.google.com
2014-03-22 08:29:16,static.lexpress.fr
2014-03-22 08:29:16,blogs.lexpress.fr
2014-03-22 08:29:16,img.youtube.com
2014-03-22 08:29:16,www.meltybuzz.fr
2014-03-22 08:29:16,accounts.google.com
2014-03-22 08:29:17,static.lexpress.fr
2014-03-22 08:29:17,blogs.lexpress.fr
2014-03-22 08:29:17,media.melty.fr
2014-03-22 08:29:17,www.linkwithin.com
2014-03-22 08:29:17,www.meltybuzz.fr
2014-03-22 08:29:18,blogs.lexpress.fr
2014-03-22 08:29:18,static.lexpress.fr
2014-03-22 08:29:18,multimedia.fnac.com
2014-03-22 08:29:18,ajax.googleapis.com
2014-03-22 08:29:18,static.ak.facebook.com
2014-03-22 08:29:18,widget5.linkwithin.com
2014-03-22 08:29:18,media-1.meltybuzz.fr
2014-03-22 08:29:19,blogs.lexpress.fr
2014-03-22 08:29:19,platform.twitter.com
2014-03-22 08:29:19,twitter.com
2014-03-22 08:29:19,www.youtube.com
2014-03-22 08:29:19,www.facebook.com
2014-03-22 08:29:19,listener.ezakus.net
2014-03-22 08:29:19,s-static.ak.facebook.com
2014-03-22 08:29:20,twitter.com
2014-03-22 08:29:20,s.ytimg.com
2014-03-22 08:29:21,i1.ytimg.com
2014-03-22 08:30:47,www.blogger.com
2014-03-22 08:32:20,www.linkedin.com
2014-03-22 08:32:25,accounts.google.com
2014-03-22 08:32:39,apis.google.com
2014-03-22 08:32:39,accounts.google.com
2014-03-22 08:32:53,widget5.linkwithin.com
2014-03-22 08:32:53,www.linkwithin.com
2014-03-22 08:32:54,images3.linkwithin.com
2014-03-22 08:32:54,images2.linkwithin.com
2014-03-22 08:33:01,i1.ytimg.com
2014-03-22 08:33:03,widget5.linkwithin.com
2014-03-22 08:33:03,images2.linkwithin.com
2014-03-22 08:33:04,images2.linkwithin.com
2014-03-22 08:33:04,widget5.linkwithin.com
2014-03-22 08:33:13,widget5.linkwithin.com
2014-03-22 08:33:14,www.facebook.com
2014-03-22 08:33:14,blogs.lexpress.fr
2014-03-22 08:33:15,blogs.lexpress.fr
2014-03-22 08:33:15,1.gravatar.com
2014-03-22 08:33:15,static.lexpress.fr
2014-03-22 08:33:16,blogs.lexpress.fr
2014-03-22 08:33:16,listener.ezakus.net
2014-03-22 08:33:16,static.ak.facebook.com
2014-03-22 08:33:16,www.facebook.com
2014-03-22 08:33:16,s-static.ak.facebook.com
2014-03-22 08:33:17,images2.linkwithin.com
2014-03-22 08:33:17,twitter.com
2014-03-22 08:33:18,twitter.com
2014-03-22 08:33:18,blogs.lexpress.fr
2014-03-22 08:52:44,www.google.fr
2014-03-22 08:52:45,www.google.fr
2014-03-22 08:52:45,clients1.google.fr
2014-03-22 08:52:56,clients1.google.fr
2014-03-22 08:52:56,www.google.fr
2014-03-22 08:53:00,www.google.fr
2014-03-22 08:53:01,www.google.fr
2014-03-22 08:53:01,www.lefigaro.fr
2014-03-22 08:53:01,assets5.lefigaro.fr
2014-03-22 08:53:01,assets4.lefigaro.fr
2014-03-22 08:53:02,assets1.lefigaro.fr
2014-03-22 08:53:02,www.google.fr
2014-03-22 08:53:02,ajax.googleapis.com
2014-03-22 08:53:02,assets5.lefigaro.fr
2014-03-22 08:53:02,plus.lefigaro.fr
2014-03-22 08:53:02,assets3.lefigaro.fr
2014-03-22 08:53:02,assets2.lefigaro.fr
2014-03-22 08:53:02,www.touslesbudgets.com
2014-03-22 08:53:03,www.touslesbudgets.com
2014-03-22 08:53:03,assets-data.lefigaro.fr
2014-03-22 08:53:03,assets3.lefigaro.fr
2014-03-22 08:53:03,videosfr.s3.amazonaws.com
2014-03-22 08:53:04,s-static.ak.facebook.com
2014-03-22 08:53:04,178.33.231.59
2014-03-22 08:53:04,assets5.lefigaro.fr
2014-03-22 08:53:04,www.google.com
2014-03-22 08:53:04,www.youtube.com
2014-03-22 08:53:04,touslesbudgets.com
2014-03-22 08:53:04,connect.facebook.net
2014-03-22 08:53:04,s.ytimg.com
2014-03-22 08:53:04,www.facebook.com
2014-03-22 08:53:04,www.touslesbudgets.com
2014-03-22 08:53:04,static.ak.facebook.com
2014-03-22 08:53:04,api.fidji.lefigaro.fr
2014-03-22 08:53:05,i1.ytimg.com
2014-03-22 08:53:05,api.fidji.lefigaro.fr
2014-03-22 08:53:05,video.lefigaro.fr
2014-03-22 08:53:05,s.ytimg.com
2014-03-22 08:53:05,assets-pub.lefigaro.fr
2014-03-22 08:53:05,www.touslesbudgets.com
2014-03-22 08:53:06,www.google.com
2014-03-22 08:53:06,clients1.google.fr
2014-03-22 08:53:06,hal9000.redintelligence.net
2014-03-22 08:53:06,i1.ytimg.com
2014-03-22 08:53:07,clients1.google.fr
2014-03-22 08:53:07,www.google.fr
2014-03-22 08:53:08,hal9000.redintelligence.net
2014-03-22 08:53:09,assets6.lefigaro.fr
2014-03-22 08:53:09,assets5.lefigaro.fr
2014-03-22 08:53:09,foglio.basilic.io
2014-03-22 08:53:09,banniere.reussissonsensemble.fr
2014-03-22 08:53:09,platform.linkedin.com
2014-03-22 08:53:09,www.lefigaro.fr
2014-03-22 08:53:10,banniere.reussissonsensemble.fr
2014-03-22 08:53:10,assets5.lefigaro.fr
2014-03-22 08:53:10,apis.google.com
2014-03-22 08:53:10,platform.twitter.com
2014-03-22 08:53:10,accounts.google.com
2014-03-22 08:53:10,www.linkedin.com
2014-03-22 08:53:11,twitter.com
2014-03-22 08:53:11,accounts.google.com
2014-03-22 08:53:12,twitter.com
2014-03-22 08:53:12,api.fidji.lefigaro.fr
2014-03-22 08:53:12,plus.lefigaro.fr
2014-03-22 08:53:13,i1-js-14-3-01-10036-228353468-i.init.cedexis-radar.net
2014-03-22 08:53:13,level3.cedexis.com
2014-03-22 08:53:14,level3.cedexis.com
2014-03-22 08:53:15,aws-ap-southeast-2a.bench.cedexis.com
2014-03-22 08:53:15,www.lefigaro.fr
2014-03-22 08:53:34,glose.fr
2014-03-22 08:53:34,ajax.googleapis.com
2014-03-22 08:53:34,www.google.fr
2014-03-22 08:53:35,glose.fr
2014-03-22 08:53:35,masonry.desandro.com
2014-03-22 08:53:35,w.sharethis.com
2014-03-22 08:53:36,glose.fr
2014-03-22 08:53:36,static.nrelate.com
2014-03-22 08:53:37,platform.twitter.com
2014-03-22 08:53:37,glose.fr
2014-03-22 08:53:38,mail.google.com
2014-03-22 08:53:38,static.ak.facebook.com
2014-03-22 08:53:38,snapwidget.com
2014-03-22 08:53:38,www.youtube.com
2014-03-22 08:53:38,www.facebook.com
2014-03-22 08:53:38,glose.fr
2014-03-22 08:53:38,glose.disqus.com
2014-03-22 08:53:38,go.disqus.com
2014-03-22 08:53:38,s-static.ak.facebook.com
2014-03-22 08:53:39,assets.pinterest.com
2014-03-22 08:53:39,accounts.google.com
2014-03-22 08:53:39,snapwidget.com
2014-03-22 08:53:39,apis.google.com
2014-03-22 08:53:39,mail.google.com
2014-03-22 08:53:39,glose.fr
2014-03-22 08:53:40,cdnjs.cloudflare.com
2014-03-22 08:53:40,i1.ytimg.com
2014-03-22 08:53:40,disqus.com
2014-03-22 08:53:40,accounts.google.com
2014-03-22 08:53:40,apis.google.com
2014-03-22 08:53:40,mail.google.com
2014-03-22 08:53:41,www.facebook.com
2014-03-22 08:53:41,glose.fr
2014-03-22 08:53:41,jserror.newrelic.com
2014-03-22 08:53:42,assets.pinterest.com
2014-03-22 08:53:42,glose.fr
2014-03-22 08:53:42,twitter.com
2014-03-22 08:53:43,glose.fr
2014-03-22 08:53:45,glose.fr
2014-03-22 08:53:47,glose.fr
2014-03-22 08:53:49,glose.fr
2014-03-22 08:53:50,glose.fr
2014-03-22 08:53:52,glose.fr
2014-03-22 08:53:53,glose.fr
2014-03-22 08:53:54,glose.fr
2014-03-22 08:53:57,platform.twitter.com
2014-03-22 08:53:58,widgets.pinterest.com
2014-03-22 08:53:58,platform.twitter.com
2014-03-22 08:53:58,disqus.com
2014-03-22 08:53:58,media-cache-ec0.pinimg.com
2014-03-22 08:53:58,media-cache-ak0.pinimg.com
2014-03-22 08:53:58,twitter.com
2014-03-22 08:53:59,passets.pinterest.com
2014-03-22 08:53:59,media-cache-ec0.pinimg.com
2014-03-22 08:53:59,edge.sharethis.com
2014-03-22 08:53:59,media-cache-ak0.pinimg.com
2014-03-22 08:54:00,w.sharethis.com
2014-03-22 08:54:00,wd.sharethis.com
2014-03-22 08:54:00,disqus.com
2014-03-22 08:54:04,glose.fr
2014-03-22 08:56:25,assets1.lefigaro.fr
2014-03-22 09:07:09,www.google.fr
2014-03-22 09:07:10,www.linkedin.com
2014-03-22 09:07:10,clients1.google.fr
2014-03-22 09:07:17,img.youtube.com
2014-03-22 09:07:20,www.google.fr
2014-03-22 09:07:20,img.youtube.com
2014-03-22 09:07:20,clients1.google.fr
2014-03-22 09:07:20,bits.wikimedia.org
2014-03-22 09:07:20,fr.wikipedia.org
2014-03-22 09:07:21,meta.wikimedia.org
2014-03-22 09:07:21,bits.wikimedia.org
2014-03-22 09:07:21,fr.wikipedia.org
2014-03-22 09:07:22,fr.wikipedia.org
2014-03-22 09:08:11,fr.wikipedia.org
2014-03-22 09:08:11,bits.wikimedia.org
2014-03-22 09:08:12,bits.wikimedia.org
2014-03-22 09:08:12,meta.wikimedia.org
2014-03-22 09:08:12,fr.wikipedia.org
2014-03-22 09:08:31,fr.wikipedia.org
2014-03-22 09:08:32,fr.wikipedia.org
2014-03-22 09:08:32,bits.wikimedia.org
2014-03-22 09:08:32,meta.wikimedia.org
2014-03-22 09:08:34,www.manix.net
2014-03-22 09:08:34,www.facebook.com
2014-03-22 09:08:35,static.ak.facebook.com
2014-03-22 09:08:35,s-static.ak.facebook.com
2014-03-22 09:08:35,www.manix.net
2014-03-22 09:08:36,www.manix.net
2014-03-22 09:08:38,www.manix.net
2014-03-22 09:08:48,www.juva.fr
2014-03-22 09:08:49,www.juva.fr
2014-03-22 09:08:51,www.intimy.fr
2014-03-22 09:08:51,www.intimy.com
2014-03-22 09:08:51,ajax.googleapis.com
2014-03-22 09:08:52,www.intimy.fr
2014-03-22 09:09:01,www.manix.net
2014-03-22 09:09:07,www.facebook.com
2014-03-22 09:09:07,static.ak.facebook.com
2014-03-22 09:09:07,s-static.ak.facebook.com
2014-03-22 09:09:07,www.manix.net
2014-03-22 09:09:08,www.manix.net
2014-03-22 09:09:33,ajax.googleapis.com
2014-03-22 09:09:33,www.juva.fr
2014-03-22 09:09:34,www.juva.fr
2014-03-22 09:09:40,www.juva.fr
2014-03-22 09:09:42,www.juva.fr
2014-03-22 09:09:45,www.intimy.com
2014-03-22 09:09:46,www.intimy.fr
2014-03-22 09:09:46,www.juva.fr
2014-03-22 09:09:46,ajax.googleapis.com
2014-03-22 09:09:51,www.juva.fr
2014-03-22 09:10:12,www.touslesbudgets.com
2014-03-22 09:10:17,www.google.fr
2014-03-22 09:10:17,clients1.google.fr
2014-03-22 09:10:46,ajax.googleapis.com
2014-03-22 09:11:20,clients1.google.fr
2014-03-22 09:11:20,www.google.fr
2014-03-22 09:45:11,www.google.fr
2014-03-22 09:45:12,www.google.fr
2014-03-22 09:45:12,clients1.google.fr
2014-03-22 09:45:12,fr.wikipedia.org
2014-03-22 09:45:15,clients1.google.fr
2014-03-22 09:45:17,www.google.fr
2014-03-22 09:45:17,clients1.google.fr
