timestamp,site
2013-11-16 10:31:59,fpdownload2.macromedia.com
2013-11-16 10:32:08,www.google.com
2013-11-16 10:34:47,ieonline.microsoft.com
2013-11-16 10:34:50,go.microsoft.com
2013-11-16 10:36:31,javadl-esd-secure.oracle.com
2013-11-16 10:36:42,javadl-esd-secure.oracle.com
2013-11-16 10:41:00,javadl-esd-secure.oracle.com
2013-11-16 10:43:43,javadl-esd-secure.oracle.com
2013-11-16 10:44:12,registration2.services.openoffice.org
2013-11-16 10:44:14,registration2.services.openoffice.org
2013-11-16 10:44:15,registration2.services.openoffice.org
2013-11-16 10:45:28,javadl-esd-secure.oracle.com
2014-01-17 10:54:19,fpdownload2.macromedia.com
2014-01-17 10:54:32,www.bing.com
2014-01-17 10:54:32,www.google.com
2014-01-17 10:54:52,www.google.fr
2014-01-17 10:54:54,apis.google.com
2014-01-17 10:54:54,www.google.com
2014-01-17 10:55:08,www.google.fr
2014-01-17 10:55:08,apis.google.com
2014-01-17 10:55:08,www.google.com
2014-01-17 10:56:32,go.microsoft.com
2014-01-17 10:56:32,ieonline.microsoft.com
2014-01-17 10:57:19,www.hotmail.com
2014-01-17 10:57:20,login.live.com
2014-01-17 10:57:21,login.live.com
2014-01-17 10:57:22,windowslive.tt.omtrdc.net
2014-01-17 10:57:33,windowslive.tt.omtrdc.net
2014-01-17 10:57:38,login.live.com
2014-01-17 10:57:39,mail.live.com
2014-01-17 10:57:39,login.live.com
2014-01-17 10:57:40,dub110.mail.live.com
2014-01-17 10:57:41,people.directory.live.com
2014-01-17 10:57:41,dub110.mail.live.com
2014-01-17 10:57:41,h.live.com
2014-01-17 10:57:41,cid-606912715c9f96c4.users.storage.live.com
2014-01-17 10:57:42,h.live.com
2014-01-17 10:57:42,windowslive.tt.omtrdc.net
2014-01-17 10:57:45,people.directory.live.com
2014-01-17 10:57:46,h.live.com
2014-01-17 10:57:46,secure.shared.live.com
2014-01-17 10:57:47,secure.shared.live.com
2014-01-17 10:57:47,js.live.net
2014-01-17 10:57:47,byfiles.storage.msn.com
2014-01-17 10:57:48,dm2301files.storage.live.com
2014-01-17 10:57:48,go.trouter.io
2014-01-17 10:57:48,login.live.com
2014-01-17 10:57:48,api.skype.com
2014-01-17 10:57:49,prod.registrar.skype.com
2014-01-17 10:57:49,p.sfx.ms
2014-01-17 10:57:49,dub110.mail.live.com
2014-01-17 10:57:50,prod.registrar.skype.com
2014-01-17 10:57:56,p.sfx.ms
2014-01-17 10:57:57,docs.google.com
2014-01-17 10:57:59,h.live.com
2014-01-17 10:58:28,g.live.com
2014-01-17 10:58:48,storage.live.com
2014-01-17 10:59:05,people.directory.live.com
2014-01-17 10:59:41,dub110.mail.live.com
2014-01-17 11:00:32,docs.google.com
2014-01-17 11:00:51,dub110.mail.live.com
2014-01-17 11:01:56,api.skype.com
2014-01-17 11:03:09,secure.shared.live.com
2014-01-17 11:39:20,login.live.com
2014-01-17 11:39:22,g.live.com
2014-01-17 11:39:22,cid-606912715c9f96c4.users.storage.live.com
2014-01-17 11:39:22,go.trouter.io
2014-01-17 11:39:22,proxy-bay-people.directory.live.com
2014-01-17 11:39:22,dub110.mail.live.com
2014-01-17 11:39:23,login.skype.com
2014-01-17 11:39:24,windowslive.tt.omtrdc.net
2014-01-17 11:39:25,api.bing.com
2014-01-17 11:39:25,h2.msn.com
2014-01-17 11:39:25,c.fr.msn.com
2014-01-17 11:39:25,fr.msn.com
2014-01-17 11:39:25,www.bing.com
2014-01-17 11:39:26,www.facebook.com
2014-01-17 11:39:26,platform.twitter.com
2014-01-17 11:39:27,platform.twitter.com
2014-01-17 11:39:28,pbs.twimg.com
2014-01-17 11:39:28,twitter.com
2014-01-17 11:39:29,pbs.twimg.com
2014-01-17 11:39:43,docs.google.com
2014-01-17 11:39:58,syndication.twitter.com
2014-01-17 11:39:59,twitter.com
2014-01-17 11:40:18,syndication.twitter.com
2014-01-17 11:40:18,platform.twitter.com
2014-02-18 10:23:12,www.google.fr
2014-02-18 10:23:13,www.google.fr
2014-02-18 10:23:14,www.google.fr
2014-02-18 10:23:14,www.google.com
2014-02-18 10:23:28,www.google.com
2014-02-18 10:23:32,www.google.fr
2014-02-18 10:23:33,www.google.fr
2014-02-18 10:24:17,www.google.fr
2014-02-18 12:12:18,player.vimeo.com
2014-02-18 12:12:18,fpdownload2.macromedia.com
2014-02-25 10:59:24,www.google.fr
2014-02-25 10:59:26,www.google.fr
2014-02-25 10:59:29,www.google.com
2014-02-25 10:59:30,apis.google.com
2014-02-25 10:59:33,www.google.fr
2014-02-25 10:59:37,www.google.fr
2014-02-25 10:59:37,www.google.com
2014-02-25 10:59:37,apis.google.com
2014-02-25 11:00:09,player.vimeo.com
2014-02-25 11:00:10,livepassdl.conviva.com
2014-02-25 11:00:11,livepassdl.conviva.com
2014-02-25 11:00:13,pings.conviva.com
2014-02-25 11:00:14,pings.conviva.com
2014-02-25 11:00:25,livepassdl.conviva.com
2014-02-25 11:01:28,player.vimeo.com
2014-02-25 11:01:29,livepassdl.conviva.com
2014-02-25 11:01:30,pings.conviva.com
2014-02-25 11:06:29,livepassdl.conviva.com
2014-02-25 11:11:29,livepassdl.conviva.com
2014-02-25 11:16:29,livepassdl.conviva.com
2014-02-25 11:18:13,www.google.fr
2014-02-25 11:18:19,www.ffr.fr
2014-02-25 11:18:19,www.google.fr
2014-02-25 11:18:21,www.ffr.fr
2014-02-25 11:18:30,www.ffr.fr
2014-02-25 11:18:31,www.ffr.fr
2014-02-25 11:18:43,www.ffr.fr
2014-02-25 11:19:13,www.irbintegrity.com
2014-02-25 11:19:13,www.ffr.fr
2014-02-25 11:19:21,www.ffr.fr
2014-02-25 11:19:23,www.ffr.fr
2014-02-25 11:19:24,www.ffr.fr
2014-02-25 11:21:29,livepassdl.conviva.com
2014-02-25 11:26:29,livepassdl.conviva.com
2014-02-25 11:31:29,livepassdl.conviva.com
2014-02-25 11:36:29,livepassdl.conviva.com
2014-02-25 11:41:29,livepassdl.conviva.com
2014-02-25 11:46:29,livepassdl.conviva.com
2014-02-25 11:51:29,livepassdl.conviva.com
2014-02-25 11:56:29,livepassdl.conviva.com
2014-02-25 12:01:29,livepassdl.conviva.com
2014-02-25 12:03:03,player.vimeo.com
2014-02-25 12:03:12,player.vimeo.com
2014-02-25 12:03:12,livepassdl.conviva.com
2014-02-25 12:03:13,pings.conviva.com
2014-02-25 12:03:13,livepassdl.conviva.com
2014-04-03 10:18:54,www.google.com
2014-04-03 10:20:43,www.google.fr
2014-04-03 10:20:45,ieonline.microsoft.com
2014-04-03 10:20:45,go.microsoft.com
2014-04-03 10:20:46,www.google.fr
2014-04-03 10:20:48,www.google.com
2014-04-03 10:20:49,apis.google.com
2014-04-03 10:20:58,www.google.fr
2014-04-03 10:20:59,www.google.com
2014-04-03 10:20:59,www.google.fr
2014-04-03 10:20:59,apis.google.com
2014-04-03 12:51:08,www.google.fr
2014-04-03 12:51:17,www.hotmail.fr
2014-04-03 12:51:17,www.google.fr
2014-04-03 12:51:18,login.live.com
2014-04-03 12:51:19,login.live.com
2014-04-03 12:51:21,windowslive.tt.omtrdc.net
2014-04-03 12:51:21,www.google.fr
2014-04-03 12:51:33,login.live.com
2014-04-03 12:51:34,windowslive.tt.omtrdc.net
2014-04-03 12:51:36,mail.live.com
2014-04-03 12:51:38,h2.msn.com
2014-04-03 12:51:38,dub114.mail.live.com
2014-04-03 12:51:38,people.directory.live.com
2014-04-03 12:51:39,dub114.mail.live.com
2014-04-03 12:51:40,windowslive.tt.omtrdc.net
2014-04-03 12:51:41,h2.msn.com
2014-04-03 12:51:42,h.live.com
2014-04-03 12:51:42,cid-bad975a8f565a540.users.storage.live.com
2014-04-03 12:51:42,g.msn.com
2014-04-03 12:51:43,login.live.com
2014-04-03 12:51:43,h.live.com
2014-04-03 12:51:44,people.directory.live.com
2014-04-03 12:51:44,byfiles.storage.msn.com
2014-04-03 12:51:44,h.live.com
2014-04-03 12:51:44,dub114.mail.live.com
2014-04-03 12:51:45,g.live.com
2014-04-03 12:51:46,h.live.com
2014-04-03 12:51:47,windowslive.tt.omtrdc.net
2014-04-03 12:51:47,h.live.com
2014-04-03 12:51:47,fr.msn.com
2014-04-03 12:51:48,www.bing.com
2014-04-03 12:51:48,c.fr.msn.com
2014-04-03 12:51:49,www.bing.com
2014-04-03 12:51:49,c.fr.msn.com
2014-04-03 12:51:49,api.bing.com
2014-04-03 12:51:49,h2.msn.com
2014-04-03 12:51:49,fr.msn.com
2014-04-03 12:51:50,www.google.fr
2014-04-03 12:51:50,platform.twitter.com
2014-04-03 12:51:51,www.facebook.com
2014-04-03 12:51:57,www.ffr.fr
2014-04-03 12:51:58,platform.twitter.com
2014-04-03 12:51:58,www.google.fr
2014-04-03 12:52:08,www.ffr.fr
2014-04-03 12:52:21,www.ffr.fr
2014-04-03 12:52:23,www.ffr.fr
2014-04-03 12:52:24,www.irbintegrity.com
2014-04-03 12:52:24,www.ffr.fr
2014-04-03 12:52:26,www.ffr.fr
2014-04-03 12:52:34,www.ffr.fr
2014-04-03 12:52:54,www.ffr.fr
2014-04-03 12:55:01,www.google.fr
2014-04-03 12:55:09,www.google.fr
2014-04-03 12:56:53,www.google.fr
2014-04-18 10:00:25,www.google.com
2014-04-18 10:00:35,www.google.fr
2014-04-18 10:00:37,www.google.fr
2014-04-18 10:00:39,www.google.com
2014-04-18 10:00:40,apis.google.com
2014-04-18 10:00:56,www.google.fr
2014-04-18 10:00:56,www.google.com
2014-04-18 10:00:56,apis.google.com
2014-04-18 10:00:57,www.google.fr
2014-04-18 10:02:19,ieonline.microsoft.com
2014-04-18 10:02:20,go.microsoft.com
2014-04-18 10:02:20,ieonline.microsoft.com
